NCT Number,Study Title,Study Status,Conditions,Sponsor,Sex,Age,Phases,Enrollment,Funder Type,Study Type,Start Date,Completion Date,Locations,includes_older_adults,includes_children,start_year,completion_year,has_reported_enrollment,has_zero_enrollment
NCT07290231,Effects of Core Strengthening Exercises With Diapgragmatic Breathing Versus Core Strengthening Exercises With Pilate Breathing in Diabetes Type II Patients,RECRUITING,Diabetes Type II,Foundation University Islamabad,ALL,ADULT,,56.0,OTHER,INTERVENTIONAL,2025-08-06,2026-02-10,"Foundation University College of Physical Therapy, Islamabad, 44000, Islamabad, Pakistan",False,False,2025.0,2026.0,True,False
NCT02074540,The Influence of Health Beliefs and Uncertainty on Diabetes Type II Patient Compliance,UNKNOWN,Diabetes Type II,Hillel Yaffe Medical Center,ALL,"ADULT, OLDER_ADULT",,100.0,OTHER_GOV,OBSERVATIONAL,2014-04,2014-12,,True,False,2014.0,2014.0,True,False
NCT02326129,Novel Biomarker for Development of T2D,COMPLETED,Diabetes Type II,Duke University,ALL,"CHILD, ADULT",,202.0,OTHER,OBSERVATIONAL,2015-02,2023-04-05,"Pennington Biomedical Research center, Baton Rouge, Louisiana, 70803, United States|UNC Chapel Hill, Chapel Hill, North Carolina, 27514, United States|Duke University, Durham, North Carolina, 27710, United States",False,True,2015.0,2023.0,True,False
NCT06864546,A Participatory Approach to Support Glucose Tolerance Tracking in Real-Life of Patients With Type 2 Diabetes,RECRUITING,"Type 2 Diabetes Mellitus, Non Insulin Dependent",Enea Parimbelli,ALL,"ADULT, OLDER_ADULT",,20.0,OTHER,INTERVENTIONAL,2025-05,2026-01-15,"Istituti Clinici Scientifici Maugeri di Pavia, Pavia, Pavia, 27100, Italy",True,False,2025.0,2026.0,True,False
NCT04501341,BM-MNC and UCMSC for Type 2 Diabetes Mellitus Patients,UNKNOWN,T2D,Indonesia University,ALL,"ADULT, OLDER_ADULT",PHASE1|PHASE2,15.0,OTHER,INTERVENTIONAL,2016-03-14,2021-12-01,"Faculty of Medicine, Universitas Indonesia, Jakarta Pusat, DKI Jakarta, 10430, Indonesia",True,False,2016.0,2021.0,True,False
NCT02361489,Clinical Study to Compare Various Dosing and Titration Guidelines of Insulin Delivered Via V-Go ® in Patients With Type 2 Diabetes Initiating Basal Bolus Therapy in Primary Care Offices,UNKNOWN,Diabetes Type II,"Valeritas, Inc.",ALL,"ADULT, OLDER_ADULT",PHASE4,90.0,INDUSTRY,INTERVENTIONAL,2015-02,2016-04,"Geisinger, Wilkes-Barre, Pennsylvania, 18702, United States",True,False,2015.0,2016.0,True,False
NCT01713764,A Pilot Study of the Effects of Diet and Behavioral Interventions on Health in Diabetics,COMPLETED,Diabetes Type II,"University of California, San Francisco",ALL,"ADULT, OLDER_ADULT",PHASE2,34.0,OTHER,INTERVENTIONAL,2012-10,2013-11,"Osher Center for Integrative Medicine, San Francisco, California, 94143, United States",True,False,2012.0,2013.0,True,False
NCT01121315,A Retrospective Study of Cardiovascular Events Related to the Use of Glucose Lowering Drug Treatment in Primary Care,COMPLETED,Diabetes Type II,AstraZeneca,ALL,"CHILD, ADULT, OLDER_ADULT",,58326.0,INDUSTRY,OBSERVATIONAL,2010-05,2011-08,"Research Site, Uppsala, Sweden",True,True,2010.0,2011.0,True,False
NCT05767372,Effect of Coherent Breathing on Elderly Quality of Life,COMPLETED,Stable Diabetes Mellitus|Geriatrics|Hypertension,Cairo University,ALL,"ADULT, OLDER_ADULT",,60.0,OTHER,INTERVENTIONAL,2023-03-01,2023-06-30,"Faculty of physical therapy outpatient clinic, Cairo, Giza Governorate, 12613, Egypt",True,False,2023.0,2023.0,True,False
NCT07670897,Bioequivalence Study of GZR4 Injection With Different Manufacturing Processes in Healthy Adult Participants,NOT_YET_RECRUITING,T2D,Gan & Lee Pharmaceuticals.,MALE,ADULT,PHASE1,64.0,INDUSTRY,INTERVENTIONAL,2026-07-01,2026-07-29,"Gan & Lee Pharmaceuticals Shandong Co., Ltd.,, Linyi, Shandong, 276000, China",False,False,2026.0,2026.0,True,False
NCT04790526,Dose Response of Eccentric Exercise on Glycemic Control in Type II Diabetes Mellitus,COMPLETED,Type II Diabetes Mellitus,Riphah International University,ALL,"ADULT, OLDER_ADULT",,59.0,OTHER,INTERVENTIONAL,2021-07-12,2023-05-25,"Rehabilitation Department, PSRD Hospital, Lahore, Punjab Province, 54000, Pakistan",True,False,2021.0,2023.0,True,False
NCT05980754,Clinical Study on Exploring High Risk Factors Inducing the Progress of Diabetes,UNKNOWN,T2D,Peking University Third Hospital,ALL,"ADULT, OLDER_ADULT",,90.0,OTHER,OBSERVATIONAL,2024-05-20,2025-12-30,,True,False,2024.0,2025.0,True,False
NCT07084350,Combination of Lactulose and Polyethylene Glycol Electrolytes Powder (PEG-ELS) for Bowel Preparation in Type II Diabetes Mellitus Patients,COMPLETED,Type II Diabetes Mellitus,General Hospital of Shenyang Military Region,ALL,"ADULT, OLDER_ADULT",,300.0,OTHER,INTERVENTIONAL,2025-09-04,2026-05-18,"Department of Gastroenterology, General Hospital of Northern Theater Command (formerly called General Hospital of Shenyang Military Area), Shenyang, Liaoning, 110840, China",True,False,2025.0,2026.0,True,False
NCT02446054,A Study to Evaluate the Effect of Musashino Diabetes Diet in Type II Diabetes Mellitus Disease,COMPLETED,Type II Diabetes Mellitus,Celio Technology Inc.,ALL,ADULT,,30.0,INDUSTRY,INTERVENTIONAL,2014-02,2015-12,"NTUH, Taipei, Taiwan",False,False,2014.0,2015.0,True,False
NCT04011904,The Role of Traditional or Western Diet in the TBC1D4 Gene on Glucose Homeostasis in Greenland Inuits,COMPLETED,T2D,University of Copenhagen,ALL,"ADULT, OLDER_ADULT",,64.0,OTHER,INTERVENTIONAL,2019-04-15,2020-11-23,"Department of Exercise, Nutrition and Sports, Faculty of Sciences, University of Copenhagen, Copenhagen, Denmark",True,False,2019.0,2020.0,True,False
NCT07282743,Efficacy and Safety of GL0034 in Overweight or Obese Adults With Type II Diabetes Mellitus,RECRUITING,Type II Diabetes Mellitus,Sun Pharmaceutical Industries Limited,ALL,"ADULT, OLDER_ADULT",PHASE2,285.0,INDUSTRY,INTERVENTIONAL,2026-01-20,2027-08,"Lynn Institute of the Ozarks, Little Rock, Arkansas, 72204, United States|Family First Medical Research Center, Hialeah Gardens, Florida, 33175, United States|Alliance for Multispecialty Research (AMR Clinical) - Wichita East, Lakeland, Florida, 33803, United States|CNS Healthcare - Memphis (Clinical Neuroscience Solutions - Memphis), Lakeland, Florida, 33803, United States|GTL Medical & Research Group, Miami, Florida, 33173, United States|Florida Institute for Clinical Research LLC, Orlando, Florida, 32835, United States|AMR Clinical, El Dorado, El Dorado, Kansas, 67042, United States|AMR Clinical - Newton, Newton, Kansas, 67114, United States|Lynn Health Science Institute - Oklahoma City, Oklahoma City, Oklahoma, 73112, United States|Endolife Specialty Hospitals Pvt. Ltd., Guntur, Andhra Pradesh, 522001, India|Life Care Hospital and Research Centre, Bangalore, Karnataka, 560092, India|Government Medical College, Kozhikode, Kerala, 673008, India|Jothydevs Diabetes Research Centre, Trivandrum, Kerala, 695032, India|Nirmal Hospital Private Limited, Kolhāpur, Maharashtra, 416008, India|Topiwala National Medical College & BYL Nair Hospital, Mumbai, Maharashtra, 400008, India|Seth G. S. medical college and KEM hospital, Mumbai, Maharashtra, 400012, India|BSES Municipal General Hospital, Mumbai, Maharashtra, 400058, India|LMMF's Deenanath Mangeshkar Hospital and Research Center, Pune, Maharashtra, 411004, India|Lady Hardinge Medical College and S.S.K. Hospital, New Delhi, National Capital Territory of Delhi, 110001, India|All India Institute of Medical Sciences, New Delhi, National Capital Territory of Delhi, 110029, India|Madras Diabetes Research Foundation (MDRF), Chennai, Tamil Nadu, 600086, India",True,False,2026.0,2027.0,True,False
NCT06387550,Effects of Eccentric Training on Glycemic Control and Quality of Life in Patients With Type II Diabetes Mellitus,UNKNOWN,Type II Diabetes Mellitus,Foundation University Islamabad,ALL,"ADULT, OLDER_ADULT",,24.0,OTHER,INTERVENTIONAL,2024-03-20,2024-07-15,"Foundation University College of Physical Therapy, Rawalpindi, Punjab Province, 46000, Pakistan",True,False,2024.0,2024.0,True,False
NCT03194152,Peanut Consumption and Cardiovascular Disease Risk in a Chinese Population,COMPLETED,T2D,Harvard School of Public Health (HSPH),ALL,"ADULT, OLDER_ADULT",,238.0,OTHER,INTERVENTIONAL,2017-10-24,2018-03-01,"Liang Sun, Shanghai, 200040, China",True,False,2017.0,2018.0,True,False
NCT04665284,Safety And Efficacy Of Empagliflozin In Pakistani Muslim Population With Type Ii Diabetes Mellitus,COMPLETED,Type II Diabetes Mellitus,Getz Pharma,ALL,"ADULT, OLDER_ADULT",PHASE4,244.0,INDUSTRY,INTERVENTIONAL,2019-06-01,2020-09-28,"Balochistan Medical Center, Quetta, Balochistan, Pakistan|Lady Reading Hospital, Peshawar, Khyber Pakhtunkhwa, Pakistan|Post Graduate Medical Institute, Peshawar, Khyber Pakhtunkhwa, Pakistan|Hanif Medical Center, Islamabad, Punjab Province, Pakistan|Shifa International Hospital, Islamabad, Punjab Province, Pakistan|Diabetes Institute of Pakistan, Lahore, Punjab Province, Pakistan|Jinnah Hospital, Lahore, Punjab Province, Pakistan|National Defence Center, Lahore, Punjab Province, Pakistan|Al-Khaliq Hospital, Multan Khurd, Punjab Province, Pakistan|Fatimiyah Hospital, Karachi, Sindh, Pakistan|National Institute of Cardiovascular Disease, Karachi, Sindh, Pakistan",True,False,2019.0,2020.0,True,False
NCT07495956,cfMSC Therapy for Diabetes,RECRUITING,Type II Diabetes Mellitus,Shenzhen Geno-Immune Medical Institute,ALL,"ADULT, OLDER_ADULT",PHASE1|PHASE2,30.0,OTHER,INTERVENTIONAL,2026-03-16,2030-04-30,"Shenzhen Geno-immune Medical Institute, Shenzhen, Guangdong, 518000, China",True,False,2026.0,2030.0,True,False
NCT00540462,Prospective Randomized Trials of Gastric Bypass Surgery in Patients With Type II Diabetes Mellitus,UNKNOWN,Type II Diabetes Mellitus,Min-Sheng General Hospital,ALL,ADULT,PHASE4,120.0,OTHER,INTERVENTIONAL,2007-08,2008-12,"MinSheng Genral Hospital, Taoyuan, Taiwan",False,False,2007.0,2008.0,True,False
NCT01868646,Clinical Trial of Efficacy and Safety of Subetta in the Combined Treatment of Patients With Type II Diabetes Mellitus,COMPLETED,Type II Diabetes Mellitus,Materia Medica Holding,ALL,"ADULT, OLDER_ADULT",PHASE4,190.0,INDUSTRY,INTERVENTIONAL,2013-05-07,2016-06-15,"State Healthcare Institution of Moscow ""Central research institute of gastroenterology"" of Department of health care of Moscow, Moscow, 111123, Russia|State Educational Institution of Higher Professional Education ""Moscow State Medical Academy named after I.M. Sechenov"", Moscow, 119991, Russia|Nonstate Health Care Institution ""Central Clinical Hospital №2 named after N.A. Semashko of Public Limited Company ""Russian Railways"", Moscow, 129128, Russia|Municipal budgetary authority ""Khimki Central Clinical Hospital"", Moscow Region, 141400, Russia|Nizhny Novgorod regional State Budgetary Health Institution "" Nizhny Novgorod regional Clinical Hospital named after N.A. Semashko "", Nizhny Novgorod Region, 603126, Russia|State Budgetary Educational Institution of High Professional Training ""Rostov State Medical University"" of Ministry of Health of Russian Federation, Department of Endocrinology, Rostov-on-Don, 344022, Russia|St. Petersburg State Budgetary Health Care Institution ""City Polyclinic №6"", Saint Petersburg, 191482, Russia|St. Petersburg State Budgetary Health Care Institution ""City Polyclinic №77 of Nevsky District"", The City Diabetes Center №4, Saint Petersburg, 192177, Russia|St. Petersburg State Budgetary Health Care Institution ""Saint Venerable Martyr Elizaveta Municipal Hospital"", Saint Petersburg, 195257, Russia|State Budgetary Educational Institution of High Professional Training ""St. Petersburg State Medical University named after academician I.P. Pavlov"" of Ministry of Health of Russian Federation, Therapy Faculty Board, Saint Petersburg, 197022, Russia|St. Petersburg Sate Budgetary Institution ""Consultative-Diagnostic Polyclinic №1 of Coastal Area"", Saint Petersburg, 197183, Russia|St. Petersburg State Budgetary Health Care Institution ""Consultative-Diagnostic Center № 85"", Diabetes Center №2, Saint Petersburg, 198260, Russia|Co.Ltd "" Diabet Center"", Samara, 443067, Russia|The State Budgetary Educational Institution of Higher Professional Education ""Smolensk National Research Medical University"" Ministry of Health of the Russian Federation, Smolensk, 214019, Russia|Vladimir region State budgetary institution of health care ""Regional clinical hospital"", Vladimir, 600023, Russia|Independent Health Care Institution of Voronezh Region ""Voronezh Regional Clinical Consultative-Diagnostic Center"", Voronezh, 394018, Russia|State Budgetary Health Care Institution of Yaroslavl Region ""Regional Сlinical Hospital"", Yaroslavl, 150062, Russia",True,False,2013.0,2016.0,True,False
NCT05252728,"Altered Faecal Microbiome and Metabolome in CT1D, AT1D and T2D",COMPLETED,Type 1 Diabetes Mellitus Maturity Onset,Second Xiangya Hospital of Central South University,ALL,"CHILD, ADULT, OLDER_ADULT",,372.0,OTHER,OBSERVATIONAL,2019-02-01,2022-04-30,"Institute of Metabolism and Endocrinology, Second Xiangya Hospital, Central South University, Changsha, Hunan, 410011, China",True,True,2019.0,2022.0,True,False
NCT00726505,Renal Mechanism of Action/Splay vs. TmG,TERMINATED,"Diabetes, NOS",AstraZeneca,ALL,"ADULT, OLDER_ADULT",PHASE1,1.0,INDUSTRY,INTERVENTIONAL,2009-06,2009-08,"University Of Texas Health Center At San Antonio, San Antonio, Texas, 78229, United States",True,False,2009.0,2009.0,True,False
NCT02879383,Effect of Duodenal Mucosal Resurfacing (DMR) Using the Revita System in the Treatment of Type 2 Diabetes (T2D),COMPLETED,"Diabetes Mellitus, Type 2|Noninsulin-Dependent Diabetes Mellitus",Fractyl Health Inc.,ALL,"ADULT, OLDER_ADULT",,109.0,INDUSTRY,INTERVENTIONAL,2017-03-01,2019-12-20,"Hopital Erasme, Brussels, 1070, Belgium|UZ Leuven, Leuven, Belgium|ABC Hospital, São Paulo, Brazil|Hospital das Clinicas da Faculdade de medicina da Universidade de São Paulo, São Paulo, Brazil|Policlinico Gemelli (Sacro Cuore), Rome, Lazio, Italy|Humanitas Research Hospital & Humanitas University Via Manzoni 56, Rozzano, Milan, 20089, Italy|Amsterdam University Medical Center, Amsterdam, 1105 AZ, Netherlands|Glasgow Royal Infirmary, Glasgow, G4 0SF, United Kingdom|University College London Hospitals, London, NW1 2BU, United Kingdom|King's College, Denmark Hill, London, United Kingdom|Queens Medical Centre campus, Nottingham University Hospitals NHS Trust, Derby Road, Nottingham, NG7 2UH, United Kingdom",True,False,2017.0,2019.0,True,False
NCT06570057,Feasibility Trial in Urban Pakistan for Community Engagement in Preventing Type II Diabetes and Risk Factors,RECRUITING,Type II Diabetes Mellitus,Baqai Institute of Diabetology and Endocrinology,ALL,"ADULT, OLDER_ADULT",,240.0,OTHER,INTERVENTIONAL,2024-06-24,2027-10,"Baqai Institute of Diabetology and Endocrinology (BIDE), Karachi, Sindh, 74600, Pakistan",True,False,2024.0,2027.0,True,False
NCT07340320,A Study of CX11 Tablets in Patients With Type 2 Diabetes Mellitus,RECRUITING,Type II Diabetes Mellitus,Corxel Pharmaceuticals,ALL,"ADULT, OLDER_ADULT",PHASE2,240.0,INDUSTRY,INTERVENTIONAL,2026-02-06,2027-01-07,"Central Research Associates - Flourish - PPDS, Birmingham, Alabama, 35205-1605, United States|AES - DRS - Synexus Clinical Research US, Inc. - Birmingham, Birmingham, Alabama, 35211-1320, United States|AES - DRS - Optimal Research Alabama - Huntsville, Huntsville, Alabama, 35802-2569, United States|Ark Clinical Research - Long Beach, Long Beach, California, 90815-2521, United States|Flourish Research - Walnut Creek - PPDS, Walnut Creek, California, 94598-3343, United States|AES - DRS - Optimal Research Florida - Melbourne, Melbourne, Florida, 32934-8172, United States|Tampa General Hospital, Tampa, Florida, 33606-3571, United States|Conquest Research LLC - Winter Park, Winter Park, Florida, 32789-1857, United States|Privia Medical Group Georgia, LLC - Albany - Javara - PPDS, Albany, Georgia, 31707-0205, United States|Javara Inc. - Fayetteville, Fayetteville, Georgia, 30214, United States|Privia Medical Group Georgia, LLC - Savannah - Javara - PPDS, Savannah, Georgia, 31406-3928, United States|Privia Medical Group Georgia, LLC - Thomasville - Javara - PPDS, Thomasville, Georgia, 31792-6618, United States|AES - DRS - Synexus Clinical Research US, Inc. - Chicago, Chicago, Illinois, 60602-3960, United States|AES - DRS - Synexus Clinical Research US, Inc. - Evansville, Evansville, Indiana, 47714-7513, United States|Privia Medical Group, LLC - Kelly's Collaborative Care - Javara - PPDS, Silver Spring, Maryland, 20901-1586, United States|Elixia Health - Springfield - Elixia - PPDS, Springfield, Massachusetts, 01103, United States|Elixia Health - Michigan Kidney Consultants, LLC - Elixia - PPDS, Pontiac, Michigan, 48341, United States|AES - DRS - Synexus Clinical Research US, Inc. - Edina - Minneapolis, Edina, Minnesota, 55435-4305, United States|Mankato Clinic - East Main Street - Javara - PPDS, Mankato, Minnesota, 56001, United States|Hassman Research Institute - Berlin - CenExel - PPDS, Berlin, New Jersey, 08009, United States|Albuquerque Clinical Trials Inc, Albuquerque, New Mexico, 87102-2619, United States|M3 Wake Research, Inc - M3 WR, Raleigh, North Carolina, 27612-8106, United States|Unity Clinical Research, Oklahoma City, Oklahoma, 73118-2872, United States|Monroe Biomedical Research Charleston, North Charleston, South Carolina, 29406, United States|M3 Wake Research - Dallas, Dallas, Texas, 75246, United States|University of Texas Southwestern Medical Center, Dallas, Texas, 75390-7202, United States|SMS Clinical Research, LLC - 400 W. Kearney St, Mesquite, Texas, 751497, United States|AES - DRS - Synexus Clinical Research US, Inc. - San Antonio, San Antonio, Texas, 78229-3272, United States|Flourish Research - San Antonio - PPDS, San Antonio, Texas, 78229-3539, United States|Privia Medical Group- North Texas - Stephenville - Javara - PPDS, Stephenville, Texas, 76401-1860, United States|Conquest Research - Arlington, Vienna, Virginia, 22182, United States|AES - DRS - Synexus Polska Sp. z o.o. Oddzial w Poznaniu, Poznan, Greater Poland Voivodeship, 60-702, Poland|Centrum Medyczne Pratia Bydgoszcz - PPDS, Bydgoszcz, Kuyavian-Pomeranian Voivodeship, 85 001, Poland|Medyczne Centrum Diabetologiczno-Endokrynologiczno-Metaboliczne, Krakow, Lesser Poland Voivodeship, 31-261, Poland|FutureMeds - Krakow - PPDS, Krakow, Lesser Poland Voivodeship, 31-501, Poland|METABOLICA Sp. z o.o, Tarnów, Lesser Poland Voivodeship, 33-100, Poland|AES - DRS - Synexus Polska Sp. z o.o. Oddzial we Wroclawiu, Wroclaw, Lower Silesian Voivodeship, 50-381, Poland|AES - DRS - Synexus Polska Sp. Z o.o. Oddzial w Lodzi, Lodz, Lódzkie, 90-127, Poland|FutureMeds - Lodz - PPDS, Lodz, Lódzkie, 91-363, Poland|FutureMeds - Warszawa Centrum - PPDS, Warsaw, Masovian Voivodeship, 00-215, Poland|AES - DRS - Synexus Polska Sp. z o.o. Oddzial w Warszawie, Warsaw, Masovian Voivodeship, 02-672, Poland|ETG Warszawa - PPDS, Warsaw, Masovian Voivodeship, 02-677, Poland|AES - DRS - Synexus Polska Sp. z o.o. Oddzial w Gdansku, Gdansk, Pomeranian Voivodeship, 80-382, Poland|AES - DRS - Synexus Polska Sp. z o.o. Oddzial w Gdyni, Gdynia, Pomeranian Voivodeship, 81-537, Poland|AES - DRS - Synexus Polska Sp. z o.o. Oddzial w Czestochowie, Częstochowa, Silesian Voivodeship, 42-202, Poland",True,False,2026.0,2027.0,True,False
NCT07047248,Short- and Long-Term Effects of Whole-Body Photobiomodulation in Type II Diabetes Patients: A Protocol for a Controlled Clinical Trial,NOT_YET_RECRUITING,Type II Diabetes Mellitus,University of Malaga,ALL,"ADULT, OLDER_ADULT",,44.0,OTHER,INTERVENTIONAL,2025-08-30,2026-01-30,"Dr, Granada, Spain",True,False,2025.0,2026.0,True,False
NCT00960791,"Study to Assess the Absorption, Distribution, Metabolism and Excretion of AZD1656 in Type 2 Diabetes Mellitus (T2DM)",COMPLETED,Type II Diabetes Mellitus,AstraZeneca,MALE,"ADULT, OLDER_ADULT",PHASE1,6.0,INDUSTRY,INTERVENTIONAL,2009-07,2009-09,"Research Site, San Diego, California, United States|Research Site, San Antonio, Texas, United States",True,False,2009.0,2009.0,True,False
NCT06869018,A Study of LY3549492 in Japanese Participants With Type 2 Diabetes Mellitus (T2D) and Healthy Japanese Participants,COMPLETED,Healthy|Type 2 Diabetes Mellitus (T2D),Eli Lilly and Company,ALL,"ADULT, OLDER_ADULT",PHASE1,92.0,INDUSTRY,INTERVENTIONAL,2025-05-07,2026-03-02,"Hakata Clinic, Fukuoka, 812-0025, Japan|P-One Clinic, Hachiōji, 192-0071, Japan|Medical Corporation Heishinkai OPHAC Hospital, Osaka, 532-0003, Japan|Clinical Research Hospital Tokyo, Shinjuku-ku, 160-0004, Japan",True,False,2025.0,2026.0,True,False
NCT00737152,Evaluate the Side Effects and Benefits of RAS 130 With or Without Diet and Exercise in Type II Diabetes Mellitus,UNKNOWN,Type II Diabetes Mellitus,American Scitech International,ALL,ADULT,PHASE2,460.0,OTHER,INTERVENTIONAL,2011-07,2014-04,"MedCenter, East Brunswick, New Jersey, 08816, United States|Robertwood Johnson Hospital, New Brunswick, New Jersey, 08901, United States|Raritan Bay Medical Center, Perth Amboy, New Jersey, 08861, United States|Sri Ramachandra University, Porur, Chennai, India|Dr. JL Rohatagi Hospital, Sarvoday Nagar, Kanpur, Uttar Pradesh, India",False,False,2011.0,2014.0,True,False
NCT01252524,Effect of Calcium Polycarbophil on Type II Diabetes Mellitus Control: a Randomized Double-blind Study,COMPLETED,Diabetes Mellitus Type II,East Carolina University,ALL,"ADULT, OLDER_ADULT",,48.0,OTHER,INTERVENTIONAL,2010-10,2011-04,"East Carolina University Family Medicine Center, Greenville, North Carolina, 27834, United States",True,False,2010.0,2011.0,True,False
NCT02091193,Effects of Krill Oil on Endothelial Function in Patients With Type 2 Diabetes Mellitus,COMPLETED,Type II Diabetes Mellitus,Danbury Hospital,ALL,"ADULT, OLDER_ADULT",,47.0,OTHER,OBSERVATIONAL,2012-03,2013-12,"Danbury Hospital, Danbury, Connecticut, 06810, United States",True,False,2012.0,2013.0,True,False
NCT02805361,Real World Assessment of Clinical Outcome Changes -Including Month of Ramadan-for Dapagliflozin in Management of Type II Diabetes Mellitus,COMPLETED,Type II Diabetes Mellitus,AstraZeneca,ALL,"ADULT, OLDER_ADULT",,511.0,INDUSTRY,OBSERVATIONAL,2016-08-21,2018-07-13,"Research Site, Kuwait City, Kuwait|Research Site, Abu Dhabi, United Arab Emirates|Research Site, Ajman, United Arab Emirates|Research Site, Dubai, United Arab Emirates",True,False,2016.0,2018.0,True,False
NCT06498284,Evaluate HM-002-1005 in Subjects With Type 2 Diabetes Mellitus,COMPLETED,"Diabetes Mellitus, Type II",Hua Medicine Limited,ALL,"ADULT, OLDER_ADULT",PHASE1,40.0,INDUSTRY,INTERVENTIONAL,2024-04-25,2024-09-06,"Clinical Pharmacology of Miami, Hialeah, Florida, 33014, United States",True,False,2024.0,2024.0,True,False
NCT02065674,"Therapeutic Efficacy of ""Abroma Agusta"" in HbA1c % in NIDDM",AVAILABLE,Type II Diabetes Mellitus,Fr Muller Homoeopathic Medical College,ALL,"ADULT, OLDER_ADULT",,,OTHER,EXPANDED_ACCESS,2014-02,2014-12,",Father Muller Homoeopathic Medical College, Prasanth Nivas Ashram Nmpt Hospital, Mangalore, Karnataka, 575002, India",True,False,2014.0,2014.0,False,False
NCT03258840,"EPA Supplementation on Vascular Inflammation, and Gene Expression of PON2 in Patients With Type II Diabetes Mellitus",COMPLETED,Diabetes Mellitus Type II,Tehran University of Medical Sciences,ALL,ADULT,,36.0,OTHER,INTERVENTIONAL,2013-01,2014-08,"Tehran University of Medical Sciences (TUMS), School of Nutritional Sciences and Dietetics, Department of Cellular and Molecular Nutrition, Tehran, 1471613151, Iran",False,False,2013.0,2014.0,True,False
NCT06645418,Relative Hand Grip Strength and Functional Fitness in Diabetic Patient in Egypt,COMPLETED,Type II Diabetes Mellitus,Beni-Suef University,ALL,OLDER_ADULT,,200.0,OTHER,INTERVENTIONAL,2023-10-15,2024-10-05,"Kz hospital, Cairo, Elgharbia, 31611, Egypt|Kz Hospital, Cairo, Egypt",True,False,2023.0,2024.0,True,False
NCT00825383,Effect of Dietary Fiber on Glucose & Lipids in Non Insulin Dependent Diabetes Mellitus (NIDDM),COMPLETED,Non-Insulin-Dependent Diabetes Mellitus,University of Texas Southwestern Medical Center,ALL,"ADULT, OLDER_ADULT",,13.0,OTHER,INTERVENTIONAL,1993-01,1995-12,,True,False,1993.0,1995.0,True,False
NCT01020123,"Evaluate Efficacy, Safety and Tolerability of AZD1656 as Add-on Treatment to Metformin in Type 2 Diabetes Mellitus (TD2M) Patients",COMPLETED,Type II Diabetes Mellitus,AstraZeneca,ALL,"ADULT, OLDER_ADULT",PHASE2,530.0,INDUSTRY,INTERVENTIONAL,2009-10,2011-02,"Research Site, Temuco, Araucania, Chile|Research Site, Brentwood, TN, Chile|Research Site, Santiago, Chile|Research Site, Temuco, Chile|Research Site, Dresden, Saxony, Germany|Research Site, Brentwood, TN, Germany|Research Site, Aschaffenburg, Germany|Research Site, Berlin, Germany|Research Site, Bochum, Germany|Research Site, Dortmund, Germany|Research Site, Frankfurt, Germany|Research Site, Görlitz, Germany|Research Site, Hamburg, Germany|Research Site, Lübeck, Germany|Research Site, Magdeburg, Germany|Research Site, Saint Laurent, QC, Hungary|Research Site, Balatonfüred, Hungary|Research Site, Békéscsaba, Hungary|Research Site, Dunaújváros, Hungary|Research Site, Eger, Hungary|Research Site, Gyula, Hungary|Research Site, Kaposvár, Hungary|Research Site, Nyíregyháza, Hungary|Research Site, Szekszárd, Hungary|Research Site, Szigetvár, Hungary|Research Site, Zalaegerszeg, Hungary|Research Site, Brentwood, TN, Latvia|Research Site, Daugavpils, Latvia|Research Site, Jelgava, Latvia|Research Site, Jēkabpils, Latvia|Research Site, Limbaži, Latvia|Research Site, Riga, Latvia|Research Site, Talsi, Latvia|Research Site, Valmiera, Latvia|Research Site, Brentwood, TN, Lithuania|Research Site, Kaunas, Lithuania|Research Site, Aguascalientes, Aguascalientes, Mexico|Research Site, Zapopan, Jalisco, Mexico|Research Site, Monterrey, Mexico, Mexico|Research Site, Cuernavaca, Morelos, Mexico|Research Site, Monterrey, Nuevo León, Mexico|Research Site, Brentwood, TN, Mexico|Research Site, Meridas, Yucatán, Mexico|Research Site, Mérida, Yucatán, Mexico|Research Site, Chiuahua, Mexico|Research Site, San Luis Potosí City, Mexico|Research Site, Lima, Lima Province, Peru|Research Site, Brentwood, TN, Peru|Research Site, Callao, Peru|Research Site, Lambayeque, Peru|Research Site, Lima, Peru|Research Site, Piura, Peru|Research Site, Trujillo, Peru|Research Site, Brentwood, TN, Poland|Research Site, Gdansk, Poland|Research Site, Krakow, Poland|Research Site, Kutno, Poland|Research Site, Wroclaw, Poland|Research Site, Alba Iulia, Alba, Romania|Research Site, Tg Mures, Mureș County, Romania|Research Site, Brentwood, TN, Romania|Research Site, Galati, Romania|Research Site, Ploieşti, Romania|Research Site, Sibiu, Romania|Research Site, Timișoara, Romania|Research Site, Brentwood, TN, Sweden|Research Site, Huddinge, Sweden|Research Site, Lund, Sweden|Research Site, Paignton, Devon, United Kingdom|Research Site, Liverpool, Merseyside, United Kingdom|Research Site, Saint Laurent, QC, United Kingdom|Research Site, Cardiff, United Kingdom|Research Site, Chorley, United Kingdom|Research Site, Glasgow, United Kingdom|Research Site, Stevenage, United Kingdom|Research Site, West Bromwich, United Kingdom|Research Site, West Lothian, United Kingdom",True,False,2009.0,2011.0,True,False
NCT01546844,Mobile Health Technology as an Intervention for Diabetes Self-Management,UNKNOWN,Type II Diabetes Mellitus,HealthInsight,ALL,"ADULT, OLDER_ADULT",,500.0,OTHER,INTERVENTIONAL,2012-03,2013-02,"Coalville Health Center, Coalville, Utah, 84017, United States|Pioneer Comprehensive Medical, Draper, Utah, 84020, United States|Holladay Family Practice, Holladay, Utah, 84117, United States|Olympus Clinic, Holladay, Utah, 84117, United States|Exodus Healthcare - Main Office - Magna, Magna, Utah, 84044, United States|Community Health Centers Inc. - 72nd Street Clinic, Midvale, Utah, 84115, United States|Park City Healthcare, Inc., Park City, Utah, 84068, United States|Riverton Family Health Center, Riverton, Utah, 84065, United States|Granger Medical-Riverton, Riverton, Utah, 84096, United States|Wasatch Homeless Health Care - 4th Street Clinic, Salt Lake City, Utah, 84101, United States|Alpine Internal Medicine, Salt Lake City, Utah, 84102, United States|HealthInsight, Salt Lake City, Utah, 84107, United States|Central City Community Health Center Health First Family Medicine, Salt Lake City, Utah, 84111, United States|Evolutionary Healthcare, Llc, Salt Lake City, Utah, 84111, United States|Health Clinic Of Utah - SLC, Salt Lake City, Utah, 84115, United States|Stephen D. Ratcliffe Community Health Center, Salt Lake City, Utah, 84116, United States|Jordan Ridge Family Medicine, Salt Lake City, Utah, 84123, United States|Utah Healthcare Institute - St. Mark's Family Medicine, Salt Lake City, Utah, 84124, United States|Utah Physicians Care Centers - St Mark's Internal Medicine, Salt Lake City, Utah, 84124, United States|Wasatch Internal Medicine, Salt Lake City, Utah, 84124, United States|Barbara E. Rizzardi, M.D., Sandy City, Utah, 84093, United States|Copperview Medical Center, Llc, South Jordan, Utah, 84095, United States|Community Health Centers Inc. - Oquirrh View, Taylorsville, Utah, 84118, United States|Advanced Practice Medical Clinic, Tooele, Utah, 84074, United States|Valley Family Medicine, Tooele, Utah, 84074, United States|Granger Medical - Jordan Medical Arts, West Jordan, Utah, 84088, United States|Jordan Meadows Medical Center, West Jordan, Utah, 84088, United States|Granger Medical Clinic Inc. - Main Office, West Valley City, Utah, 84120, United States|Kathryn Allen, MD, West Valley City, Utah, 84120, United States|West Valley Family And Preventive Medicine, West Valley City, Utah, 84120, United States",True,False,2012.0,2013.0,True,False
NCT05028140,Efficacy and Safety of Piemonte Association in the Treatment of Type II Diabetes Mellitus,RECRUITING,Type II Diabetes,EMS,ALL,"ADULT, OLDER_ADULT",PHASE3,480.0,INDUSTRY,INTERVENTIONAL,2024-10-08,2027-09,"EMS, Hortolândia, São Paulo, Brazil",True,False,2024.0,2027.0,True,False
NCT06851858,"Efficacy, Safety and Tolerability of AZD6234 in Participants Living With Overweight or Obesity With Type 2 Diabetes Who Are on a Stable Dose of GLP-1 Receptor Agonist",ACTIVE_NOT_RECRUITING,"Endocrinology|Diabetes, Type II|Obesity",AstraZeneca,ALL,"ADULT, OLDER_ADULT",PHASE2,69.0,INDUSTRY,INTERVENTIONAL,2025-03-12,2026-05-27,"Research Site, Birmingham, Alabama, 35205, United States|Research Site, Mobile, Alabama, 36608, United States|Research Site, Doral, Florida, 33166, United States|Research Site, Jacksonville, Florida, 32216, United States|Research Site, Miami, Florida, 33135, United States|Research Site, Miami, Florida, 33136, United States|Research Site, Winter Park, Florida, 32789, United States|Research Site, Canton, Georgia, 30114, United States|Research Site, Fayetteville, Georgia, 30214, United States|Research Site, Chicago, Illinois, 60640, United States|Research Site, Oak Brook, Illinois, 60523, United States|Research Site, Newton, Kansas, 67114, United States|Research Site, Lexington, Kentucky, 40509, United States|Research Site, Kansas City, Missouri, 64114, United States|Research Site, Las Vegas, Nevada, 89119, United States|Research Site, Norman, Oklahoma, 73069, United States|Research Site, Knoxville, Tennessee, 37909, United States|Research Site, San Antonio, Texas, 78229, United States",True,False,2025.0,2026.0,True,False
NCT03084965,Retrospective Study of Patients With Type 2 Diabetes Mellitus on Dapagliflozin Therapy in Taiwan,COMPLETED,Type II Diabetes Mellitus,AstraZeneca,ALL,"CHILD, ADULT, OLDER_ADULT",,1987.0,INDUSTRY,OBSERVATIONAL,2017-05-12,2018-03-02,"Research Site, Changhua, Taiwan|Research Site, Chiayi City, Taiwan|Research Site, Kaohsiung City, Taiwan|Research Site, New Taipei City, Taiwan|Research Site, Taichung, Taiwan|Research Site, Tainan, Taiwan|Research Site, Taipei, Taiwan|Research Site, Taoyuan, Taiwan",True,True,2017.0,2018.0,True,False
NCT03059719,Clinical Trial for PB-119 in Subjects With Type 2 Diabetes Mellitus,COMPLETED,Type II Diabetes Mellitus,"PegBio Co., Ltd.",ALL,"ADULT, OLDER_ADULT",PHASE1,36.0,OTHER,INTERVENTIONAL,2015-04-08,2016-10-27,"No.1 Hospital of Peking University, Beijing, Beijing Municipality, 100191, China",True,False,2015.0,2016.0,True,False
NCT02749435,A Study to Evaluate the Effect of a Digital Disease Management Tool in Patients With Type 2 Diabetes Mellitus,TERMINATED,Type II Diabetes Mellitus,AstraZeneca,ALL,"ADULT, OLDER_ADULT",,57.0,INDUSTRY,OBSERVATIONAL,2016-05-03,2016-10-13,"Research Site, Dundee, Angus, United Kingdom|Research Site, Cardiff, Cardiff [Caerdydd Gb-crd], United Kingdom|Research Site, Muirhead, Dundee City, United Kingdom|Research Site, Flintshire, Flintshire [Sir Y Fflint Gb-ff, United Kingdom|Research Site, London, Harrow, United Kingdom|Research Site, Manchester, Lancashire, United Kingdom|Research Site, Oldham, Manchester, United Kingdom|Research Site, Mid Glamorgan, Mid Glamorgan, United Kingdom|Research Site, Bonnyrigg, Midlothian, United Kingdom|Research Site, Edinburgh, Midlothian, United Kingdom|Research Site, Fife, United Kingdom|Research Site, Leicester, United Kingdom|Research Site, London, United Kingdom|Research Site, Stockport, United Kingdom",True,False,2016.0,2016.0,True,False
NCT01671189,Automated SMS-Based Appointment Validation Tool,UNKNOWN,Diabetes Mellitus Type 2|Adult-onset Diabetes,Medic Mobile,ALL,"ADULT, OLDER_ADULT",EARLY_PHASE1,300.0,INDUSTRY,INTERVENTIONAL,2012-10,2013-12,"San Mateo Medical Center, San Mateo, California, 94403, United States",True,False,2012.0,2013.0,True,False
NCT00995787,Safety and Tolerability of AZD1656 in Type 2 Diabetes Mellitus (T2DM) Patients Treated With Metformin and Sulfonylurea,COMPLETED,Type II Diabetes Mellitus,AstraZeneca,ALL,"ADULT, OLDER_ADULT",PHASE1,75.0,INDUSTRY,INTERVENTIONAL,2009-10,2010-02,"Research Site, San Diego, California, United States",True,False,2009.0,2010.0,True,False
NCT04092738,"´Sit Less, Move More' at Work: mHealth Intervention on Office Employees With Diabetes Type 2.",UNKNOWN,"Diabetes Mellitus, Type II",Fundacio d'Investigacio en Atencio Primaria Jordi Gol i Gurina,ALL,"ADULT, OLDER_ADULT",,368.0,OTHER,INTERVENTIONAL,2019-03-04,2021-09,"IDIAP Jordi Gol, Barcelona, 08007, Spain",True,False,2019.0,2021.0,True,False
NCT03047486,Smartguard Use in Real Life : a Longitudinal Study in Patients With Type 1 Diabetes,COMPLETED,Type 1 Diabetes Mellitus Maturity Onset,"University Hospital, Caen",ALL,"ADULT, OLDER_ADULT",,30.0,OTHER,OBSERVATIONAL,2017-02-01,2018-01-01,"Endocrinology Unit and Clinical Research Center Basse Normandie, University Hospital of Caen, Caen, 14000, France",True,False,2017.0,2018.0,True,False
NCT07355738,Bioequivalence Study of GZR18 Injection Before and After CMC Change,RECRUITING,Obesity&T2D,Gan & Lee Pharmaceuticals.,MALE,ADULT,PHASE1,138.0,INDUSTRY,INTERVENTIONAL,2026-01-09,2026-05-20,"The Second Affiliated Hospital of Soochow University, Suzhou, Suzhou, China",False,False,2026.0,2026.0,True,False
NCT07385547,Study to Evaluate if Exposure to Drug is Impacted in Participants With Renal Insufficiency,RECRUITING,Type II Diabetes Mellitus,Sun Pharmaceutical Industries Limited,ALL,"ADULT, OLDER_ADULT",PHASE1,40.0,INDUSTRY,INTERVENTIONAL,2026-02-25,2026-09-27,"Syneos Miami, Miami, Florida, 33136, United States|Panax Clinical Research, Miami Lakes, Florida, 33014, United States|Orlando Clinical Research Center (OCRC), Orlando, Florida, 32809, United States",True,False,2026.0,2026.0,True,False
NCT00554697,Diabetes Mellitus Type II and Tissue Oxygenation,TERMINATED,"Diabetes Mellitus, Type II",The Cleveland Clinic,ALL,"ADULT, OLDER_ADULT",,60.0,OTHER,OBSERVATIONAL,2007-11,2008-11,,True,False,2007.0,2008.0,True,False
NCT05364476,Development and Exploration of the Effectiveness and Feasbility of a Digital Intervention for Type 2 Diabetes Mellitus,COMPLETED,"Diabetes Mellitus, Type II",EVYD Technology,ALL,"ADULT, OLDER_ADULT",,122.0,INDUSTRY,INTERVENTIONAL,2022-04-11,2023-04-28,"EVYD Technology Limited, Singapore, 078994, Singapore",True,False,2022.0,2023.0,True,False
NCT02144948,Investigation of the Effect of E.-Coli-Nissle as Supporting Therapy to Standard Care of Diabetes Mellitus Type II,COMPLETED,Diabetes Mellitus Type II,GWT-TUD GmbH,ALL,"ADULT, OLDER_ADULT",PHASE3,10.0,OTHER,INTERVENTIONAL,2014-08,2016-01,"Carus-Hausarztpraxis, Dresden, 01307, Germany",True,False,2014.0,2016.0,True,False
NCT06652971,A Clinical Trial to Evaluate the Food Effect of CKD-379,COMPLETED,Type II Diabetes Mellitus,Chong Kun Dang Pharmaceutical,ALL,ADULT,PHASE1,30.0,INDUSTRY,INTERVENTIONAL,2024-11-05,2024-12-17,"Bumin Hospital, Gangseo-gu, Seoul, 07590, South Korea",False,False,2024.0,2024.0,True,False
NCT01197092,The Effects of a Regenerative Mitochondrial Medication on Physiological Parameters in Case of Diabetes Mellitus Type II,UNKNOWN,"Diabetes Mellitus, Type II","Center for Integrative Medicine, Germany",ALL,ADULT,PHASE2,40.0,OTHER,INTERVENTIONAL,2010-11,2011-01,"CFI Centrum für Integrative Medizin, Speyer, D-67346, Germany",False,False,2010.0,2011.0,True,False
NCT03907202,"A Clinical Study to Evaluate the Safety, Tolerability, PK, PD, and Efficacy of KBP-089 in Patients With T2DM",TERMINATED,Type II Diabetes Mellitus,KeyBioscience AG,ALL,ADULT,PHASE1,25.0,INDUSTRY,INTERVENTIONAL,2018-04-17,2019-12-03,"Profil Institut für Stoffwechselforschung GmbH, Neuss, D-41460, Germany",False,False,2018.0,2019.0,True,False
NCT06386328,A Clinical Trial to Evaluate the Food Effect of CKD-378,COMPLETED,Type II Diabetes Mellitus,Chong Kun Dang Pharmaceutical,ALL,"ADULT, OLDER_ADULT",PHASE1,31.0,INDUSTRY,INTERVENTIONAL,2024-05-03,2024-06-13,"Gimpo Woori hospital, Gimpo-si, Gyeonggi-do, 10099, South Korea",True,False,2024.0,2024.0,True,False
NCT01261494,Study With GFT505 (80mg) Versus Placebo in Patients With Type 2 Diabetes Mellitus,COMPLETED,Type II Diabetes Mellitus,Genfit,ALL,"ADULT, OLDER_ADULT",PHASE2,97.0,INDUSTRY,INTERVENTIONAL,2010-12,2011-06,"Site n°12, Banja Luka, 78000, Bosnia and Herzegovina|Site n°11, Sarajevo, 71000, Bosnia and Herzegovina|Site n°22, Riga, LV 1002, Latvia|Site n°21, Riga, LV 1004, Latvia|Site n°23, Valmiera, LV4201, Latvia|Site n°41, Bălţi, 3112, Moldova|Site n°42, Chisinau, 2025, Moldova|Site n°43, Chisinau, 2068, Moldova|Site n°33, Bitola, 7000, North Macedonia|Site n°31, Skopje, 1000, North Macedonia|Site n°32, Skopje, 1000, North Macedonia|Site n°72, Oradea, Bihor County, 410167, Romania|Site n°66, Buzău, Buzău, 120203, Romania|Site n°64, Cluj-Napoca, Cluj, 400006, Romania|Site n°65, Baia Mare, Maramureş, 430123, Romania|Site n°63, Târgu Mureş, Mureș County, 540098, Romania|Site n°62, Târgu Mureş, Mureș County, 540142, Romania|Site n°71, Ploieşti, Prahova, 100163, Romania|Site n°70, Ploieşti, Prahova, 100342, Romania|Site n°61, Sibiu, Sibiu County, 550245, Romania|Site n°67, Bucharest, 020045, Romania|Site n°69, Bucharest, 020045, Romania|Site n°68, Bucharest, 020475, Romania|Site n°52, Belgrade, 11000, Serbia|Site n°53, Belgrade, 11000, Serbia|Site n°56, Belgrade, 11000, Serbia|Site n°54, Kragujevac, 34000, Serbia|Site n°51, Niš, 18000, Serbia",True,False,2010.0,2011.0,True,False
NCT07748208,A Study Evaluating the Safety of Inavolisib and Fulvestrant With or Without Palbociclib in Participants With Advanced Breast Cancer (ABC) and Type 2 Diabetes,NOT_YET_RECRUITING,Breast Cancer|Diabetes Type II,Hoffmann-La Roche,ALL,"ADULT, OLDER_ADULT",PHASE2,40.0,INDUSTRY,INTERVENTIONAL,2026-09-01,2029-09-30,,True,False,2026.0,2029.0,True,False
NCT07361341,Culturally Tailored Program for Food-Insecure Adults: SPICE-D,RECRUITING,Type 2 Diabetes Mellitus (T2D),Wake Forest University Health Sciences,ALL,"ADULT, OLDER_ADULT",,25.0,OTHER,INTERVENTIONAL,2026-04-01,2026-10,"Wake Forest University Health Sciences, Winston-Salem, North Carolina, 27157, United States",True,False,2026.0,2026.0,True,False
NCT06671587,iGlarLixi CGM Study in Chinese T2D Individuals After OADs,RECRUITING,Type 2 Diabetes (T2D),Sanofi,ALL,"ADULT, OLDER_ADULT",PHASE4,678.0,INDUSTRY,INTERVENTIONAL,2024-12-10,2026-09-18,"Investigational Site Number: 1560001, Beijing, 100730, China",True,False,2024.0,2026.0,True,False
NCT05952219,Study to Evaluate the Safety and Pharmacokinetics of CKD-379,UNKNOWN,Type II Diabetes Mellitus,Chong Kun Dang Pharmaceutical,ALL,ADULT,PHASE1,32.0,INDUSTRY,INTERVENTIONAL,2023-06-02,2023-10-30,"Chonbuk National University Hospital, Jeonju, South Korea",False,False,2023.0,2023.0,True,False
NCT00306176,Rosiglitazone and Exercise in Patients With Type 2 Diabetes Mellitus,COMPLETED,Type II Diabetes Mellitus,Aristotle University Of Thessaloniki,ALL,"ADULT, OLDER_ADULT",PHASE4,100.0,OTHER,INTERVENTIONAL,2005-01,2006-10,"AHEPA University Hospital of Thessaloniki, Thessaloniki, Thessaloniki, 54454, Greece",True,False,2005.0,2006.0,True,False
NCT03478202,GOLO Open-Label Pilot 1,COMPLETED,"Diabetes Mellitus, Type II",Golo,ALL,"ADULT, OLDER_ADULT",,27.0,INDUSTRY,INTERVENTIONAL,2017-08-01,2017-12-23,"Buynak Clinical Research, Valparaiso, Indiana, 46385, United States",True,False,2017.0,2017.0,True,False
NCT01514838,A Study to Assess the Efficacy and Safety of ASP1941 in Asian Subjects With Type 2 Diabetes Mellitus,TERMINATED,Type II Diabetes Mellitus,Astellas Pharma Inc,ALL,"ADULT, OLDER_ADULT",PHASE3,46.0,INDUSTRY,INTERVENTIONAL,2012-04-23,2012-10-19,"Busan, South Korea|Daegu, South Korea|Daejeon, South Korea|Gwangju, South Korea|Incheon, South Korea|Seongnam, South Korea|Seoul, South Korea|Wŏnju, South Korea|Changha, Taiwan|Chiayi City, Taiwan|Kaohsiung City, Taiwan|Taichung, Taiwan|Tainan, Taiwan|Taipei, Taiwan|Taoyuan, Taiwan",True,False,2012.0,2012.0,True,False
NCT05719155,Pharmacokinetics and Safety/Tolerability of CKD-379,COMPLETED,Type II Diabetes Mellitus,Chong Kun Dang Pharmaceutical,ALL,ADULT,PHASE1,32.0,INDUSTRY,INTERVENTIONAL,2023-02-27,2023-04-10,"Seoul National University Hospital, Seoul, Jongno-gu, 03080, South Korea",False,False,2023.0,2023.0,True,False
NCT01523405,"A Non-Interventional Study To Evaluate Diabetes Related Quality Of Life, Frequency And Impact Of Hypoglycemia In T2DM",COMPLETED,Type II Diabetes Mellitus,AstraZeneca,ALL,"ADULT, OLDER_ADULT",,4911.0,INDUSTRY,OBSERVATIONAL,2012-03,2013-02,"Research Site, Vijayawada, Andhara Pradesh, India|Research Site, Hanamkoda, Andhra Pradesh, India|Research Site, Hyderabad, Andhra Pradesh, India|Research Site, Kammam, Andhra Pradesh, India|Research Site, Khammam, Andhra Pradesh, India|Research Site, Kurnool, Andhra Pradesh, India|Research Site, Nellore, Andhra Pradesh, India|Research Site, Vijayawada, Andhra Pradesh, India|Research Site, Visakhapatnam, Andhra Pradesh, India|Research Site, Guwahati, Assam, India|Research Site, Mysore, Bangalore, India|Research Site, Bilāspur, Chhattisgarh, India|Research Site, Raipur, Chhattisgarh, India|Research Site, Mapusa, Goa, India|Research Site, Ahemdabad, Gujarat, India|Research Site, Ahmedabad, Gujarat, India|Research Site, Anand, Gujarat, India|Research Site, Chennai, Gujarat, India|Research Site, Nadiād, Gujarat, India|Research Site, Vadodara, Gujarat, India|Research Site, Karnāl, Haryana, India|Research Site, Panchkula, Haryana, India|Research Site, Dhanbad, Jharkhand, India|Research Site, Ranchi, Jharkhand, India|Research Site, Bangalore, Karnataka, India|Research Site, Kanpur, Karnataka, India|Research Site, Mangalore, Karnataka, India|Research Site, Mysore, Karnataka, India|Research Site, Trichy, Karnataka, India|Research Site, Hubli, Karnatka, India|Research Site, Mangalore, Karnatka, India|Research Site, Mysore, Karnatka, India|Research Site, Kannur, Kerala, India|Research Site, Bhopal, Madhya Pradesh, India|Research Site, Gwalior, Madhya Pradesh, India|Research Site, Indore, Madhya Pradesh, India|Research Site, Indore(MP), Madhya Pradesh, India|Research Site, Ujjain, Madhya Pradesh, India|Research Site, Mumbai, Maharashtra, India|Research Site, Pune, Maharashtra, India|Research Site, Pune, Mahrastra, India|Research Site, Delhi, National Capital Territory of Delhi, India|Research Site, Delhi, New Delhi, India|Research Site, New Delhi, New Delhi, India|Research Site, New Delh, New Delhi, India|Research Site, Bhubaneswar, Odisha, India|Research Site, Puducherry, Puducherry, India|Research Site, Ludhiana, Punjab, India|Research Site, Jaipur, Rajasthan, India|Research Site, Jodhpur, Rajasthan, India|Research Site, Kota, Rajasthan, India|Research Site, Pushkar, Rajasthan, India|Research Site, Chennai, Tamil Nadu, India|Research Site, Coimbatore, Tamil Nadu, India|Research Site, Cuddlore, Tamil Nadu, India|Research Site, Kanchipuram, Tamil Nadu, India|Research Site, Karaikal, Tamil Nadu, India|Research Site, Madurai, Tamil Nadu, India|Research Site, Thuckalay, Tamil Nadu, India|Research Site, Trichy, Tamil Nadu, India|Research Site, Vellore, Tamil Nadu, India|Research Site, Bhilāi, Uttar Pradesh, India|Research Site, Fatepur, Uttar Pradesh, India|Research Site, Ghaziabad, Uttar Pradesh, India|Research Site, Gorakhpur, Uttar Pradesh, India|Research Site, Kanpur, Uttar Pradesh, India|Research Site, Lucknow, Uttar Pradesh, India|Research Site, Noida, Uttar Pradesh, India|Research Site, Kolkata, West Bangal, India|Research Site, Kolkata, West Bengal, India",True,False,2012.0,2013.0,True,False
NCT01972724,Efficacy of Pioglitazone in Participants With Inadequately Controlled Type 2 Diabetes Mellitus Treated With Stable Triple Oral Therapy,COMPLETED,Type II Diabetes Mellitus,Takeda,ALL,"ADULT, OLDER_ADULT",PHASE4,114.0,INDUSTRY,INTERVENTIONAL,2013-12-16,2016-10-17,"Chagwon, South Korea|Daegu, South Korea|Daejeon, South Korea|Gwangju, South Korea|Gyeonggi-do, South Korea|Jeonju, South Korea|Seoul, South Korea|Ulsan, South Korea|Wŏnju, South Korea",True,False,2013.0,2016.0,True,False
NCT00131287,The Supplementary Effects of the Extract of Agaricus Blazei Murril on Type II Diabetes Mellitus (DM),COMPLETED,"Diabetes Mellitus, Type II",ECbiotech Taiwan,ALL,"ADULT, OLDER_ADULT",PHASE3,108.0,OTHER,INTERVENTIONAL,2005-07,2006-12,"Chung-Hua Hsu, Taipei, 886, Taiwan",True,False,2005.0,2006.0,True,False
NCT05743387,"Community-based, eHealth Supported Type 2 Diabetes Care by Lay Village Health Workers in Rural Lesotho",ACTIVE_NOT_RECRUITING,Type 2 Diabetes Mellitus (T2D),"University Hospital, Basel, Switzerland",ALL,"ADULT, OLDER_ADULT",,252.0,OTHER,INTERVENTIONAL,2023-05-13,2027-12-31,"SolidarMed Lesotho, Maseru, Lesotho|University of Basel, Division of Clinical Epidemiology, Basel, 4051, Switzerland",True,False,2023.0,2027.0,True,False
NCT05544214,"Clinical Study to Evaluate the Pharmacokinetics, Safety and Tolerability of CKD 371 in Healthy Subjects",COMPLETED,Type II Diabetes Mellitus,Chong Kun Dang Pharmaceutical,ALL,ADULT,PHASE1,32.0,INDUSTRY,INTERVENTIONAL,2022-10-21,2022-11-17,"Korea University Anam Hospital, Seoul, South Korea",False,False,2022.0,2022.0,True,False
NCT05452525,Pharmacokinetics and Safety/Tolerability Profile of CKD-379,COMPLETED,Type II Diabetes Mellitus,Chong Kun Dang Pharmaceutical,ALL,ADULT,PHASE1,24.0,INDUSTRY,INTERVENTIONAL,2022-07-26,2022-09-21,"Seoul National University Hospital, Seoul, Jongno-gu, 03080, South Korea",False,False,2022.0,2022.0,True,False
NCT05274880,Study to Evaluate the Food Effect on Pharmacokinetics Profile and Safety of CKD-393,COMPLETED,Type II Diabetes Mellitus,Chong Kun Dang Pharmaceutical,ALL,ADULT,PHASE1,28.0,INDUSTRY,INTERVENTIONAL,2022-06-21,2022-07-26,"Korea University Guro Hospital, Seoul, South Korea",False,False,2022.0,2022.0,True,False
NCT01969084,The Effect of Linagliptin on Mitochondrial and Endothelial Function,COMPLETED,Type II Diabetes Mellitus,Beth Israel Deaconess Medical Center,ALL,"ADULT, OLDER_ADULT",PHASE4,45.0,OTHER,INTERVENTIONAL,2013-10,2016-07,"Beth Israel Deaconess Medical Center, Boston, Massachusetts, 02215, United States",True,False,2013.0,2016.0,True,False
NCT01262586,Vildagliptin Glycemic Profiles Assessment Using a Continuous Glucose Monitoring Device.,COMPLETED,Type II Diabetes Mellitus,Novartis Pharmaceuticals,ALL,"ADULT, OLDER_ADULT",PHASE3,24.0,INDUSTRY,INTERVENTIONAL,2010-11,2011-03,"Novartis Investigative Site, Mainz, Germany",True,False,2010.0,2011.0,True,False
NCT00481663,A Study of Different Doses of Sitagliptin (MK-0431) in Participants With Type 2 Diabetes Mellitus (MK-0431-014),COMPLETED,Type II Diabetes Mellitus,Merck Sharp & Dohme LLC,ALL,"ADULT, OLDER_ADULT",PHASE2,555.0,INDUSTRY,INTERVENTIONAL,2003-08-19,2006-05-14,,True,False,2003.0,2006.0,True,False
NCT02492763,A Preliminary Study of the Efficacy and Safety of MK-8521 for Type 2 Diabetes (MK-8521-004),TERMINATED,Type II Diabetes Mellitus,Merck Sharp & Dohme LLC,ALL,"ADULT, OLDER_ADULT",PHASE2,176.0,INDUSTRY,INTERVENTIONAL,2015-07-27,2017-04-18,,True,False,2015.0,2017.0,True,False
NCT00863954,Application of Magnetic Fields as Adjunctive Treatment for Type II Diabetes,COMPLETED,Type II Diabetes Mellitus,"pico-tesla Magnetic Therapies, LLC",ALL,"ADULT, OLDER_ADULT",PHASE1,60.0,INDUSTRY,INTERVENTIONAL,2009-01,2009-11,"pico-tesla Magnetic Therapies, Littleton, Colorado, 80120, United States",True,False,2009.0,2009.0,True,False
NCT01311401,Predictors of Future Type 2 Diabetes Mellitus in Circassians Minority in Israel,UNKNOWN,Diabetes Mellitus Type II,Ziv Hospital,ALL,"ADULT, OLDER_ADULT",,670.0,OTHER_GOV,OBSERVATIONAL,2009-10,,"Ziv Medical Center, Safed, 13110, Israel",True,False,2009.0,,True,False
NCT02036372,"Perioperative Insulin, GIK or GLP-1 Treatment in Diabetes Mellitus",COMPLETED,Diabetes Mellitus Type II,Academisch Medisch Centrum - Universiteit van Amsterdam (AMC-UvA),ALL,"ADULT, OLDER_ADULT",,150.0,OTHER,INTERVENTIONAL,2014-01,2017-01,"Academic Medical Center Amsterdam, Amsterdam, Please Select, 1105AZ, Netherlands|Onze Lieve Vrouwe Gasthuis, Amsterdam, Netherlands|Diakonessenhuis, Utrecht, 3582 KE, Netherlands",True,False,2014.0,2017.0,True,False
NCT07029009,Liraglutide Treatment in Patients With Maturity-onset Diabetes of the Young (MODY),RECRUITING,Maturity Onset Diabetes of the Young,Mansa,ALL,"CHILD, ADULT, OLDER_ADULT",PHASE2,50.0,OTHER,INTERVENTIONAL,2025-05-08,2027-01,"Cincinnati Children's Hospital Medical Center, Cincinnati, Ohio, 45229, United States",True,True,2025.0,2027.0,True,False
NCT01453751,Safety and Effects of Autologous Adipose-Derived Stromal Cells Delivered in Patients With Type II Diabetes,WITHDRAWN,Diabetes Mellitus Type II,Ageless Regenerative Institute,ALL,"ADULT, OLDER_ADULT",,0.0,INDUSTRY,INTERVENTIONAL,2014-03,2017-12,"Ageless Regenerative Institute LLC, Aventura, Florida, 33180, United States",True,False,2014.0,2017.0,True,True
NCT03601910,Clinical Study to Compare the Pharmacokinetic Characteristics and Safety Between CKD-380 10mg and D308 10mg,UNKNOWN,Type II Diabetes Mellitus,Chong Kun Dang Pharmaceutical,MALE,ADULT,PHASE1,34.0,INDUSTRY,INTERVENTIONAL,2018-07-16,2018-11-09,"The Catholic University of Korea, Seoul ST. Mary's Hospital, Seoul, South Korea",False,False,2018.0,2018.0,True,False
NCT00309751,Study Comparing Pitavastatin and Atorvastatin in Patients With Type II Diabetes Mellitus and Combined Dyslipidemia,COMPLETED,Type II Diabetes Mellitus|Dyslipidemia,Kowa Research Europe,ALL,"ADULT, OLDER_ADULT",PHASE3,418.0,INDUSTRY,INTERVENTIONAL,2005-12,2007-06,"CCBR Aalborg, Aalborg, Denmark|CCBR A/S, Ballerup Municipality, Denmark|CCBR Vejle, Vejle, Denmark|Gemeinschaftspraxis am Bahnhof, Berlin-Spandau, Germany|Pharmakologisches Studienzentum Chemnitz, Chemnitz, Germany|Internistische Diabetische Schwerpunktpraxis Dr., Frankfurt am Main, Germany|Internistische Gemeinschaftspraxis, Mainz, Germany|Gemeinschaftspraxis Dr. Senftleber, Dr. Kohler, Messkirch, Germany|Bhagwan Mahaveer Jain Heart Centre, Bangalore, India|Sri Ramachandra Medical College Hospital, Chennai, India|Apollo Hospitals, Hyderabaad, India|CARE Group of Hospitals, Hyderabaad, India|PD Hinduja Hospital, Mumbai, India|Andromed Breda, Breda, Netherlands|Andromed Eindhoven, Eindhoven, Netherlands|Andromed Noord, Groningen, Netherlands|Andromed Leiden, Leiden, Netherlands|Andromed Nijmegen, Nijmegen, Netherlands|Andromed Rotterdam, Rotterdam, Netherlands|Andromed Oost, Velp, Netherlands|Andromed Zoetermeer, Zoetermeer, Netherlands|Podlaski Osrodek Kardiologii, Bialystok, Poland|NZOZ GCP Dobra Praktyka Lekaska, Gruziadz, Poland|NZOZ Terapia Optima, Katowice, Poland|NZOZ Centrum, Poradnia Kardiologiczna, Siedlce, Poland|Spec. Gab. Lek. Internistyczno-Kardiologicznly, Tarnów, Poland|Woj.Szp.Spec.Nr 1 im. Prof. J. Gasinskiego, Tychy, Poland|Instytut Zywnosci i Zywienia, Warsaw, Poland|Lecznica PROSEN SMO, Warsaw, Poland|Szpital Wolski,im. Dr A. Gostynskiej, Warsaw, Poland|NZOZ Esculap, Przychodnia Lekary Rodzinnych, Łosice, Poland|Synexus Reading Clinical Research Centre, Berkshire, United Kingdom|Synexus Lancashire Clinical Research Centre, Lancashire, United Kingdom|Synexus Merseyside Clinical Research Centre, Liverpool, United Kingdom|Synexus Manchester Clinical Research Centre, Manchester, United Kingdom",True,False,2005.0,2007.0,True,False
NCT03616392,Clinical Trial to Evaluate the Drug Drug Interaction of CKD-501 and D308,COMPLETED,"Diabetes Mellitus, Type II",Chong Kun Dang Pharmaceutical,ALL,"ADULT, OLDER_ADULT",PHASE1,41.0,INDUSTRY,INTERVENTIONAL,2018-07-25,2018-11-13,"Chonbuk National University Hospital, Jeonju, South Korea",True,False,2018.0,2018.0,True,False
NCT01566981,E-health Care Process Support for Diabetes Type II Patients,COMPLETED,"Diabetes Mellitus Type II,",University of Primorska,ALL,"ADULT, OLDER_ADULT",,120.0,OTHER,INTERVENTIONAL,2012-03,2014-02,"Department of family medicine in Ljubljana, Ljubljana, 1000, Slovenia|Department of Family medicine, Medical Faculty, Ljubljana, 1000, Slovenia",True,False,2012.0,2014.0,True,False
NCT00086515,Metformin Add-on Study in Patients With Type 2 Diabetes Mellitus (0431-020)(COMPLETED),COMPLETED,"Diabetes Mellitus, Type II",Merck Sharp & Dohme LLC,ALL,"ADULT, OLDER_ADULT",PHASE3,701.0,INDUSTRY,INTERVENTIONAL,2004-06-30,2007-02-02,,True,False,2004.0,2007.0,True,False
NCT01076829,Effects of a Spiced Meat Patty on Inflammation in Men With Type 2 Diabetes,COMPLETED,Type II Diabetes Mellitus,"University of California, Los Angeles",MALE,"ADULT, OLDER_ADULT",,10.0,OTHER,INTERVENTIONAL,2009-07,2014-06,"David Geffen School of Medicine, UCLA Center for Human Nutrtiion, Los Angeles, California, 90095, United States",True,False,2009.0,2014.0,True,False
NCT03025919,Evaluation of Innovated Screening Tools for Type 2 Diabetes Among Chinese Population(SENSIBLE STUDY I),UNKNOWN,Type II Diabetes Mellitus,Zhongda Hospital,ALL,"CHILD, ADULT, OLDER_ADULT",,20000.0,OTHER,OBSERVATIONAL,2017-01,2017-12,"Department of Endocrinology, Zhongda Hospital, Institute of Diabetes, Southeast University, Nanjing, Jiangsu, China",True,True,2017.0,2017.0,True,False
NCT06912737,Group Emotion-Focused Behavioral Intervention for Diabetes Distress/A1c in T2D.,NOT_YET_RECRUITING,T2DM (Type 2 Diabetes Mellitus),Ohio State University,ALL,"ADULT, OLDER_ADULT",,120.0,OTHER,INTERVENTIONAL,2025-09-01,2028-01-31,"The Ohio State University Wexner Medical Center, Columbus, Ohio, 43210, United States",True,False,2025.0,2028.0,True,False
NCT02175121,"Safety, Tolerability, Pharmacokinetics And Pharmacodynamics Study Of PF-06291874 As Oral Monotherapy To Treat Adults With Type 2 Diabetes Mellitus",COMPLETED,"Diabetes Mellitus, Type II",Pfizer,ALL,"ADULT, OLDER_ADULT",PHASE2,172.0,INDUSTRY,INTERVENTIONAL,2014-08,2015-03,"Anaheim Clinical Trials, LLC, Anaheim, California, 92801, United States|Profil Institute for Clinical Research, Inc., Chula Vista, California, 91911, United States|Diablo Clinical Research, Inc., Walnut Creek, California, 94598, United States|Avail Clinical Research, LLC, DeLand, Florida, 32720, United States|SeaView Research, Inc., Miami, Florida, 33125, United States|SeaView Research, Inc., Miami, Florida, 33126, United States|Compass Research, LLC, Orlando, Florida, 32806, United States|Miami Research Associates, Inc., South Miami, Florida, 33143, United States|MRA Clinical Research, LLC, South Miami, Florida, 33143, United States|MRA Clinical Research, South Miami, Florida, 33143, United States|Louisville Metabolic and Atherosclerosis Research Center, Louisville, Kentucky, 40213, United States|DaVita Clinical Research, Minneapolis, Minnesota, 55404, United States|Clinilabs, Inc., Eatontown, New Jersey, 07724, United States|PRA International, Marlton, New Jersey, 08053, United States|Buffalo Clinical Research Center, LLC, Buffalo, New York, 14202, United States|High Point Clinical Trials Center, LLC, High Point, North Carolina, 27265, United States|Community Research, Cincinnati, Ohio, 45255, United States|Clinical Trials of Texas, Inc., San Antonio, Texas, 78229, United States|Rainier Clinical Research Center, Inc., Renton, Washington, 98057, United States",True,False,2014.0,2015.0,True,False
NCT02761018,Using Technology to Share Fitness Goals and Results to Improve Diabetes Outcomes,COMPLETED,Type II Diabetes Mellitus,Mike O'Callaghan Military Hospital,ALL,"ADULT, OLDER_ADULT",,120.0,FED,INTERVENTIONAL,2017-08-08,2018-10-02,"Mike O'Callaghan Federal Medical Center, Nellis Air Force Base, Nevada, 89191, United States",True,False,2017.0,2018.0,True,False
NCT01505426,A Study to Assess the Efficacy and Safety of ASP1941 in Combination With Metformin in Asian Diabetes Patients,COMPLETED,Type II Diabetes Mellitus,Astellas Pharma Inc,ALL,"ADULT, OLDER_ADULT",PHASE3,171.0,INDUSTRY,INTERVENTIONAL,2011-11-28,2013-01-14,"Busan, South Korea|Daegu, South Korea|Daejeon, South Korea|Gwangju, South Korea|Incheon, South Korea|Jeonju, South Korea|Seoul, South Korea|Wŏnju, South Korea|Kaohsiung City, Taiwan|Taichung, Taiwan|Tainan, Taiwan|Taipei, Taiwan",True,False,2011.0,2013.0,True,False
NCT02592421,SGLT2 Inhibition and Stimulation of Endogenous Glucose Production: Protocol 2,COMPLETED,Type II Diabetes Mellitus,The University of Texas Health Science Center at San Antonio,ALL,"ADULT, OLDER_ADULT",PHASE3,30.0,OTHER,INTERVENTIONAL,2015-10-23,2019-10-31,"University of Texas Health Science Center at San Antonio, San Antonio, Texas, 78229, United States",True,False,2015.0,2019.0,True,False
NCT02274740,Effect of Lixisenatide on Postprandial Lipid Profile in Obese Type 2 Diabetic Patients,TERMINATED,Type II Diabetes Mellitus,Sanofi,ALL,"ADULT, OLDER_ADULT",PHASE2,2.0,INDUSTRY,INTERVENTIONAL,2015-04,2015-08,,True,False,2015.0,2015.0,True,False
NCT00952445,A Safety and Efficacy Study of T0903131 (INT131) Besylate to Treat Type 2 Diabetes Mellitus,COMPLETED,"Diabetes Mellitus, Type II","InteKrin Therapeutics, Inc.",ALL,"ADULT, OLDER_ADULT",PHASE2,70.0,INDUSTRY,INTERVENTIONAL,2003-12,2004-06,"Whittier Diabetes Institute, La Jolla, California, United States|Charles R. Drew University, Los Angeles, California, United States|National Research Institute, Los Angeles, California, United States|Lovelace Research Institute, Santa Ana, California, United States|University of Miami, Miami, Florida, United States|GFI Research Center, Evansville, Indiana, United States|Joslin Diabetes Center, Boston, Massachusetts, United States|Radiant Research, Edina, Minnesota, United States|Radiant Research, St Louis, Missouri, United States|St Louis Center for Clinical Research, St Louis, Missouri, United States|Kaleida Health Diabetes Center, Buffalo, New York, United States|Rochester Clinical Research, Rochester, New York, United States|Duke University Medical Center, Durham, North Carolina, United States|Radiant Research, Portland, Oregon, United States|Radiant Research, Anderson, South Carolina, United States|Baylor University Endocrine Center, Dallas, Texas, United States|Dallas Diabetes and Endocrine Research Center, Dallas, Texas, United States|Endocrine Associates of Dallas, Dallas, Texas, United States|Diabetes and Grandular Disease Clinic and Reseach Center, San Antonio, Texas, United States|Endocrine Research Specialists, Ogden, Utah, United States|Salem VA Medical Center, Salem, Virginia, United States",True,False,2003.0,2004.0,True,False
NCT00344370,Follow-On Study of Pitavastatin Versus Atorvastatin in Patients With Type II Diabetes Mellitus and Combined Dyslipidemia,COMPLETED,Type II Diabetes Mellitus|Dyslipidemia,Kowa Research Europe,ALL,"CHILD, ADULT, OLDER_ADULT",PHASE3,214.0,INDUSTRY,INTERVENTIONAL,2006-08,2008-04,"CCBR Aalborg, Aalborg, Denmark|CCBR A/S, Vejle, Denmark|CCBR Vejle, Vejle, Denmark|Gemeinschaftspraxis am Bahnhof, Berlin-Spandau, Germany|Pharmakologisches Studienzentum Chemnitz, Chemnitz, Germany|Internistische Diabetische Schwerpunktpraxis Dr., Frankfurt am Main, Germany|Internistische Gemeinschaftspraxis, Mainz, Germany|Gemeinschaftspraxis Dr. Senftleber, Dr. Kohler, Messkirch, Germany|Bhagwan Mahaveer Jain Heart Centre, Bangalore, India|Sri Ramachandra Medical College Hospital, Chennai, India|Apollo Hospitals, Hyderabaad, India|CARE Group of Hospitals, Hyderabaad, India|PD Hinduja Hospital, Mumbai, India|Andromed Breda, Breda, Netherlands|Andromed Eindhoven, Eindhoven, Netherlands|Andromed Noord, Groningen, Netherlands|Andromed Leiden, Leiden, Netherlands|Andromed Nijmegen, Nijmegen, Netherlands|Andromed Rotterdam, Rotterdam, Netherlands|Andromed Oost, Velp, Netherlands|Andromed Zoetermeer, Zoetermeer, Netherlands|Podlaski Osrodek Kardiologii, Bialystok, Poland|NZOZ GCP Dobra Praktyka Lekaska, Gruziadz, Poland|NZOZ Terapia Optima, Katowice, Poland|NZOZ Centrum, Poradnia Kardiologiczna, Siedlce, Poland|Spec. Gab. Lek. Internistyczno-Kardiologicznly, Tarnów, Poland|Woj.Szp.Spec.Nr 1 im. Prof. J. Gasinskiego, Tychy, Poland|Instytut Zywnosci i Zywienia, Warsaw, Poland|Lecznica PROSEN SMO, Warsaw, Poland|Szpital Wolski,im. Dr A. Gostynskiej, Warsaw, Poland|NZOZ Esculap, Przychodnia Lekary Rodzinnych, Łosice, Poland|Synexus Reading Clinical Research Centre, Berkshire, United Kingdom|Synexus Lancashire Clinical Research Centre, Lancashire, United Kingdom|Synexus Merseyside Clinical Research Centre, Liverpool, United Kingdom|Synexus Manchester Clinical Research Centre, Manchester, United Kingdom",True,True,2006.0,2008.0,True,False
NCT03112382,Effect of SLC30A8 rs13266634 Genetic Polymorphism on Zinc Supplementation and Glycemic Control in Egyptian Patients With Type 2 Diabetes Mellitus,COMPLETED,"Diabetes Mellitus, Type II",Cairo University,ALL,ADULT,PHASE4,80.0,OTHER,INTERVENTIONAL,2015-11,2017-05,"theoutpatient clinics, department of internal medicine, Cairo University teaching hospitals,, Cairo, Egypt",False,False,2015.0,2017.0,True,False
NCT02156349,A Study Evaluating the Efficacy and the Benefit of Integrated Personalized Diabetes Management (PDM) for Diabetic Patients.,COMPLETED,Type II Diabetes Mellitus,Hoffmann-La Roche,ALL,"ADULT, OLDER_ADULT",,558.0,INDUSTRY,INTERVENTIONAL,2014-05-14,2017-04-10,"Private Practice, Altenstadt, 63674, Germany|Internistische Gemeinschaftspraxis, Augsburg, 86179, Germany|Forschungsinstitut der Diabetes Akademie Mergentheim (FIDAM), Bad Mergentheim, 97980, Germany|Private Practice, Bad Säckingen, 79713, Germany|Private Practice, Berlin, 01627, Germany|MVZ am Bahnhof Spandau, Berlin, 13597, Germany|Gemeinschaftspraxis, Bitburg, 54634, Germany|Private Practice, Buxtehude, 21614, Germany|Praxis Kugler, Cologne, 50858, Germany|Private Practice, Cuxhaven, 27474, Germany|Diabetologicum Dresden, Dresden, 01219, Germany|Universitätsklinikum Carl Gustav Carus, Dresden, 01307, Germany|Gemeinschaftspraxis Schaden, Düsseldorf, 40212, Germany|Private Practice, Essen, 45329, Germany|Schwerpunktpraxis für Diabetes, Gefäß- und Ernährungsmedizin, Falkensee, 14612, Germany|Private Practice, Frankfurt am Main, 60326, Germany|Gemeinschaftspraxis, Fulda, 36039, Germany|Private Practice, Gelnhausen, 63571, Germany|Hausärztliche internistische Gemeinschaftspraxis Giessen, Giessen, 35390, Germany|Diabetes- und Gesundheitszentrum Göttingen, Göttingen, 37073, Germany|Private Practice, Gummersbach, 51645, Germany|Private Practice, Hamburg, 21109, Germany|Diabeteszentrum, Hamburg, 22119, Germany|Private Practice, Hanau, 63450, Germany|Integriertes Diabetiker-Zentrum Hannover, Hanover, 30159, Germany|Gemeinschaftspraxis, Herne, 44653, Germany|Gemeinschaftspraxis im Altstadt-Carree, Hessen, 36037, Germany|Private Practice, Immenhausen, 34376, Germany|Universitätsklinikum Jena, Klinik für Innere Medizin III, Jena, 07743, Germany|Diabeteszentrum Kassel, Kassel, 34117, Germany|Internistische Praxis Lampertheim, Lampertheim, 68623, Germany|Private Practice, Lauf (Pegnitz), 91207, Germany|Private Practice, Laupheim, 88471, Germany|Private Practice, Lingen, 49808, Germany|Diabetes-Zentrum Neustadt, Neustadt am Rübenberge, 31535, Germany|Diabetologische Schwerpunktpraxis, Nordrhein-Westfalen, 46537, Germany|Private Practice, Offenbach, 63065, Germany|Diabetes Praxis Oranienburg, Oranienburg, 16515, Germany|Arztpraxis fur Allg-Med, Pirna, 01796, Germany|Private Practice, Porta Westfalica, 32457, Germany|Private Practice, Rehburg-Loccum, 31547, Germany|Gemeinschaftspraxis, Rhaunen, 55624, Germany|Pivate Practice, Rüsselsheim am Main, 65428, Germany|Ambulanzzentrum Schweinfurt, Schweinfurt, 97421, Germany|Versdias Gmbh, Sulzbach-Rosenberg, 92237, Germany|Private Practice, Trier, 54292, Germany|Gemeinschaftspraxis am Bärenplatz, Villingen-Schwenningen, 78054, Germany|Diabetolog. Schwerpunktpraxis, Wiesbaden, 65183, Germany|Internistische Praxis, Zierenberg, 34289, Germany|Arztpraxis Zossen / Dabendorf, Zossen, 15806, Germany",True,False,2014.0,2017.0,True,False
NCT04667143,Dual Add-on Therapy in Type 2 Diabetes Poorly Controlled With Metformin Monotherapy,UNKNOWN,"Diabetes Mellitus, Type II","Jiangsu HengRui Medicine Co., Ltd.",ALL,"ADULT, OLDER_ADULT",PHASE3,760.0,INDUSTRY,INTERVENTIONAL,2021-01,2022-10,,True,False,2021.0,2022.0,True,False
NCT00970424,Safety and Efficacy of Dutogliptin in Patients With Type 2 Diabetes Mellitus (T2DM) on Background Therapy With Pioglitazone,TERMINATED,"Diabetes Mellitus, Type II",Forest Laboratories,ALL,"ADULT, OLDER_ADULT",PHASE3,252.0,INDUSTRY,INTERVENTIONAL,2009-08,,"Forest Investigative Site 064, Birmingham, Alabama, 35205, United States|Forest Investigative Site 020, Birmingham, Alabama, 35235, United States|Forest Investigative Site 059, Chandler, Arizona, 85225, United States|Forest Investigative Site 096, Litchfield, Arizona, 85340, United States|Forest Investigative Site 098, Phoenix, Arizona, 85020, United States|Forest Investigative Site 044, Scottsdale, Arizona, 85254, United States|Forest Investigative Site 087, Tucson, Arizona, 85741, United States|Forest Investigative Site 061, Anaheim, California, 92801, United States|Forest Investigative Site 041, Chula Vista, California, 91911, United States|Forest Investigative Site 049, Encinitas, California, 92024, United States|Forest Investigative Site 022, Greenbrae, California, 94904, United States|Forest Investigative Site 047, Harbor City, California, 90710, United States|Forest Investigative Site 010, Huntington Park, California, 90255, United States|Forest Investigative Site 111, Northridge, California, 91325, United States|Forest Investigative Site 031, Riverside, California, 92506, United States|Forest Investigative Site 091, Roseville, California, 95661, United States|Forest Investigative Site 067, Sacramento, California, 95821, United States|Forest Investigative Site 112, Santa Ana, California, 92701, United States|Forest Investigative Site 011, Walnut Creek, California, 94598, United States|Forest Investigative Site 063, West Hills, California, 91307, United States|Forest Investigative Site 115, Colorado Springs, Colorado, 80910, United States|Forest Investigative Site 073, Clearwater, Florida, 33765, United States|Forest Investigative Site 004, Daytona Beach, Florida, 32117, United States|Forest Investigative Site 052, DeLand, Florida, 32720, United States|Forest Investigative Site 062, Jacksonville, Florida, 32205, United States|Forest Investigative Site 021, Miami, Florida, 33169, United States|Forest Investigative Site 050, Miami, Florida, 33183, United States|Forest Investigative Site 122, Miami, Florida, 33186, United States|Forest Investigative Site 015, Orlando, Florida, 32806, United States|Forest Investigative Site 018, Sarasota, Florida, 34239, United States|Forest Investigative Site 075, St. Petersburg, Florida, 33716, United States|Forest Investigative Site 026, West Palm Beach, Florida, 33401, United States|Forest Investigative Site 045, Atlanta, Georgia, 30338, United States|Forest Investigative Site 079, Augusta, Georgia, 30909, United States|Forest Investigative Site 009, Meridian, Idaho, 83646, United States|Forest Investigative Site 60, Melrose Park, Illinois, 60160, United States|Forest Investigative Site 030, Peoria, Illinois, 61614, United States|Forest Investigative Site 100, Evansville, Indiana, 47710, United States|Forest Investigative Site 097, Evansville, Indiana, 47713, United States|Forest Investigative Site 053, Kansas City, Kansas, 66160, United States|Forest Investigative Site 008, Wichita, Kansas, 67203, United States|Forest Investigative Site 078, Erlanger, Kentucky, 41018, United States|Forest Investigative Site 024, Madisonville, Kentucky, 42431, United States|Forest Investigative Site 034, Covington, Louisiana, 70433, United States|Forest Investigative Site 035, Baltimore, Maryland, 21204, United States|Forest Investigative Site 046, Oxon Hill, Maryland, 20745, United States|Forest Investigative Site 118, New Bedford, Massachusetts, 02740, United States|Forest Investigative Site 007, Waltham, Massachusetts, 02453, United States|Forest Investigative Site 002, Dearborn, Michigan, 48126, United States|Forest Investigative Site 029, Saint Clair Shores, Michigan, 48081, United States|Forest Investigative Site 054, Edina, Minnesota, 55435, United States|Forest Investigative Site 013, Grand Island, Nebraska, 68803, United States|Forest Investigative Site 072, Las Vegas, Nevada, 89101, United States|Forest Investigative Site 065, Las Vegas, Nevada, 89117, United States|Forest Investigative Site 081, New Hyde Park, New York, 11042, United States|Forest Investigative Site 016, New York, New York, 10019, United States|Forest Investigative Site 094, Charlotte, North Carolina, 28204, United States|Forest Investigative Site 051, Charlotte, North Carolina, 28209, United States|Forest Investigative Site 117, Charlotte, North Carolina, 28277, United States|Forest Investigative Site 058, Lenoir, North Carolina, 28645, United States|Forest Investigative Site 038, Morehead City, North Carolina, 28557, United States|Forest Investigative Site 040, Salisbury, North Carolina, 28144, United States|Forest Investigative Site 039, Akron, Ohio, 44311, United States|Forest Investigative Site 023, Cincinnati, Ohio, 45242, United States|Forest Investigative Site 043, Columbus, Ohio, 43201, United States|Forest Investigative Site 057, Dayton, Ohio, 45406, United States|Forest Investigative Site 032, Kettering, Ohio, 45429, United States|Forest Investigative Site 149, Norman, Oklahoma, 73069, United States|Forest Investigative Site 102, Ashland, Oregon, 97520, United States|Forest Investigative Site 005, Eugene, Oregon, 97404, United States|Forest Investigative Site 037, Harleysville, Pennsylvania, 19438, United States|Forest Investigative Site 066, Philadelphia, Pennsylvania, 19152, United States|Forest Investigative Site 036, Tipton, Pennsylvania, 16684, United States|Forest Investigative Site 103, Greer, South Carolina, 29651, United States|Forest Investigative Site 090, Manning, South Carolina, 29102, United States|Forest Investigative Site 033, Pelzer, South Carolina, 29669, United States|Forest Investigative Site 114, Chattanooga, Tennessee, 37404, United States|Forest Investigative Site 104, Chattanooga, Tennessee, 37421, United States|Forest Investigative Site 099, Arlington, Texas, 76014, United States|Forest Investigative Site 056, Corpus Christi, Texas, 78404, United States|Forest Investigative Site 017, Dallas, Texas, 75235, United States|Forest Investigative Site 124, Dallas, Texas, 75251, United States|Forest Investigative Site 106, Houston, Texas, 77079, United States|Forest Investigative Site 014, Irving, Texas, 75039, United States|Forest Investigative Site 109, San Antonio, Texas, 78229, United States|Forest Investigative Site 076, Salt Lake City, Utah, 84107, United States|Forest Investigative Site 028, Virginia Beach, Virginia, 23454, United States|Forest Investigative Site 092, Spokane, Washington, 99207, United States|Forest Investigative Site 027, Milwaukee, Wisconsin, 53209, United States|Forest Investigative Site 209, Mogilev, Belarus, 212030, Belarus|Forest Investigative Site 401, Dresden, Germany, 01099, Germany|Forest Investigative Site 402, Dresden, Germany, 01307, Germany|Forest Investigative Site 403, Mainz, Germany, 55116, Germany|Forest Investigative Site 614, Vijayawada, Andhra Pradesh, 520002, India|Forest Investigative Site 618, Ahmedabad, Gujarat, 380015, India|Forest Investigative Site 620, Haryāna, Karnal, 132001, India|Forest Investigative Site 607, Bangalore, Karnataka, 560003, India|Forest Investigative Site 606, Bangalore, Karnataka, 560010, India|Forest Investigative Site 602, Bangalore, Karnataka, 560043, India|Forest Investigative Site 604, Bangalore, Karnataka, 560092, India|Forest Investigative Site 601, Mangalore, Karnataka, 575003, India|Forest Investigative Site 616, Nagpur, Maharashtra, 440012, India|Forest Investigative Site 617, Nashik, Maharashtra, 380015, India|Forest Investigative Site 612, Pune, Maharashtra, 411037, India|Forest Investigative Site 603, Channi, Tamil Nadu, 600020, India|Forest Investigative Site 613, Chennai, Tamil Nadu, 600013, India|Forest Investigative Site 615, Vellore, Tamil Nadu, 632009, India|Forest Investigative Site 702, Kaunas, Lithunia, 48259, Lithuania|Forest Investigative Site 703, Kaunas, Lithunia, 49456, Lithuania|Forest Investigative Site 704, Klaipėda, Lithunia, 92288, Lithuania|Forest Investigative Site 705, Vilnius, Lithunia, 09112, Lithuania|Forest Investigative Site 909, Bacau, Romania, 600164, Romania|Forest Investigative Site 906, Bucharest, Romania, 010584, Romania|Forest Investigative Site 908, Bucharest, Romania, 020725, Romania|Forest Investigative Site 903, Satu Mare, Romania, 440055, Romania|Forest Investigative Site 901, Sibiu, Romania, 550245, Romania|Forest Investigative Site 905 Romania, Tg Mures, Romania, 540142, Romania|Forest Investigative Site 902, Timișoara, Romania, 300736, Romania",True,False,2009.0,,True,False
NCT04843592,SOKARY Mobile Application With Type II Diabetes,COMPLETED,Type II Diabetes,Magda Bayoumi,ALL,ADULT,,150.0,OTHER,OBSERVATIONAL,2019-08-30,2020-05-30,"Cairo University, Cairo, Egypt",False,False,2019.0,2020.0,True,False
NCT02012478,Using a Motivational Interviewing (MI) Informed Text Messaging Program to Lower Blood Sugar in Diabetic Patients.,COMPLETED,Type II Diabetes Mellitus,University of Pennsylvania,ALL,"ADULT, OLDER_ADULT",,54.0,OTHER,INTERVENTIONAL,2014-02,2014-12,"University of Pennsylvania Hospital, Philadelphia, Pennsylvania, 19104, United States",True,False,2014.0,2014.0,True,False
NCT01648244,The Use of a Computer Program to Help Primary Care Providers Treat Patients With Type 2 Diabetes,COMPLETED,Type II Diabetes Mellitus,Walter Reed National Military Medical Center,ALL,"CHILD, ADULT, OLDER_ADULT",,28.0,FED,INTERVENTIONAL,2012-03,2015-03,"Walter Reed National Military Medical Center, Bethesda, Maryland, 20889, United States",True,True,2012.0,2015.0,True,False
NCT01952535,"A Clinical Study to Evaluate Safety, Tolerability and Pharmacokinetics of Oral HMS5552 in Healthy Volunteers",COMPLETED,Type II Diabetes Mellitus,Hua Medicine Limited,ALL,ADULT,PHASE1,60.0,INDUSTRY,INTERVENTIONAL,2013-09,2013-12,"Hua Medicine Limited, Shanghai, Shanghai Municipality, 201203, China",False,False,2013.0,2013.0,True,False
NCT03829514,Fenofibrate in Type 2 Diabetes,COMPLETED,"Diabetes Mellitus, Type II",Medical University of South Carolina,ALL,"ADULT, OLDER_ADULT",PHASE4,10.0,OTHER,INTERVENTIONAL,2019-02-04,2020-03-04,"Medical University of South Carolina, Charleston, South Carolina, 29425, United States",True,False,2019.0,2020.0,True,False
NCT00947557,Safety and Efficacy of Dutogliptin in Patients With Type 2 Diabetes Mellitus (T2DM) on Background Therapy With Glimepiride With or Without Metformin,TERMINATED,"Diabetes Mellitus, Type II",Forest Laboratories,ALL,"ADULT, OLDER_ADULT",PHASE3,677.0,INDUSTRY,INTERVENTIONAL,2009-07,,"Forest Investigative Site 064, Birmingham, Alabama, 35205, United States|Forest Investigative Site 020, Birmingham, Alabama, 35235, United States|Forest Investigative Site 025, Muscle Shoals, Alabama, 35661, United States|Forest Investigative Site 059, Chandler, Arizona, 85225, United States|Forest Investigative Site 113, Gilbert, Arizona, 85295, United States|Forest Investigative Site 096, Litchfield, Arizona, 85340, United States|Forest Investigative Site 080, Peoria, Arizona, 85381, United States|Forest Investigative Site 098, Phoenix, Arizona, 85020, United States|Forest Investigative Site 044, Scottsdale, Arizona, 85254, United States|Forest Investigative Site 061, Anaheim, California, 92801, United States|Forest Investigative Site 041, Chula Vista, California, 91911, United States|Forest Investigative Site 049, Encinitas, California, 92024, United States|Forest Investigative Site 022, Greenbrae, California, 94904, United States|Forest Investigative Site 047, Harbor City, California, 90710, United States|Forest Investigative Site 010, Huntington Park, California, 90255, United States|Forest Investigative Site 070, Los Angeles, California, 90057, United States|Forest Investigative Site 111, Northridge, California, 91325, United States|Forest Investigative Site 031, Riverside, California, 92506, United States|Forest Investigative Site 091, Roseville, California, 95661, United States|Forest Investigative Site 067, Sacramento, California, 95821, United States|Forest Investigative Site 112, Santa Ana, California, 92701, United States|Forest Investigative Site 011, Walnut Creek, California, 94598, United States|Forest Investigative Site 063, West Hills, California, 91307, United States|Forest Investigative Site 088, Denver, Colorado, 80239, United States|Forest Investigative Site 156, Boca Raton, Florida, 33432, United States|Forest Investigative Site 004, Daytona Beach, Florida, 32117, United States|Forest Investigative Site 052, DeLand, Florida, 32720, United States|Forest Investigative Site 129, Hollywood, Florida, 33021, United States|Forest Investigative Site 062, Jacksonville, Florida, 32205, United States|Forest Investigative Site 050, Miami, Florida, 33156, United States|Forest Investigative Site 021, Miami, Florida, 33169, United States|Forest Investigative Site 122, Miami, Florida, 33186, United States|Forest Investigative Site 125, Miami Lakes, Florida, 33014, United States|Forest Investigative Site 069, New Port Richey, Florida, 34652, United States|Forest Investigative Site 012, Ocala, Florida, 34471, United States|Forest Investigative Site 015, Orlando, Florida, 32806, United States|Forest Investigative Site 131, Ormond Beach, Florida, 32174, United States|Forest Investigative Site 127, Pembroke Pines, Florida, 33028, United States|Forest Investigative Site 018, Sarasota, Florida, 34239, United States|Forest Investigative Site 075, St. Petersburg, Florida, 33716, United States|Forest Investigative Site 026, West Palm Beach, Florida, 33401, United States|Forest Investigative Site 045, Atlanta, Georgia, 30338, United States|Forest Investigative Site 079, Augusta, Georgia, 30909, United States|Forest Investigative Site 084, Roswell, Georgia, 30076, United States|Forest Investigative Site 132, Roswell, Georgia, 30076, United States|Forest Investigative Site 009, Meridian, Idaho, 83646, United States|Forest Investigative Site 030, Peoria, Illinois, 61614, United States|Forest Investigative Site 100, Evansville, Indiana, 47710, United States|Forest Investigative Site 097, Evansville, Indiana, 47713, United States|Forest Investigative Site 053, Kansas City, Kansas, 66160, United States|Forest Investigative Site 008, Wichita, Kansas, 67203, United States|Forest Investigative Site 107, Lexington, Kentucky, 40504, United States|Forest Investigative Site 034, Covington, Louisiana, 70433, United States|Forest Investigative Site 035, Baltimore, Maryland, 21204, United States|Forest Investigative Site 046, Oxon Hill, Maryland, 20745, United States|Forest Investigative Site 003, Brockton, Massachusetts, 02301, United States|Forest Investigative Site 055, Brockton, Massachusetts, 23301, United States|Forest Investigative Site 118, New Bedford, Massachusetts, 02740, United States|Forest Investigative Site 007, Waltham, Massachusetts, 24453, United States|Forest Investigative Site 002, Dearborn, Michigan, 48126, United States|Forest Investigative Site 029, Saint Clair Shores, Michigan, 48081, United States|Forest Investigative Site 054, Edina, Minnesota, 55435, United States|Forest Investigative Site 072, Las Vegas, Nevada, 89101, United States|Forest Investigative Site 065, Las Vegas, Nevada, 89117, United States|Forest Investigative Site 101, Albuquerque, New Mexico, 87108, United States|Forest Investigative Site 081, New Hyde Park, New York, 11042, United States|Forest Investigative Site 016, New York, New York, 10019, United States|Forest Investigative Site 094, Charlotte, North Carolina, 28204, United States|Forest Investigative Site 051, Charlotte, North Carolina, 28209, United States|Forest Investigative Site 058, Lenoir, North Carolina, 28645, United States|Forest Investigative Site 038, Morehead City, North Carolina, 28557, United States|Forest Investigative Site 040, Salisbury, North Carolina, 28144, United States|Forest Investigative Site 082, Winston-Salem, North Carolina, 27103, United States|Forest Investigative Site 039, Akron, Ohio, 44311, United States|Forest Investigative Site 023, Cincinnati, Ohio, 45242, United States|Forest Investigative Site 043, Columbus, Ohio, 43201, United States|Forest Investigative Site 057, Dayton, Ohio, 45406, United States|Forest Investigative Site 032, Kettering, Ohio, 45429, United States|Forest Investigative Site 083, Bethany, Oklahoma, 73008, United States|Forest Investigative Site 005, Eugene, Oregon, 97404, United States|Forest Investigative Site 001, Medford, Oregon, 97504, United States|Forest Investigative Site 126, Jenkintown, Pennsylvania, 19046, United States|Forest Investigative Site 066, Philadelphia, Pennsylvania, 19152, United States|Forest Investigative Site 036, Tipton, Pennsylvania, 16684, United States|Forest Investigative Site 103, Greer, South Carolina, 29651, United States|Forest Investigative Site 033, Pelzer, South Carolina, 29669, United States|Forest Investigative Site 114, Chattanooga, Tennessee, 37404, United States|Forest Investigative Site 104, Chattanooga, Tennessee, 37421, United States|Forest Investigative Site 099, Arlington, Texas, 76014, United States|Forest Investigative Site 056, Corpus Christi, Texas, 78404, United States|Forest Investigative Site 071, Dallas, Texas, 75230, United States|Forest Investigative Site 017, Dallas, Texas, 75235, United States|Forest Investigative Site 014, Irving, Texas, 75039, United States|Forest Investigative Site 109, San Antonio, Texas, 78229, United States|Forest Investigative Site 119, San Antonio, Texas, 78258, United States|Forest Investigative Site 076, Salt Lake City, Utah, 84107, United States|Forest Investigative Site 028, Virginia Beach, Virginia, 23454, United States|Forest Investigative Site 068, Renton, Washington, 98057, United States|Forest Investigative Site 208, Grodno, Belarus, 230015, Belarus|Forest Investigative Site 202, Homyel, Belarus, 236029, Belarus|Forest Investigative Site 207, Minsk, Belarus, 220114, Belarus|Forest Investigative Site 209, Mogilev, Belarus, 212030, Belarus|Forest Investigative Site 206, Vitebsk, Belarus, 210037, Belarus|Forest Investigative Site 302, Medellín, Antioquia, Colombia|Forest Investigative Site 506, Budapest, Hungary, H-1083, Hungary|Forest Investigative Site 504, Szentes, Hungary, H-6600, Hungary|Forest Investigative Site 621, Hyderabad, Andhra Pradesh, 500034, India|Forest Investigative Site 614, Vijayawada, Andhra Pradesh, 520002, India|Forest Investigative Site 610, Visakhapatanam, Andhra Pradesh, 530002, India|Forest Investigative Site 609, Mapusa, Goa, 403507, India|Forest Investigative Site 618, Ahmedabad, Gujarat, 380015, India|Forest Investigative Site 620, Haryāna, Karnal, 132001, India|Forest Investigative Site 607, Bangalore, Karnataka, 560003, India|Forest Investigative Site 606, Bangalore, Karnataka, 560010, India|Forest Investigative Site 602, Bangalore, Karnataka, 560043, India|Forest Investigative Site 604, Bangalore, Karnataka, 560092, India|Forest Investigative Site 601, Mangalore, Karnataka, 575003, India|Forest Investigative Site 619, Palakkad, Kerala, 678013, India|Forest Investigative Site 616, Nagpur, Maharashtra, 440012, India|Forest Investigative Site 617, Nashik, Maharashtra, 380015, India|Forest Investigative Site 612, Pune, Maharashtra, 411037, India|Forest Investigative Site 603, Channi, Tamil Nadu, 600020, India|Forest Investigative Site 613, Chennai, Tamil Nadu, 600013, India|Forest Investigative Site 615, Vellore, Tamil Nadu, 632009, India|Forest Investigative Site 702, Kaunas, Lithuania, 48259, Lithuania|Forest Investigative Site 703, Kaunas, Lithuania, 49456, Lithuania|Forest Investigative Site 701, Kaunas, Lithuania, 51270, Lithuania|Forest Investigative Site 704, Klaipėda, Lithuania, 92288, Lithuania|Forest Investigative Site 705, Vilnius, Lithuania, 09112, Lithuania|Forest Investigative Site 804, Arequipa, Arequipa, 804, Peru|Forest Investigative Site 803, Arequipa, Arequipa, Peru|Forest Investigative Site 812, Trujillo, La Libertad, Peru|Forest Investigative Site 811, Chiclayo, Lambayeque, Peru|Forest Investigative Site 805, Lima, Lima Province, Lima 14, Peru|Forest Investigative Site 813, Lima, Lima Province, Lima 17, Peru|Forest Investigative Site 801, Lima, Lima Province, Lima 27, Peru|Forest Investigative Site 807, Lima, Lima Province, Lima 27, Peru|Forest Investigative Site 809, Lima, Lima Province, Lima 33, Peru|Forest Investigative Site 808, Lima, Lima Province, Lima 41, Peru|Forest Investigative Site 802, Piura, Piura, Peru|Forest Investigative Site 909, Bacau, Romania, 600164, Romania|Forest Investigative Site 906, Bucharest, Romania, 010584, Romania|Forest Investigative Site 908, Bucharest, Romania, 020725, Romania|Forest Investigative Site 903, Satu Mare, Romania, 440055, Romania|Forest Investigative Site 901, Sibiu, Romania, 550245, Romania|Forest Investigative Site 905, Tg Mures, Romania, 540142, Romania|Forest Investigative Site 902, Timișoara, Romania, 300736, Romania",True,False,2009.0,,True,False
NCT02184455,Feasibility Study of DermGEN for Diabetic Foot Ulcer Treatment,COMPLETED,Diabetes Type I|Diabetes Type II,Dr. Paul F. Gratzer,ALL,"ADULT, OLDER_ADULT",PHASE1,11.0,INDUSTRY,INTERVENTIONAL,2016-07-01,2017-05-01,"Queen Elizabeth II Health Sciences Center, Halifax, Nova Scotia, B3H3A7, Canada|St. Michael's Hospital, Toronto, Ontario, M5B 1W8, Canada",True,False,2016.0,2017.0,True,False
NCT00577590,Effects of Fatty Acid Delivery on Heart Metabolism and Function in Type 2 Diabetes (T2DM,COMPLETED,"Diabetes Mellitus, Type II",Washington University School of Medicine,ALL,"ADULT, OLDER_ADULT",,78.0,OTHER,INTERVENTIONAL,2003-10,2012-09,"Washington University in St. Louis, St Louis, Missouri, 63110, United States",True,False,2003.0,2012.0,True,False
NCT01196728,"Single-centre, Randomised, Double-blind, Placebo-controlled, Four-way Crossover Clinical Study to Investigate Safety and Tolerability and Pharmacokinetics of Single Doses of CM3.1-AC100 in Patients With Type 2 Diabetes",COMPLETED,Type II Diabetes Mellitus,"CellMed AG, a subsidiary of BTG plc.",ALL,"ADULT, OLDER_ADULT",PHASE1,16.0,INDUSTRY,INTERVENTIONAL,2010-09,2010-11,"Parexel International GmbH, Berlin, State of Berlin, 14050, Germany",True,False,2010.0,2010.0,True,False
NCT06224803,Evaluation of Effects of Dibifree® on Regulation of Blood Sugar and HbA1c in Patients With Type II Diabetes,COMPLETED,Type II Diabetes,"Global Preventive Medicine Biotech Co., Ltd.",ALL,"ADULT, OLDER_ADULT",,56.0,INDUSTRY,INTERVENTIONAL,2020-08-26,2022-01-18,"Global Preventive Medicine Biotech Co., Ltd., New Taipei City, NEW TAIPEI, 221416, Taiwan",True,False,2020.0,2022.0,True,False
NCT00997152,Efficacy and Safety Study of JTT-654 in Type 2 Diabetic Patients,TERMINATED,Type II Diabetes Mellitus,Akros Pharma Inc.,ALL,"ADULT, OLDER_ADULT",PHASE2,152.0,INDUSTRY,INTERVENTIONAL,2009-09,2010-04,"Birmingham, Alabama, United States|Chandler, Arizona, United States|Phoenix, Arizona, United States|Tempe, Arizona, United States|Chino, California, United States|Greenbrae, California, United States|Huntington Park, California, United States|Los Angeles, California, United States|Paramount, California, United States|Sacramento, California, United States|Walnut Creek, California, United States|West Covina, California, United States|DeLand, Florida, United States|Hialeah, Florida, United States|Hollywood, Florida, United States|Jacksonville, Florida, United States|Miami, Florida, United States|Port Orange, Florida, United States|Marietta, Georgia, United States|Addison, Illinois, United States|Chicago, Illinois, United States|Indianapolis, Indiana, United States|Oxon Hill, Maryland, United States|New Bedford, Massachusetts, United States|Great Falls, Montana, United States|Charlotte, North Carolina, United States|Morehead City, North Carolina, United States|Cincinnati, Ohio, United States|Marion, Ohio, United States|Oklahoma City, Oklahoma, United States|Lansdale, Pennsylvania, United States|Bristol, Tennessee, United States|Carrollton, Texas, United States|Corpus Christi, Texas, United States|Dallas, Texas, United States|Houston, Texas, United States|Katy, Texas, United States|San Antonio, Texas, United States|Sugar Land, Texas, United States|Norfolk, Virginia, United States|Richmond, Virginia, United States|Virginia Beach, Virginia, United States",True,False,2009.0,2010.0,True,False
NCT01165190,Effect of Pioglitazone on Mitochondrial Function in Muscle and Adipose Tissue in Humans,COMPLETED,Type II Diabetes Mellitus,Arizona State University,ALL,"ADULT, OLDER_ADULT",,20.0,OTHER,OBSERVATIONAL,2008-05,2010-05,"Clinical Research Unit, Tempe, Arizona, 85287, United States|Tempe, Arizona, United States",True,False,2008.0,2010.0,True,False
NCT00929539,Safety and Efficacy Study of JTT-130 in Obese Type 2 Diabetic Patients,COMPLETED,Type II Diabetes Mellitus,Akros Pharma Inc.,ALL,"ADULT, OLDER_ADULT",PHASE2,496.0,INDUSTRY,INTERVENTIONAL,2009-06,2010-07,"Birmingham, Alabama, United States|Muscle Shoals, Alabama, United States|Scottsboro, Alabama, United States|Tucson, Arizona, United States|Encino, California, United States|Los Angeles, California, United States|Sacramento, California, United States|Spring Valley, California, United States|Valley Village, California, United States|Walnut Creek, California, United States|Waterbury, Connecticut, United States|Delray Beach, Florida, United States|Hialeah, Florida, United States|Miami, Florida, United States|New Port Richey, Florida, United States|Ocala, Florida, United States|Sandy Springs, Georgia, United States|Chicago, Illinois, United States|Indianapolis, Indiana, United States|Erlanger, Kentucky, United States|Lexington, Kentucky, United States|Louisville, Kentucky, United States|Madisonville, Kentucky, United States|Paducah, Kentucky, United States|New Hyde Park, New York, United States|Greensboro, North Carolina, United States|Morehead City, North Carolina, United States|Statesville, North Carolina, United States|Cincinnati, Ohio, United States|Marion, Ohio, United States|Tulsa, Oklahoma, United States|Eugene, Oregon, United States|Portland, Oregon, United States|Charleston, South Carolina, United States|Greer, South Carolina, United States|North Charleston, South Carolina, United States|Bristol, Tennessee, United States|Austin, Texas, United States|Corpus Christi, Texas, United States|Dallas, Texas, United States|Houston, Texas, United States|San Antonio, Texas, United States|Salt Lake City, Utah, United States|Manassas, Virginia, United States|Richmond, Virginia, United States|Bellevue, Washington, United States|Olympia, Washington, United States|Oregon, Wisconsin, United States|Beroun, Czechia|Brno, Czechia|Ostrava, Czechia|Pardubice, Czechia|Prague, Czechia|Velké Hoštice, Czechia|Sátoraljaújhely, Hungary|Szikszó, Hungary|Eindhoven, Netherlands|Groningen, Netherlands|Arkhangelsk, Russia|Moscow, Russia|Nizhny Novgorod, Russia|Saint Petersburg, Russia",True,False,2009.0,2010.0,True,False
NCT06245252,"Passive Stretching Versus Electrical Stimulation on Glucose Level, in Elderly With Type II Diabetes",UNKNOWN,Type II Diabetes,Mona Mohamed Abdelkhalek,ALL,"ADULT, OLDER_ADULT",,60.0,OTHER,INTERVENTIONAL,2024-02-10,2024-06-10,"Badr university, Cairo, Egypt|Mona Mohamed Abdelkhalek, Cairo, Egypt",True,False,2024.0,2024.0,True,False
NCT00162175,PPAR-COMBO With Sulfonylurea,COMPLETED,Metabolics Diabetes Nos,Bristol-Myers Squibb,ALL,"ADULT, OLDER_ADULT",PHASE3,534.0,INDUSTRY,INTERVENTIONAL,2003-07,2005-11,"Local Institution, Anniston, Alabama, United States|Local Institution, Hoover, Alabama, United States|Local Institution, Huntsville, Alabama, United States|Local Institution, Mobile, Alabama, United States|Local Institution, Mesa, Arizona, United States|Local Institution, Phoenix, Arizona, United States|Local Institution, Tucson, Arizona, United States|Local Institution, Little Rock, Arkansas, United States|Local Institution, Encinitas, California, United States|Local Institution, Long Beach, California, United States|Local Institution, Los Angeles, California, United States|Local Institution, Mission Viejo, California, United States|Local Institution, Pasadena, California, United States|Local Institution, San Diego, California, United States|Local Institution, Walnut Creek, California, United States|Local Institution, Westlake Village, California, United States|Local Institution, Colorado Springs, Colorado, United States|Local Institution, Denver, Colorado, United States|Local Institution, Loveland, Colorado, United States|Local Institution, Wheat Ridge, Colorado, United States|Local Institution, Chipley, Florida, United States|Local Institution, Miami, Florida, United States|Local Institution, New Port Richey, Florida, United States|Local Institution, Pinellas Park, Florida, United States|Local Institution, Vero Beach, Florida, United States|Local Institution, Winter Park, Florida, United States|Local Institution, Dunwoody, Georgia, United States|Local Institution, Chicago, Illinois, United States|Local Institution, Overland Park, Kansas, United States|Local Institution, Lexington, Kentucky, United States|Local Institution, Slidell, Louisiana, United States|Local Institution, Chester, Maryland, United States|Local Institution, Silver Springs, Maryland, United States|Local Institution, Springfield, Massachusetts, United States|Local Institution, Berkley, Michigan, United States|Local Institution, Detroit, Michigan, United States|Local Institution, Arden Hills, Minnesota, United States|Local Institution, Gulfport, Mississippi, United States|Local Institution, Excelsior Springs, Missouri, United States|Local Institution, Kansas City, Missouri, United States|Local Institution, St Louis, Missouri, United States|Local Institution, East Syracuse, New York, United States|Local Institution, Charlotte, North Carolina, United States|Local Institution, Greensboro, North Carolina, United States|Local Institution, Hickory, North Carolina, United States|Local Institution, Huntersville, North Carolina, United States|Local Institution, Morehead City, North Carolina, United States|Local Institution, Wilmington, North Carolina, United States|Local Institution, Cincinnati, Ohio, United States|Local Institution, Oklahoma City, Oklahoma, United States|Local Institution, Tulsa, Oklahoma, United States|Local Institution, Corvallis, Oregon, United States|Local Institution, Eugene, Oregon, United States|Local Institution, Portland, Oregon, United States|Local Institution, Altoona, Pennsylvania, United States|Local Institution, Philadelphia, Pennsylvania, United States|Local Institution, Cranston, Rhode Island, United States|Local Institution, Anderson, South Carolina, United States|Local Institution, Duncan, South Carolina, United States|Local Institution, Simpsonville, South Carolina, United States|Local Institution, Summerville, South Carolina, United States|Local Institution, Bristol, Tennessee, United States|Local Institution, Kingsport, Tennessee, United States|Local Institution, Knoxville, Tennessee, United States|Local Institution, Memphis, Tennessee, United States|Local Institution, Dallas, Texas, United States|Local Institution, Houston, Texas, United States|Local Institution, Irving, Texas, United States|Local Institution, Lake Jackson, Texas, United States|Local Institution, San Antonio, Texas, United States|Local Institution, The Colony, Texas, United States|Local Institution, Olympia, Washington, United States|Local Institution, Bluefield, West Virginia, United States|Local Institution, Marshfield, Wisconsin, United States|Local Institution, Bahía Blanca, Buenas Aires, Argentina|Local Institution, Buenos Aires, Buenos Aires, Argentina|Local Institution, Capital Federal, Buenos Aires, Argentina|Local Institution, Córdoba, Córdoba Province, Argentina|Local Institution, Mendoza, Mendoza Province, Argentina|Local Institution, Canberra, New South Wales, Australia|Local Institution, Wollongong, New South Wales, Australia|Local Institution, Brisbane, Queensland, Australia|Local Institution, Curitiba, Paraná, Brazil|Local Institution, Belém, Pará, Brazil|Local Institution, Porto Alegre, Rio Grande do Sul, Brazil|Local Institution, Marília, São Paulo, Brazil|Local Institution, Corunna, Ontario, Canada|Local Institution, Hawksbury, Ontario, Canada|Local Institution, Sarnia, Ontario, Canada|Local Institution, Gatineau, Quebec, Canada|Local Institution, Laval, Quebec, Canada|Local Institution, Saint-Jérôme, Quebec, Canada|Local Institution, St. John's, Canada|Local Institution, Rosiers, D'Egletons, France|Local Institution, Labarthe, Sur Leze, France|Local Institution, Husseren-Wesserling, Wesserling, France|Local Institution, Broglie, France|Local Institution, Chartres, France|Local Institution, Gémenos, France|Local Institution, Viernheim, Schwenningen, Germany|Local Institution, Dresden, Germany|Local Institution, Hamburg, Germany|Local Institution, Nuremberg, Germany|Local Institution, Ravenna, Italy|Local Institution, Durango, Durango, Mexico|Local Institution, Tijuana, Estado de Baja California, Mexico|Local Institution, León, Guanajuato, Mexico|Local Institution, Mexico City, Mexico City, Mexico|Local Institution, Alburquerque, New Mexico, Mexico|Local Institution, Monterrey, Nuevo León, Mexico|Local Institution, Mérida, Yucatán, Mexico|Local Institution, Deurne, Netherlands|Local Institution, Ewyk, Netherlands|Local Institution, Hoogvliet, Netherlands|Local Institution, Rijswijk, Netherlands|Local Institution, The Hague, Netherlands|Local Institution, Zwijndrecht, Netherlands|Local Institution, Arequipa, Arequipa, Peru|Local Institution, Lima, Lima Province, Peru|Local Institution, Carolina, Puerto Rico|Local Institution, Guaynabo, Puerto Rico|Local Institution, Ponce, Puerto Rico|Local Institution, Rio Piedras, Puerto Rico|Local Institution, Moscow, Russia|Local Institution, Saint Petersburg, Russia|Local Institution, Saratov, Russia|Local Institution, Smolensk, Russia|Local Institution, Santiago, De Compostela, Spain|Local Institution, Las Palmas, DE, Spain|Local Institution, A Coruña, Spain|Local Institution, Alicante, Spain|Local Institution, Cadiz, Spain|Local Institution, Granada, Spain|Local Institution, Madrid, Spain|Local Institution, Oviedo, Spain|Local Institution, Santa Cruz de Tenerife, Spain|Local Institution, Teruel, Spain|Local Institution, Zaragoza, Spain|Local Institution, Soham, Cambridgeshire, United Kingdom|Local Institution, Bexhill-on-Sea, East Sussex, United Kingdom|Local Institution, Sunbury-on-Thames, Greater London, United Kingdom|Local Institution, Aldershot, Hampshire, United Kingdom|Local Institution, Glasgow, Lanarkshire, United Kingdom|Local Institution, Blackpool, Lancashire, United Kingdom|Local Institution, Harrow, Middlesex, United Kingdom|Local Institution, Hastings, Sussex, United Kingdom|Local Institution, Bath, Wiltshire, United Kingdom|Local Institution, Inkberrow, Worcestershire, United Kingdom|Local Institution, Swan Lane, United Kingdom",True,False,2003.0,2005.0,True,False
NCT01194258,Safety/Efficacy Study of Subcutaneously Injected Prandial Insulins Compared to Insulin Lispro Alone in Patients With Type 2 Diabetes Mellitus,COMPLETED,"Diabetes Mellitus, Type II",Halozyme Therapeutics,ALL,"ADULT, OLDER_ADULT",PHASE2,132.0,INDUSTRY,INTERVENTIONAL,2010-08,2011-08,"John Muir Physician Network Clinical Research Center, Concord, California, 94520, United States|Medical Group of Encino, Encino, California, 91436, United States|AMCR Institute, Inc., Escondido, California, 92026, United States|Marin Endocrine Care and Research, Greenbrae, California, 94904, United States|Mills-Peninsula Health Services, San Mateo, California, 94401, United States|Center for Diabetes and Endocrine Care, Hollywood, Florida, 33021, United States|Diabetes Research Institute, Miami, Florida, 33136, United States|Baptist Diabetes Associates, Miami, Florida, 33156, United States|Rocky Mountain Diabetes and Osteoporosis Center, Idaho Falls, Idaho, 83404, United States|Mid-America Diabetes Associates, Wichita, Kansas, 67211, United States|Tulane University Health Sciences Center, New Orleans, Louisiana, 70112, United States|Medstar Research Institute, Hyattsville, Maryland, 20782, United States|Henry Ford Health System, Detroit, Michigan, 48202, United States|International Diabetes Center, Minneapolis, Minnesota, 55416, United States|Mercury Street Medical, Butte, Montana, 59701, United States|Desert Endocrinology, Henderson, Nevada, 89052, United States|Diabetes and Endocrinology Associates, PC, Rudd, North Carolina, 28557, United States|UT Southwestern Medical Center at Dallas, Dallas, Texas, 75390, United States|Texas Diabetes and Endocrinology, Round Rock, Texas, 78681, United States|Cetero Research-San Antonio, San Antonio, Texas, 78229, United States|West Olympia Internal Medicine, Olympia, Washington, 98502, United States|University of Washington School of Medicine, Seattle, Washington, 98105, United States",True,False,2010.0,2011.0,True,False
NCT00660790,Multifactorial Treatment of Cardiovascular Risk in Diabetic Patients: Identification of Treatment Non-Responders,COMPLETED,"Diabetes Mellitus, Type II",Medical University of Graz,ALL,"ADULT, OLDER_ADULT",,97.0,OTHER,OBSERVATIONAL,2008-04,2012-07,"Department of Internal Medicine, Medical University of Graz, Graz, 8036, Austria",True,False,2008.0,2012.0,True,False
NCT00081328,Treatment Options for Type 2 Diabetes in Adolescents and Youth (TODAY),COMPLETED,"Diabetes Mellitus, Type II",National Institute of Diabetes and Digestive and Kidney Diseases (NIDDK),ALL,CHILD,PHASE3,699.0,NIH,INTERVENTIONAL,2004-05,2014-02,"Children's Hospital Los Angeles, Los Angeles, California, 90027, United States|University of Colorado Health Sciences Center, The Children's Hospital, Denver, Colorado, 80262, United States|Yale University, New Haven, Connecticut, 06520, United States|George Washington University Biostatistics Center, Rockville, Maryland, 20852, United States|Massachusetts General Hospital Diabetes Center, Boston, Massachusetts, 02114, United States|Joslin Diabetes Center, Boston, Massachusetts, 02215, United States|Saint Louis University Health Sciences Center, St Louis, Missouri, 63104, United States|Washington University Department of Pediatrics, St Louis, Missouri, 63110, United States|Columbia University Medical Center, New York, New York, 10032, United States|State University of New York Upstate Medical University, Syracuse, New York, 13210, United States|Case Western Reserve, Cleveland, Ohio, 44106, United States|University of Oklahoma, Oklahoma City, Oklahoma, 93104, United States|Children's Hospital of Philadelphia, Philadelphia, Pennsylvania, 19104, United States|Children's Hospital of Pittsburgh, Pittsburgh, Pennsylvania, 15213, United States|Baylor College of Medicine, Houston, Texas, 77030, United States|University of Texas Health Science Center at San Antonio, San Antonio, Texas, 78229, United States",False,True,2004.0,2014.0,True,False
NCT02946632,"Effectiveness & Tolerability of Novel, Initial Triple Combination Therapy vs Conventional Therapy in Type 2 Diabetes",UNKNOWN,"Diabetes Mellitus, Type II",Korea University Anam Hospital,ALL,"ADULT, OLDER_ADULT",PHASE3,104.0,OTHER,INTERVENTIONAL,2016-12,2019-12,"Korea University Anam Hospital, Seoul, South Korea",True,False,2016.0,2019.0,True,False
NCT06542874,A Research Study Comparing How Well Different Doses of the Medicine NNC0487-0111 Lower Blood Sugar in People With Type 2 Diabetes,COMPLETED,Type 2 Diabetes (T2D),Novo Nordisk A/S,ALL,"ADULT, OLDER_ADULT",PHASE2,448.0,INDUSTRY,INTERVENTIONAL,2024-08-07,2025-10-24,"Uni of Alabama at Birmingham, Birmingham, Alabama, 35294, United States|Velocity Clin Research LA, Los Angeles, California, 90057, United States|Southern Cal Clinical Research, Santa Ana, California, 92701, United States|Chase Medical Research LLC, Waterbury, Connecticut, 06708, United States|Fleming Island Ctr for Clin Res, Fleming Island, Florida, 32003, United States|Encore Medical Research LLC, Hollywood, Florida, 33024, United States|South Broward Research LLC, Miramar, Florida, 33027, United States|Florida Inst For Clin Res, Orlando, Florida, 32825, United States|Florida Institute for Clinical research, Orlando, Florida, 32825, United States|Cedar-Crosse Research Center, Chicago, Illinois, 60607, United States|Cotton O'Neil Clinical Research Center, Topeka, Kansas, 66606, United States|Advanced Internal Medicine, PLLC, Paducah, Kentucky, 42001, United States|Medstar Research Institute_Hyattsville, Hyattsville, Maryland, 20782, United States|MD Medical Research, Oxon Hill, Maryland, 20745, United States|Brigham & Women's Hospital, Boston, Massachusetts, 02115, United States|ActivMed Practice & Research LLC, Methuen, Massachusetts, 01844, United States|Arcturus HC PLC Troy Med Res, Troy, Michigan, 48098, United States|Arcturus Healthcare, PLC, Troy, Michigan, 48098, United States|Clinical Research Professionals, Chesterfield, Missouri, 63005, United States|StudyMetrix Research LLC, City of Saint Peters, Missouri, 63303, United States|AMC Community Endocrinology, Albany, New York, 12203, United States|Centricity Rsrch MHCity Multi, Morehead City, North Carolina, 28557, United States|Piedmont Healthcare/Research, Statesville, North Carolina, 28625, United States|Lillestol Research LLC, Fargo, North Dakota, 58104, United States|Plains Clinical Research Center, LLC_Fargo, Fargo, North Dakota, 58104, United States|Alliance for Multispec Res, Norman, Oklahoma, 73069, United States|Jefferson Endocrinology Assocs, Philadelphia, Pennsylvania, 19107-6810, United States|Preferred Primary Care Physicians_Pittsburgh, Pittsburgh, Pennsylvania, 15236, United States|Health Concepts, Rapid City, South Dakota, 57702, United States|Holston Medical Group, Kingsport, Tennessee, 37660, United States|Clinical Research Associates, Nashville, Tennessee, 37203, United States|MidState Endocrine Associates, Nashville, Tennessee, 37203, United States|Velocity Clinical Res-Dallas, Dallas, Texas, 75230, United States|Victorium Clinical Research, Houston, Texas, 77024, United States|Synergy Groups Medical, Houston, Texas, 77061, United States|PlanIt Research, PLLC, Houston, Texas, 77079, United States|Radiance Clinical Research, Lampasas, Texas, 76550, United States|Tekton Research, McKinney, Texas, 75069, United States|Hillcrest Family Health Center, Waco, Texas, 76708, United States|Individual Practice For Specialized Outpatient Medical Care Doctor Miglena Rizova Ltd., Kyustendil, 2500, Bulgaria|IPSOMC Dr. Miglena Rizova Ltd., Kyustendil, 2500, Bulgaria|UMHAT ""Kaspela"", Depart. Endocrinology and Metab. Diseases, Plovdiv, 4001, Bulgaria|UMHAT Kaspela EOOD, Endocrinology and Metabolic Diseases Clinic, Plovdiv, 4001, Bulgaria|DCC Sveti Georgi EOOD, Plovdiv, 4002, Bulgaria|Diagnostic-Consultative Centre ""Sveti Georgi"" Eood, Plovdiv, 4002, Bulgaria|Medical centre Regina Life Clinic EOOD, Sofia, 1000, Bulgaria|UMHAT ""Aleksandrovska"", Sofia, 1431, Bulgaria|UMHAT Aleksandrovska EAD, Densitometry and Bone Metabolic Diseases, Sofia, 1431, Bulgaria|USHATE ""Akad. Ivan Penchev"" Second Clinic of Endocrinology, Sofia, 1431, Bulgaria|USHATE Akad. Ivan Penchev EAD, Second Clinic of Endocrinology, Sofia, 1431, Bulgaria|AIPSMC Dr. Artin Magardichyan EOOD, Varna, 9020, Bulgaria|Poliklinika Solmed, Zagreb, City of Zagreb, 10000, Croatia|Clinical Hospital Centre Rijeka_Endocrinology, Rijeka, Primorje-Gorski Kotar County, 51 000, Croatia|KBC Rijeka, Endokrinologija, Rijeka, Primorje-Gorski Kotar County, 51 000, Croatia|Opca bolnica Karlovac, Karlovac, 47000, Croatia|Specijalna bolnica Krapinske Toplice - Endokrinologija, Krapinske Toplice, 49217, Croatia|Specijalna Bolnica za medicinsku rehabilitaciju Krapinske Toplice_Endocrinology, Krapinske Toplice, 49217, Croatia|Klinicki bolnicki centar Osijek_Endocrinology, Osijek, 31 000, Croatia|Klinicki bolnicki centar Osijek, Osijek, 31 000, Croatia|Opca bolnica Varazdin_Endocrinology, Varaždin, 42 000, Croatia|Opca bolnica Varazdin, Varaždin, 42 000, Croatia|Zentrum fuer klinische Studien Suedbrandenburg GmbH, Elsterwerda, 04910, Germany|Zentrum für klinische Studien Südbrandenburg GmbH, Elsterwerda, 04910, Germany|InnoDiab Forschung GmbH, Essen, 45136, Germany|Wendisch - Dahl Hamburg - DZHW, Hamburg, 22607, Germany|Wendisch/Dahl Hamburg, Hamburg, 22607, Germany|Institut für Diabetesforschung GmbH Münster - Dr. med. Rose, Münster, 48145, Germany|RED-Institut für medizinische Forschung und Fortbildung GmbH, Oldenburg in Holstein, 23758, Germany|Iatriko Psychicou Private Clinic, Athens, 115 25, Greece|U.G.H of Athens ""Attikon"", Athens, 12462, Greece|""Laiko"" General Hospital of Athens, Goudi/Athens, 11527, Greece|EUROMEDICA Gen Clinic The/ki, Endocrin,Metabolism,Diabetes, Thessaloniki, 54645, Greece|424 Military General Training Hospital - 2nd Department of Internal Medicine, Thessaloniki, 564 29, Greece|424 Military General Training Hospital, Thessaloniki, 564 29, Greece|""Thermi"" Private Hosital, Thessaloniki, 57001, Greece|EUROMEDICA Gen Clinic The/ki, Endocrin,Metabolism,Diabetes, Thessaloniki, GR-54643, Greece|""Thermi"" Private Hosital, Thessaloniki, GR-57001, Greece|Debreceni Egyetem, Debrecen, Hajdú-Bihar, 4032, Hungary|Bajcsy-Zsilinszky Kórház, Budapest, 1106, Hungary|MH Egészségügyi Központ, Budapest, 1134, Hungary|Debreceni Egyetem, Debrecen, 4031, Hungary|Debreceni Egyetem, Debrecen, H-4031, Hungary|Debreceni Egyetem, Debrecen, H-4032, Hungary|Békés Megyei Központi Kórház, Gyula, 5700, Hungary|Somogy Vármegyei Kaposi Mór Oktató Kórház, Kaposvár, 7400, Hungary|Somogy Vármegyei Kaposi Mór Oktató Kórház, Kaposvár, H-7400, Hungary|Heiwadai Hospital_Internal Medicine, Miyazaki, Miyazaki, 880-0034, Japan|Heiwadai Hospital, Miyazaki, Miyazaki, 880-0034, Japan|TOSAKI Clinic for Diabetes and Endocrinology_Diabetes and Endocrinology, Aichi, 468-0009, Japan|Tokuyama clinic_Diabetic internal medicine, Chiba, 261-0004, Japan|Tokuyama clinic, Chiba, 261-0004, Japan|Akaicho Clinic, Chiba-shi, Chiba, 260-0804, Japan|Naka Kinen Clinic_Internal medicine, Ibaraki, 311-0113, Japan|Naka Kinen Clinic, Ibaraki, 311-0113, Japan|Tokyo-Eki Center-building Clinic_Internal Medicine, Tokyo, 103-0027, Japan|Tokyo-Eki Center-building Clinic, Tokyo, 103-0027, Japan|Fukuwa Clinic_Internal Medicine, Tokyo, 104-0031, Japan|Fukuwa Clinic, Tokyo, 104-0031, Japan|Niepubliczny Zaklad Opieki Zdrowotnej Przychodnia Specjalistyczna A Wittek H Rudzki Sp. j., Ruda Śląska, Gornoslaskie, 41-709, Poland|Med. Cent. Diabet. Endo. Metabol. DIAB-ENDO-MET, Krakow, Lesser Poland Voivodeship, 31-261, Poland|Formed 2 Sp. z o.o., Oświęcim, Lesser Poland Voivodeship, 32-600, Poland|Beata Miklaszewicz & Dariusz Dabrowski ""CARDIAMED"" s.j., Legnica, Lower Silesian Voivodeship, 59-220, Poland|Beata Mikłaszewicz & Dariusz Dąbrowski ""CARDIAMED"" s.j., Legnica, Lower Silesian Voivodeship, 59-220, Poland|EKAMED sp. z o.o., Lublin, Lublin Voivodeship, 20-718, Poland|ETG Siedlce, Siedlce, Masovian Voivodeship, 08-110, Poland|Specderm Poznanska Sp. j., Bialystok, Podlaskie Voivodeship, 15-375, Poland|NZOZ Vita-Diabetica Malgorzata Buraczyk, Bialystok, Podlaskie Voivodeship, 15-879, Poland|Specderm Poznańska Spółka Jawna, Bialystok, 15-375, Poland|EKAMED sp. z o.o., Lublin, 20-718, Poland|Niepubliczny Zaklad Opieki Zdrowotnej Przychodnia Specjalistyczna A Wittek H Rudzki Sp. j., Ruda Śląska, 41-709, Poland|PANSTWOWY INSTYTUT MEDYCZNY MSWiA, Warsaw, 02-507, Poland|Santa Sp. z o.o, Santa Familia Centrum Badan, Profilaktyki i Leczenia, Lodz, Łódź Voivodeship, 90-302, Poland|SC Grand Med SRL, Oradea, Bihor County, 410025, Romania|Grandmed SRL, Oradea, Bihor County, 410159, Romania|Institutul National De Diabet Nutritie Si Boli Metabolice Prof.Dr.N.Paulescu Bucuresti- Ion Movila, Bucharest, Bucharest, 020475, Romania|Institutul National De Diabet Nutritie Si Boli Metabolice Prof.Dr.N.Paulescu Bucuresti- Ion Movila, Bucharest, Bucurestii, 020475, Romania|Spitalul Clinic Judetean Urgenta Cluj-Napoca, Cluj-Napoca, Cluj, 400006, Romania|Sc Mediab Srl, Târgu Mureş, Mureș County, 540142, Romania|Novus Medical Clinica SRL, Ploieşti, Prahova, 100018, Romania|Mariodiab Clinic SRL, Brasov, 500101, Romania|Cabinet Medical Dr Geru SRL, Timișoara, 300288, Romania|Spitalul Clinic Judetean De Urgenta Pius Brinzeu Timisoara, Timișoara, 300723, Romania|Peter Farkas MD, s.r.o., Šahy, Slovak Republic, 93601, Slovakia|DENTAVIA s.r.o., Poprad, 05801, Slovakia|DIABETOL, s.r.o., Prešov, 080 01, Slovakia|OLIVER - MED s.r.o., Rimavská Sobota, 979 01, Slovakia|MEDIVASA, s.r.o., Diabetologicka ambulancia, Žilina, 010 01, Slovakia|Complejo Hospitalario Universitario A Coruña, A Coruña, 15006, Spain|Hospital Clinic i Provincial, Barcelona, 08036, Spain|Hospital Vithas Sevilla, Castilleja de la Cuesta, 41950, Spain|Hospital Gregorio Marañón, Madrid, 28007, Spain|Complejo Hospitalario de Pontevedra - Hospital de Montecelo, Pontevedra, Spain|Hospital Universitario Marqués de Valdecilla, Santander, 39008, Spain|Clínica Nuevas Tecnologías en Diabetes y Endocrinología, Seville, 41003, Spain|H. Infanta Luisa_Endocrino y Obesidad, Seville, 41010, Spain|Hospital Infanta Luisa, Seville, 41010, Spain|Hospital Nisa Sevilla Aljarafe, Seville, 41950, Spain",True,False,2024.0,2025.0,True,False
NCT01654120,Study of Effectiveness of Liraglutide Added to High Dose Insulin in Type II Diabetics,COMPLETED,"Diabetes Mellitus, Type II",Mountain Diabetes and Endocrine Center,ALL,"ADULT, OLDER_ADULT",PHASE4,37.0,OTHER,INTERVENTIONAL,2011-12,2013-11,"Mountain Diabetes and Endocrine Center, Asheville, North Carolina, 28803, United States",True,False,2011.0,2013.0,True,False
NCT01596244,Jordan Diabetes Microclinic Project,COMPLETED,"Diabetes Mellitus, Type II",Microclinic International,ALL,"ADULT, OLDER_ADULT",,2400.0,OTHER,INTERVENTIONAL,2008-04,2012-08,"Ein El-Basha Ministry of Health Center, Amman, Jordan|Jabl Nasr Ministry of Health Center, Amman, Jordan",True,False,2008.0,2012.0,True,False
NCT02988427,Measuring Patient Engagement in Diabetes Care,WITHDRAWN,"Diabetes Mellitus, Type II",Northwestern University,ALL,"ADULT, OLDER_ADULT",,0.0,OTHER,OBSERVATIONAL,2016-12,2016-12,,True,False,2016.0,2016.0,True,True
NCT00563225,20 Week Bridging Study in Type II DM,COMPLETED,Diabetes Mellitus Type II,Sanofi,ALL,"ADULT, OLDER_ADULT",PHASE3,90.0,INDUSTRY,INTERVENTIONAL,2002-10,2004-04,,True,False,2002.0,2004.0,True,False
NCT02985242,Empagliflozin Reduces Progression of Diabetic Retinopathy in Patients With High Risk of Diabetic Macular Edema,TERMINATED,"Diabetes Mellitus, Type II",Hannover Medical School,ALL,"ADULT, OLDER_ADULT",PHASE4,6.0,OTHER,INTERVENTIONAL,2017-06-12,2018-08-16,"Hannover Medical School, University Eye Hospital and CRC Core Facility Hannover, Hanover, Lower Saxony, 30625, Germany",True,False,2017.0,2018.0,True,False
NCT00151697,"LANN-study: Lantus, Amaryl, Novorapid, Novomix Study",COMPLETED,Diabetes Mellitus Type II,Rijnstate Hospital,ALL,"ADULT, OLDER_ADULT",PHASE3,150.0,OTHER,INTERVENTIONAL,2005-05,,"Rijnstate Hospital, Arnhem, 6800 TA, Netherlands",True,False,2005.0,,True,False
NCT03012074,Episodic to Real-Time Care in Diabetes Self-Management,COMPLETED,"Diabetes Mellitus, Type II",Duke University,ALL,"ADULT, OLDER_ADULT",,60.0,OTHER,INTERVENTIONAL,2017-03-02,2020-05-30,"Duke University School of Nursing, Durham, North Carolina, 27710, United States",True,False,2017.0,2020.0,True,False
NCT02824874,CKD-396 Drug-drug Interaction Study(A) (CKD-396 DDI(A) P1),COMPLETED,"Diabetes Mellitus, Type II",Chong Kun Dang Pharmaceutical,MALE,"ADULT, OLDER_ADULT",PHASE1,20.0,INDUSTRY,INTERVENTIONAL,2016-04,2016-05,"Chonbuk National University Hospital, Jeonju, South Korea",True,False,2016.0,2016.0,True,False
NCT02854748,Evaluate the Drug-drugs Interaction Between Lobeglitazone and Empagliflozin,UNKNOWN,"Diabetes Mellitus, Type II",Chong Kun Dang Pharmaceutical,MALE,ADULT,PHASE1,30.0,INDUSTRY,INTERVENTIONAL,2016-08,2016-09,"Dong A University Hospital, Seo-gu, Busan, 49201, South Korea",False,False,2016.0,2016.0,True,False
NCT00482079,A Study of MK0431 in Patients With Type 2 Diabetes (0431-010),COMPLETED,"Diabetes Mellitus, Type II",Merck Sharp & Dohme LLC,ALL,"ADULT, OLDER_ADULT",PHASE2,743.0,INDUSTRY,INTERVENTIONAL,2003-05-13,2006-06-15,,True,False,2003.0,2006.0,True,False
NCT02685774,A Clinical Study to Compare the Pharmacokinetic Characteristics of CKD-395 0.25/500mg in Healthy Male Volunteers,COMPLETED,"Diabetes Mellitus, Type II",Chong Kun Dang Pharmaceutical,MALE,"ADULT, OLDER_ADULT",PHASE1,26.0,INDUSTRY,INTERVENTIONAL,2016-02,2016-04,"Chonbuk National University Hospital, Jeonju, Jeollabuk-do, South Korea",True,False,2016.0,2016.0,True,False
NCT02648854,Investigate the Effect of Food on the Pharmacokinetic Characteristics of CKD-395 in Healthy Male Volunteers,COMPLETED,"Diabetes Mellitus, Type II",Chong Kun Dang Pharmaceutical,MALE,"ADULT, OLDER_ADULT",PHASE1,26.0,INDUSTRY,INTERVENTIONAL,2015-10,2015-11,"Chonbuk National University Hospital, Deokjin-gu, Jeonju-si, Jeollabuk-do, 561-712, South Korea",True,False,2015.0,2015.0,True,False
NCT02627027,A Clinical Study to Compare the Pharmacokinetic Characteristics of CKD-395 0.25/750 mg in Healthy Male Volunteers,COMPLETED,"Diabetes Mellitus, Type II",Chong Kun Dang Pharmaceutical,MALE,"ADULT, OLDER_ADULT",PHASE1,26.0,INDUSTRY,INTERVENTIONAL,2015-08,2015-09,"Chonbuk National University Hospital, Jeonju, Jeollabuk-do, South Korea",True,False,2015.0,2015.0,True,False
NCT01582282,Study of Metamucil on Blood Glucose and HbA1c in Type II NIDDM Subjects,TERMINATED,Non-Insulin-dependent Diabetes Mellitus,Procter and Gamble,ALL,"ADULT, OLDER_ADULT",PHASE4,37.0,INDUSTRY,INTERVENTIONAL,1988-05,1990-01,"University of Miami, Diabetes Unit D-1, Miami, Florida, 33136, United States|International Diabetes Center, Minneapolis, Minnesota, 55416, United States",True,False,1988.0,1990.0,True,False
NCT02565368,A Clinical Study to Compare the Pharmacokinetic Characteristics of CKD-395 0.5/1000 mg in Healthy Male Volunteers,COMPLETED,"Diabetes Mellitus, Type II",Chong Kun Dang Pharmaceutical,MALE,"ADULT, OLDER_ADULT",PHASE1,26.0,INDUSTRY,INTERVENTIONAL,2015-07,2015-08,"Chonbuk National University Hospital, Jeonju, Jeollabuk-do, South Korea",True,False,2015.0,2015.0,True,False
NCT07441187,"Efficacy and Safety of Henagliflozin, Retagliptin, and Metformin Extended-Release Tablets in Chinese Patients With Type 2 Diabetes Mellitus",NOT_YET_RECRUITING,T2DM (Type 2 Diabetes Mellitus),"Xinhua Hospital, Shanghai Jiao Tong University School of Medicine",ALL,"ADULT, OLDER_ADULT",,300.0,OTHER,OBSERVATIONAL,2026-02-20,2027-12-31,,True,False,2026.0,2027.0,True,False
NCT07321678,"A Study to Evaluate the Efficacy, Safety, and Tolerability of ASC30 Tablets in Participants With Type 2 Diabetes Mellitus",ACTIVE_NOT_RECRUITING,T2DM (Type 2 Diabetes Mellitus),"Ascletis Pharma (China) Co., Limited",ALL,"ADULT, OLDER_ADULT",PHASE2,100.0,INDUSTRY,INTERVENTIONAL,2026-01-22,2026-08,"Ascletis Clinical Site, Riverside, California, 92506, United States|Ascletis Clinical Site, San Jose, California, 95128, United States|Ascletis Clinical Site, Denver, Colorado, 80246, United States|Ascletis Clinical Site, Miami, Florida, 33143, United States|Ascletis Clinical Site, Miami, Florida, 33172, United States|Ascletis Clinical Site, Decatur, Georgia, 30030, United States|Ascletis Clinical Site, Springfield, Missouri, 65802, United States|Ascletis Clinical Site, San Antonio, Texas, 78240, United States",True,False,2026.0,2026.0,True,False
NCT02261545,"The Effect of n-3 Fatty Acid Supplementation on Serum Levels, and Gene Expression of type2 Diabetes Patient",UNKNOWN,Diabetes Mellitus Type II,Tehran University of Medical Sciences,ALL,"ADULT, OLDER_ADULT",PHASE4,88.0,OTHER,INTERVENTIONAL,2014-09,2016-02,,True,False,2014.0,2016.0,True,False
NCT07195188,Game-Based Education and Treatment Adherence in Type 2 Diabetes,COMPLETED,Type 2 Diabetes|Diabete Mellitus,Izmir Tinaztepe University,ALL,"ADULT, OLDER_ADULT",,72.0,OTHER,INTERVENTIONAL,2024-04-05,2024-11-30,"Uşak Eğitim Ve Araştırma Hastanesi, Uşak, Turkey (Türkiye)",True,False,2024.0,2024.0,True,False
NCT05662332,A Study of Insulin Efsitora Alfa (LY3209590) Compared to Glargine in Adult Participants With Type 2 Diabetes Who Are Starting Basal Insulin for the First Time (QWINT-1),COMPLETED,Type 2 Diabetes|T2D,Eli Lilly and Company,ALL,"ADULT, OLDER_ADULT",PHASE3,795.0,INDUSTRY,INTERVENTIONAL,2023-01-14,2024-07-19,"Cahaba Research, Birmingham, Alabama, 35242, United States|Syed Research Consultants Llc, Sheffield, Alabama, 35660, United States|AMCR Institute, Escondido, California, 92025, United States|Velocity Clinical Research, Gardena, Gardena, California, 90247, United States|National Research Institute - Huntington Park, Huntington Park, California, 90255, United States|National Research Institute - Wilshire, Los Angeles, California, 90057, United States|Diabetes Associates Medical Group, Orange, California, 92868, United States|Encompass Clinical Research, Spring Valley, California, 91978, United States|Millennium Clinical Trials, Thousand Oaks, California, 93065, United States|University Clinical Investigators, Inc., Tustin, California, 92780, United States|Diablo Clinical Research, Inc., Walnut Creek, California, 94598, United States|University of Colorado Anschutz Medical Campus, Aurora, Colorado, 80045, United States|Chase Medical Research, LLC, Waterbury, Connecticut, 06708, United States|Clinical Research of West Florida, Inc. (Clearwater), Clearwater, Florida, 33765, United States|Suncoast Research Group, Miami, Florida, 33135, United States|Clinical Research of West Florida, Tampa, Florida, 33606, United States|Center for Advanced Research & Education, Gainesville, Georgia, 30501, United States|Pacific Diabetes & Endocrine Center, Honolulu, Hawaii, 96813, United States|Central Illinois Diabetes and Clinical Research a Division of Prairie Education and Research Cooperative, Springfield, Illinois, 62711, United States|American Health Network of Indiana, LLC - Franklin, Franklin, Indiana, 46131, United States|American Health Network of Indiana, LLC - Muncie, Muncie, Indiana, 47304, United States|Iowa Diabetes and Endocrinology Research Center, West Des Moines, Iowa, 50265, United States|Arcturus Healthcare , PLC, Troy Internal Medicine Research Division, Troy, Michigan, 48098, United States|Clinvest Research LLC, Springfield, Missouri, 65807, United States|University Of Nebraska Medical Center, Omaha, Nebraska, 68198-4130, United States|Mid Hudson Medical Research, New Windsor, New York, 12553, United States|Meridian Clinical Research, LLC, Vestal, New York, 13850, United States|Intend Research, LLC, Norman, Oklahoma, 73069, United States|Decpa, Llc, Feasterville-Trevose, Pennsylvania, 19053, United States|Office 18, Pittsburgh, Pennsylvania, 15236, United States|WR-Clinsearch, LLC, Chattanooga, Tennessee, 37421, United States|Private Practice - Dr. Osvaldo A. Brusco, Corpus Christi, Texas, 78414, United States|Dallas Diabetes Research Center, Dallas, Texas, 75230, United States|Prime Revival Research Institute, Flower Mound, Texas, 75028, United States|Endocrine Associates, Houston, Texas, 77004, United States|Endocrine Ips, Pllc, Houston, Texas, 77079, United States|North Hills Family Medicine/North Hills Medical Research, North Richland Hills, Texas, 76180, United States|Texas Valley Clinical Research, Weslaco, Texas, 78596, United States|Eastside Research Associates, Redmond, Washington, 98052, United States|Centro de Investigaciones Metabólicas (CINME), Ciudad Autónoma de Buenos Aire, Buenos Aires, 1056, Argentina|Instituto de Investigaciones Clínicas Mar del Plata, Mar del Plata, Buenos Aires, 7600, Argentina|DIM Clínica Privada, Ramos Mejía, Buenos Aires, 1704, Argentina|Go Centro Medico San Nicolás, San Nicolás de los Arroyos, Buenos Aires, 2900, Argentina|Asociación de Beneficencia Hospital Sirio Libanés, Buenos Aires, Buenos Air, C1419AHN, Argentina|Stat Research S.A., Buenos Aires, Ciudad Aut, C1023AAB, Argentina|Centro Médico Viamonte, Buenos Aires, Ciudad Aut, C1120AAC, Argentina|Glenny Corp, Buenos Aires, Ciudad Aut, C1430CKE, Argentina|CEMEDIAB, C.a.b.a., Ciudad Aut, C1205AAO, Argentina|Investigaciones Medicas Imoba Srl, Buenos Aires, Ciudad Autónoma de Buenos Aire, C1056ABH, Argentina|CIPREC, Buenos Aires, Ciudad Autónoma de Buenos Aire, C1061AAS, Argentina|Centro Medico Dra. Laura Maffei- Investigacion Clinica Aplicada, Ciudad Autonoma de Buenos Aire, Ciudad Autónoma de Buenos Aire, C1425AGC, Argentina|Centro Medico Privado San Vicente Diabetes, Córdoba, Córdoba Province, 5006, Argentina|Instituto Médico Río Cuarto, Río Cuarto, Córdoba Province, 5800, Argentina|CIPADI - Centro Integral de Prevencion y Atencion en Diabetes, Godoy Cruz, Mendoza Province, M5501ARP, Argentina|Instituto Médico Fundación Grupo Colaborativo Rosario Investigación y Prevención Medica, Rosario, Santa Fe Province, 2000, Argentina|Clínica Mayo, San Miguel de Tucumán, Tucumán Province, 4000, Argentina|Fundación Respirar, Buenos Aires, C1426ABP, Argentina|CENUDIAB, Ciudad Autónoma de Buenos Aire, C1440AAD, Argentina|Centro de Diagnóstico y Rehabilitación (CEDIR), Santa Fe, 3000, Argentina|Sanatorio Norte, Santiago del Estero, 4200, Argentina|Instituto Jalisciense de Investigacion en Diabetes y Obesidad, Guadalajara, Jalisco, 04460, Mexico|Diseno y Planeacion en Investigacion Medica, Guadalajara, Jalisco, 44130, Mexico|RM Pharma Specialists, Mexico City, Mexico City, 03100, Mexico|Instituto de Diabetes, Obesidad y Nutricion, Cuernavaca, Morelos, 62250, Mexico|Hospital Universitario ""Dr. Jose Eleuterio Gonzalez"", Monterrey, Nuevo León, 64460, Mexico|Hospital Universitario ""Dr. Jose Eleuterio Gonzalez"", Monterrey, Nuevo León, 66460, Mexico|Unidad Médica para la Salud Integral, San Nicolás de los Garza, Nuevo León, 66465, Mexico|Medical Care and Research SA de CV, Mérida, Yucatán, 97070, Mexico|Investigacion En Salud Y Metabolismo Sc, Chihuahua City, 31217, Mexico|Ponce Medical School Foundation Inc., Ponce, 00716, Puerto Rico|Latin Clinical Trial Center, San Juan, 00909, Puerto Rico",True,False,2023.0,2024.0,True,False
NCT02028091,Diabetes Mellitus - A Diagnosis Trial by Means of Non Invasive Measurements,COMPLETED,Diabetes Mellitus Type II,Medical University of Vienna,ALL,"ADULT, OLDER_ADULT",,100.0,OTHER,OBSERVATIONAL,2012-09,2013-01,"Medical University of Vienna, Vienna, State of Vienna, 1090, Austria",True,False,2012.0,2013.0,True,False
NCT01552005,Description of Drug Utilization and Assessment of Impact of Saxagliptin on Health Status of Patients With Type 2 Diabetes in France,COMPLETED,Type 2 Diabetes Mellitus (T2D),AstraZeneca,ALL,"ADULT, OLDER_ADULT",,1000.0,INDUSTRY,OBSERVATIONAL,2012-05,2015-06,,True,False,2012.0,2015.0,True,False
NCT04569214,The Efficacy and Safety of PAZ320 on PPG and Insulin Blood Levels in Type II Diabetic Patients,WITHDRAWN,Type II Diabetes,Boston Therapeutics,ALL,"ADULT, OLDER_ADULT",PHASE2,0.0,INDUSTRY,INTERVENTIONAL,2012-09,2013-02,"Department of Internal Medicine, Infectious Diseases and Diabetology Hopital Robert Bisson (Lisieux), Lisieux, Normandy, 14107, France",True,False,2012.0,2013.0,True,True
NCT07365358,Evaluate the Efficacy and Safety of Empagliflozin or Glimepiride Combination Therapy in Type 2 Diabetes Mellitus Patients,NOT_YET_RECRUITING,Diabete Type 2,Chong Kun Dang Pharmaceutical,ALL,"ADULT, OLDER_ADULT",PHASE4,200.0,INDUSTRY,INTERVENTIONAL,2026-03,2027-08,"Kyung Hee University Hospital at Gangdong, Seoul, South Korea",True,False,2026.0,2027.0,True,False
NCT07619833,To Evaluate the Efficacy and Safety of Initial Combination Therapy With DWP16001 and DWC202518 Compared to DWP16001 Monotherapy and DWC202518 Monotherapy in Patients With Type 2 Diabetes Mellitus,NOT_YET_RECRUITING,T2DM (Type 2 Diabetes Mellitus),Daewoong Pharmaceutical Co. LTD.,ALL,"ADULT, OLDER_ADULT",PHASE3,510.0,INDUSTRY,INTERVENTIONAL,2026-06,2027-11,"Kangbuk Samsung Hospital, Seoul, South Korea",True,False,2026.0,2027.0,True,False
NCT07350694,Engagement of coMmunity Through Participatory Learning and Action for cOntrol and preVEntion of Type II Diabetes and Its Risk Factors,RECRUITING,Diabetes Type 2|Type II Diabetes Mellitus,HealthNet Transcultural Psychosocial Organization,ALL,"ADULT, OLDER_ADULT",,250.0,OTHER,INTERVENTIONAL,2024-12-24,2027-09-30,"HealthNet TPO, Afghanistan, Kabul, Kabul, 24000, Afghanistan",True,False,2024.0,2027.0,True,False
NCT02471794,Personalized Health Planning in Shared Medical Appointments for Individuals With Type II Diabetes Pilot Study,COMPLETED,Type II Diabetes,Duke University,ALL,"ADULT, OLDER_ADULT",,33.0,OTHER,INTERVENTIONAL,2015-12,2016-09,"Duke Family Medicine Center, Durham, North Carolina, 27705, United States",True,False,2015.0,2016.0,True,False
NCT01728740,Bioequivalence Study for Acarbose / Metformin FDC,COMPLETED,"Diabetes Mellitus, Type II",Bayer,MALE,ADULT,PHASE1,40.0,INDUSTRY,INTERVENTIONAL,2012-09,2012-12,"Seoul, 110-744, South Korea",False,False,2012.0,2012.0,True,False
NCT01794091,Detection of Diffuse Scar in Patients With Diabetes,WITHDRAWN,"Diabetes Mellitus, Type II",Brigham and Women's Hospital,ALL,"ADULT, OLDER_ADULT",PHASE4,0.0,OTHER,INTERVENTIONAL,2013-08,2017-08,"Brigham and Women's Hospital, Boston, Massachusetts, 02114, United States",True,False,2013.0,2017.0,True,True
NCT01565096,Effect of Adding Vildagliptin on Beta Cell Function and Cardiovascular Risk Markers in Patients With Moderate Metabolic Control During Metformin Monotherapy,UNKNOWN,Diabetes Mellitus Type II,ikfe-CRO GmbH,ALL,"ADULT, OLDER_ADULT",PHASE4,44.0,INDUSTRY,INTERVENTIONAL,2011-11,,"ikfe GmbH, Mainz, 55116, Germany",True,False,2011.0,,True,False
NCT00231387,Rosiglitazone And Plaque Study for Type 2 Diabetes Mellitus,COMPLETED,Non-insulin-dependent Diabetes Mellitus,GlaxoSmithKline,ALL,"ADULT, OLDER_ADULT",PHASE3,60.0,INDUSTRY,INTERVENTIONAL,2002-09,2005-05,"GSK Clinical Trials Call Center, London, W2 1NY, United Kingdom",True,False,2002.0,2005.0,True,False
NCT07314684,GLP1-RAs Effects on Inflammatory and Endothelial Biomarkers in T2DM,RECRUITING,T2DM (Type 2 Diabetes Mellitus),Federico II University,ALL,"ADULT, OLDER_ADULT",PHASE4,80.0,OTHER,INTERVENTIONAL,2025-09-08,2027-03-08,"Azienda Ospedaliera Sant'Anna e San Sebastiano, Caserta, Caserta, 81100, Italy|Federico II University, Naples, Napoli, 80131, Italy",True,False,2025.0,2027.0,True,False
NCT01301092,A Study to Compare the Concentrations of LY2189265 After Different Methods of Administration to Healthy Volunteers.,COMPLETED,"Diabetes Mellitus, Type II",Eli Lilly and Company,ALL,"ADULT, OLDER_ADULT",PHASE1,30.0,INDUSTRY,INTERVENTIONAL,2011-02,2011-08,"For additional information regarding investigative sites for this trial, contact 1-877-CTLILLY (1-877-285-4559, 1-317-615-4559) Mon - Fri from 9 AM to 5 PM Eastern Time (UTC/GMT - 5 hours, EST), or speak with your personal physician., Evansville, Indiana, United States",True,False,2011.0,2011.0,True,False
NCT06141980,Study to Evaluate the Long Term Safety and Efficacy of DWP16001 in Patients With Type 2 Diabetes Mellitus,UNKNOWN,T2DM (Type 2 Diabetes Mellitus),Daewoong Pharmaceutical Co. LTD.,ALL,"ADULT, OLDER_ADULT",PHASE3,134.0,INDUSTRY,INTERVENTIONAL,2023-12,2025-09,,True,False,2023.0,2025.0,True,False
NCT01247896,Single Dose Escalation Study of PF-05190457 in Healthy Volunteers,COMPLETED,"Diabetes Mellitus, Type II",Pfizer,ALL,ADULT,PHASE1,26.0,INDUSTRY,INTERVENTIONAL,2010-12,2011-06,"Pfizer Investigational Site, Brussels, B-1070, Belgium",False,False,2010.0,2011.0,True,False
NCT04893135,"Impact of the Rapid Normalization of Chronic Hyperglycemia and the Practice of Moderate Physical Activity on the ""Receptor Activator of Nuclear Factor-kappa B Ligand / Osteoprotégérine (RANKL / OPG) System in Patients Living With Type II Diabetes",COMPLETED,Type II Diabetes,Centre Hospitalier Sud Francilien,ALL,"ADULT, OLDER_ADULT",,60.0,OTHER,INTERVENTIONAL,2021-10-11,2022-10-11,"Centre Hospitalier Sud Francilien, Corbeil-Essonnes, France, 91100, France",True,False,2021.0,2022.0,True,False
NCT01386801,Multicenter Research Study to Build a Repository to Study Chronic Diseases in Indiana,ACTIVE_NOT_RECRUITING,Diabetes Mellitus Type II,Fairbanks Institute,ALL,"ADULT, OLDER_ADULT",,1000.0,OTHER,OBSERVATIONAL,2009-12,2050-06,"American Health Network, Avon, Indiana, United States|Investigator's Research Group, Brownsburg, Indiana, United States|American Health Network, Franklin, Indiana, United States|American Health Network, Greenfield, Indiana, United States|American Health Network, Indianapolis, Indiana, United States|Krannert Cardiology, Indianapolis, Indiana, United States|Oral Health Research Institute, Indianapolis, Indiana, United States|IU School of Medicine/CTSI, Indianapolis (Downtown), Indiana, United States|Alivio Medical Center, Indianapolis (Spanish Speaking), Indiana, United States|IU Medical Group, Indianapolis (Spanish/English Speaking), Indiana, United States|American Health Network, Muncie, Indiana, United States",True,False,2009.0,2050.0,True,False
NCT01025999,Mechanisms of Glycemic Improvement After Gastrointestinal Surgery,COMPLETED,"Diabetes Mellitus, Type II",University of Washington,ALL,"ADULT, OLDER_ADULT",,7.0,OTHER,OBSERVATIONAL,2010-01,2015-06,"University of Washington Medical Center, Seattle, Washington, 98195, United States",True,False,2010.0,2015.0,True,False
NCT05641090,Effects of Nordic Walking in Water on Cerebrovascular Function and Cognitive Impairment in Elderly With Type 2 Diabetes,UNKNOWN,Elderly With Type 2 Diabetes,Chulalongkorn University,ALL,"ADULT, OLDER_ADULT",,36.0,OTHER,INTERVENTIONAL,2021-12-16,2023-04-05,"Faculty of Sports Science, Chulalongkorn University, Pathum Wan, Bangkok, 10330, Thailand",True,False,2021.0,2023.0,True,False
NCT04270656,Liver and Metabolic Effects of Insulin Pump Therapy in Diabetics Type 2 with Non-alcoholic Hepatic Steatosis,COMPLETED,Type 2 Diabetes (T2D),Nantes University Hospital,ALL,"ADULT, OLDER_ADULT",,46.0,OTHER,INTERVENTIONAL,2021-02-05,2024-09-23,"CHU, Angers, 49933, France|CHU, Caen, 14033, France|CHU, Dijon, 21000, France|CHU, La Rochette, 17019, France|Hospices Civils, Lyon, 69495, France|Nantes UH, Nantes, 44093, France|CHU, Poitiers, 86000, France|CHU de Rennes, Rennes, 35203, France|CHU, Toulouse, 31059, France",True,False,2021.0,2024.0,True,False
NCT00649909,Effect of Glucose Control on the Response to Aspirin in Type 2 Diabetic Patients,COMPLETED,"Diabetes Mellitus, Type II",Hadassah Medical Organization,ALL,"CHILD, ADULT, OLDER_ADULT",,18.0,OTHER,OBSERVATIONAL,2008-11,2010-11,"Hadassah Medical Organization, Jerusalem, Israel",True,True,2008.0,2010.0,True,False
NCT07656805,Anti-inflammatory Dietary Intervention in Patients With Type 2 Diabetes: A Randomized Controlled Trial,RECRUITING,T2DM (Type 2 Diabetes Mellitus),Anhui Medical University,ALL,"ADULT, OLDER_ADULT",,88.0,OTHER,INTERVENTIONAL,2026-06-03,2026-11,"The First Affiliated Hospital of Anhui Medical University, Hefei, Anhui, 230000, China",True,False,2026.0,2026.0,True,False
NCT02637609,Measuring the Priorities of Patients With Type II Diabetes Using Likert Scale and Best-worst Scaling,COMPLETED,Type II Diabetes,Johns Hopkins Bloomberg School of Public Health,ALL,"ADULT, OLDER_ADULT",,1103.0,OTHER,OBSERVATIONAL,2013-07,2017-02,"Johns Hopkins Bloomberg School of Public Health, Baltimore, Maryland, 21205, United States",True,False,2013.0,2017.0,True,False
NCT07107620,Dual Task Performance and Type II Diabetes Mellitus,COMPLETED,Type II Diabetes Mellitus|Dual Task Cost,Kahramanmaras Sutcu Imam University,ALL,"ADULT, OLDER_ADULT",,141.0,OTHER,OBSERVATIONAL,2022-09-01,2023-06-01,"Pamukkale University hospital, Denizli, Turkey (Türkiye)",True,False,2022.0,2023.0,True,False
NCT05144360,Efficacy and Safety of Atenas Association in the Treatment of Type II Diabetes Mellitus and Hypertension,WITHDRAWN,Hypertension Associated|Type II Diabetes Mellitus,EMS,ALL,"ADULT, OLDER_ADULT",PHASE3,0.0,INDUSTRY,INTERVENTIONAL,2022-08,2024-11,,True,False,2022.0,2024.0,True,True
NCT02637622,Measuring the Preferences of Patients With Type II Diabetes Using Best-worst Scaling and Discrete Choice Experiment,COMPLETED,Type II Diabetes,Johns Hopkins Bloomberg School of Public Health,ALL,"ADULT, OLDER_ADULT",,1103.0,OTHER,OBSERVATIONAL,2013-07,2017-02,"Johns Hopkins Bloomberg School of Public Health, Baltimore, Maryland, 21205, United States",True,False,2013.0,2017.0,True,False
NCT01862237,Type II Diabetes Influence on Left Ventricular Remodeling and Outcomes in Patients Undergoing Aortic Valve Replacement Surgery.,UNKNOWN,Type II Diabetes,Hospices Civils de Lyon,ALL,"ADULT, OLDER_ADULT",,100.0,OTHER,INTERVENTIONAL,2012-12,2017-01,"Hospices Civils de Lyon - Hôpital Louis Pradel, Lyon, France",True,False,2012.0,2017.0,True,False
NCT01088711,Evaluation of Omarigliptin (MK-3102) in Obese Participants and in Participants With Type 2 Diabetes (MK-3102-004),COMPLETED,Type 2 Diabetes (T2D),Merck Sharp & Dohme LLC,ALL,"ADULT, OLDER_ADULT",PHASE1,32.0,INDUSTRY,INTERVENTIONAL,2010-03-11,2010-05-11,,True,False,2010.0,2010.0,True,False
NCT04970108,Efficacy and Safety of Egito Association in the Treatment of Type II Diabetes Mellitus and Hypertension,WITHDRAWN,Hypertension Associated|Type II Diabetes Mellitus,EMS,ALL,"ADULT, OLDER_ADULT",PHASE3,0.0,INDUSTRY,INTERVENTIONAL,2023-08,2025-05,,True,False,2023.0,2025.0,True,True
NCT05586594,Identifying Maturity-onset Diabetes of the Young in Emirati Patients,UNKNOWN,Maturity-onset Diabetes of the Young|Monogenic Diabetes|MODY,United Arab Emirates University,ALL,"CHILD, ADULT",,150.0,OTHER,INTERVENTIONAL,2024-03,2026-06,,False,True,2024.0,2026.0,True,False
NCT04632862,The Efficacy and Safety of DWP16001 Compared to Placebo in the Treatment of Type 2 Diabetes Mellitus.,COMPLETED,T2DM (Type 2 Diabetes Mellitus),Daewoong Pharmaceutical Co. LTD.,ALL,"ADULT, OLDER_ADULT",PHASE3,140.0,INDUSTRY,INTERVENTIONAL,2020-11-11,2021-11-25,"Daewoong pharmatceutical, Seoul, South Korea",True,False,2020.0,2021.0,True,False
NCT04654390,The Efficacy Nad Safety of DWP16001 Compared to Active Drug in the Treatment of Type 2 Diabetes Mellitus,COMPLETED,T2DM (Type 2 Diabetes Mellitus),Daewoong Pharmaceutical Co. LTD.,ALL,"ADULT, OLDER_ADULT",PHASE3,270.0,INDUSTRY,INTERVENTIONAL,2020-12-30,2021-12-17,"The Catholic University of Korea Bucheon St. Mary's Hospital, Republic of Korea, Bucheon-si, South Korea",True,False,2020.0,2021.0,True,False
NCT03727854,Effect of Premeal Protein-bar on Glycemic Control in Patients With Type 2 Diabetes,COMPLETED,Patients With Type 2 Diabetes,Seoul National University Hospital,ALL,"ADULT, OLDER_ADULT",,40.0,OTHER,INTERVENTIONAL,2018-08-27,2019-12-31,"Seoul National University Hospital, Seoul, 110-744, South Korea",True,False,2018.0,2019.0,True,False
NCT00528918,Comparison of Apidra to Regular Insulin in Hospitalized Patients,COMPLETED,"Diabetes Mellitus, Type II",Carl T. Hayden VA Medical Center,ALL,"CHILD, ADULT, OLDER_ADULT",,300.0,FED,INTERVENTIONAL,2007-06,2011-05,"Phoenix VA Health Care System, Phoenix, Arizona, 85012, United States",True,True,2007.0,2011.0,True,False
NCT00701090,A Study to Test the Safety and Efficacy of Sitagliptin Compared to Glimepiride in Patients With Type 2 Diabetes on a Stable Dose of Metformin (0431-803)(COMPLETED),COMPLETED,"Type 2 Diabetes Mellitus, Non Insulin Dependent|Diabetes Mellitus, Non-Insulin-Dependent",Merck Sharp & Dohme LLC,ALL,"ADULT, OLDER_ADULT",PHASE3,1035.0,INDUSTRY,INTERVENTIONAL,2008-05,2009-10,,True,False,2008.0,2009.0,True,False
NCT02957721,Diabetes Engagement and Activation Platform,COMPLETED,Type 2 Diabetes (T2D),Virginia Commonwealth University,ALL,"ADULT, OLDER_ADULT",,350.0,OTHER,INTERVENTIONAL,2017-11-01,2018-11-05,"Virginia Commonwealth University, Richmond, Virginia, 23298, United States",True,False,2017.0,2018.0,True,False
NCT04014023,Study to Evaluate the Efficacy and Safety of DWP16001 in Patients With Type 2 Diabetes Mellitus,UNKNOWN,T2DM (Type 2 Diabetes Mellitus),Daewoong Pharmaceutical Co. LTD.,ALL,"ADULT, OLDER_ADULT",PHASE2,196.0,INDUSTRY,INTERVENTIONAL,2019-07-10,2020-06,"Daewoong pharmatceutical, Seoul, South Korea",True,False,2019.0,2020.0,True,False
NCT06387433,Effectiveness of an mHealth Mobile App,UNKNOWN,Type II Diabetes,Dow University of Health Sciences,ALL,"ADULT, OLDER_ADULT",,160.0,OTHER,INTERVENTIONAL,2024-03-20,2025-08,"National Institute of Diabetes and Endocrinology, Karachi, Sindh, Pakistan",True,False,2024.0,2025.0,True,False
NCT06727409,"Use of Clinical-trials and Simulation Models to Estimate Cost-effectiveness of Non-steroidal Mineralocorticoid Antagonists, RASi and SGLT2i as Triple Therapy With Type 2 Diabetes and Chronic Kidney Disease",RECRUITING,Patients With Type 2 Diabetes,Chinese University of Hong Kong,ALL,"ADULT, OLDER_ADULT",PHASE4,82.0,OTHER,INTERVENTIONAL,2024-12-12,2026-12-31,"3M, Diabetes and Endocrine Research Center, Hong Kong, Hong Kong",True,False,2024.0,2026.0,True,False
NCT04007133,Statin Compliance of Patients With Non-insulin-dependent Diabetes,TERMINATED,Non-insulin-dependent Diabetes,Lille Catholic University,ALL,"ADULT, OLDER_ADULT",,119.0,OTHER,OBSERVATIONAL,2018-01-31,2018-07-12,"Lille Catholic Hospitals, Lomme, Nord, 59462, France",True,False,2018.0,2018.0,True,False
NCT06415773,Effects of Berberine Ursodeoxycholate (HTD1801) Versus Dapagliflozin in Patients With Type 2 Diabetes Inadequately Controlled With Metformin,COMPLETED,T2DM (Type 2 Diabetes Mellitus),Shenzhen HighTide Biopharmaceutical Ltd.,ALL,"ADULT, OLDER_ADULT",PHASE3,367.0,INDUSTRY,INTERVENTIONAL,2024-06-04,2025-07-25,"Beijing Pinggu Hospital, Beijing, China|Peking University People's Hospital, Beijing, China|Binzhou Medical University Hospital, Binzhou, China|Jilin Province FAW General Hospital, Changchun, China|The Second Hospital of Jilin University, Changchun, China|The First People's Hospital of Changde City, Changde, China|The First Hospital of Changsha City, Changsha, China|The Fourth Hospital of Changsha, Changsha, China|The Second Xiangya Hospital of Central South University, Changsha, China|The Third Xiangya Hospital of Central South University, Changsha, China|Bishan Hospital of Chongqing, Chongqing, China|People's Hospital of Deyang City, Deyang, China|Handan First Hospital, Handan, China|The Fourth Hospital of Harbin Medical University, Harbin, China|The Second People's Hospital of Huai'an, Huai'an, China|Huanggang Central Hospital, Huanggang, China|Huangshi Central Hospital, Huangshi, China|Huizhou Municipal Central Hospital, Huizhou, China|Jincheng General Hospital, Jincheng, China|Hebei Petro China Central Hospital, Langfang, China|The Second People's Hospital of Lianyungang, Lianyungang, China|Liaocheng People's Hospital, Liaocheng, China|Luoyang Third People's Hospital, Luoyang, China|The First Affiliated Hospital of Henan University of Science & Technology (Jinghua), Luoyang, China|The First Affiliated Hospital of Henan University of Science & Technology (Kaiyuan), Luoyang, China|The First Affiliated Hospital of Nanchang University, Nanchang, China|The Second Affiliated Hospital of Nanchang University, Nanchang, China|Nanjing Drum Tower Hospital - The Affiliated Hospital of Nanjing University Medical School, Nanjing, China|The Second Affiliated Hospital of Nanjing Medical University, Nanjing, China|Affiliated Hospital of Nantong University, Nantong, China|The First Affiliated Hospital of Nanyang Medical College, Nanyang, China|Panjin Liaohe Oilfield GEM Flower Hospital, Panjin, China|Pingxiang People's Hospital, Pingxiang, China|The First Hospital of Qiqihar, Qiqihar, China|Sanmenxia Central Hospital, Sanmenxia, China|Huadong Hospital Affiliated to Fudan University, Shanghai, China|Shanghai Sixth People's Hospital, Shanghai, China|Shengjing Hospital of China Medical University, Shenyang, China|The People's Hospital of Liaoning Province, Shenyang, China|Wuhan Third Hospital, Wuhan, China|The First Affiliated Hospital of Xi'an Jiaotong University, Xi'an, China|The Second Affiliated Hospital of Xi'an Jiaotong University, Xi'an, China|The Central Hospital of Xiangtan, Xiangtan, China|The First People's Hospital of Xiangtan City, Xiangtan, China|Xianyang Hospital of Yan'an University, Xianyang, China|Xuzhou Cancer Hospital, Xuzhou, China|The Second People's Hospital of Yibin, Yibin, China|Yiyang Central Hospital, Yiyang, China|Yueyang People's Hospital, Yueyang, China|Shandong Guoxinyiyang Group Zaozhuang Central Hospital, Zaozhuang, China|The Second Affiliated Hospital of Zhengzhou University, Zhengzhou, China|Affiliated Hospital of Jiangsu University, Zhenjiang, China|Zhumadian Central Hospital, Zhumadian, China",True,False,2024.0,2025.0,True,False
NCT06350890,Efficacy and Safety of Berberine Ursodeoxycholate (HTD1801) in Patients With Type 2 Diabetes,COMPLETED,T2DM (Type 2 Diabetes Mellitus),Shenzhen HighTide Biopharmaceutical Ltd.,ALL,"ADULT, OLDER_ADULT",PHASE3,408.0,INDUSTRY,INTERVENTIONAL,2023-11-05,2025-08-04,"Xuancheng People's Hospital, Xuancheng, Anhui, China|Beijing Pinggu Hospital, Beijing, Beijing Municipality, China|Fuwai Hospital, CAMS & PUMC, Beijing, Beijing Municipality, China|Peking Union Medical College Hospital, Beijing, Beijing Municipality, China|Peking University People's Hospital, Beijing, Beijing Municipality, China|Chongqing University Three Gorges Hospital, Chongqing, Chongqing Municipality, China|Nanfang Hospital, Southern Medical University, Guangzhou, Guangdong, China|Huizhou Municipal Central Hospital, Huizhou, Guangdong, China|Shenzhen People's Hospital, Shenzhen, Guangdong, China|Liuzhou People's Hospital, Liuzhou, Guangxi, China|Cangzhou Central Hospital, Cangzhou, Hebei, China|Handan First Hospital, Handan, Hebei, China|Hengshui People's Hospital (Harrison International Peace Hospital), Hengshui, Hebei, China|Hebei Petro China Central Hospital, Langfang, Hebei, China|The First Hospital of Hebei Medical University, Shijiazhuang, Hebei, China|The Fourth Affiliated Hospital of Harbin Medical University, Harbin, Heilongjiang, China|The First Hospital of Qiqihar, Qiqihar, Heilongjiang, China|The Third Affiliated Hospital of Qiqihar Medical University, Qiqihar, Heilongjiang, China|The First Affiliated Hospital of Henan University of Science & Technology (Jinghua), Luoyang, Henan, China|The First Affiliated Hospital of Henan University of Science & Technology (Kaiyuan), Luoyang, Henan, China|The First Affiliated Hospital of Nanyang Medical College, Nanyang, Henan, China|Zhumadian Central Hospital, Zhumadian, Henan, China|Huangshi Central Hospital, Huangshi, Hubei, China|Jingzhou Central Hospital, Jingzhou, Hubei, China|The Central Hospital of Wuhan, Wuhan, Hubei, China|The First People's Hospital of Changde City, Changde, Hunan, China|Hunan Provincial People's Hospital, Changsha, Hunan, China|Yueyang People's Hospital, Yueyang, Hunan, China|Baotou City Central Hospital, Baotou, Inner Mongolia, China|Inner Mongolia People's Hospital, Hohhot, Inner Mongolia, China|The First People's Hospital of Changzhou, Changzhou, Jiangsu, China|Huai'an First People's Hospital, Huai'an, Jiangsu, China|The Second People's Hospital of Lianyungang, Lianyungang, Jiangsu, China|Nanjing Drum Tower Hospital - The Affiliated Hospital of Nanjing University Medical School, Nanjing, Jiangsu, China|Nanjing First Hospital, Nanjing, Jiangsu, China|Nanjing Jiangning Hospital, Nanjing, Jiangsu, China|Sir Run Run Shaw Hospital Nanjing Medical University, Nanjing, Jiangsu, China|The Second Affiliated Hospital of Nanjing Medical University, Nanjing, Jiangsu, China|The Affiliated Hospital of Xuzhou Medical University, Xuzhou, Jiangsu, China|Affiliated Hospital of Jiangsu University, Zhenjiang, Jiangsu, China|Pingxiang People's Hospital, Pingxiang, Jiangxi, China|The Second Hospital of Jilin University, Changchun, Jilin, China|Tonghua Central Hospital, Tonghua, Jilin, China|Panjin Liaohe Oilfield Gem Flower Hospital, Panjin, Liaoning, China|The Sixth People's Hospital of Shenyang, Shenyang, Liaoning, China|Qinghai Provincial People's Hospital, Xining, Qinghai, China|The Second Affiliated Hospital of Shaanxi University of Chinese Medicine, Xianyang, Shaanxi, China|Jinan Central Hospital, Jinan, Shandong, China|Liaocheng People's Hospital, Liaocheng, Shandong, China|Shanghai East Hospital of Tongji University, Shanghai, Shanghai Municipality, China|The Third People's Hospital of Datong, Datong, Shanxi, China|Yuncheng Central Hospital, Yuncheng, Shanxi, China|People's Hospital of Tianjin, Tianjin, Tianjin Municipality, China|The First People's Hospital of Kashi, Kashgar, Xinjiang, China|The Second Affiliated Hospital of Kunming Medical University, Kunming, Yunnan, China|Huzhou Central Hospital, Huzhou, Zhejiang, China",True,False,2023.0,2025.0,True,False
NCT01735253,Prospective Observatonal Study for Effect of Duodenojejunal Bypass and Gastric Bypass on T2DM Patients,COMPLETED,Non Insulin Dependent Diabetes Mellitus,Inha University Hospital,ALL,"ADULT, OLDER_ADULT",,20.0,OTHER,INTERVENTIONAL,2009-12,2012-10,"Yoonseok Heo, Incheon, 400-712, South Korea",True,False,2009.0,2012.0,True,False
NCT00985114,Safety and Efficacy Study of EndoBarrier in Subjects With Type II Diabetes and Obesity,COMPLETED,Type II Diabetes,Morphic Medical Inc.,ALL,"ADULT, OLDER_ADULT",,77.0,INDUSTRY,INTERVENTIONAL,2009-10,2013-01,"Ziekenhuis Rijnstate Arnhem, Arnhem, Netherlands|Medisch Centrum Parkstad, Heerlen, Netherlands|University Hospital Maastricht, Maastricht, Netherlands",True,False,2009.0,2013.0,True,False
NCT01782092,Activator and Type II Diabetics,COMPLETED,Type II Diabetes,Life University,ALL,ADULT,,5.0,OTHER,OBSERVATIONAL,2012-08,2014-08,"Life University, Marietta, Georgia, 30060, United States",False,False,2012.0,2014.0,True,False
NCT01610934,The Effects of GLP-1 in Maturity-Onset Diabetes of The Young (MODY),COMPLETED,Maturity-onset Diabetes of the Young,"University Hospital, Gentofte, Copenhagen",ALL,"ADULT, OLDER_ADULT",PHASE2|PHASE3,15.0,OTHER,INTERVENTIONAL,2012-08,2013-08,"Diabetes research Division, University Hospital Gentofte, Hellerup, 2900, Denmark",True,False,2012.0,2013.0,True,False
NCT07580638,Chiglitazar Added to SGLT-2 Inhibitors for Type 2 Diabetes,NOT_YET_RECRUITING,T2DM (Type 2 Diabetes Mellitus),"Chipscreen Biosciences, Ltd.",ALL,"ADULT, OLDER_ADULT",,3550.0,INDUSTRY,OBSERVATIONAL,2026-07-18,2028-07-18,,True,False,2026.0,2028.0,True,False
NCT07639684,Impact of Endoscopic Sleeve Gastroplasty (ESG) in Obese Adults With Type 2 Diabetes (T2D),NOT_YET_RECRUITING,Type 2 Diabetes Mellitus (T2D)|Obesity (BMI>30),Boston Scientific Corporation,ALL,"ADULT, OLDER_ADULT",,50.0,INDUSTRY,INTERVENTIONAL,2027-02,2029-05,,True,False,2027.0,2029.0,True,False
NCT03467932,A Study to Evaluate the Efficacy and Safety of ORMD-0801 (Oral Insulin) in Patients With Type 2 Diabetes Mellitus,COMPLETED,T2DM (Type 2 Diabetes Mellitus),"Oramed, Ltd.",ALL,"ADULT, OLDER_ADULT",PHASE2,373.0,INDUSTRY,INTERVENTIONAL,2018-05-29,2020-02-18,"AA MRC, Flint, Michigan, 48504, United States",True,False,2018.0,2020.0,True,False
NCT04768673,A Study to Investigate the PK and Safety of CKD-393,COMPLETED,Type II Diabetes,Chong Kun Dang Pharmaceutical,ALL,ADULT,PHASE1,26.0,INDUSTRY,INTERVENTIONAL,2021-03-26,2021-04-27,"Severance Hospital, Seoul, Seodaemun-gu,, 03722, South Korea",False,False,2021.0,2021.0,True,False
NCT04715776,Supplementation of Brown Seaweed on Insulin Resistance of NAFLD Patients With Pre- or Type 2-Diabetes,UNKNOWN,Type II Diabetes,Taipei Medical University WanFang Hospital,ALL,"ADULT, OLDER_ADULT",,106.0,OTHER,INTERVENTIONAL,2018-12-10,2021-02-28,"Wanfang Hospital, Taipei, Wenshan District, 116, Taiwan",True,False,2018.0,2021.0,True,False
NCT03155087,PRKAA2 Genetic Polymorphisms and Its Susceptibility to Chinese Type 2 Diabetes Mellitus and Diabetic Nephropathy,COMPLETED,T2DM (Type 2 Diabetes Mellitus),People's Hospital of Zhengzhou University,ALL,"ADULT, OLDER_ADULT",,750.0,OTHER,OBSERVATIONAL,2013-06,2015-12,,True,False,2013.0,2015.0,True,False
NCT00889785,Situational Problem Solving in Adolescents With Type 2 Diabetes: Enhancing a Randomized Controlled Trial (RCT),COMPLETED,Adolescents With Type 2 Diabetes,Vanderbilt University,ALL,"CHILD, ADULT",,43.0,OTHER,INTERVENTIONAL,2009-06,2011-08,"Vanderbilt Univ Medical Center, Nashville, Tennessee, 37232, United States",False,True,2009.0,2011.0,True,False
NCT07244003,Efficacy and Safety of the Met+SGLT-2i+GLP-1RA in Patients With Type 2 Diabetes With Poor Glycemic Control,RECRUITING,T2DM (Type 2 Diabetes Mellitus),"Hangzhou Zhongmei Huadong Pharmaceutical Co., Ltd.",ALL,"ADULT, OLDER_ADULT",PHASE4,430.0,INDUSTRY,INTERVENTIONAL,2025-03-29,2028-06-30,"Tianjin Medical University General Hospital, Tianjin, Tianjin Municipality, China",True,False,2025.0,2028.0,True,False
NCT07362953,Paraclinical Cardiometabolic Risk Assessment in Type 2 Diabetes,COMPLETED,Dyslipidemia Associated With Type II Diabetes Mellitus,Tokat Gaziosmanpasa University,ALL,"ADULT, OLDER_ADULT",,2188.0,OTHER,OBSERVATIONAL,2025-03-01,2025-12-15,"Tokat Gaziosmanpaşa University Health Research and Application Hospital, Tokat Province, 60250, Turkey (Türkiye)",True,False,2025.0,2025.0,True,False
NCT05376930,Study to Evaluate the Long Term Safety and Efficacy of DWP16001 Compared to Placebo in the Treatment of T2DM.,COMPLETED,T2DM (Type 2 Diabetes Mellitus),Daewoong Pharmaceutical Co. LTD.,ALL,"ADULT, OLDER_ADULT",PHASE3,63.0,INDUSTRY,INTERVENTIONAL,2021-09-16,2022-05-31,"Daewoong pharmatceutical, Seoul, South Korea",True,False,2021.0,2022.0,True,False
NCT07519265,Bioequivalence Study of Chiglitazar/Metformin Extended-Release Tablets,NOT_YET_RECRUITING,T2DM (Type 2 Diabetes Mellitus),"Chipscreen Biosciences, Ltd.",ALL,ADULT,,64.0,INDUSTRY,INTERVENTIONAL,2026-07-09,2026-08-10,,False,False,2026.0,2026.0,True,False
NCT07511010,Food Effect and Multiple-Dose Study of Chiglitazar/Metformin Extended-Release Tablets,NOT_YET_RECRUITING,T2DM (Type 2 Diabetes Mellitus),"Chipscreen Biosciences, Ltd.",ALL,ADULT,PHASE1,28.0,INDUSTRY,INTERVENTIONAL,2026-10-08,2026-10-26,,False,False,2026.0,2026.0,True,False
NCT04754334,A Phase 3 Study to Evaluate the Efficacy and Safety of ORMD-0801 in Subjects With Type 2 Diabetes Mellitus,TERMINATED,T2DM (Type 2 Diabetes Mellitus),"Oramed, Ltd.",ALL,"ADULT, OLDER_ADULT",PHASE3,346.0,INDUSTRY,INTERVENTIONAL,2021-03-16,2023-01-13,"Research Institute of South Florida, Inc. (PHARMASEEK), Coral Gables, Florida, 33124, United States",True,False,2021.0,2023.0,True,False
NCT07412015,Pilot Bioequivalence Study of Chiglitazar/Metformin Extended-Release Tablets,NOT_YET_RECRUITING,T2DM (Type 2 Diabetes Mellitus),"Chipscreen Biosciences, Ltd.",ALL,ADULT,,24.0,INDUSTRY,INTERVENTIONAL,2026-05-27,2026-06-29,,False,False,2026.0,2026.0,True,False
NCT05376969,Evaluate the Long Term Safety and Efficacy of DWP16001 add-on to Metformin in Patients With T2DM Inadequately Controlled on Metformin,COMPLETED,T2DM (Type 2 Diabetes Mellitus),Daewoong Pharmaceutical Co. LTD.,ALL,"ADULT, OLDER_ADULT",PHASE3,159.0,INDUSTRY,INTERVENTIONAL,2021-05-25,2022-05-16,"Daewoong pharmatceutical, Seoul, South Korea",True,False,2021.0,2022.0,True,False
NCT07188935,Glycemia and Antibiotic Efficacy in Diabetic Recurrent UTIs,COMPLETED,T2DM (Type 2 Diabetes Mellitus),Al-Mustansiriyah University,ALL,"ADULT, OLDER_ADULT",,99.0,OTHER,INTERVENTIONAL,2024-10-30,2025-06-20,"Al-Zahraa Teaching Hospital, Wasit, Iraq, Kut, Wasit Governorate, 52001, Iraq",True,False,2024.0,2025.0,True,False
NCT04218305,Fetuin-A as a Marker in Obesity and Type 2 Diabetes Mellitus,COMPLETED,Diabete Type 2,Minia University,ALL,ADULT,,400.0,OTHER,OBSERVATIONAL,2016-01-01,2016-03-01,,False,False,2016.0,2016.0,True,False
NCT05268237,"Safety, Tolerability and Preliminary Efficacy of Sublingual Liraglutide in Patients With Type 2 Diabetes Mellitus",RECRUITING,Diabete Type 2,Biolingus,ALL,"ADULT, OLDER_ADULT",PHASE1|PHASE2,15.0,INDUSTRY,INTERVENTIONAL,2023-04-25,2026-03,"Clinical Trials Unit, Chinese University of Hong Kong, Hong Kong, Hong Kong",True,False,2023.0,2026.0,True,False
NCT00318656,24-Hour Glycemia: Rosiglitazone Versus Glimepiride In Type 2 Diabetes,COMPLETED,Non-Insulin-Dependent Diabetes Mellitus,GlaxoSmithKline,ALL,"ADULT, OLDER_ADULT",PHASE4,23.0,INDUSTRY,INTERVENTIONAL,2005-11,2007-10,,True,False,2005.0,2007.0,True,False
NCT01980459,Magnesium Treatment of Inflammation in Disorders of Glucose Homeostasis,COMPLETED,Non-Insulin Dependent Diabetes Mellitus,George Washington University,ALL,"ADULT, OLDER_ADULT",PHASE1,47.0,OTHER,INTERVENTIONAL,2013-10,2016-07,"The Dasman Diabetes Institute, Kuwait City, Kuwait",True,False,2013.0,2016.0,True,False
NCT07149311,Effectiveness of Diabetes Self-management Education on Glycaemic Control in Patients With T2DM,COMPLETED,Diabete Type 2,Komfo Anokye Teaching Hospital,ALL,"ADULT, OLDER_ADULT",,74.0,OTHER,INTERVENTIONAL,2024-02-06,2024-10-30,"Komfo Anokye Teaching Hospital, Kumasi, Ghana",True,False,2024.0,2024.0,True,False
NCT04634500,The Efficacy and Safety of DWP16001 in Combination With Metformin in Patients With Type 2 Diabetes.,COMPLETED,T2DM (Type 2 Diabetes Mellitus),Daewoong Pharmaceutical Co. LTD.,ALL,"ADULT, OLDER_ADULT",PHASE3,200.0,INDUSTRY,INTERVENTIONAL,2020-11-18,2021-11-03,"Daewoong pharmatceutical, Soeul, South Korea",True,False,2020.0,2021.0,True,False
NCT02910076,The Influence of Plaquenil/Hydroxychloroquine (HCQ) on Insulin Secretion,UNKNOWN,Diabetes Type Two,Hadassah Medical Organization,MALE,ADULT,PHASE1|PHASE2,40.0,OTHER,INTERVENTIONAL,2016-10,,,False,False,2016.0,,True,False
NCT06254274,A Study of RAY1225 in Participants With Type 2 Diabetes,ACTIVE_NOT_RECRUITING,T2DM (Type 2 Diabetes Mellitus),"Guangdong Raynovent Biotech Co., Ltd",ALL,"ADULT, OLDER_ADULT",PHASE2,210.0,INDUSTRY,INTERVENTIONAL,2024-02-26,2025-12-20,"Peking University People's Hospital, Beijingcun, Hebei, China",True,False,2024.0,2025.0,True,False
NCT06385626,The Effects of Raspberry Leaf Tea on Blood Glucose Control,UNKNOWN,Type II Diabetes,University of Reading,ALL,"ADULT, OLDER_ADULT",,20.0,OTHER,INTERVENTIONAL,2023-12-18,2024-12-23,"Hugh Sinclair Unit of Human Nutrition, University of Reading, Reading, Berkshire, RG6 5SG, United Kingdom",True,False,2023.0,2024.0,True,False
NCT03596177,A Study to Evaluate the Effect of MEDI0382 on Energy Balance in Overweight and Obese Participants With Type 2 Diabetes Mellitus,COMPLETED,"Diabetes Mellitus, Type II|Obesity",MedImmune LLC,ALL,"ADULT, OLDER_ADULT",PHASE2,28.0,INDUSTRY,INTERVENTIONAL,2018-09-26,2019-12-22,"Research Site, Cambridge, CB2 0QQ, United Kingdom",True,False,2018.0,2019.0,True,False
NCT00359112,AVANDAMET Versus Metformin And Sulphonylurea In People With Poorly Controlled Type 2 Diabetes,COMPLETED,Non-Insulin-Dependent Diabetes Mellitus,GlaxoSmithKline,ALL,"ADULT, OLDER_ADULT",PHASE3,544.0,INDUSTRY,INTERVENTIONAL,2004-02,,"GSK Investigational Site, Bruges, 8000, Belgium|GSK Investigational Site, Brussels, 1030, Belgium|GSK Investigational Site, Brussels, 1210, Belgium|GSK Investigational Site, Champion, 5020, Belgium|GSK Investigational Site, Heverlee, 3001, Belgium|GSK Investigational Site, Landen, 3400, Belgium|GSK Investigational Site, Oostham, 3945, Belgium|GSK Investigational Site, Petit-Rechain, 4800, Belgium|GSK Investigational Site, Pulle, 2243, Belgium|GSK Investigational Site, Tessenderlo, 3980, Belgium|GSK Investigational Site, Tremelo, 3120, Belgium|GSK Investigational Site, Willebroek, 2830, Belgium|GSK Investigational Site, Roubaix, Hauts-de-France, 59100, France|GSK Investigational Site, Anzin, 59410, France|GSK Investigational Site, Briollay, 49125, France|GSK Investigational Site, Commelle, 42120, France|GSK Investigational Site, Cremeaux, 42260, France|GSK Investigational Site, Évron, 53600, France|GSK Investigational Site, Laval, 53000, France|GSK Investigational Site, Louverné, 53950, France|GSK Investigational Site, Lyon, 69007, France|GSK Investigational Site, Paris, 75015, France|GSK Investigational Site, Roanne, 42300, France|GSK Investigational Site, Saint-Ouen, 93400, France|GSK Investigational Site, Sainte-Suzanne, 53270, France|GSK Investigational Site, Segré, 49500, France|GSK Investigational Site, Vénissieux, 69200, France|GSK Investigational Site, Güglingen, Baden-Wurttemberg, 74363, Germany|GSK Investigational Site, Kippenheim, Baden-Wurttemberg, 77971, Germany|GSK Investigational Site, Königsfeld im Schwarzwald, Baden-Wurttemberg, 78126, Germany|GSK Investigational Site, Waldshut-Tiengen, Baden-Wurttemberg, 79961, Germany|GSK Investigational Site, Weinheim, Baden-Wurttemberg, 69469, Germany|GSK Investigational Site, Grafing, Bavaria, 85567, Germany|GSK Investigational Site, Herzogenaurach, Bavaria, 91074, Germany|GSK Investigational Site, Immenstadt im Allgäu, Bavaria, 87509, Germany|GSK Investigational Site, Oberteisendorf, Bavaria, 83317, Germany|GSK Investigational Site, Saaldorf, Bavaria, 83416, Germany|GSK Investigational Site, Wallerfing, Bavaria, 94574, Germany|GSK Investigational Site, Würzburg, Bavaria, 97072, Germany|GSK Investigational Site, Großalmerode, Hesse, 37247, Germany|GSK Investigational Site, Einbeck, Lower Saxony, 37574, Germany|GSK Investigational Site, Hanover, Lower Saxony, 30519, Germany|GSK Investigational Site, Isernhagen-Süd, Lower Saxony, 30916, Germany|GSK Investigational Site, Papenburg, Lower Saxony, 26871, Germany|GSK Investigational Site, Beckum, North Rhine-Westphalia, 59269, Germany|GSK Investigational Site, Bergkamen-Rünthe, North Rhine-Westphalia, 59192, Germany|GSK Investigational Site, Bochum, North Rhine-Westphalia, 44869, Germany|GSK Investigational Site, Cologne, North Rhine-Westphalia, 51069, Germany|GSK Investigational Site, Dinslaken, North Rhine-Westphalia, 46537, Germany|GSK Investigational Site, Dortmund, North Rhine-Westphalia, 44137, Germany|GSK Investigational Site, Essen, North Rhine-Westphalia, 45134, Germany|GSK Investigational Site, Essen, North Rhine-Westphalia, 45359, Germany|GSK Investigational Site, Goch, North Rhine-Westphalia, 47574, Germany|GSK Investigational Site, Viersen, North Rhine-Westphalia, 41749, Germany|GSK Investigational Site, Mainz, Rhineland-Palatinate, 55116, Germany|GSK Investigational Site, Neuwied, Rhineland-Palatinate, 56564, Germany|GSK Investigational Site, Rhaunen, Rhineland-Palatinate, 55624, Germany|GSK Investigational Site, Speyer, Rhineland-Palatinate, 67346, Germany|GSK Investigational Site, Saarlouis, Saarland, 66740, Germany|GSK Investigational Site, Dresden, Saxony, 01219, Germany|GSK Investigational Site, Wolmirstedt, Saxony-Anhalt, 39326, Germany|GSK Investigational Site, Elmshorn, Schleswig-Holstein, 25335, Germany|GSK Investigational Site, Blanchardstown, 15, Ireland|GSK Investigational Site, Dublin, 8, Ireland|GSK Investigational Site, Dublin, 9, Ireland|GSK Investigational Site, Bologna, Emilia-Romagna, 40138, Italy|GSK Investigational Site, Ferrara, Emilia-Romagna, 44100, Italy|GSK Investigational Site, Ravenna, Emilia-Romagna, 48100, Italy|GSK Investigational Site, Arenzano (GE), Liguria, 16011, Italy|GSK Investigational Site, Genoa, Liguria, 16132, Italy|GSK Investigational Site, Sassari, Sardinia, 07100, Italy|GSK Investigational Site, Città Di Castello (PG), Umbria, 06012, Italy|GSK Investigational Site, Terni, Umbria, 05100, Italy|GSK Investigational Site, Kaunas, LT-44320, Lithuania|GSK Investigational Site, Kaunas, LT-49335, Lithuania|GSK Investigational Site, Vilnius, LT-07156, Lithuania|GSK Investigational Site, Vilnius, LT-08661, Lithuania|GSK Investigational Site, Tijuana, Baja California Norte, 22320, Mexico|GSK Investigational Site, Durango, Durango, 3400, Mexico|GSK Investigational Site, Pachuca, Hidalgo, 42039, Mexico|GSK Investigational Site, Guadalajara, Jalisco, 44340, Mexico|GSK Investigational Site, Mexico City, 11850, Mexico|GSK Investigational Site, Beek en Donk, 5741 CG, Netherlands|GSK Investigational Site, Beerzerveld, 7685 PG, Netherlands|GSK Investigational Site, Heerlen, 6416 EG, Netherlands|GSK Investigational Site, Hoogvliet, 3192 JN, Netherlands|GSK Investigational Site, Landgraaf, 6373 JS, Netherlands|GSK Investigational Site, Musselkanaal, 9581 AJ, Netherlands|GSK Investigational Site, Oude Pekela, 9665 AR, Netherlands|GSK Investigational Site, Spijkenisse, 3207 NB, Netherlands|GSK Investigational Site, The Hague, 2582 LJ, Netherlands|GSK Investigational Site, Woerden, 3443 GG, Netherlands|GSK Investigational Site, Zaandam, 1504 JA, Netherlands|GSK Investigational Site, Zieuwent, 7136 KH, Netherlands|GSK Investigational Site, Alcobendas/Madrid, 28100, Spain|GSK Investigational Site, Alcora/Castellón, 12110, Spain|GSK Investigational Site, Alicante, Spain|GSK Investigational Site, Alzira, 46600, Spain|GSK Investigational Site, Artana/Castellón, 12527, Spain|GSK Investigational Site, Barcelona, 08015, Spain|GSK Investigational Site, Barcelona, 08022, Spain|GSK Investigational Site, Benicassim (Castellon), Spain|GSK Investigational Site, Cadiz, 11009, Spain|GSK Investigational Site, Castellon, Spain|GSK Investigational Site, Cáceres, 10004, Spain|GSK Investigational Site, Girona, Spain|GSK Investigational Site, Granada, 18014, Spain|GSK Investigational Site, Madrid, 28034, Spain|GSK Investigational Site, Madrid, 28037, Spain|GSK Investigational Site, Madrid, 28041, Spain|GSK Investigational Site, Madrid, 28046, Spain|GSK Investigational Site, Málaga, 29009, Spain|GSK Investigational Site, Mérida, 6800, Spain|GSK Investigational Site, Móstoles/Madrid, 28935, Spain|GSK Investigational Site, Onda (Castellon), Spain|GSK Investigational Site, Pontevedra, 36002, Spain|GSK Investigational Site, Sabadell (Barcelona), 08208, Spain|GSK Investigational Site, Sant Joan d'Alacant, 3550, Spain|GSK Investigational Site, Santa Coloma de Gramanet (Barcelona), 08923, Spain|GSK Investigational Site, Tarrasa, Barcelona, 08221, Spain|GSK Investigational Site, Valencia, 46010, Spain|GSK Investigational Site, Bern, 3007, Switzerland|GSK Investigational Site, Emmenbrücke, 6020, Switzerland|GSK Investigational Site, Gettnau, 6142, Switzerland|GSK Investigational Site, Jegenstorf, 3303, Switzerland|GSK Investigational Site, Lucerne, 6004, Switzerland|GSK Investigational Site, Lugano, 6900, Switzerland|GSK Investigational Site, Pregassona, 6963, Switzerland|GSK Investigational Site, Salmsach, 8599, Switzerland|GSK Investigational Site, St-Maurice, 1890, Switzerland|GSK Investigational Site, Steckborn, 8266, Switzerland|GSK Investigational Site, Winterthur, 8400, Switzerland|GSK Investigational Site, Winterthur, 8405, Switzerland|GSK Investigational Site, Zurich, 8046, Switzerland|GSK Investigational Site, Zurich, 8050, Switzerland|GSK Investigational Site, Glasgow, Lanarkshire, G3 8YJ, United Kingdom|GSK Investigational Site, Glasgow, Lanarkshire, G69 7AD, United Kingdom|GSK Investigational Site, Blackpool, Lancashire, FY4 3AD, United Kingdom|GSK Investigational Site, Bath, Somerset, BA1 3NG, United Kingdom|GSK Investigational Site, Bristol, BS2 8HW, United Kingdom|GSK Investigational Site, Leeds, LS12 1JE, United Kingdom|GSK Investigational Site, Sheffield, S5 7AU, United Kingdom",True,False,2004.0,,True,False
NCT01384045,Outreach for Diabetes Cure,COMPLETED,Type II Diabetes,"University of Colorado, Denver",ALL,"ADULT, OLDER_ADULT",,2800.0,OTHER,INTERVENTIONAL,2009-02,2011-06,"University of Colorado Hopspital, Aurora, Colorado, 80045, United States",True,False,2009.0,2011.0,True,False
NCT03662217,Personalized Nutrition for Diabetes Type 2,UNKNOWN,Diabetes Type 2,DayTwo,ALL,"ADULT, OLDER_ADULT",,200.0,INDUSTRY,INTERVENTIONAL,2018-10-28,2020-03,"The Edith Wolfson Medical Center, Holon, 5822012, Israel|Diabetes Medical Center, Tel Aviv, 6937947, Israel",True,False,2018.0,2020.0,True,False
NCT05881213,"Clinical Trial to Investigate the Pharmacokinetics and Safety After Oral Administration of CKD-378 and Co-administration of D745, D150, D029 in Healthy Adults",COMPLETED,Type II Diabetes,Chong Kun Dang Pharmaceutical,ALL,ADULT,PHASE1,23.0,INDUSTRY,INTERVENTIONAL,2023-06-01,2023-07-10,"Severance Hospital, Yonsei University College of Medicine, Seoul, South Korea",False,False,2023.0,2023.0,True,False
NCT00269061,"Study In Patients With Type 2 Diabetes Who Are Taking Metformin And Sulfonylurea, Metformin And Insulin, Or Insulin",COMPLETED,Non-Insulin-Dependent Diabetes Mellitus,GlaxoSmithKline,ALL,"ADULT, OLDER_ADULT",PHASE1,32.0,INDUSTRY,INTERVENTIONAL,2006-01,,"GSK Investigational Site, Belmont, Massachusetts, 02478, United States",True,False,2006.0,,True,False
NCT05741437,A Clinical Trial to Compare and Evaluate the Safety and Pharmacokinetics of CKD-378,COMPLETED,Type II Diabetes,Chong Kun Dang Pharmaceutical,ALL,ADULT,PHASE1,24.0,INDUSTRY,INTERVENTIONAL,2023-04-11,2023-09-05,"Severance Hospital, Seoul, Seodaemun-gu, 03722, South Korea",False,False,2023.0,2023.0,True,False
NCT04639492,Postbiotic MBS and Metformin Combination in Patients With T2DM,COMPLETED,Type-II Diabetes,Microbio Co Ltd,ALL,"ADULT, OLDER_ADULT",,14.0,INDUSTRY,INTERVENTIONAL,2020-11-02,2022-09-23,"Microbio Investigative Site, Taipei, 106, Taiwan",True,False,2020.0,2022.0,True,False
NCT05983289,Single Escalating Dose Study Of HSK7653 In Healthy Subjects,COMPLETED,T2DM (Type 2 Diabetes Mellitus),"Haisco Pharmaceutical Group Co., Ltd.",ALL,ADULT,PHASE1,62.0,INDUSTRY,INTERVENTIONAL,2018-05-08,2019-07-03,"Peking Union Medical College Hospital, Beijing, Beijing Municipality, 100032, China",False,False,2018.0,2019.0,True,False
NCT07186686,Feasibility Study of AMENUCED Program in Type 2 Diabetes,COMPLETED,Diabete Type 2,Universidad de Sonora,ALL,"ADULT, OLDER_ADULT",,5.0,OTHER,INTERVENTIONAL,2025-09-18,2025-12-12,"Centro de Promoción de Salud Nutricional (CPSN), Hermosillo, Sonora 83000, Hermosillo, Sonora, 83000, Mexico",True,False,2025.0,2025.0,True,False
NCT00156897,Efficacy and Safety of ATL-962 in Obese Diabetics,COMPLETED,Non-Insulin-Dependent Diabetes Mellitus|Obesity,Alizyme,ALL,"ADULT, OLDER_ADULT",PHASE2,600.0,INDUSTRY,INTERVENTIONAL,2004-12,2005-10,"Aalborg Sygehus Nord, Aalborg, Denmark|Aarhus University Hospital, Aarhus, DK-8000, Denmark|Bispebjerg Hospital, Copenhagen, DK-2400, Denmark|Gentofte Hospital, Hellerup, DK-2900, Denmark|Hvidovre Hospital, Hvidovre, DK-2650, Denmark|Odense University Hospital, Odense, Denmark|Lääkärikeskus Minerva, Eura, 27510, Finland|Obesity Research Unit, Helsinki, 00100, Finland|Suomen Terveystalo, Jyväskylä, 40100, Finland|Oy Foodfiles Limited, Kuopio, Finland|Oulun Diakonissalaitos, Oulu, 90100, Finland|University of Oulu, Oulu, Finland|Turku University Hospital, Turku, 20520, Finland|Allevon, Den Bosch Ziekenhuis, Netherlands|Allevon, DN de Bilt, Netherlands|Zeikenhuisgroep Twente, Hengelo, Netherlands|Nederlandse Obesitas Klinik, Hilversum, Netherlands|Sint Franciscus Gasthuis, Rotterdam, Netherlands|Sahlgrenska University Hospital, Gothenburg, Sweden|Linkoping University Hospital, Linköping, Sweden|Karolinsaka University Hospital, Stockholm, Sweden|Norrlands Universitetssjukhus, Umeå, Sweden|Samariterhemmets Sjukhus, Uppsala, Sweden|Aberdeen Royal Infirmary, Aberdeen, United Kingdom|Royal United Hospital, Bath, United Kingdom|Clinical Research Centre Edgbaston, Birmingham, United Kingdom|Walsgrave Hospital, Coventry, United Kingdom|Glasgow Royal Infirmary, Glasgow, United Kingdom|Clinical Research Centre, Crosby, Liverpool, United Kingdom|Liverpool University Hospital, Liverpool, United Kingdom|Queen Mary's School of Medicine & Dentistry, London, E1 2AA, United Kingdom|Hammersmith Hospital, London, United Kingdom|Luton & Dunstable Hospital, Luton, United Kingdom|Clinical Research Centre, Manchester, United Kingdom|James Cook University Hospital, Middlesbrough, United Kingdom|Royal Shrewsbury Hospital, Shrewsbury, United Kingdom|Clinical Research Centre, Wigan, United Kingdom",True,False,2004.0,2005.0,True,False
NCT05272839,Association Between Natural Hypoglycemic Foods and Blood Sugar Level: A Pilot Study,UNKNOWN,Type II Diabetes,Antenna Foundation,ALL,"ADULT, OLDER_ADULT",,124.0,OTHER,INTERVENTIONAL,2022-04,2024-07,,True,False,2022.0,2024.0,True,False
NCT03024788,Determination of the Optimum Cut-off Value of Type 2 Diabetes Diagnosis Among Chinese Population(SENSIBLE STUDY II),UNKNOWN,Type II Diabetes,Zhongda Hospital,ALL,"ADULT, OLDER_ADULT",,6000.0,OTHER,OBSERVATIONAL,2017-01,2020-12,,True,False,2017.0,2020.0,True,False
NCT05108350,A Study to Assess the Bioequivalence of Fixed Dose Combination of HR20033 Relative to Co-administration of the Individual Components in Healthy Chinese Subjects,UNKNOWN,Type II Diabetes,"Shandong Suncadia Medicine Co., Ltd.",ALL,ADULT,PHASE1,80.0,INDUSTRY,INTERVENTIONAL,2021-11-09,2021-12-10,,False,False,2021.0,2021.0,True,False
NCT05176210,"Safety, Pharmacokinetics, and Food Effect of PS1 in Subjects",COMPLETED,Type II Diabetes,Pharmasaga Co. Ltd.,ALL,"ADULT, OLDER_ADULT",PHASE1,75.0,INDUSTRY,INTERVENTIONAL,2023-12-22,2026-06-05,"Mingche Liu, Taipei, Taiwan",True,False,2023.0,2026.0,True,False
NCT06055582,To Study the Effects of Mango Ingestion in T2DM and Non-diabetic Subjects.,COMPLETED,Normoglycemia|T2DM (Type 2 Diabetes Mellitus),"Diabetes Foundation, India",ALL,ADULT,,130.0,OTHER,INTERVENTIONAL,2022-02-11,2023-03-01,"Fortis CDOC Hospital, New Delhi, National Capital Territory of Delhi, 110048, India",False,False,2022.0,2023.0,True,False
NCT05120219,A Study to Assess the Effect of Food on HR20033 and Pharmacokinetic After Multiple Dose in Healthy Volunteers,UNKNOWN,Type II Diabetes,"Shandong Suncadia Medicine Co., Ltd.",ALL,ADULT,PHASE1,28.0,INDUSTRY,INTERVENTIONAL,2021-10-13,2021-12-20,"The Second Affiliated Hospital of Anhui Medical University, Hefei, Anhui, 230031, China",False,False,2021.0,2021.0,True,False
NCT07524166,Empowerment-Based Health Education and Type 2 Diabetes Mellitus,COMPLETED,"Diabetes|Diabete Mellitus|Diabetes Mellitus, Type 2",Eotvos Lorand University,ALL,"ADULT, OLDER_ADULT",,50.0,OTHER,INTERVENTIONAL,2025-08-01,2025-12-31,"Jiaxing University, Jiaxing, Zhejiang, 314001, China",True,False,2025.0,2025.0,True,False
NCT05325710,Assessment of Personalized Follow-up in Prevention of Type 2 Diabetes,RECRUITING,Diabete Type 2,GCS Ramsay Santé pour l'Enseignement et la Recherche,ALL,"ADULT, OLDER_ADULT",,230.0,OTHER,INTERVENTIONAL,2022-03-20,2028-04-01,"Clinique Aguiléra, Biarritz, Aquitaine, 64200, France",True,False,2022.0,2028.0,True,False
NCT05369078,"Safety, Tolerance and Pharmacokinetics of THR-1442 in Chinese Healthy Subjects",UNKNOWN,T2DM (Type 2 Diabetes Mellitus),"Newsoara Biopharma Co., Ltd.",ALL,ADULT,PHASE1,16.0,INDUSTRY,INTERVENTIONAL,2021-12-01,2022-05-31,"Hangzhou First People's hospital, Hangzhou, Zhejiang, China",False,False,2021.0,2022.0,True,False
NCT03341793,Impact of Changes in Muscle Secretome in the Remission of Type 2 Diabetes Mellitus Induced by Bariatric Surgery,UNKNOWN,Diabete Type 2,Cliniques universitaires Saint-Luc- Université Catholique de Louvain,ALL,"ADULT, OLDER_ADULT",,40.0,OTHER,INTERVENTIONAL,2017-11-14,2021-10-01,"Cliniques universitaires Saint-Luc, Brussels, 1200, Belgium",True,False,2017.0,2021.0,True,False
NCT02556840,Impact on Birth Weight of Two Therapeutic Strategies (Insulin Therapy From the Beginning of Pregnancy vs. Insulin Therapy Initiated According to Fetal Growth Evaluated by Ultrasonography Measurements) in Pregnant Women With Monogenic Diabetes,COMPLETED,Maturity-Onset Diabetes of the Young,Assistance Publique - Hôpitaux de Paris,FEMALE,"ADULT, OLDER_ADULT",,46.0,OTHER,INTERVENTIONAL,2016-04-25,2020-12-09,"La Pitié Salpêtrière Hospital, Paris, 75651, France",True,False,2016.0,2020.0,True,False
NCT07467967,Impact of Date Consumption on Metabolic Control and Oxidative Stress in Patients With Type 2 Diabetes,NOT_YET_RECRUITING,Diabete Type 2,University Tunis El Manar,ALL,"ADULT, OLDER_ADULT",,130.0,OTHER,INTERVENTIONAL,2026-07-15,2027-12-31,"La Rabta Hospital , Endocrinology Department, Tunis, 1, Tunisia",True,False,2026.0,2027.0,True,False
NCT01927562,Initial Clinical Evaluation of an Endoscopic Therapy for Type 2 Diabetes,COMPLETED,Type II Diabetes,Fractyl Health Inc.,ALL,"ADULT, OLDER_ADULT",,57.0,INDUSTRY,INTERVENTIONAL,2013-07-13,2018-03-16,"INDISA, Santiago, Chile",True,False,2013.0,2018.0,True,False
NCT01207934,Recombinant Human Leptin Therapy Effects on Insulin Action,COMPLETED,Type Two Diabetes Mellitus,Washington University School of Medicine,ALL,"ADULT, OLDER_ADULT",,18.0,OTHER,INTERVENTIONAL,1998-08,2000-07,"Washington University School of Medicine, St Louis, Missouri, 63110, United States",True,False,1998.0,2000.0,True,False
NCT00856908,Safety and Tolerability After Four Weeks of Treatment With AZD1656 in Patients With Type 2 Diabetes,COMPLETED,Type II Diabetes,AstraZeneca,ALL,"ADULT, OLDER_ADULT",PHASE2,20.0,INDUSTRY,INTERVENTIONAL,2009-02,2009-08,"Research Site, Chula Vista, California, United States",True,False,2009.0,2009.0,True,False
NCT04970940,The Drug-drug Interaction Study of AJU-A51R1 and AJU-A51R2,COMPLETED,T2DM (Type 2 Diabetes Mellitus),"AJU Pharm Co., Ltd.",ALL,"ADULT, OLDER_ADULT",PHASE1,30.0,INDUSTRY,INTERVENTIONAL,2020-07-02,2020-12-31,"Min-gul Kim, Jeonju, Korea, South Korea",True,False,2020.0,2020.0,True,False
NCT04540016,Mass Balance and Biotransformation of [14C]HSK7653 in Human,COMPLETED,Type II Diabetes,"Sichuan Haisco Pharmaceutical Group Co., Ltd",MALE,ADULT,PHASE1,6.0,INDUSTRY,INTERVENTIONAL,2020-11-15,2021-01-21,"the First Affilicated Hospital of Soochow University, Suzhou, China",False,False,2020.0,2021.0,True,False
NCT05455242,Habit Formation for Diabetes Self-Management,COMPLETED,Diabete Type 2,Des Moines University,ALL,"ADULT, OLDER_ADULT",,8.0,OTHER,INTERVENTIONAL,2021-01-16,2021-12-30,"Creighton University, Omaha, Nebraska, 68131, United States",True,False,2021.0,2021.0,True,False
NCT04706286,Clinical Trial to Investigate the Pharmacokinetics and Safety of CKD-393,UNKNOWN,T2DM (Type 2 Diabetes Mellitus),Chong Kun Dang Pharmaceutical,ALL,ADULT,PHASE1,26.0,INDUSTRY,INTERVENTIONAL,2021-02-18,2021-04-05,"Severance Hospital, Seoul, South Korea",False,False,2021.0,2021.0,True,False
NCT07563699,"Safety, Tolerability and Efficacy of Semaglutide Depot in Subjects With Type-2 Diabetes Mellitus",NOT_YET_RECRUITING,Diabete Type 2,Mapi Pharma Ltd.,ALL,ADULT,PHASE1|PHASE2,24.0,INDUSTRY,INTERVENTIONAL,2026-07,2028-05,"Mapi pharma Investigational Site ISR001, Tel Aviv, 6423906, Israel",False,False,2026.0,2028.0,True,False
NCT04499846,Educational Intervention Targeting Statin Therapy and Compliance in Diabetic Patients,COMPLETED,Type II Diabetes,Lille Catholic University,ALL,"ADULT, OLDER_ADULT",,96.0,OTHER,OBSERVATIONAL,2020-06-11,2021-05-07,"Hôpital Saint-philibert, Lomme, Hauts-de-France, 59462, France",True,False,2020.0,2021.0,True,False
NCT01698528,Evaluation of a Prototype Diabetes Management System Applied to Insulin Initiation and Titration,COMPLETED,Type II Diabetes,Joslin Diabetes Center,ALL,"ADULT, OLDER_ADULT",,40.0,OTHER,INTERVENTIONAL,2012-10,2015-10,"Joslin Diabetes Center, Boston, Massachusetts, 02215, United States",True,False,2012.0,2015.0,True,False
NCT06846411,The EMPA-FIT Study,RECRUITING,"Diabetes|Diabetes Mellitus, Type II",Seoul National University Bundang Hospital,ALL,"ADULT, OLDER_ADULT",PHASE4,46.0,OTHER,INTERVENTIONAL,2024-01-01,2025-12-31,"SNUBH, Seongnam, South Korea",True,False,2024.0,2025.0,True,False
NCT07549373,"Effect of Diode Laser, Gudmar and Vinegar in Diabetic Patients During Root Canal Treatment",RECRUITING,Diabete Type 2,Sharda University,ALL,ADULT,,90.0,OTHER,INTERVENTIONAL,2026-05-01,2027-05-01,"Dr Lakshmi Pandey, Noida, Uttar Pradesh, 201310, India",False,False,2026.0,2027.0,True,False
NCT07518121,A Bridging Study of Efsubaglutide Alfa in Healthy Adults in Brazil,NOT_YET_RECRUITING,Diabete Type 2,"Shanghai Yinnuo Pharmaceutical Technology Co., Ltd.",ALL,ADULT,PHASE1,48.0,OTHER,INTERVENTIONAL,2026-06-01,2026-10-31,"A2Z Clinical Centro Avançado de Pesquisa Clínica LTDA, Valinhos, São Paulo, 13271-130, Brazil",False,False,2026.0,2026.0,True,False
NCT07552389,Clinical Trial to Evaluate the Efficacy and Safety of Monotherapy Group of HL1113R1 or HL1113R2 Versus HL1113 (Fixed Dose Combination) in Patients With Essential Hypertension and Type II Diabetes Mellitus,RECRUITING,Hypertension|Diabete Type 2,"Hanlim Pharm. Co., Ltd.",ALL,"ADULT, OLDER_ADULT",PHASE3,228.0,INDUSTRY,INTERVENTIONAL,2025-12-18,2028-12,"The Catholic University of Korea Bucheon St. Mary's Hospital, Seoul, South Korea",True,False,2025.0,2028.0,True,False
NCT07495787,Magnetic Compression Anastomosis Procedure for Partial Jejunoileal Anastomosis: Assessing the Viability of an Innovative Metabolic Approach,RECRUITING,Diabete Type 2,iIDEAS Group Holdings Limited,ALL,"ADULT, OLDER_ADULT",,5.0,INDUSTRY,INTERVENTIONAL,2025-04-22,2026-09-30,"AB Plus Speciality Hospital, Ahmedabad, Gujarat, 380054, India",True,False,2025.0,2026.0,True,False
NCT07675551,Peel Family Diabetes Prevention Program,RECRUITING,Diabete Type 2,Trillium Health Partners,ALL,"CHILD, ADULT, OLDER_ADULT",,280.0,OTHER,INTERVENTIONAL,2026-05-20,2028-03-31,"Wellfort Community Health Services, Brampton, Ontario, L6T 3J1, Canada|Punjabi Community Health Services (PCHS), Brampton, Ontario, L6T 3T6, Canada",True,True,2026.0,2028.0,True,False
NCT03646799,Pharmacokinetics and Safety/Tolerability After Oral Administration of CKD-387 and D484 in Healthy Adults,UNKNOWN,Type II Diabetes,Chong Kun Dang Pharmaceutical,ALL,ADULT,PHASE1,36.0,INDUSTRY,INTERVENTIONAL,2018-08-30,2018-09-14,"Yonsei University Severance Hospital, Soeul, South Korea",False,False,2018.0,2018.0,True,False
NCT07372677,Pocket-X Gel Non-surgical Periodontal Therapy,RECRUITING,Diabete Type 2,Universita di Verona,ALL,"ADULT, OLDER_ADULT",,70.0,OTHER,INTERVENTIONAL,2026-02-02,2030-01,"Alessia Pardo 3494628471 Alessia.pardo@univr.it, Verona, Italy, 37134, Italy",True,False,2026.0,2030.0,True,False
NCT03498001,Effects of GLP-1 Agonists on CArdiac Steatosis Evaluated by Magnetic Resonance Imaging,COMPLETED,Type II Diabetes,Centre Hospitalier Universitaire Dijon,ALL,"ADULT, OLDER_ADULT",,42.0,OTHER,INTERVENTIONAL,2018-04-16,2023-12-20,"Chu Dijon Bourgogne, Dijon, 21000, France",True,False,2018.0,2023.0,True,False
NCT04120844,Effectiveness of Motivational Interviewing on Improving Care for Type 2 Diabetes Mellitus Patients in China,COMPLETED,Diabete Type 2,The University of Hong Kong-Shenzhen Hospital,ALL,"ADULT, OLDER_ADULT",,225.0,OTHER,INTERVENTIONAL,2016-05-01,2019-09-26,,True,False,2016.0,2019.0,True,False
NCT00694278,Clinical Evaluation of the Effect of Duodenal-Jejunal Bypass on Type 2 Diabetes,UNKNOWN,Type II Diabetes,"Ferzli, George S., M.D. F.A.C.S.",ALL,"ADULT, OLDER_ADULT",,15.0,INDIV,OBSERVATIONAL,2008-06,,"Lutheran Medical Center, Brooklyn, New York, 11220, United States",True,False,2008.0,,True,False
NCT07689214,Normast3 for Adults With Diabetic Polyneuropathy,RECRUITING,Diabete Type 2,University of Roma La Sapienza,ALL,"ADULT, OLDER_ADULT",,40.0,OTHER,INTERVENTIONAL,2024-07-17,2026-09,"Department of Human Neuroscience, Rome, Italy, 00185, Italy",True,False,2024.0,2026.0,True,False
NCT07164495,Risk Factors for Developing Peak Plantar Pressure During Walking in the Diabetic Patients,RECRUITING,Diabete Type 2,China Medical University Hospital,ALL,"ADULT, OLDER_ADULT",,120.0,OTHER,OBSERVATIONAL,2024-10-01,2026-03-31,"China Medical University, Department of Physical Therapy, Taichung, Taiwan, 406040, Taiwan",True,False,2024.0,2026.0,True,False
NCT07771010,The Effect of Empagliflozin and Metformin on Oxidative Capacity and Microvascular Reactivity of Skeletal Muscle in Patients With Type 2 Diabetes Mellitus,RECRUITING,Diabetes Type 2,University Medical Centre Ljubljana,MALE,"ADULT, OLDER_ADULT",PHASE4,54.0,OTHER,INTERVENTIONAL,2026-04-16,2028-07-31,"UMC Ljubljana, Ljubljana, 1000, Slovenia",True,False,2026.0,2028.0,True,False
NCT00819884,To Evaluate 24-hr Glucose After OD vs BD AZD1656,COMPLETED,Type II Diabetes,AstraZeneca,ALL,"ADULT, OLDER_ADULT",PHASE1,36.0,INDUSTRY,INTERVENTIONAL,2009-01,2009-05,"Research Site, San Antonio, Texas, United States",True,False,2009.0,2009.0,True,False
NCT02984644,Paradoxical Stimulation of Hepatic Glucose Production With Dapagliflozin,COMPLETED,Type II; Diabetes,The University of Texas Health Science Center at San Antonio,ALL,"ADULT, OLDER_ADULT",PHASE3,30.0,OTHER,INTERVENTIONAL,2017-09-06,2019-11-16,"University of Texas Health Science Center, San Antonio, Texas, 78229, United States",True,False,2017.0,2019.0,True,False
NCT02974699,Role of Gastrointestinal Microbes on Digestion of Resistant Starch and Tryptophan Availability to Humans,UNKNOWN,Type II Diabetes,Wayne State University,ALL,"ADULT, OLDER_ADULT",EARLY_PHASE1,20.0,OTHER,INTERVENTIONAL,2017-01,,"Wayne State University, Detroit, Michigan, 48202, United States",True,False,2017.0,,True,False
NCT06676683,The Use of Statin in Diabetic Patients Not Known to Have Atherosclerotic Cardiovascular Disease,NOT_YET_RECRUITING,Diabete Type 2,Sohag University,ALL,"ADULT, OLDER_ADULT",,300.0,OTHER,OBSERVATIONAL,2024-12-01,2025-12-01,"Sohag university hospital, Sohag, 82524, Egypt",True,False,2024.0,2025.0,True,False
NCT06512090,Effects of LGI Steam Bread on Glycemia Control in T2DM in China,UNKNOWN,Diabete Type 2,Shanghai Punan Hospital of Pudong New District,ALL,"ADULT, OLDER_ADULT",,144.0,OTHER,INTERVENTIONAL,2024-07-13,2025-02-28,,True,False,2024.0,2025.0,True,False
NCT07093476,Efficacy and Safety of Add-On Therapy With Empagliflozin in Patients With Type 2 Diabetes on a Background of Alogliptin and Metformin,RECRUITING,T2DM|Diabete Type 2|DM,Celltrion,ALL,"ADULT, OLDER_ADULT",PHASE3,171.0,INDUSTRY,INTERVENTIONAL,2025-07-18,2027-04,"Celltrion, Seoul, South Korea",True,False,2025.0,2027.0,True,False
NCT06642467,BGEM Use as Blood Glucose Prediction Model in T2DM Population of Indonesia,COMPLETED,Diabete Type 2,Krida Wacana Christian University,ALL,ADULT,,885.0,OTHER,OBSERVATIONAL,2024-07-30,2024-10-05,"Ukrida Hospital, Jakarta, Jakarta Special Capital Region, 11510, Indonesia",False,False,2024.0,2024.0,True,False
NCT07198516,The Improvement Effect of Henggliejin on Fatty Liver in Type 2 Diabetes Patients With Nonalcoholic Fatty Liver:,NOT_YET_RECRUITING,NAFLD|Diabete Type 2,Fujian Medical University Union Hospital,ALL,"ADULT, OLDER_ADULT",EARLY_PHASE1,149.0,OTHER,INTERVENTIONAL,2025-11-01,2026-12-31,,True,False,2025.0,2026.0,True,False
NCT06188572,The Effect of Peripheral Neuropathy Symptoms on Temporomandibular Joint Functionality,COMPLETED,Diabete Type 2,Bandırma Onyedi Eylül University,ALL,"ADULT, OLDER_ADULT",,70.0,OTHER,OBSERVATIONAL,2023-05-01,2023-11-15,"Bandirma Onyedi Eylul University, Balıkesir, Bandirma, Turkey (Türkiye)",True,False,2023.0,2023.0,True,False
NCT01330251,The Effect of Gastric Bypass Surgery on Diabetes,COMPLETED,Type II Diabetes,University of Oulu,ALL,"ADULT, OLDER_ADULT",,41.0,OTHER,OBSERVATIONAL,2011-01,2016-12,"Oulu University Hospital, Oulu, 90220, Finland",True,False,2011.0,2016.0,True,False
NCT06117449,Insulin Therapy in Type 2 Diabetic Patients: Real-life Study on Effectiveness and Satisfaction,UNKNOWN,Diabete Type 2,Assiut University,ALL,"ADULT, OLDER_ADULT",,100.0,OTHER,OBSERVATIONAL,2025-04-01,2025-05-01,,True,False,2025.0,2025.0,True,False
NCT03273738,Vascular and Metabolic Changes in Postmenopausal Diabetics,UNKNOWN,Diabete Type 2,Assiut University,FEMALE,"ADULT, OLDER_ADULT",,100.0,OTHER,OBSERVATIONAL,2018-10-02,2018-11-15,,True,False,2018.0,2018.0,True,False
NCT05776420,Effect of a Healthy Food Voucher on Blood Glucose Control in People With Type 2 Diabetes or Prediabetes,RECRUITING,Diabete Type 2,Unity Health Toronto,ALL,"ADULT, OLDER_ADULT",PHASE3,390.0,OTHER,INTERVENTIONAL,2023-03-21,2027-04-01,"St Michael's Hospital Academic Family Health Team, Toronto, Canada",True,False,2023.0,2027.0,True,False
NCT01619332,"Clinical Safety, Tolerability, Pharmacokinetics and Pharmacodynamics of LEZ763",COMPLETED,Type II Diabetes,Novartis Pharmaceuticals,ALL,"ADULT, OLDER_ADULT",PHASE1|PHASE2,220.0,INDUSTRY,INTERVENTIONAL,2012-03,2013-09,"Novartis Investigative Site, Chula Vista, California, 91910, United States|Novartis Investigative Site, Miami, Florida, 33126, United States|Novartis Investigative Site, Orlando, Florida, 32809, United States|Novartis Investigative Site, Cincinnati, Ohio, 45227, United States|Novartis Investigative Site, Knoxville, Tennessee, 37920, United States|Novartis Investigative Site, San Antonio, Texas, 78209, United States",True,False,2012.0,2013.0,True,False
NCT02429258,Effect of Dapagliflozin on 24-hour Blood Glucose in T2DM Patients Inadequately Controlled With Either Metformin Or Insulin,COMPLETED,Type II Diabetes,AstraZeneca,ALL,"ADULT, OLDER_ADULT",PHASE4,226.0,INDUSTRY,INTERVENTIONAL,2015-05,2015-10,"Research Site, Birmingham, Alabama, United States|Research Site, Phoenix, Arizona, United States|Research Site, Huntington Park, California, United States|Research Site, Los Angeles, California, United States|Research Site, Sacramento, California, United States|Research Site, San Diego, California, United States|Research Site, West Hills, California, United States|Research Site, Cooper City, Florida, United States|Research Site, Miami, Florida, United States|Research Site, Evanston, Illinois, United States|Research Site, Oxon Hill, Maryland, United States|Research Site, Henderson, Nebraska, United States|Research Site, Brooklyn, New York, United States|Research Site, Rochester, New York, United States|Research Site, Greensboro, North Carolina, United States|Research Site, Cincinnati, Ohio, United States|Research Site, Dublin, Ohio, United States|Research Site, Franklin, Ohio, United States|Research Site, Eugene, Oregon, United States|Research Site, Lansdale, Pennsylvania, United States|Research Site, Spartanburg, South Carolina, United States|Research Site, Bartlett, Tennessee, United States|Research Site, Dallas, Texas, United States|Research Site, Houston, Texas, United States|Research Site, Hurst, Texas, United States|Research Site, Renton, Washington, United States",True,False,2015.0,2015.0,True,False
NCT05375630,Vitamin K2 and Muscle Weakness in Type 2 Diabetes,UNKNOWN,Diabete Type 2,Dasman Diabetes Institute,ALL,"ADULT, OLDER_ADULT",,150.0,OTHER,INTERVENTIONAL,2022-03-21,2024-10,"Dasman Diabetes Institute, Kuwait City, 15462, Kuwait",True,False,2022.0,2024.0,True,False
NCT05602441,Living Together With Chronic Disease: Informal Support for Diabetes Management in Vietnam (VALID),UNKNOWN,Diabete Type 2,Thai Binh University of Medicine and Pharmacy,ALL,"ADULT, OLDER_ADULT",,229.0,OTHER,INTERVENTIONAL,2021-01-12,2023-05-31,"Thai Binh University of Medicine and Pharmacy, Thái Bình, 410000, Vietnam",True,False,2021.0,2023.0,True,False
NCT06561126,Engagement of coMmunity Through Participatory Learning and Action for cOntrol and preVEntion of Type II Diabetes and Its Risk Factors [EMPOWER-D],RECRUITING,Type II Diabetes Mellitus|Intermediate Hyperglycemia (IHG),Khyber Medical University Peshawar,ALL,"ADULT, OLDER_ADULT",,12744.0,OTHER,INTERVENTIONAL,2025-05-01,2026-08-31,"Khyber Medical University Peshawar, Peshawar, KPK, 25100, Pakistan",True,False,2025.0,2026.0,True,False
NCT05845190,Effect of Aerobic Training Versus Resistance Training on Plasma Homocystiene in Diabetic Patients,UNKNOWN,Diabete Type 2,Egyptian Chinese University,MALE,ADULT,,60.0,OTHER,INTERVENTIONAL,2022-04-04,2023-05-15,"Egyptian Chineese University, Cairo, Gesr Elsuez, Egypt",False,False,2022.0,2023.0,True,False
NCT02084251,Clinical Trial for PB-119 in Healthy Subjects (Phase I),COMPLETED,Type II Diabetes,"PegBio Co., Ltd.",ALL,ADULT,PHASE1,70.0,OTHER,INTERVENTIONAL,2014-02,2014-11,"Peking University First Hospital, Beijing, Beijing Municipality, 100000, China",False,False,2014.0,2014.0,True,False
NCT05904847,The Effect of Theory-Based Education on Patient Empowerment and Self-Efficacy in Patients With Type 2 Diabetes,COMPLETED,Diabete Type 2,Sakarya University,ALL,"ADULT, OLDER_ADULT",,98.0,OTHER,INTERVENTIONAL,2023-04-16,2023-10-26,"Sakarya University, Sakarya, Serdivan, 54000, Turkey (Türkiye)",True,False,2023.0,2023.0,True,False
NCT01591525,Diabetes Mellitus Community Based Screening in Minority Populations,UNKNOWN,Type II Diabetes|Diabetes Mellitus,Ethnicity and Disease Community Empowerment Center,ALL,"ADULT, OLDER_ADULT",,100.0,OTHER,OBSERVATIONAL,2012-06,2013-01,"Lower Mills, Dorchester, Massachusetts, 02124, United States",True,False,2012.0,2013.0,True,False
NCT02015910,Januvia (Sitagliptin) in Healing Chronic Diabetic Foot Ulcers,TERMINATED,Type II Diabetes,Georgetown University,ALL,"ADULT, OLDER_ADULT",PHASE4,1.0,OTHER,INTERVENTIONAL,2014-01,2015-01,"Medstar Georgetown University Hospital, Washington D.C., District of Columbia, 20007, United States",True,False,2014.0,2015.0,True,False
NCT06542939,Scaling Telehealth Models to Improve Co-morbid Diabetes and Hypertension in Immigrant Populations (Phase II),ENROLLING_BY_INVITATION,Diabetes Mellitus Type II|Hypertension,NYU Langone Health,ALL,"ADULT, OLDER_ADULT",,450.0,OTHER,INTERVENTIONAL,2024-11-11,2028-02-01,"NYU Langone Health, New York, New York, 10016, United States",True,False,2024.0,2028.0,True,False
NCT05605821,Influence of Diabetic Control on the Degree of Liver Fibrosis Assessed by Non-invasive Scores in Patients Followed in Diabetology,UNKNOWN,Diabete Type 2,Fondation Hôpital Saint-Joseph,ALL,"ADULT, OLDER_ADULT",,520.0,OTHER,OBSERVATIONAL,2024-01-15,2024-12-30,"Hôpital Antoine Béclert, Clamart, France|Groupe Hospitalier Paris Saint-Joseph, Paris, 75014, France",True,False,2024.0,2024.0,True,False
NCT04700813,Research Study for Rare Pathogenic Mutations Causing Type 2 Diabetes and Complications,UNKNOWN,Diabete Type 2,University of Liege,ALL,"ADULT, OLDER_ADULT",,4000.0,OTHER,OBSERVATIONAL,2019-09-13,2021-09-30,"Marjorie Fadeur, Liège, 4000, Belgium",True,False,2019.0,2021.0,True,False
NCT05359341,Which is Better to Start With DPP-4 Inhibitors or SGLT-2 Inhibitors in Egyptian Diabetic Patients?,COMPLETED,Diabete Type 2,Sadat City University,ALL,"ADULT, OLDER_ADULT",,175.0,OTHER,INTERVENTIONAL,2020-09-20,2022-01-10,"University of Sadat City, El Sadat, Egypt",True,False,2020.0,2022.0,True,False
NCT04653545,Diabetes Diagnosis During Acute Admissions (FIND-IT),COMPLETED,Diabete Type 2,Tameside General Hospital,ALL,"ADULT, OLDER_ADULT",,5050.0,OTHER,OBSERVATIONAL,2022-02-01,2025-04-24,"Tameside Hospital NHS Foundation Trust, Ashton-under-Lyne, Greater Manchester, OL6 9RW, United Kingdom",True,False,2022.0,2025.0,True,False
NCT01373814,Nutritional Therapy for Diabetic Cardiomyopathy,COMPLETED,T2DM (Type 2 Diabetes Mellitus),Washington University School of Medicine,ALL,"ADULT, OLDER_ADULT",,22.0,OTHER,OBSERVATIONAL,2010-09-03,2011-06-17,"Washington University School of Medicine, St Louis, Missouri, 63110, United States",True,False,2010.0,2011.0,True,False
NCT04602754,Efficacy and Safety of Berlim 25/20 Association in the Treatment of Type II Diabetes Mellitus and Dyslipidemia.,RECRUITING,Dyslipidemia Associated With Type II Diabetes Mellitus,EMS,ALL,"ADULT, OLDER_ADULT",PHASE3,228.0,INDUSTRY,INTERVENTIONAL,2023-12-01,2027-09,"Allergisa, Campinas, São Paulo, Brazil",True,False,2023.0,2027.0,True,False
NCT00882882,To Demonstrate the Relative Bioavailability of Metformin HCL 500 mg Extended Release (XR) Tablets Under Fasting Conditions,COMPLETED,Type II Diabetes,Sandoz,ALL,ADULT,PHASE1,16.0,INDUSTRY,INTERVENTIONAL,2001-06,2001-06,,False,False,2001.0,2001.0,True,False
NCT07613086,The Role of Self-efficacy Program for Self-management of People With Type Diabetes Mellitus,COMPLETED,Diabetes Type 2,Gadjah Mada University,ALL,ADULT,,16.0,OTHER,INTERVENTIONAL,2019-09-14,2019-12-15,"Puskesmas (Primary Health Care) Gedongtengen, Yogyakarta, DI Yogyakarta, 55272, Indonesia",False,False,2019.0,2019.0,True,False
NCT04283617,Reversibility of Brain Glucose Transport and Metabolism in T2DM: an Intervention Study,WITHDRAWN,Diabete Type 2,Yale University,ALL,ADULT,,0.0,OTHER,INTERVENTIONAL,2021-10-12,2024-03,"Yale New Haven Hospital, New Haven, Connecticut, 06520, United States",False,False,2021.0,2024.0,True,True
NCT01342939,Pathophysiological Implications of the Incretin Hormones in Maturity Onset of Diabetes of the Young (MODY),COMPLETED,Maturity-onset Diabetes of the Young,"University Hospital, Gentofte, Copenhagen",ALL,"ADULT, OLDER_ADULT",,31.0,OTHER,OBSERVATIONAL,2011-01,2011-12,"Diabetes Research Division, Gentofte University Hospital, Niels Andersens vej 65, opgang 40, 2., Hellerup, 2900, Denmark",True,False,2011.0,2011.0,True,False
NCT04830969,Impact of Periodontal Therapy on Patients With Diabetes,COMPLETED,"Diabetes Mellitus, Type II|Periodontitis",State University of New York at Buffalo,ALL,"ADULT, OLDER_ADULT",PHASE2,116.0,OTHER,INTERVENTIONAL,2016-11-08,2021-01-28,"University at Buffalo, Buffalo, New York, 14214, United States",True,False,2016.0,2021.0,True,False
NCT01644201,"A Study Evaluating the Effects of a High Viscosity Non-starch Polysaccharide (PolyGlycopleX® - PGX®) on Glycemic Control, Cardiometabolic Risk Factors and Weight Loss in Overweight and Obese Type II Diabetics",TERMINATED,Type II Diabetes Mellitus|Obesity,InovoBiologic Inc.,ALL,"ADULT, OLDER_ADULT",PHASE3,100.0,INDUSTRY,INTERVENTIONAL,2012-10,2016-11,"Wharton Medical Clinic and Weight Management Centre, Hamilton, Ontario, Canada",True,False,2012.0,2016.0,True,False
NCT05302050,A Cognitive Behavioral Digital Therapeutic InterventiON for Glycemic Control in Type 2 Diabetes Mellitus,UNKNOWN,Diabetes Type 2,Better Therapeutics,ALL,"ADULT, OLDER_ADULT",,500.0,INDUSTRY,INTERVENTIONAL,2022-03-07,2025-12-01,"Mass General Brigham Hospital and Clinics, Boston, Massachusetts, 02199, United States",True,False,2022.0,2025.0,True,False
NCT06006468,Evaluating ImmuNe Changes in the Evolution of Pre Type 1 Diabetes With Adult ONset,COMPLETED,Type 1 Diabetes|Type 1 Diabetes Mellitus Maturity Onset,Royal Devon and Exeter NHS Foundation Trust,ALL,"CHILD, ADULT, OLDER_ADULT",,2250.0,OTHER,OBSERVATIONAL,2023-02-01,2023-12-31,"NIHR Exeter Clinical Research Facility (Royal Devon University Healthcare NHS Foundation Trust), Exeter, Devon, EX2 5DW, United Kingdom",True,True,2023.0,2023.0,True,False
NCT05899023,ED Diabetes Screening and Outpatient Care - Aim 3,RECRUITING,Diabetes Mellitus|Non Insulin Dependent Diabetes Mellitus,NYU Langone Health,ALL,"ADULT, OLDER_ADULT",,200.0,OTHER,INTERVENTIONAL,2025-12-01,2028-05-31,"NYU Langone Health, New York, New York, 10016, United States",True,False,2025.0,2028.0,True,False
NCT01206725,Exercise Study on Cardiac Function in Patients With Diabetes Mellitus Type 2 and Diastolic Dysfunction,COMPLETED,Diabetes Type 2,Norwegian University of Science and Technology,ALL,ADULT,,47.0,OTHER,INTERVENTIONAL,2010-09,2013-05,"Institutt for sirkulasjon og bildediagnostikk, Det medisinske fakultet,NTNU, Postboks 8905, Trondheim, Sør-Trøndelag, 7491, Norway",False,False,2010.0,2013.0,True,False
NCT03784703,Type 2 Diabetic Patients Maintained on Statin Therapy,COMPLETED,Dyslipidemia Associated With Type II Diabetes Mellitus,Damanhour University,ALL,"ADULT, OLDER_ADULT",PHASE4,160.0,OTHER,INTERVENTIONAL,2018-01-01,2020-01-31,"Tanta University Hospital, Tanta, El-Gharbia, 31527, Egypt",True,False,2018.0,2020.0,True,False
NCT07760883,Metformin Effects According to SLC16A11 Carrier Status,RECRUITING,Diabetes Type 2,Instituto Nacional de Ciencias Medicas y Nutricion Salvador Zubiran,ALL,"ADULT, OLDER_ADULT",,154.0,OTHER,OBSERVATIONAL,2020-09-23,2027-12,"Instituto Nacional de Ciencias Médicas y Nutrición Salvador Zubirán, Mexico City, Mexico City, 14080, Mexico",True,False,2020.0,2027.0,True,False
NCT06377657,Oxidative and Antioxidant Indices to HIIT and Aloe Vera Supplementation in Patients With T2DM,COMPLETED,Diabetes Type 2,University of Nis,MALE,ADULT,,44.0,OTHER,INTERVENTIONAL,2022-01-15,2024-02-19,"Department of Sport Physiology, Faculty of Sport and Physical education, Islamic Azad University of Ayatollah Amoli, Amol, Iran, Āmol, Iran",False,False,2022.0,2024.0,True,False
NCT07112625,Impact of Therapeutic Education for Type 2 Diabetic Patients During Ramadan.,COMPLETED,Diabete Mellitus,University of Monastir,ALL,"CHILD, ADULT, OLDER_ADULT",,85.0,OTHER,INTERVENTIONAL,2019-03-10,2019-06-15,"Fattouma Bourguiba University Hospital, Monastir, 5000, Tunisia",True,True,2019.0,2019.0,True,False
NCT00887302,Metabolomics of Roux-en-Y Gastric Bypass (RYGB) With Gastrostomy,COMPLETED,Type II Diabetes Mellitus|Obesity,East Carolina University,FEMALE,ADULT,,13.0,OTHER,OBSERVATIONAL,2009-03-25,2012-10-12,"East Carolina University Brody School of Medicine, Greenville, North Carolina, 27834, United States",False,False,2009.0,2012.0,True,False
NCT00561171,Phase IIa Study to Investigate the Efficacy and Safety of SPP635 in Diabetic and Hypertensive Patients With Albuminuria,COMPLETED,Hypertension|Type II Diabetes Mellitus,Speedel Pharma Ltd.,ALL,"ADULT, OLDER_ADULT",PHASE2,50.0,INDUSTRY,INTERVENTIONAL,2007-11,2008-09,"Dr. John Barton, Ballinasloe, Co Galway, Ireland",True,False,2007.0,2008.0,True,False
NCT01066039,Phase 4 Study to Assess the Effect of Bisoprolol on Glycemic Level in Type II Diabetic Subjects With Suboptimal Blood Pressure Control,COMPLETED,"Hypertension|Diabetes Mellitus, Type II","Merck KGaA, Darmstadt, Germany",ALL,"ADULT, OLDER_ADULT",PHASE4,202.0,INDUSTRY,INTERVENTIONAL,2010-04,2013-04,"Seoul St. Mary´s Hospital, Seoul, South Korea",True,False,2010.0,2013.0,True,False
NCT00703482,"A Randomised, Double-Blind, Placebo-Controlled Study Assessing the Effect of Fenofibrate, Coenzyme Q10 and Their co-Administration on Ventricular Diastolic Function in Patients With Type 2 Diabetes",COMPLETED,Patients With Type 2 Diabetes,Solvay Pharmaceuticals,ALL,"ADULT, OLDER_ADULT",PHASE2,278.0,INDUSTRY,INTERVENTIONAL,2003-05,2004-09,"Site 002, Fremantle, Australia|Site 003, Nedlands, Australia|Site 001, Perth, Australia",True,False,2003.0,2004.0,True,False
NCT07493707,Effect of an Intervention With Apple Cider Vinegar on Glycemic Variability and Lipid Profile in Patients With Type 2 Diabetes Mellitus,ACTIVE_NOT_RECRUITING,Type 2 Diabetes Mellitus 2,Instituto Nacional de Ciencias Medicas y Nutricion Salvador Zubiran,ALL,ADULT,,38.0,OTHER,INTERVENTIONAL,2024-05-06,2026-12,"Instituto Nacional de Ciencias Médicas y Nutrición Salvador Zubirán, Mexico City, 14080, Mexico",False,False,2024.0,2026.0,True,False
NCT07149610,Connected Care for Type 2 Diabetes Self-Management,RECRUITING,Diabetes Type 2,Marche Region Regional Health Agency,ALL,"ADULT, OLDER_ADULT",,388.0,OTHER,INTERVENTIONAL,2025-10-13,2026-12-31,"Diabetic Center of Azienda Ospedaliero Universitaria delle Marche, Ancona, Ancona, 60126, Italy|Diabetic Center of National Institute for the Care and Treatment of the Elderly (Istituto Nazionale di Ricovero e Cura per Anziani-INRCA), Ancona, Ancona, 60127, Italy|Diabetic Center of Territorial Healthcare Authority of Ancona province, Fabriano, Ancona, 60044, Italy|Diabetic Center of Territorial Healthcare Authority of Ancona province, Iesi, Ancona, 60035, Italy|Diabetic Center of Territorial Healthcare Authority of Ascoli Piceno province, Ascoli Piceno, Ascoli Piceno, 63100, Italy|Diabetic Center of Territorial Healthcare Authority of Ascoli Piceno province, San Benedetto del Tronto, Ascoli Piceno, 63074, Italy|Diabetic Center of Territorial Healthcare Authority of Fermo province, Fermo, Fermo, 63900, Italy|Diabetic Center of Territorial Healthcare Authority of Macerata province, Civitanova Marche, Macerata, 62012, Italy|Diabetic Center of Territorial Healthcare Authority of Macerata province, Province of Macerata, Macerata, 62100, Italy|Diabetic Center of Territorial Healthcare Authority of Pesaro Urbino province, Fano, Pesaro-Urbino, 61032, Italy|Diabetic Center of Territorial Healthcare Authority of Pesaro Urbino province, Pesaro, Pesaro-urbino, 61122, Italy",True,False,2025.0,2026.0,True,False
NCT07770204,Perioperative Meditation Music Intervention in Patients With Type 2 Diabetes Undergoing Elective Surgery,RECRUITING,Diabetes Type 2,İstanbul Aydın Üniversitesi,ALL,"ADULT, OLDER_ADULT",,84.0,OTHER,INTERVENTIONAL,2026-06-03,2027-06-30,"Beylikdüzü Devlet Hastanesi, Istanbul, Istanbul, 34520, Turkey (Türkiye)",True,False,2026.0,2027.0,True,False
NCT07323381,Effects of Henagliflozin Proline and Metformin XR on Body Composition in Geriatric Patients With Newly Diagnosed T2DM,NOT_YET_RECRUITING,Diabetes Type 2,Bin Lu,ALL,"ADULT, OLDER_ADULT",PHASE4,116.0,OTHER,INTERVENTIONAL,2025-12-30,2027-09-30,,True,False,2025.0,2027.0,True,False
NCT06030544,Oleanolic Acid as Therapeutic Adjuvant for Type 2 Diabetes Mellitus (OLTRAD STUDY),ACTIVE_NOT_RECRUITING,Diabetic Patients|Type II Diabetes Mellitus,Spanish National Research Council,ALL,"ADULT, OLDER_ADULT",PHASE2,100.0,OTHER_GOV,INTERVENTIONAL,2022-02-25,2025-06-30,"Virgen del Rocío University Hospital, Seville, Andalicía, 41013, Spain",True,False,2022.0,2025.0,True,False
NCT07229534,Clinical Trial to Evaluate the Efficacy and Safety of DA-5218 in Patients With Type 2 Diabetes,NOT_YET_RECRUITING,Diabete Mellitus,"Dong-A ST Co., Ltd.",ALL,"ADULT, OLDER_ADULT",PHASE4,238.0,INDUSTRY,INTERVENTIONAL,2025-11,2027-11,,True,False,2025.0,2027.0,True,False
NCT06837428,Peer Comparison-based Risk Communication,COMPLETED,Diabetes Type 2,SingHealth Polyclinics,ALL,"ADULT, OLDER_ADULT",,40.0,OTHER,INTERVENTIONAL,2023-08-21,2024-08-29,"SingHealth Polyclinics - Bedok Polyclinic, Singapore, 469662, Singapore",True,False,2023.0,2024.0,True,False
NCT06301191,The Effect of Semaglutide on Cardiovascular Markers and Liver Function,UNKNOWN,Diabetes Type 2,Attikon Hospital,ALL,"ADULT, OLDER_ADULT",,50.0,OTHER,OBSERVATIONAL,2022-03-01,2024-05-01,"Attikon University General Hospital, Athens, 12462, Greece",True,False,2022.0,2024.0,True,False
NCT02496000,Phase II Safety and Efficacy Study of Oral ORMD-0801 in Patients With Type 2 Diabetes Mellitus,COMPLETED,Diabetes Type 2,"Oramed, Ltd.",ALL,"ADULT, OLDER_ADULT",PHASE2,188.0,INDUSTRY,INTERVENTIONAL,2015-07-27,2016-09-13,"Steingard Medical Group, Phoenix, Arizona, 85015, United States|Arkansas Primary Care Clinic, PA, Little Rock, Arkansas, 72204, United States|Dream Team Clinical Research, Anaheim, California, 92801, United States|ACTCA, Inc., Los Angeles, California, 90017, United States|ACTCA, Los Angeles, California, 90036, United States|National Research Institute, Los Angeles, California, 90057, United States|Providence Clinical Research, North Hollywood, California, 91606, United States|Mills-Peninsula Health Services, San Mateo, California, 94401, United States|Orange County Research Center, Tustin, California, 92780, United States|Creekside Endocrine Associates, PC, Denver, Colorado, 80209, United States|Meridien Research, Bradenton, Florida, 34208, United States|Meridien Research, Brooksville, Florida, 34601, United States|Clinical Research of West Florida, Inc., Clearwater, Florida, 33765, United States|Research in Miami Inc., Hialeah, Florida, 33013, United States|Research in Miami, Inc., Hialeah, Florida, 33013, United States|Phoenix Medical Research LLC, Miami, Florida, 33165, United States|Ormond Medical Arts Pharmaceutical Research Center, Ormond Beach, Florida, 32174, United States|Clinical Research of West Florida, Inc., Tampa, Florida, 33603, United States|Meridien Research, Tampa, Florida, 33634, United States|Metabolic Research Institute, Inc, West Palm Beach, Florida, 33401, United States|Heartland Research Associates, LLC, Wichita, Kansas, 67207, United States|Maine Research Associates, Auburn, Maine, 04210, United States|Apex Medical Research, MI, Inc, Flint, Michigan, 48504, United States|Impact Clinical Trials, Las Vegas, Nevada, 89106, United States|New York Clinical Trials, New York, New York, 10018, United States|Lynn Institute of Norman, Norman, Oklahoma, 73069, United States|Upstate Pharmaceutical Research, Greenville, South Carolina, 29615, United States|Padre Coast Clinical Research, Corpus Christi, Texas, 78404, United States|Sun Research Institute, San Antonio, Texas, 78215, United States|Southwest Clinic, San Antonio, Texas, 78221, United States|Panacea Clinical Research, San Antonio, Texas, 78228, United States|Clinical Trials of Texas, Inc., San Antonio, Texas, 78229, United States|Wasatch Clinical Research, LLC, Salt Lake City, Utah, 84107, United States|Rainier Clinical Research Center, Inc., Renton, Washington, 98057, United States",True,False,2015.0,2016.0,True,False
NCT05915949,"Comparison of Dapagliflozin, Lobeglitazone, and Its Combination in Efficacy and Safety",UNKNOWN,Diabetes Type 2,Seoul National University Bundang Hospital,ALL,"ADULT, OLDER_ADULT",PHASE4,99.0,OTHER,INTERVENTIONAL,2022-01-01,2023-12-31,"Seoul National University Bundang Hospital, Seongnam-si, Gyeonggi-do, 463-707, South Korea",True,False,2022.0,2023.0,True,False
NCT01925443,Effects of Low Power Laser Therapy on Muscle Performance Isokinetic Pre-exercise in Individuals With Diabetes Mellitus Type II,SUSPENDED,Diabetes Mellitus Non-insulin-dependent,University of Nove de Julho,ALL,"ADULT, OLDER_ADULT",,60.0,OTHER,INTERVENTIONAL,2015-12,2017-06,"University of Nove de Julho, São Paulo, São Paulo, 01504-001, Brazil",True,False,2015.0,2017.0,True,False
NCT05107063,An Observational Study Investigating the Effectiveness of Pravastatin on Renal Function in Korean Dyslipidemic Patients With Type 2 Diabetes,COMPLETED,Dyslipidemia Associated With Type II Diabetes Mellitus,Daiichi Sankyo,ALL,"ADULT, OLDER_ADULT",,2972.0,INDUSTRY,OBSERVATIONAL,2016-01-20,2018-04-19,"Korea University Ansan Hospital, Ansan, 15355, South Korea|The Catholic University of Korea, Bucheon St. Mary's Hospital, Bucheon-si, 14647, South Korea|Yeongnam University Medical Center, Busan, 42415, South Korea|Inje University Busan Paik Hospital - Site 23, Busan, 47392, South Korea|Inje University Busan Paik Hospital - Site 26, Busan, 47392, South Korea|Bong Seng Memorial Hospital, Busan, 48775, South Korea|Pusan National University Hospital - Site 43, Busan, 49241, South Korea|Pusan National University Hospital - Site 49, Busan, 49241, South Korea|Kosin University Gospel Hospital, Busan, 49267, South Korea|Changwon Fatima Hospital, Changwon, 51394, South Korea|Soon Chun Hyang University Cheonan Hospital, Cheonan, 31151, South Korea|Daegu Catholic University Medical Center, Daegu, 42472, South Korea|Eulji University DaeJeon Medical Center, Daejeon, 35233, South Korea|Konyang University Hospital, Daejeon, 35365, South Korea|GangNeung Asan Hospital, Gangneung, 25440, South Korea|Dongguk University Ilsan Hospital, Goyang, 10326, South Korea|Inje University Ilsan Paik Hospital, Goyang, 10380, South Korea|National Health Insurance Service Ilsan Hospital, Goyang, 10444, South Korea|Myongji Hospital, Goyang, 10475, South Korea|Chosun University Hospital, Gwangju, 61453, South Korea|Gwangju Veterans Hospital, Gwangju, 62284, South Korea|Gachon University Gil Medical Center, Incheon, 21565, South Korea|Bundang CHA General Hospital, Seongnam, 13496, South Korea|Seoul National University Bundang Hospital, Seongnam, 13620, South Korea|HANIL General Hospital, Seoul, 01450, South Korea|Korea Cancer Center Hospital, Seoul, 01812, South Korea|Eulji University Medical Center - Site 20, Seoul, 01830, South Korea|Eulji University Medical Center - Site 52, Seoul, 01830, South Korea|Seoul Medical Center, Seoul, 02053, South Korea|The Catholic University of Korea, St. Paul's Hospital, Seoul, 02559, South Korea|Yonsei University Health System, Severance Hospital, Seoul, 03722, South Korea|Soon Chun Hyang University Seoul Hospital, Seoul, 04401, South Korea|Kyung Hee University Hospital at Gangdong, Seoul, 05278, South Korea|Kangdong Sacred Heart Hospital, Seoul, 05355, South Korea|VHS Medical Center, Seoul, 05368, South Korea|Yonsei University Health System, Gangnam Severance Hospital, Seoul, 06273, South Korea|Samsung Medical Center, Seoul, 06351, South Korea|Chung-Ang Univerisity Hospital, Seoul, 06973, South Korea|The Catholic University of Korea, Yeouido St. Mary's Hospital, Seoul, 07345, South Korea|St. Carollo General Hospital, Suncheon, 57931, South Korea|The Catholic University of Korea, St. Vincent's Hospital - Site 45, Suwon, 16247, South Korea|The Catholic University of Korea, St. Vincent's Hospital - Site 50, Suwon, 16247, South Korea|Ajou University Hospital - Site 04, Suwon, 16499, South Korea|Ajou University Hospital - Site 05, Suwon, 16499, South Korea|Dongkang Medical Center, Ulsan, 44455, South Korea|Yonsei University, Wonju Severance Christian Hospital - Site 10, Wŏnju, 26426, South Korea|Yonsei University, Wonju Severance Christian Hospital - Site 15, Wŏnju, 26426, South Korea",True,False,2016.0,2018.0,True,False
NCT07229482,"Potatoes, Type 2 Diabetes, and Cardiometabolic Health",RECRUITING,T2D|Blood Pressure|Cardiometabolic Health,Virginia Polytechnic Institute and State University,ALL,"ADULT, OLDER_ADULT",,42.0,OTHER,INTERVENTIONAL,2026-08,2029-03,"Virginia Polytechnic Institute and State University, Blacksburg, Virginia, 24061, United States",True,False,2026.0,2029.0,True,False
NCT07204782,"Cardiovascular Disease CVD Constitutes a Significant Health Challenge for Individuals With Type 2 Diabetes Mellitus T2DM, Affecting Approximately 32% of This Population and Contributing Significantly to Global Mortality.Visceral Adipose Tissue VAT Accumulation Has Been Recognize",NOT_YET_RECRUITING,Diabete Mellitus,Assiut University,ALL,"ADULT, OLDER_ADULT",,238.0,OTHER,OBSERVATIONAL,2025-12-01,2027-07-01,"Assiut university, Asyut, Egypt",True,False,2025.0,2027.0,True,False
NCT02529982,Curcumin Supplementation and Patients With Type 2 Diabetes,COMPLETED,Non Insulin Dependent Diabetes,National Nutrition and Food Technology Institute,ALL,"ADULT, OLDER_ADULT",,44.0,OTHER,INTERVENTIONAL,2015-07,2016-04,"NNFTRI clinic, Tehran, 19435, Iran",True,False,2015.0,2016.0,True,False
NCT06319300,Artificial Intelligence-assisted Insulin System in Type 2 Diabetes in General Wards,COMPLETED,Diabetes Type 2,Shanghai Zhongshan Hospital,ALL,"ADULT, OLDER_ADULT",,144.0,OTHER,INTERVENTIONAL,2024-04-19,2025-09-20,"Zhongshan Hospital, Fudan University, Shanghai, Shanghai Municipality, 200032, China",True,False,2024.0,2025.0,True,False
NCT07661381,An Online Lifestyle Program With an AI Lifestyle Coach and Continues Glucose Monitoring in Type 2 Diabetes.,NOT_YET_RECRUITING,Diabetes Type 2,University of Twente,ALL,"ADULT, OLDER_ADULT",,160.0,OTHER,INTERVENTIONAL,2026-09,2028-12,"University of Twente, Enschede, Overijssel, 7500 AE, Netherlands",True,False,2026.0,2028.0,True,False
NCT01652729,"Comparison Study of the Glycemic Effects, Safety, and Tolerability of Exenatide Once Weekly Suspension to Sitagliptin and Placebo in Subjects With Type 2 Diabetes Mellitus",COMPLETED,Diabetes Type 2,AstraZeneca,ALL,"ADULT, OLDER_ADULT",PHASE3,365.0,INDUSTRY,INTERVENTIONAL,2013-02,2014-04,"Research Site, Birmingham, Alabama, 35216, United States|Research Site, Huntsville, Alabama, 35801, United States|Research Site, Phoenix, Arizona, 85018, United States|Research Site, Phoenix, Arizona, 85020, United States|Research Site, Beverly Hills, California, 90036, United States|Research Site, Buena Park, California, 90620, United States|Research Site, Chino, California, 91710, United States|Research Site, Chula Vista, California, 91910, United States|Research Site, Encinitas, California, 92024, United States|Research Site, Greenbrae, California, 94904, United States|Research Site, Los Angeles, California, 90057, United States|Research Site, Los Angeles, California, 90059, United States|Research Site, North Hollywood, California, 91606, United States|Research Site, Walnut Creek, California, 94598, United States|Research Site, West Hills, California, 91307, United States|Research Site, Boca Raton, Florida, 33432, United States|Research Site, Hialeah, Florida, 33012, United States|Research Site, Miami, Florida, 33143, United States|Research Site, Miami, Florida, 33169, United States|Research Site, Miami, Florida, 33183, United States|Research Site, Port Orange, Florida, 32127, United States|Research Site, St. Petersburg, Florida, 33709, United States|Research Site, Chicago, Illinois, 60607, United States|Research Site, Evanston, Illinois, 60201, United States|Research Site, Indianapolis, Indiana, 46254, United States|Research Site, Oxon Hill, Maryland, 20745, United States|Research Site, Omaha, Nebraska, 68130, United States|Research Site, Henderson, Nevada, 89052, United States|Research Site, Las Vegas, Nevada, 89101, United States|Research Site, Las Vegas, Nevada, 89123, United States|Research Site, Albuquerque, New Mexico, 87102, United States|Research Site, Buffalo, New York, 14215, United States|Research Site, Hartsdale, New York, 10530, United States|Research Site, Charlotte, North Carolina, 28204, United States|Research Site, Clayton, North Carolina, 27520, United States|Research Site, Durham, North Carolina, 27710, United States|Research Site, Greensboro, North Carolina, 27410, United States|Research Site, Mooresville, North Carolina, 28117, United States|Research Site, Salisbury, North Carolina, 28144, United States|Research Site, Cincinnati, Ohio, 45246, United States|Research Site, Franklin, Ohio, 45005, United States|Research Site, Marion, Ohio, 43302, United States|Research Site, Yukon, Oklahoma, 73099, United States|Research Site, Eugene, Oregon, 97404, United States|Research Site, Portland, Oregon, 97210, United States|Research Site, Greer, South Carolina, 29651, United States|Research Site, Simpsonville, South Carolina, 29681, United States|Reseach Site, Rapid City, South Dakota, 57702, United States|Research Site, Chattanooga, Tennessee, 37421, United States|Research Site, Carrolton, Texas, 75007, United States|Research Site, Corpus Christi, Texas, 78404, United States|Research Site, Dallas, Texas, 75390, United States|Research Site, Houston, Texas, 77072, United States|Research Site, Houston, Texas, 77074, United States|Research Site, Katy, Texas, 77450, United States|Research Site, San Antonio, Texas, 78205, United States|Research Site, Salt Lake City, Utah, 84095, United States|Research Site, Salt Lake City, Utah, 84107, United States|Research Site, Burke, Virginia, 22015, United States|Research Site, Spokane, Washington, 99202, United States",True,False,2013.0,2014.0,True,False
NCT07503548,"Effect of Tributyrin Supplementation on Glycemic Control, Inflammation, and Cardiovascular Risk in Patients With Type 2 Diabetes",NOT_YET_RECRUITING,Diabete Mellitus,Ain Shams University,ALL,"ADULT, OLDER_ADULT",PHASE3,60.0,OTHER,INTERVENTIONAL,2026-03-26,2026-08-26,"Matareya Teaching Hospital, Cairo, Egypt",True,False,2026.0,2026.0,True,False
NCT05711602,The Physical and Mental Health of People With Type II Diabetes Mellitus.,COMPLETED,Adult ALL|Diabete Type 2,University of Jaén,ALL,"ADULT, OLDER_ADULT",,104.0,OTHER,INTERVENTIONAL,2024-01-09,2024-04-21,"U.E.D. Virgen de la Capilla, Jaén, 23004, Spain",True,False,2024.0,2024.0,True,False
NCT02529969,Effects of Curcumin Supplementation on Lipid Profile and Inflammatory Markers of Patients With Type 2 Diabetes,UNKNOWN,Non Insulin Dependent Diabetes,National Nutrition and Food Technology Institute,ALL,"ADULT, OLDER_ADULT",PHASE2|PHASE3,50.0,OTHER,INTERVENTIONAL,2015-07,,"NNFTRI clinic, Tehran, Tehran Province, 19435, Iran",True,False,2015.0,,True,False
NCT05789706,Use of a Smart-phone Based Medication Adherence Platform to Improve Outcomes in Uncontrolled Non-insulin Dependent Diabetes Among Veterans,COMPLETED,Diabetes|Diabete Type 2,VA Sierra Nevada Health Care System,ALL,"ADULT, OLDER_ADULT",,30.0,FED,INTERVENTIONAL,2021-03-24,2023-03-01,"VA Sierra Nevada Health Care System, Reno, Nevada, 89502, United States",True,False,2021.0,2023.0,True,False
NCT00547274,Dyslipidemia in Type 2 Diabetes (0767-034),TERMINATED,"Diabetes Mellitus, Type II|Dyslipidemia",Merck Sharp & Dohme LLC,ALL,"ADULT, OLDER_ADULT",PHASE3,111.0,INDUSTRY,INTERVENTIONAL,2003-07,2003-11,,True,False,2003.0,2003.0,True,False
NCT02114554,Mitochondrial nt3243 A>G Mutation in Taiwan,UNKNOWN,MELAS Syndrome|Noninsulin-dependent Diabetes Mellitus With Deafness,National Taiwan University Hospital,ALL,"CHILD, ADULT, OLDER_ADULT",,40.0,OTHER,OBSERVATIONAL,2014-01,2015-01,"National Taiwan University Hospital, Taipei, 100, Taiwan",True,True,2014.0,2015.0,True,False
NCT02586129,Clinical Trial of YH14755 in Subjects With Dyslipidemia and Type II Diabetes,COMPLETED,Dyslipidemia|Type II Diabetes,Yuhan Corporation,ALL,"ADULT, OLDER_ADULT",PHASE3,249.0,INDUSTRY,INTERVENTIONAL,2015-11-04,2017-07-07,"Seoul National Universitiy Bundang Hospital, Seongnam-si, Gyeonggi-do, 463-707, South Korea",True,False,2015.0,2017.0,True,False
NCT04233229,Evaluation of a Closed-loop Insulin Delivery System at Home With Tailored Home Care Services in Poorly Controlled Type 2 Diabetes Patients (T2D),COMPLETED,Diabetes Type 2,Air Liquide Santé International,ALL,"ADULT, OLDER_ADULT",,43.0,INDUSTRY,INTERVENTIONAL,2019-12-30,2022-05-30,"CHRU Brest, Brest, Brittany Region, 29609, France|CHU Rouen, Rouen, Normandy, 76230, France|CHU Amiens, Amiens, Picardie, 80054, France|CHU Caen, Caen, 14033, France|Hopital Européen de Marseille, Marseille, 13003, France|CHU Nantes, Nantes, 44093, France|CHU Strasbourg, Strasbourg, 67091, France|CHU Toulouse, Toulouse, 31059, France|CHRU Nancy-Hôpitaux de Brabois, Vandœuvre-lès-Nancy, 54511, France|APHP Lariboisière, Paris, Île-de-France Region, 75475, France",True,False,2019.0,2022.0,True,False
NCT02726217,NYULMC CareSmarts Pilot,COMPLETED,Diabetes|Type 2 Diabetes (T2D),NYU Langone Health,ALL,"ADULT, OLDER_ADULT",,26.0,OTHER,INTERVENTIONAL,2016-03-01,2017-05-02,"New York University School of Medicine, New York, New York, 10016, United States",True,False,2016.0,2017.0,True,False
NCT04289818,"The Effectiveness of ""CARE Coaching Model"" as an Effort to Empower Type 2 Diabetes Mellitus Patients",COMPLETED,Diabetes Type 2,Indonesia University,ALL,ADULT,,60.0,OTHER,INTERVENTIONAL,2018-02-01,2020-03-31,"Faculty of Medicine, Universitas Indonesia, Jakarta Pusat, DKI Jakarta, 10430, Indonesia",False,False,2018.0,2020.0,True,False
NCT07697612,Durian Consumption in Adults With Type 2 Diabetes Mellitus,NOT_YET_RECRUITING,Type 2 Diabetes,Singapore General Hospital,ALL,"ADULT, OLDER_ADULT",,40.0,OTHER,INTERVENTIONAL,2026-08,2027-12,"Singapore General Hospital, Singapore, Singapore",True,False,2026.0,2027.0,True,False
NCT02947620,Metformin/Atorvastatin Combination Therapy in Subjects With Type II Diabetes and Dyslipidemia (Phase 3),COMPLETED,Type II Diabetes|Dyslipidemia,Daewoong Pharmaceutical Co. LTD.,ALL,"ADULT, OLDER_ADULT",PHASE3,185.0,INDUSTRY,INTERVENTIONAL,2015-08,2017-02-27,"Samsung Medical Center, Seoul, South Korea",True,False,2015.0,2017.0,True,False
NCT06471699,The Effect of Continuous Glucose Monitoring in Individuals With Newly Diagnosed Type 2 Diabetes,NOT_YET_RECRUITING,Diabetes Type 2,Vastra Gotaland Region,ALL,"ADULT, OLDER_ADULT",,250.0,OTHER_GOV,INTERVENTIONAL,2024-11-01,2030-12-31,,True,False,2024.0,2030.0,True,False
NCT06340854,"A Research Study to See How Switching From a Daily Basal Insulin to a New Weekly Insulin, Insulin Icodec, Helps in Reducing the Blood Sugar Compared to Daily Insulin Glargine in Adults With Type 2 Diabetes",COMPLETED,"Diabetes, Type 2",Novo Nordisk A/S,ALL,"ADULT, OLDER_ADULT",PHASE3,412.0,INDUSTRY,INTERVENTIONAL,2024-04-19,2025-06-13,"Valley Research, Fresno, California, 93720, United States|Advanced Investigative Medicine, Inc., Hawthorne, California, 90250, United States|Scripps Whittier Diabetes Inst, La Jolla, California, 92037, United States|Headlands Research CTR Lincoln, Lincoln, California, 95648, United States|Northeast Research Institute of Florida, Fleming Island, Florida, 32003, United States|South Broward Research LLC, Miramar, Florida, 33027, United States|Endo Res Solutions Inc, Roswell, Georgia, 30076, United States|Rocky Mountain Diab&Osteo Ctr, Idaho Falls, Idaho, 83404-7596, United States|Velocity Clinical_Valparaiso, Valparaiso, Indiana, 46383, United States|Iowa Diab & Endo Res Center, West Des Moines, Iowa, 50266, United States|Cotton-Oneill Diabetes and End, Topeka, Kansas, 66606-2806, United States|International Diabetes Center, Minneapolis, Minnesota, 55416, United States|Jefferson City Medical Group, PC, Jefferson City, Missouri, 65109, United States|Univ of Nebraska Medical CTR, Omaha, Nebraska, 68198-3020, United States|Palm Research Center Inc-Vegas, Las Vegas, Nevada, 89148, United States|Southern NH Diabetes and Endo_Nashua, Nashua, New Hampshire, 03060, United States|PharmQuest Life Sciences LLC, Greensboro, North Carolina, 27408, United States|Accellacare Wilmington, Wilmington, North Carolina, 28401, United States|Trial Management Associates, Myrtle Beach, South Carolina, 29572, United States|Amarillo Medical Specialists, Amarillo, Texas, 79124, United States|Velocity Clinical Res-Dallas, Dallas, Texas, 75230, United States|Diabetes and Thyroid Ctr of FW, Fort Worth, Texas, 76132, United States|Victorium Clinical Research, Houston, Texas, 77024, United States|PlanIt Research, PLLC, Houston, Texas, 77079, United States|Chrysalis Clinical Research, St. George, Utah, 84790, United States|Capital Clin Res Ctr,LLC, Olympia, Washington, 98502, United States|Rainier Clin Res Ctr Inc, Renton, Washington, 98057, United States|Medical Center Viva Feniks OOD, Dobrich, 9300, Bulgaria|MHAT Knyaginya Klementina - Sofia EAD, Sofia, 1233, Bulgaria|UMHAT Aleksandrovska EAD, Clinic of Endocrinology and Metabolic Diseases, Sofia, 1431, Bulgaria|Medical Institute of Ministry of interior, Sofia, 1606, Bulgaria|Medical Centre - Clinic Nova EOOD, Varna, 9000, Bulgaria|MC Berbatov EOOD, Beli Drin, Yambol, 8600, Bulgaria|InnoDiab Forschung GmbH, Essen, 45136, Germany|Institut für Diabetesforschung GmbH Münster - Dr. med. Rose, Münster, 48145, Germany|MedicalCenter am Clemenshospital - Schwerpunktpraxis für Diabetologie und Ernährungsmedizin, Münster, 48153, Germany|RED-Institut für medizinische Forschung und Fortbildung GmbH, Oldenburg in Holstein, 23758, Germany|Institut für Diabetesforschung Osnabrück, Osnabrück, 49080, Germany|Zentrum für klinische Studien Allgäu Oberschwaben, Wangen, 88239, Germany|Swasthya Diabetes Care, Ahmedabad, Gujarat, 390013, India|Lifecare Hospital and Research Centre, Bangalore, Karnataka, 560092, India|Belgaum Diabetes Centre, Belagavi, Karnataka, 590001, India|Manipal Hospital, Old Airport Road, Bengaluru, Bengaluru, Karnataka, 560017, India|Amrita Institute Of Medical Sciences & Research Centre, Kochi, Kerala, 682041, India|TOTALL Diabetes Hormone Institute, Indore, Madhya Pradesh, 452010, India|Seth GS Medical College & KEM Hospital, Mumbai, Maharashtra, 400012, India|Grant Medical Foundation Ruby Hall Clinic, Pune, Maharashtra, 411001, India|Chellaram Diabetes Institute, Pune, Maharashtra, 411021, India|Jawaharlal Institute of Postgraduate Medical Education and Research (JIPMER), Puducherry, Tamil Nadu, 605006, India|Gandhi Hospital & Medical college, Hyderabad, Telangana, 500003, India|Malla Reddy Narayana Multispeciality Hospital, Hyderabad, Telangana, 500055, India|FS Endocrine and diabetes Center, Saidābād, Telangana, 500059, India|Government Institute of Medical Sciences, Noida, Uttar Pradesh, 201310, India|Postgraduate Institute of Medical Education and Research (PGIMER), Chandigarh, Chandigarh, 160012, India|Christian Medical College and Hospital, Ludhiana, 141008, India|Heiwadai Hospital_Internal Medicine, Miyazaki, Miyazaki, 880-0034, Japan|Tokyo Medical Univ. Hospital_Diabetes, Metabolism and Endocrinology, Shinjuku-ku, Tokyo, Tokyo, 160-0023, Japan|Futata Tetsuhiro Clinic Meinohama_Internal medicine, Fukuoka-shi, Fukuoka, 819-0006, Japan|Oyama East Clinic_Internal Medicine, Tochigi, 323-0022, Japan|Noritake Clinic, Ushiku-shi, Ibaraki, 300-1207, Japan|Uniwersytecki Szpital Kliniczny w Opolu, Opole, Opole Voivodeship, 45-401, Poland|NZOZ Specjalistyczny Osrodek Internistyczno-Diabetologiczny Małgorzata Arciszewska, Bialystok, Podlaskie Voivodeship, 15-435, Poland|NZOZ Vita-Diabetica Malgorzata Buraczyk, Bialystok, Podlaskie Voivodeship, 15-879, Poland|Centrum Medyczne Pratia Gdynia, Gdynia, Pomeranian Voivodeship, 81-338, Poland|NZOZ Euromedica Sp. z o.o., Grudziądz, 86-300, Poland|Centrum Medyczne Pratia Katowice, Katowice, 40-081, Poland|Panstwowy Instytut Medyczny Ministerstwa Spraw Wewnetrznych I Administracji, Warsaw, 02-507, Poland|Trialmed CRS, Piotrkow Trybunalski, Łódź Voivodeship, 97-300, Poland|Advanced Clinical Research LLC, Bayamón, 00959, Puerto Rico|Manati Ctr For Clin Research, Manati, 00674, Puerto Rico|Medi-Clinic Bloemfontein, Bloemfontein, Free State, 9301, South Africa|Hemant Makan, Johannesburg, Gauteng, 1827, South Africa|Centre for Diabetes, Johannesburg, Gauteng, 2198, South Africa|Dr Moosa's Rooms, Lenasia, Gauteng, 1827, South Africa|Botho ke Bontle Health Services, Pretoria, Gauteng, 0184, South Africa|Dr A Amod, Durban, KwaZulu-Natal, 4092, South Africa|Dr MB Moosa's Practice, Durban, KwaZulu-Natal, 4092, South Africa|Dr Mahesh Duki Research And Trial Site, Durban, KwaZulu-Natal, 4339, South Africa|Hospital de Basurto, Bilbao, Vizcaya, 48013, Spain|Hospital Clinic i Provincial, Barcelona, 08036, Spain|ABS La Roca CAP Vicenç_Endocrino, La Roca Del Vallés, 08430, Spain|H. Clinico Univ. Virgen de la Victoria, Málaga, 29010, Spain|H.U. Quirónsalud Madrid, Pozuelo de Alarcón, 28223, Spain",True,False,2024.0,2025.0,True,False
NCT03437109,Efficacy of Androgen Substitution for Hypogonadism in Men With Type 2 Diabetes Mellitus,COMPLETED,T2DM (Type 2 Diabetes Mellitus)|Hypogonadism,Besins Healthcare,MALE,ADULT,,554.0,INDUSTRY,OBSERVATIONAL,2017-12-06,2019-02-01,"ENC, Moscow, 117036, Russia|Central Clinical Hospital, Moscow, 121359, Russia",False,False,2017.0,2019.0,True,False
NCT01472328,Effects of HBO Therapy on Muscular Insulin Resistence in Type 2 Diabetes,COMPLETED,Obesity|Non-insulin-dependent Diabetes Mellitus,German Diabetes Center,ALL,"ADULT, OLDER_ADULT",,30.0,OTHER,INTERVENTIONAL,2012-03,2015-08,"German Diabetes Center, Düsseldorf, 40225, Germany",True,False,2012.0,2015.0,True,False
NCT06476990,Food Rx + Community Health Worker,COMPLETED,Diabetes Type 2,University of Kansas Medical Center,ALL,"ADULT, OLDER_ADULT",,47.0,OTHER,INTERVENTIONAL,2021-05-14,2022-05-03,"University of Kansas Medical Center, Kansas City, Kansas, 66106, United States",True,False,2021.0,2022.0,True,False
NCT02041234,Roux-en-Y Gastric Bypass for BMI 27-32 Type 2 Diabetes Versus Best Medical Treatment,COMPLETED,Type II Diabetes in Subjects BMI 27 to 32,Khoo Teck Puat Hospital,ALL,"ADULT, OLDER_ADULT",PHASE4,40.0,OTHER,INTERVENTIONAL,2014-02,2022-06,"Khoo Teck Puat Hospital, Singapore, 768828, Singapore",True,False,2014.0,2022.0,True,False
NCT06401668,Impact of a Community Health Worker Strategy on Produce Prescription Program Uptake Among People With Diabetes,COMPLETED,Diabetes Type 2,Yale University,ALL,"ADULT, OLDER_ADULT",,104.0,OTHER,INTERVENTIONAL,2025-04-08,2026-03-31,"Hartford HealthCare/ St. Vincent Medical Center, Hartford, Connecticut, 06102, United States",True,False,2025.0,2026.0,True,False
NCT06296550,Enhancing Digitally Delivered Diabetes Education With Real-Time CGM,RECRUITING,Diabetes Type 2,Scripps Whittier Diabetes Institute,ALL,"ADULT, OLDER_ADULT",,140.0,OTHER,INTERVENTIONAL,2025-04-03,2027-04-30,"Scripps Whittier Diabetes Institute, San Diego, California, 92037, United States",True,False,2025.0,2027.0,True,False
NCT02759289,"Arsenic, Disordered Glucose Homeostasis and Atherosclerosis",COMPLETED,Atherosclerosis|Type 2 Diabetes (T2D),NYU Langone Health,ALL,"ADULT, OLDER_ADULT",,279.0,OTHER,OBSERVATIONAL,2015-11,2020-09-15,"New York University School of Medicine, New York, New York, 10016, United States",True,False,2015.0,2020.0,True,False
NCT06897618,Culturally Tailored Diabetes Education on Self-Management of Adult Hispanic Males With Type 2 Diabetes Mellitus,TERMINATED,Diabetes Mellitus|Diabete Type 2,Hackensack Meridian Health,MALE,ADULT,,40.0,OTHER,INTERVENTIONAL,2025-09-12,2025-12-19,"Hackensack Meridian Health, JFK University Medical, Plainfield, New Jersey, 07060, United States",False,False,2025.0,2025.0,True,False
NCT01336738,Study Of Safety And Efficacy Of PF-04991532 In Subjects With Type 2 Diabetes Mellitus,COMPLETED,"Diabetes, Type 2",Pfizer,ALL,"ADULT, OLDER_ADULT",PHASE2,266.0,INDUSTRY,INTERVENTIONAL,2011-06,2012-03,"Pfizer Investigational Site, Jonesboro, Arkansas, 72401, United States|Pfizer Investigational Site, Jonesboro, Arkansas, 72404, United States|Pfizer Investigational Site, Los Angeles, California, 90057, United States|Pfizer Investigational Site, Palm Springs, California, 92262, United States|Pfizer Investigational Site, Jacksonville, Florida, 32216, United States|Pfizer Investigational Site, Melbourne, Florida, 32901, United States|Pfizer Investigational Site, West Palm Beach, Florida, 33401, United States|Pfizer Investigational Site, Conyers, Georgia, 30094, United States|Pfizer Investigational Site, Chicago, Illinois, 60607, United States|Pfizer Investigational Site, Louisville, Kentucky, 40213, United States|Pfizer Investigational Site, Fall River, Massachusetts, 02720, United States|Pfizer Investigational Site, Brooklyn, New York, 11230, United States|Pfizer Investigational Site, Cary, North Carolina, 27518, United States|Pfizer Investigational Site, Wilmington, North Carolina, 28401, United States|Pfizer Investigational Site, Columbus, Ohio, 43213, United States|Pfizer Investigational Site, East Providence, Rhode Island, 02914, United States|Pfizer Investigational Site, East Providence, Rhode Island, 02915, United States|Pfizer Investigational Site, Mt. Pleasant, South Carolina, 29464, United States|Pfizer Investigational Site, Bristol, Tennessee, 37620, United States|Pfizer Investigational Site, Kingsport, Tennessee, 37660, United States|Pfizer Investigational Site, Dallas, Texas, 75230, United States|Pfizer Investigational Site, Houston, Texas, 77036, United States|Pfizer Investigational Site, Houston, Texas, 77074, United States|Pfizer Investigational Site, Houston, Texas, 77081, United States|Pfizer Investigational Site, San Antonio, Texas, 78229, United States|Pfizer Investigational Site, Charlottesville, Virginia, 22911, United States|Pfizer Investigational Site, Kenosha, Wisconsin, 53142, United States|Pfizer Investigational Site, Milwaukee, Wisconsin, 53209, United States|Pfizer Investigational Site, Winnipeg, Manitoba, R3E 3P4, Canada|Pfizer Investigational Site, Strathroy, Ontario, N7G 1Y7, Canada|Pfizer Investigational Site, Thornhill, Ontario, L4J 8L7, Canada|Pfizer Investigational Site, Toronto, Ontario, M9W 4L6, Canada|Pfizer Investigational Site, Laval, Quebec, H7T 2P5, Canada|Pfizer Investigational Site, Saint Romuald, Quebec, G6W 5M6, Canada|Pfizer Investigational Site, Budapest, 1036, Hungary|Pfizer Investigational Site, Guadalajara, Jalisco, 44130, Mexico|Pfizer Investigational Site, Guadalajara, Jalisco, 44650, Mexico|Pfizer Investigational Site, Monterrey, Nuevo León, 64460, Mexico|Pfizer Investigational Site, Bratislava, 831 01, Slovakia|Pfizer Investigational Site, Seoul, 110-744, South Korea|Pfizer Investigational Site, Seoul, 120-752, South Korea|Pfizer Investigational Site, Seoul, 138-736, South Korea|Pfizer Investigational Site, Tainan, 710, Taiwan|Pfizer Investigational Site, Taipei, 100, Taiwan",True,False,2011.0,2012.0,True,False
NCT06267391,Safety and Effectiveness of Endoscopic Intestinal Re-Cellularization Therapy in Individuals With Type II Diabetes,ACTIVE_NOT_RECRUITING,"Type 2 Diabetes Mellitus|Type2diabetes|Diabetes Mellitus, Type 2|Diabetes|Type 2 Diabetes","Endogenex, Inc.",ALL,"ADULT, OLDER_ADULT",,350.0,INDUSTRY,INTERVENTIONAL,2024-05-01,2027-10-01,"University of Alabama, Birmingham, Alabama, 35205, United States|Central Alabama Research, Birmingham, Alabama, 35209, United States|Velocity Clinical Research, Gardena, Gardena, California, 90247, United States|Cedars-Sinai Medical Center, Los Angeles, California, 90048, United States|UCLA, Los Angeles, California, 90065, United States|Hoag Memorial Hospital Presbyterian - Digestive Health Institute, Newport Beach, California, 92663, United States|Velocity Clinical Research, Hallandale Beach, Hallandale, Florida, 33009, United States|Mayo Clinic, Jacksonville, Florida, 32224, United States|Universal Axon Clinical Research LLC, Miami, Florida, 33166, United States|University of Miami, Miami, Florida, 33166, United States|Quantum Clinical Research, Miami Beach, Florida, 33140, United States|West Orange Endocrinology, Ocoee, Florida, 34761, United States|Advent Health, Orlando, Florida, 32804, United States|Orlando Health, Orlando, Florida, 32806, United States|Health Synergy Clinical Research, West Palm Beach, Florida, 33407, United States|NorthShore University Health System, Evanston, Illinois, 60201, United States|Heartland Medical Research, Inc., Clive, Iowa, 50325, United States|Iowa Diabetes and Endocrinology Research Center, West Des Moines, Iowa, 50266, United States|John Hopkins, Baltimore, Maryland, 21287, United States|Mayo Clinic, Rochester, Minnesota, 55905, United States|Cooper Health System, Camden, New Jersey, 08103, United States|Robert Wood Johnson Medical School, New Brunswick, New Jersey, 08901, United States|The Ohio State University- Wexner Medical Center, Columbus, Ohio, 43210, United States|Velocity Clinical Research - Austin, Austin, Texas, 78613, United States|Dell Medical School, Austin, Texas, 78712, United States|IMA Clinical Research - Austin, Austin, Texas, 78745, United States|The University of Texas Health Science Center at Houston, Bellaire, Texas, 77401, United States|Velocity Clinical Research, Dallas, Dallas, Texas, 75230, United States|Southwest Medical Center, Dallas, Texas, 75235, United States|University of Texas Southwestern Medical School - William P. Clements Jr. University Hospital, Dallas, Texas, 75235, United States|Epic Medical Research, DeSoto, Texas, 75115, United States|Houston Methodist Research Institute, Houston, Texas, 77030, United States|Juno Research, LLC, Houston, Texas, 77054, United States|Texas Diabetes & Endocrinology, P.A., Round Rock, Texas, 78681, United States|Diabetes & Glandular Disease Clinic, P.A., San Antonio, Texas, 78229, United States|IMA Clinical Research - San Antonio, San Antonio, Texas, 78229, United States|Mt. Olympus Medical Research, Sugar Land, Texas, 77479, United States|Royal Prince Alfred Hospital, Camperdown, New South Wales, 2006, Australia|The BMI Clinic, Double Bay, New South Wales, 2028, Australia|Royal North Shore Hospital, Saint Leonards, New South Wales, 2065, Australia|Eastern Health - Box Hill Hospital, Box Hill, Victoria, 3128, Australia|St Vincent's Hospital Melbourne, Fitzroy, Victoria, 3065, Australia|Austin Health, Heidelberg, Victoria, Australia|Baker Heart and Diabetes Institute, Melbourne, Victoria, 3004, Australia",True,False,2024.0,2027.0,True,False
NCT07622628,AIM-MET: AI-Guided Microbiome-Targeted Nutrition for Glycemic Improvement in Type 2 Diabetes,RECRUITING,Type 2 Diabetes|Diabetes Mellitus Type 2,ENBIOSIS BIOTECHNOLOGIES,ALL,"ADULT, OLDER_ADULT",,100.0,INDUSTRY,INTERVENTIONAL,2026-06-01,2027-06-30,"Bakırçay University Faculty of Medicine Endocrinology Department, Izmir, Turkey (Türkiye)",True,False,2026.0,2027.0,True,False
NCT06005519,The Short and Long-term Effects of Low Advanced Glycation End Product* Diet,COMPLETED,Diabetes Type 2,Marmara University Pendik Training and Research Hospital,ALL,"ADULT, OLDER_ADULT",,60.0,OTHER,INTERVENTIONAL,2018-12-01,2021-08-30,"Istanbul University Istanbul Medical Faculty, Istanbul, Fatih, 34096, Turkey (Türkiye)",True,False,2018.0,2021.0,True,False
NCT00640549,Atorvastatin and LDL Profile in Non-Insulin Dependent Diabetes Mellitus,TERMINATED,"Hyperlipidemia|Diabetes Mellitus, Type 2|Non-Insulin Dependent Diabetes Mellitus",Pfizer's Upjohn has merged with Mylan to form Viatris Inc.,ALL,"ADULT, OLDER_ADULT",PHASE4,41.0,INDUSTRY,INTERVENTIONAL,2003-03,2004-10,"Pfizer Investigational Site, BAD Muenster AM Stein, 55583, Germany|Pfizer Investigational Site, Bosenheim, 55545, Germany|Pfizer Investigational Site, Bretten, 75015, Germany|Pfizer Investigational Site, Dresden, 01307, Germany|Pfizer Investigational Site, Duisburg, 47199, Germany|Pfizer Investigational Site, Essen, 45217, Germany|Pfizer Investigational Site, Goch, 47574, Germany|Pfizer Investigational Site, Heidelberg, 69120, Germany|Pfizer Investigational Site, Künzing, 94550, Germany|Pfizer Investigational Site, Offenbach, 63067, Germany|Pfizer Investigational Site, Offenbach, 63071, Germany|Pfizer Investigational Site, Offenbach, 63073, Germany|Pfizer Investigational Site, Rain, 94369, Germany|Pfizer Investigational Site, Schwabenheim, 55270, Germany",True,False,2003.0,2004.0,True,False
NCT05689684,Arabinoxylan-oligosaccharides (AXOS) for the Management of Type-2 Diabetes,COMPLETED,Diabetes Type 2,Lund University,ALL,"ADULT, OLDER_ADULT",,66.0,OTHER,INTERVENTIONAL,2022-11-07,2024-12-31,"Biomedical Nutrition, Lund University and Department of Endocrinology , Lund University Hospital, Lund, 221 00, Sweden",True,False,2022.0,2024.0,True,False
NCT05442840,Evaluation of Pharmacist Intervention for Individuals With Uncontrolled Type 2 Diabetes,ACTIVE_NOT_RECRUITING,Diabetes Type 2,University of Manitoba,ALL,"ADULT, OLDER_ADULT",,60.0,OTHER,INTERVENTIONAL,2022-07-04,2026-12,"Portage Clinic, Portage la Prairie, Manitoba, R1N 3V5, Canada",True,False,2022.0,2026.0,True,False
NCT06354660,Effect of Retatrutide Compared With Placebo in Adult Participants With Type 2 Diabetes and Inadequate Glycemic Control With Diet and Exercise Alone (TRANSCEND-T2D-1),COMPLETED,Diabetes Type 2,Eli Lilly and Company,ALL,"ADULT, OLDER_ADULT",PHASE3,537.0,INDUSTRY,INTERVENTIONAL,2024-04-10,2026-02-20,"Scottsdale Clinical Trials, Scottsdale, Arizona, 85260, United States|Tucson Clinical Research Institute, Tucson, Arizona, 85712, United States|San Fernando Valley Health Institute, Canoga Park, California, 91304, United States|Ark Clinical Research, Long Beach, California, 90815, United States|Northeast Research Institute (NERI), Fleming Island, Florida, 32003, United States|New Horizon Research Center, Miami, Florida, 33165, United States|Ezy Medical Research, Miami, Florida, 33175, United States|Clinical Research of Central Florida, Winter Haven, Florida, 33880, United States|Trinity Research Centers, Marietta, Georgia, 30064, United States|Cotton O'Neil Clinical Research Center, Topeka, Kansas, 66606, United States|NECCR PrimaCare Research, Fall River, Massachusetts, 02721, United States|Clinical Research Professionals, Chesterfield, Missouri, 63005, United States|Boeson Research MSO, Missoula, Montana, 59804, United States|NJ MedCare & NJ Heart, Linden, New Jersey, 07036, United States|Accellacare - Wilmington - 1917 Tradd Court, Wilmington, North Carolina, 28401, United States|Providence Health Partners-Center for Clinical Research, Dayton, Ohio, 45439, United States|Clinical Research of Philadelphia, Philadelphia, Pennsylvania, 19114, United States|Preferred Primary Care Physicians, Uniontown, Pennsylvania, 15401, United States|Delricht Research - Tobias Gadson Boulevard - Charleston, Charleston, South Carolina, 29407, United States|Lifedoc Research - Lenox Park Drive, Memphis, Tennessee, 38115, United States|Clinical Research Associates Inc, Nashville, Tennessee, 37203, United States|Velocity Clinical Research, Dallas, Dallas, Texas, 75230, United States|Prime Revival Research Institute, LLC, Flower Mound, Texas, 75028, United States|Valley Institute of Research - Fort Worth, Fort Worth, Texas, 76164, United States|Consano Clinical Research, LLC, Shavano Park, Texas, 78231, United States|Texas Valley Clinical Research, Weslaco, Texas, 78596, United States|Manassas Clinical Research Center, Manassas, Virginia, 20110, United States|MultiCare Rockwood Cheney Clinic, Cheney, Washington, 99004, United States|Eastside Research Associates, Redmond, Washington, 98052, United States|All India Institute of Medical Sciences, Raipur, Chhattisgarh, 492099, India|Gujarat Endocrin Pvt Ltd, Ahmedabad, Gujarat, 380052, India|Nirmal Hospital Pvt Ltd., Surat, Gujarat, 395002, India|Victoria Hospital, Bangalore Medical College And Research Institute, Bangalore, Karnataka, 560002, India|Government Medical College - Kozhikode, Kozhikode, Kerala, 673008, India|All India Institute of Medical Sciences, Bhubaneswar, Odisha, 751019, India|Eternal Heart Care Center and Research Institute, Jaipur, Rajasthan, 302020, India|Brij Medical Centre Private Limited, Kanpur, Uttar Pradesh, 208020, India|Grupo Ollin Care, Pachuca, Hidalgo, 42000, Mexico|Instituto Jalisciense de Investigacion en Diabetes y Obesidad, Guadalajara, Jalisco, 04460, Mexico|Instituto Nacional de Ciencias Medicas y Nutricion Salvador Zubiran, Mexico City, Mexico City, 14080, Mexico|Unidad biomedica avanzada monterrey, Monterrey, Nuevo León, 64460, Mexico|Clínica García Flores SC, Monterrey, Nuevo León, 64610, Mexico|Centro de investigación y control metabólico, San Nicolás de los Garza, Nuevo León, 66465, Mexico|EME RED Hospitalaria, Mérida, Yucatán, 97000, Mexico|Medical Care and Research SA de CV, Mérida, Yucatán, 97070, Mexico|Arké SMO S.A de C.V, Veracruz, 91910, Mexico|Dorado Medical Complex, Dorado, 00646, Puerto Rico|Ponce Medical School Foundation Inc., Ponce, 00716, Puerto Rico",True,False,2024.0,2026.0,True,False
NCT05394844,Diabetes Education With Real-time Continuous Glucose Monitoring,COMPLETED,Diabetes Type 2,University of Washington,ALL,ADULT,,120.0,OTHER,INTERVENTIONAL,2022-11-11,2024-11-30,"University of Washington Diabetes Institute, Seattle, Washington, 98109, United States|University of Washington, Seattle, Washington, 98109, United States",False,False,2022.0,2024.0,True,False
NCT05378620,Project Dulce for Filipino-Americans With Type 2 Diabetes,COMPLETED,Diabetes Type 2,Scripps Whittier Diabetes Institute,ALL,"ADULT, OLDER_ADULT",,29.0,OTHER,INTERVENTIONAL,2022-10-17,2025-12-12,"San Ysidro Health, National City, California, 91950, United States|Scripps Whittier Diabetes Institute, San Diego, California, 92037, United States",True,False,2022.0,2025.0,True,False
NCT05279326,Virtual SMAs in Lifestyle Approach for Type 2 Diabetes,UNKNOWN,Diabetes Type 2,Universidade do Porto,ALL,"ADULT, OLDER_ADULT",,112.0,OTHER,INTERVENTIONAL,2023-12,2024-12,"Unidade de Saúde Familiar Homem do Leme, Porto, 4150-502, Portugal",True,False,2023.0,2024.0,True,False
NCT01001962,Double Blind Placebo Study of JARDIANCE® (Empagliflozin) in Prehypertensives Type II Diabetics,UNKNOWN,Hypertension|Type II Diabetes,Aristotle University Of Thessaloniki,ALL,"ADULT, OLDER_ADULT",PHASE4,1054.0,OTHER,INTERVENTIONAL,2016-01,2020-01,"Hypertension 24h ABPM center Papageorgiou Hospital, Thessaloniki, Greece",True,False,2016.0,2020.0,True,False
NCT05266742,Investigation of the Effect of Web-based Education on Self-Care Management and Family Support in Women With Type 2 Diabetes,COMPLETED,Diabetes Type 2,Ankara Yildirim Beyazıt University,FEMALE,"ADULT, OLDER_ADULT",,66.0,OTHER,INTERVENTIONAL,2019-12-15,2020-08-15,"Ankara Yıldırım Beyazıt University, Ankara, Turkey (Türkiye)",True,False,2019.0,2020.0,True,False
NCT00637546,Gait and Balance of Diabetes Type 2 Patients,COMPLETED,Diabetes Type 2,"University Hospital, Geneva",ALL,"CHILD, ADULT, OLDER_ADULT",PHASE2|PHASE3,71.0,OTHER,INTERVENTIONAL,2007-09,2009-03,"University Hospital of Geneva, Geneva, 1205, Switzerland",True,True,2007.0,2009.0,True,False
NCT05143827,Glycemic Index of Pasta From Traditional and Current Wheat Varieties,UNKNOWN,Diabetes Type 2,Azienda Ospedaliero-Universitaria Careggi,ALL,"ADULT, OLDER_ADULT",,30.0,OTHER,INTERVENTIONAL,2021-11-20,2022-09-30,"Diabetologia AOU Careggi, Florence, 50134, Italy",True,False,2021.0,2022.0,True,False
NCT02935712,"Assessment of the Safety, Tolerability and Pharmacodynamics After Administration of One Dose of AZD8601 to Male Patients With Type II Diabetes Mellitus (T2DM)",COMPLETED,Male Subjects With Type II Diabetes (T2DM),AstraZeneca,MALE,"ADULT, OLDER_ADULT",PHASE1,44.0,INDUSTRY,INTERVENTIONAL,2016-12-16,2018-01-08,"Research Site, Berlin, 14050, Germany",True,False,2016.0,2018.0,True,False
NCT02222623,The Inova Type 2 Diabetes Mellitus Study,WITHDRAWN,"Diabetes, Type 2",Inova Health Care Services,ALL,"ADULT, OLDER_ADULT",,0.0,OTHER,INTERVENTIONAL,2015-04,2016-05,"Inova Fairfax Hospital, Falls Church, Virginia, 22042, United States",True,False,2015.0,2016.0,True,True
NCT05072990,Type 2 Diabetes Mellitus With Obesity and Dyslipidemia Treated by Chinese Herbal Medicine,COMPLETED,Type 2 Diabetes Mellitus in Obese|Dyslipidemia Associated With Type II Diabetes Mellitus,Guang'anmen Hospital of China Academy of Chinese Medical Sciences,ALL,"ADULT, OLDER_ADULT",,95.0,OTHER,OBSERVATIONAL,2021-10-27,2022-05-15,"Guang'anmen Hospital, China Academy of Chinese Medical Sciences, Beijing, Beijing Municipality, 100053, China",True,False,2021.0,2022.0,True,False
NCT05416060,Dulce Digital 2.0 - Innovative Diabetes Self-Management in the Digital Age,RECRUITING,Diabetes Type 2,Scripps Whittier Diabetes Institute,ALL,"ADULT, OLDER_ADULT",,150.0,OTHER,INTERVENTIONAL,2023-03-23,2027-06-30,"Scripps Chula Vista Diabetes Center, Chula Vista, California, 91910, United States|Scripps Whittier Diabetes Institute, San Diego, California, 92121, United States",True,False,2023.0,2027.0,True,False
NCT04946188,Translating Biometric Data Into Blood Glucose Levels,COMPLETED,Diabetes Type 2,Scimita Operations Pty Ltd.,ALL,"ADULT, OLDER_ADULT",,14.0,INDUSTRY,INTERVENTIONAL,2020-07-21,2020-12-14,"Scimita Operations, Sydney, New South Wales, 2044, Australia",True,False,2020.0,2020.0,True,False
NCT01845064,A Study to Evaluate the Safety and Effectiveness of DM199 in Healthy Subjects and Type 2 Diabetes Patients,COMPLETED,Diabetes Type 2,DiaMedica Therapeutics Inc,ALL,"ADULT, OLDER_ADULT",PHASE1|PHASE2,98.0,INDUSTRY,INTERVENTIONAL,2013-04,2014-11,"PRA, Zuidlaren, 9471 GP, Netherlands",True,False,2013.0,2014.0,True,False
NCT07265245,Evaluating an Analogy-Based Consultation Approach for Insulin-Treated Type 2 Diabetes Patients,COMPLETED,Type 2 Diabetes,"Ministry of Health, Malaysia",ALL,"CHILD, ADULT, OLDER_ADULT",,106.0,OTHER_GOV,INTERVENTIONAL,2023-01-01,2025-01-01,"Klinik Kesihatan Senawang, Seremban, Negeri Sembilan, 70450, Malaysia",True,True,2023.0,2025.0,True,False
NCT05577390,A Physiologic Comparison of Two Approaches to Treating Peripheral Neuropathy,RECRUITING,Peripheral Neuropathy With Type 2 Diabetes,Loma Linda University,ALL,"ADULT, OLDER_ADULT",,40.0,OTHER,INTERVENTIONAL,2024-01-08,2027-08-01,"Loma Linda University Health Neuropathic Therapy Center, Loma Linda, California, 92350, United States",True,False,2024.0,2027.0,True,False
NCT06904690,JACARDI: A eHealth and Health Literacy Educational Training to Support Older Patients With Type II Diabetes,RECRUITING,Type 2 Diabetes,Istituto Nazionale di Ricovero e Cura per Anziani,ALL,"ADULT, OLDER_ADULT",,200.0,OTHER,INTERVENTIONAL,2024-11-15,2026-03-31,"AOU Ospedaliera Marche, Ancona, 60127, Italy|IRCCS INRCA Hospital, Ancona, 60127, Italy",True,False,2024.0,2026.0,True,False
NCT07359105,Moderate-intensity Statin vs. Individualized LDL-C Target-based Therapy in Older Adults With Type 2 Diabetes (iTARGET-Elderly Study),RECRUITING,Dyslipidemia Associated With Type II Diabetes Mellitus,Sin Gon Kim,ALL,OLDER_ADULT,,2186.0,OTHER,INTERVENTIONAL,2026-03-09,2029-12-31,"Korea University ANAM Hospital, Seoul, South Korea|Severance Hospital, Seoul, South Korea",True,False,2026.0,2029.0,True,False
NCT01193179,A Phase 3 Study of OPC-262 in Patients With Type 2 Diabetes,COMPLETED,"Diabetes, Type 2","Kyowa Kirin Co., Ltd.",ALL,"ADULT, OLDER_ADULT",PHASE3,450.0,INDUSTRY,INTERVENTIONAL,2010-07,2012-04,"Kanto Rigeon, Japan|Kinki Region, Japan|Kyushu Region, Japan|Tohoku Region, Japan",True,False,2010.0,2012.0,True,False
NCT00044447,Evaluate the Role of Adding Amaryl to Non-Insulin Dependent Diabetes Mellitus Patients Unresponsive to Maximum Dose Metformin & Thiazolidinedione,COMPLETED,"Diabetes Mellitus, Non-Insulin-Dependent",Sanofi,ALL,"ADULT, OLDER_ADULT",PHASE3,170.0,INDUSTRY,INTERVENTIONAL,2001-05,2002-09,"Dallas Diabetes & Endocrine Center, Dallas, Texas, 75230, United States",True,False,2001.0,2002.0,True,False
NCT03714451,Investigating the Effect of Onyx Sorghum on Blood Glucose in Individuals With Type 2 Diabetes,COMPLETED,Diabetes Type 2,Yale University,ALL,"ADULT, OLDER_ADULT",,24.0,OTHER,INTERVENTIONAL,2018-11-01,2022-12-30,"Yale New Haven Hospital, New Haven, Connecticut, 06510, United States|Yale University School of Medicine, New Haven, Connecticut, 06510, United States|Yale Center for Clinical Investigation, New Haven, Connecticut, 06519, United States",True,False,2018.0,2022.0,True,False
NCT06293417,To Assess With Ezefeno Tab. in Patients With Dyslipidemia and T2DM,RECRUITING,T2DM (Type 2 Diabetes Mellitus)|Dyslipidemias,Korea University Anam Hospital,ALL,"ADULT, OLDER_ADULT",,3958.0,OTHER,INTERVENTIONAL,2024-03-01,2027-02-01,"Korea University Anam Hospital, Seoul, South Korea",True,False,2024.0,2027.0,True,False
NCT03550378,A Study to Look at the Effect MEDI0382 Has on Blood Sugar in People With Type 2 Diabetes and Kidney Problems and Also to Check That MEDI0382 is Well Tolerated,COMPLETED,Type II Diabetes Mellitus|Renal Insufficiency,MedImmune LLC,ALL,"ADULT, OLDER_ADULT",PHASE2,41.0,INDUSTRY,INTERVENTIONAL,2018-06-29,2019-02-04,"Research Site, Berlin, 10117, Germany|Research Site, Magdeburg, 39120, Germany|Research Site, München, 81241, Germany|Research Site, Münster, 48145, Germany|Research Site, Dundee, DD1 9SY, United Kingdom|Research Site, Edinburgh, EH16 4SA, United Kingdom|Research Site, Edinburgh, EH4 2XU, United Kingdom",True,False,2018.0,2019.0,True,False
NCT07606066,A Study to Identify and Characterize Patients With Type 2 Diabetes Mellitus for Possible Participation in Ongoing or Future Type 2 Diabetes Mellitus Clinical Studies,RECRUITING,Type 2 Diabetes,AstraZeneca,ALL,"ADULT, OLDER_ADULT",,2150.0,INDUSTRY,OBSERVATIONAL,2026-05-06,2027-03-31,"Research Site, Little Rock, Arkansas, 72205, United States|Research Site, Lincoln, California, 95648, United States|Research Site, Lake City, Florida, 32055, United States|Research Site, Ocoee, Florida, 34761, United States|Research Site, Decatur, Georgia, 30030, United States|Research Site, El Dorado, Kansas, 67042, United States|Research Site, Potomac, Maryland, 20854, United States|Research Site, Gaffney, South Carolina, 29340, United States|Research Site, Renton, Washington, 98057, United States|Research Site, Fortaleza, Ceará, 60430-350, Brazil|Research Site, Curitiba, Paraná, 80030-480, Brazil|Research Site, Natal, Rio Grande do Norte, 59020-035, Brazil|Research Site, Porto Alegre, Rio Grande do Sul, 90630-165, Brazil|Research Site, Campinas, S O Paulo, 13060-904, Brazil|Research Site, São José dos Campos, S O Paulo, 12243-280, Brazil|Research Site, São Paulo, São Paulo, 01228-200, Brazil|Research Site, São Paulo, São Paulo, 04012-180, Brazil|Research Site, Barretos, 14784-400, Brazil|Research Site, Brasília, 71625-009, Brazil|Research Site, Rio de Janeiro, 22270-060, Brazil|Research Site, Budapest, HU, 1036, Hungary|Research Site, Budapest, HU, 1089, Hungary|Research Site, Debrecen, HU, 4032, Hungary|Research Site, Szeged, HU, 6725, Hungary|Research Site, Budapest, 1024, Hungary|Research Site, Budapest, 1132, Hungary|Research Site, Budapest, 1138, Hungary|Research Site, Salgótarján, 3100, Hungary|Research Site, Szolnok, 5000, Hungary|Research Site, Zalaegerszeg, 8900, Hungary|Research Site, Guntur, Andhra Pradesh, 522001, India|Research Site, Guwahati, Assam, 781032, India|Research Site, Bangalore, Karnataka, 560092, India|Research Site, Belagavi, Karnataka, 590006, India|Research Site, Belagavi, Karnataka, 590010, India|Research Site, Calicut, Kerala, 673008, India|Research Site, Kochi, Kerala, 682041, India|Research Site, Thiruvananthapuram, Kerala, 695031, India|Research Site, Indore, Madhya Pradesh, 452008, India|Research Site, Mumbai, Maharashtra, 400012, India|Research Site, Nagpur, Maharashtra, 440010, India|Research Site, Pune, Maharashtra, 411013, India|Research Site, Pune, Maharashtra, 411021, India|Research Site, Delhi, New Delhi, 110029, India|Research Site, Jaipur, Rajasthan, 302017, India|Research Site, Chennai, Tamil Nadu, 600086, India|Research Site, Coimbatore, Tamil Nadu, 641018, India|Research Site, Lucknow, Uttar Pradesh, 226030, India|Research Site, Kolkata, West Bengal, 700020, India|Research Site, Seremban, Negeri Sembilan, 70300, Malaysia|Research Site, Seri Manjung, Perak, 32040, Malaysia|Research Site, Batu Caves, Selangor, 68100, Malaysia|Research Site, Kuala Lumpur, Wilayah Persekutuan Kuala Lump, 59100, Malaysia|Research Site, Putrajaya, 62250, Malaysia|Research Site, L Dz, L Dzkie, 90-338, Poland|Research Site, Lublin, Lublin Voivodeship, 20-718, Poland|Research Site, Krakow, Malopolska, 31-261, Poland|Research Site, Radom, Masovian Voivodeship, 26-600, Poland|Research Site, Bialystok, Podlaskie Voivodeship, 15-879, Poland|Research Site, Częstochowa, Silesian Voivodeship, 42-217, Poland|Research Site, Poznnn, 60-354, Poland|Research Site, Warsaw, 00-124, Poland|Research Site, Kielce, Świętokrzyskie Voivodeship, 25-355, Poland|Research Site, Ankara, Turkey, 6100, Turkey (Türkiye)|Research Site, Adana, 01060, Turkey (Türkiye)|Research Site, Adana, 01250, Turkey (Türkiye)|Research Site, Ankara, 06530, Turkey (Türkiye)|Research Site, Gaziantep, 27470, Turkey (Türkiye)|Research Site, Istanbul, 34265, Turkey (Türkiye)|Research Site, Istanbul, 34384, Turkey (Türkiye)|Research Site, Kayseri, 38039, Turkey (Türkiye)",True,False,2026.0,2027.0,True,False
NCT00349427,A Study Of Rosiglitazone Plus Insulin To Treat Type 2 Diabetes Mellitus Patients,COMPLETED,"Type 2 Diabetes Mellitus|Diabetes Mellitus, Type 2",GlaxoSmithKline,ALL,"ADULT, OLDER_ADULT",PHASE3,256.0,INDUSTRY,INTERVENTIONAL,2005-10,,"GSK Investigational Site, Nanjing, Jiangsu, 210008, China|GSK Investigational Site, Xian, Shanxi, 710032, China|GSK Investigational Site, Beijing, 100029, China|GSK Investigational Site, Beijing, 100034, China|GSK Investigational Site, Beijing, 100730, China|GSK Investigational Site, Beijing, 100853, China|GSK Investigational Site, Shanghai, 200001, China|GSK Investigational Site, Shanghai, 200032, China|GSK Investigational Site, Shanghai, 200233, China|GSK Investigational Site, Tianjin, 300052, China",True,False,2005.0,,True,False
NCT06140485,A Trial to Investigate the Efficacy and Safety of NW Low-Glu® in Patients With Type II Diabetes Mellitus,UNKNOWN,"Diabetes Mellitus, Type 2",Natural Wellness Egypt,ALL,"ADULT, OLDER_ADULT",PHASE3,400.0,INDUSTRY,INTERVENTIONAL,2024-03,2025-10,,True,False,2024.0,2025.0,True,False
NCT01359904,Effect of Dialysis Glucose Bath on Glycemic Control in Hemodialysis (HD),COMPLETED,Diabetes Type 2,McGill University Health Centre/Research Institute of the McGill University Health Centre,ALL,"ADULT, OLDER_ADULT",,33.0,OTHER,INTERVENTIONAL,2011-05,2012-11,"Montreal General Hospital, Montreal, Quebec, H3G 1A4, Canada",True,False,2011.0,2012.0,True,False
NCT03811548,Janagliflozin Treat T2DM Monotherapy,UNKNOWN,Diabetes Type 2,Sihuan Pharmaceutical Holdings Group Ltd.,ALL,"ADULT, OLDER_ADULT",PHASE3,442.0,INDUSTRY,INTERVENTIONAL,2019-05-23,2020-12-31,"Linong Ji, Beijing, Beijing Municipality, China",True,False,2019.0,2020.0,True,False
NCT07696013,The Effect of Personalized Nutrition on Changes in Metabolic Parameters in Patients With Type 2 Diabetes Mellitus,COMPLETED,Type 2 Diabetes,DINA KEUMALA SARI,ALL,"ADULT, OLDER_ADULT",,60.0,OTHER,INTERVENTIONAL,2025-10-01,2026-01-31,"Nutrition Department, Universitas Sumatera Utara, Medan, Indonesia, Medan, North Sumatera, Indonesia",True,False,2025.0,2026.0,True,False
NCT04910178,Follow-up of NAFLD Patients With MRI-PDFF,COMPLETED,Diabetes Type 2|NAFLD,Asmaa Abdelfattah Elsayed,ALL,"ADULT, OLDER_ADULT",PHASE4,80.0,OTHER,INTERVENTIONAL,2020-12-01,2021-12-30,"Minya University Hospital, Minya, 61118, Egypt",True,False,2020.0,2021.0,True,False
NCT01608724,The Efficacy and Safety Study in Patients With Type 2 Diabetes Mellitus,COMPLETED,"Diabetes Mellitus, Non-Insulin-Dependent",AstraZeneca,ALL,"ADULT, OLDER_ADULT",PHASE4,2165.0,INDUSTRY,INTERVENTIONAL,2012-11,2014-05,"Research Site, Baotou, China|Research Site, Beijing, China|Research Site, Benxi, China|Research Site, Changchun, China|Research Site, Chengdu, China|Research Site, Chongqing, China|Research Site, Dalian, China|Research Site, Dongguan, China|Research Site, Foshan, China|Research Site, Fuzhou, China|Research Site, Guangzhou, China|Research Site, Guiyang, China|Research Site, Haikou, China|Research Site, Hangzhou, China|Research Site, Hhht, China|Research Site, Hubei, China|Research Site, Jimo, China|Research Site, Jinan, China|Research Site, Kunming, China|Research Site, Linyi, China|Research Site, Nanjing, China|Research Site, Nantong, China|Research Site, Qingdao, China|Research Site, Shanghai, China|Research Site, Shantou, China|Research Site, Shenyang, China|Research Site, Shiyan, China|Research Site, Suzhou, China|Research Site, Taiyuan, China|Research Site, Tianjin, China|Research Site, Ürümqi, China|Research Site, Wenzhou, China|Research Site, Wuhan, China|Research Site, Wuxi, China|Research Site, Xi'an, China|Research Site, Zhanjiang, China|Research Site, Zhengzhou, China",True,False,2012.0,2014.0,True,False
NCT03165084,Person-centred Interactive Self-management Support in Primary Healthcare for People With Type 2 Diabetes,UNKNOWN,Diabetes Type 2,Umeå University,ALL,"ADULT, OLDER_ADULT",,140.0,OTHER,INTERVENTIONAL,2017-05-05,2018-05-31,"Department of Nursing, Umeå University, Umeå, 901 87, Sweden",True,False,2017.0,2018.0,True,False
NCT01382264,Use of a Computer-Assisted Decision Support (CADS) System in Management of Patients With Type 2 Diabetes,UNKNOWN,Diabetes Type 2,Walter Reed Army Medical Center,ALL,"ADULT, OLDER_ADULT",,570.0,FED,INTERVENTIONAL,2011-07,2012-10,"Walter Reed Army Medical Center, Washington D.C., District of Columbia, 20307, United States",True,False,2011.0,2012.0,True,False
NCT02093234,Changing the Healthcare Delivery Model,COMPLETED,Diabetes Type 2,George Washington University,ALL,"ADULT, OLDER_ADULT",,166.0,OTHER,INTERVENTIONAL,2014-04,2016-08,"Medical Faculty Assoc Inc, GWUniv, Washington D.C., District of Columbia, 20037, United States",True,False,2014.0,2016.0,True,False
NCT03179254,Type 2 Diabetes and Ambulatory Surgery Patients,COMPLETED,Diabetes Type 2,University of Texas Southwestern Medical Center,ALL,"ADULT, OLDER_ADULT",PHASE4,160.0,OTHER,INTERVENTIONAL,2010-03-22,2014-08-26,,True,False,2010.0,2014.0,True,False
NCT00881543,"""Effect of Dipeptidyl Peptidase IV After Diets in näive Type 2 Diabetic Patients""",COMPLETED,Diabetes Type 2,University of Sao Paulo General Hospital,ALL,"ADULT, OLDER_ADULT",,45.0,OTHER,INTERVENTIONAL,2009-06,2011-10,"University of São Paulo General Hospital, São Paulo, São Paulo, Brazil",True,False,2009.0,2011.0,True,False
NCT04971252,Type 2 Diabetes Mellitus and Chronic Kidney Disease,COMPLETED,Renal Disorder Associated With Type II Diabetes Mellitus,Sohag University,ALL,"ADULT, OLDER_ADULT",,150.0,OTHER,OBSERVATIONAL,2021-07-07,2023-07-07,"Sohag University, Sohag, Egypt",True,False,2021.0,2023.0,True,False
NCT07247656,The Efficacy and Safety of Empagliflozin - Linagliptin and Empagliflozin- Metformin Therapy in Reduction of Body Weight in Type 2 Diabetic Patients .,COMPLETED,Diabete Mellitus,Bahria University,ALL,"ADULT, OLDER_ADULT",PHASE4,200.0,OTHER,INTERVENTIONAL,2022-12-01,2023-05-01,"Bahria University, Karachi, Sindh, Pakistan",True,False,2022.0,2023.0,True,False
NCT01617603,A Comparison Chocolate With and Without High Cocoa Solids in Patients With Type 2 Diabetes in a Randomised Clinical Trial,COMPLETED,Diabetes Type 2,Société des Produits Nestlé (SPN),ALL,"ADULT, OLDER_ADULT",,62.0,INDUSTRY,INTERVENTIONAL,2009-04,2011-05,"Endocrinology, Diabetes & Metabolism, Hull York Medical School, Michael White Diabetes Centre, 220-236, Anlaby Road, Hull, HU3 2RW, United Kingdom",True,False,2009.0,2011.0,True,False
NCT00259896,In-patient Study in Patients With Type 2 Diabetes Mellitus,COMPLETED,"Type 2 Diabetes Mellitus|Diabetes Mellitus, Type 2",GlaxoSmithKline,ALL,"ADULT, OLDER_ADULT",PHASE1,30.0,INDUSTRY,INTERVENTIONAL,2005-10,,,True,False,2005.0,,True,False
NCT00539890,Comparison Between Technosphere/Insulin Inhalation Powder Versus Rapid Acting Insulin in Subjects With Type 2 Diabetes Mellitus,COMPLETED,Diabetes Type 2,Mannkind Corporation,ALL,"ADULT, OLDER_ADULT",PHASE3,0.0,INDUSTRY,INTERVENTIONAL,2005-11,2006-07,"Ural State Medical Academy of Post-Graduate Education Municipal Clinical Hospital # 3, Chelyabinsk, RUS, 454021, Russia|NHI Kemerovo Regional Clinical Hospital, Kemerovo, RUS, 650061, Russia|NI Principal Military Clinical Hospital n a academician N.N. Burdenko of the Ministry of Defense, Moscow, RUS, 105229, Russia|Moscow State Medico-Stomatological University City Hospital # 23, Moscow, RUS, 109240, Russia|Russian State Medical University, Moscow, RUS, 109263, Russia|Clinical Research Institute of Physic-Chemical Medicine Hospital # 29, Moscow, RUS, 111020, Russia|NEI HPE Moscow State University of Medicine and Dentistry of FAHSD City Clinical Hospital #70, Moscow, RUS, 111399, Russia|Russian State Medical University City Hospital # 4, Moscow, RUS, 113093, Russia|Russian Academy of Medical Sciences National Research Ctr for Endocrinology Institute of Diabetes, Moscow, RUS, 117036, Russia|Moscow Hospital of Glavmosstroy State Unitary Enterprise Medical Centre Medical Sanitary Unit #47, Moscow, RUS, 117192, Russia|Russian State Medical University Central Clinical Hospital Russian Science Academy, Moscow, RUS, 117593, Russia|Sechenov Moscow Medical Academy, Moscow, RUS, 119881, Russia|Moscow Medical Academy, Moscow, RUS, 123478, Russia|Moscow, RUS, 125315, Russia|SIH of Moscow City Clinical Hopsital #81 Endocrinology and Diabetology, Moscow, RUS, 127644, Russia|Moscow State Medical Stomatology University Municipal Hospital # 63 Endocrinology Diabetology, Moscow, RUS, 129090, Russia|Moscow City Clinical Hospital # 20, Moscow, RUS, 129327, Russia|Municipal Clinical Hospital #13, Moscow, RUS, 150062, Russia|Nizhni Novgorod regional hospital na Semashko, Nizhny Novgorod, RUS, 603126, Russia|St Petersburg NHI City Polytclinic #77 City Diabetological Center #4, Saint Petersburg, RUS, 193012, Russia|Central Medical Sanitary Unit #122, Saint Petersburg, RUS, 194291, Russia|SPb Diabetological Center, Saint Petersburg, RUS, 194354, Russia|St Petersburg NHI Municipal Multi-Speciality Hospital # 2, Saint Petersburg, RUS, 194354, Russia|St Petersburg Medical Academy St Elizabeth Hospital, Saint Petersburg, RUS, 195257, Russia|Pavlov State Medical Univ of St Petersburg, Saint Petersburg, RUS, 197022, Russia|City Outpatient Clinic # 34, Saint Petersburg, RUS, 197198, Russia|TUV Medico-Military Academy, Saint Petersburg, RUS, 198013, Russia|Center Diabetes LLC, Samara, RUS, 443067, Russia|Saratov City Outpatient Clinic # 20, Saratov, RUS, 410038, Russia|Saratov Medical University Faculty Therapy Chair Clinical Hospital # 3, Saratov, RUS, 410054, Russia|NEI HPE Smolensk State Medical Academy of FAHSD RNHI Smolensk Regional Clinical Hospital, Smolensk, RUS, 214018, Russia|MHI Clinical Hospital for Emergency Care na NV Soloviev, Yaroslavl, RUS, 150003, Russia|Yaroslavl Regional Clinical Hospital, Yaroslavl, RUS, 150062, Russia",True,False,2005.0,2006.0,True,True
NCT02722499,Financial Incentives Telephone Education and Skills Trial in African Americans With Diabetes (FITEST),COMPLETED,"Diabetes Mellitus|Type 2 Diabetes Mellitus|Adult-Onset Diabetes Mellitus|Non-Insulin-Dependent Diabetes Mellitus|Noninsulin Dependent Diabetes Mellitus, Type II",State University of New York at Buffalo,ALL,"ADULT, OLDER_ADULT",,60.0,OTHER,INTERVENTIONAL,2016-03,2021-03,"Medical College of Wisconsin, Milwaukee, Wisconsin, 53226, United States",True,False,2016.0,2021.0,True,False
NCT05706506,A Study of Tirzepatide (LY3298176) in Adults With Type 2 Diabetes Switching From a GLP-1 RA (SURPASS-SWITCH-2),COMPLETED,"Type 2 Diabetes|Diabetes Mellitus, Type 2",Eli Lilly and Company,ALL,"ADULT, OLDER_ADULT",PHASE4,152.0,INDUSTRY,INTERVENTIONAL,2023-03-08,2023-10-31,"Fiel Family and Sports Medicine PC, Tempe, Arizona, 85283, United States|New Hope Research Development, Corona, California, 92882, United States|Velocity Clinical Research, Gardena, Gardena, California, 90247, United States|Velocity Clinical Research, Huntington Park, Huntington Park, California, 90255, United States|Velocity Clinical Research, Huntington Park, Los Angeles, California, 90057, United States|Valley Clinical Trials, Inc., Northridge, California, 91325, United States|Dream Team Clinical Research, Pomona, California, 91767, United States|Scripps Whittier Diabetes Institute, San Diego, California, 92121-1520, United States|Metabolic Institute of America, Tarzana, California, 91356-3551, United States|CMR of Greater New Haven, LLC, Waterbury, Connecticut, 06708, United States|Velocity Clinical Research, Hallandale Beach, Hallandale, Florida, 33009, United States|East Coast Institute for Research, LLC, Jacksonville, Florida, 32204, United States|Florida Institute For Clinical Research, LLC, Orlando, Florida, 32825, United States|New Tampa Health, Tampa, Florida, 33603-3402, United States|Georgia Clinical Research, Lawrenceville, Georgia, 30044-5896, United States|Endocrine Research Solutions, Inc., Roswell, Georgia, 30076, United States|Velocity Clinical Research, Valparaiso, Valparaiso, Indiana, 46383, United States|Iowa Diabetes and Endocrinology Research Center, West Des Moines, Iowa, 50265, United States|Cotton O'Neil Clinic, Topeka, Kansas, 66606, United States|Versailles Family Medicine, Versailles, Kentucky, 40383-1947, United States|Endocrine and Metabolic Consultants, Rockville, Maryland, 20852, United States|Clinical Research Professionals, Chesterfield, Missouri, 63005, United States|Clinical Research of South Nevada, Las Vegas, Nevada, 89121, United States|Palm Research Center Tenaya, Las Vegas, Nevada, 89128, United States|Advanced Medical Research, Maumee, Ohio, 43537-9402, United States|Conrad Clinical Research, Edmond, Oklahoma, 73013, United States|Mountain View Clinical Research, Inc., Greenville, South Carolina, 29607, United States|Texas Diabetes & Endocrinology, P.A., Austin, Texas, 78731-4309, United States|North Texas Endocrine Center, Dallas, Texas, 75231, United States|Memorial City Endocrine Consultants, Houston, Texas, 77043-2742, United States|Consano Clinical Research, LLC, Shavano Park, Texas, 78231, United States|ClinPoint Trials, Waxahachie, Texas, 75165, United States",True,False,2023.0,2023.0,True,False
NCT02809963,Mineralocorticoid Receptor Antagonists in Type 2 Diabetes,COMPLETED,Diabetes Type 2,Herlev Hospital,ALL,"ADULT, OLDER_ADULT",PHASE4,140.0,OTHER,INTERVENTIONAL,2015-11,2017-11,"Herlev and Gentofte Hospital, Department of Endocrinology and Metabolism, Department of internal medicine,, Herlev, 2730, Denmark",True,False,2015.0,2017.0,True,False
NCT05336019,The Effect of a Diabetes Self-management Coaching Program for Type 2 Diabetes Patients in the Ethiopian PC.,COMPLETED,"Type 2 Diabetes|Diabetes Mellitus, Type 2",Queen's University,ALL,"ADULT, OLDER_ADULT",,40.0,OTHER,INTERVENTIONAL,2022-10-01,2023-04-30,"Fikadu Ambaw Yehualashet, Kingston, Ontario, K7K 1N6, Canada",True,False,2022.0,2023.0,True,False
NCT01076842,Efficacy Evaluation of Different Medication Combination in Type 2 Diabetes Treatment,COMPLETED,Diabetes Type 2,Novo Nordisk A/S,ALL,"ADULT, OLDER_ADULT",PHASE4,75.0,INDUSTRY,INTERVENTIONAL,2008-04,2011-04,"MedStar Research Institute, Washington D.C., District of Columbia, 20003, United States|Walter Reed Army Medical Center, Washington D.C., District of Columbia, 20306, United States",True,False,2008.0,2011.0,True,False
NCT06283992,Digital Health Navigation for Latino Patients With Type II Diabetes,COMPLETED,Type 2 Diabetes,Brigham and Women's Hospital,ALL,"ADULT, OLDER_ADULT",,64.0,OTHER,INTERVENTIONAL,2024-03-31,2026-06-30,"Brigham and Women's Hospital, Boston, Massachusetts, 02120, United States",True,False,2024.0,2026.0,True,False
NCT00376038,Drug Interactions From Simultaneous Administration Of Metformin And GSK189075 To Subjects With Type 2 Diabetes,COMPLETED,"Type 2 Diabetes Mellitus|Diabetes Mellitus, Type 2",GlaxoSmithKline,ALL,ADULT,PHASE1,13.0,INDUSTRY,INTERVENTIONAL,2006-08,2006-10,"GSK Investigational Site, Mexico City, 14050, Mexico",False,False,2006.0,2006.0,True,False
NCT04076384,Effectiveness of a Team-based Follow-up Program in General Practice Among People With Chronic Conditions,COMPLETED,Diabetes Type 2|COPD,Bergen University College,ALL,"ADULT, OLDER_ADULT",,228.0,OTHER,INTERVENTIONAL,2019-08-19,2022-01-01,"Western Norway University of Applied Sciences, Bergen, Hordaland, 5020, Norway",True,False,2019.0,2022.0,True,False
NCT02569684,Effects of Prebiotics on GLP-1 in Type 2 Diabetes,COMPLETED,Diabetes Type 2,Oslo University Hospital,ALL,"ADULT, OLDER_ADULT",,37.0,OTHER,INTERVENTIONAL,2015-10,2019-12,"Oslo University Hospital, Oslo, 0424, Norway",True,False,2015.0,2019.0,True,False
NCT00035542,A Research Study to Determine the Safety and Efficacy of Glucovance Compared to Metformin and Glyburide in Children and Adolescents With Type 2 Diabetes.,COMPLETED,"Diabetes Mellitus, Non-Insulin-Dependent",Bristol-Myers Squibb,ALL,CHILD,PHASE3,,INDUSTRY,INTERVENTIONAL,2001-12,2003-10,"Childrens's Health System/Dept of PED/Diabetes/Endoncrinology, Birmingham, Alabama, 35233, United States|Advanced Clinical Therapeutics, Tucson, Arizona, 85712, United States|Hazan, Lydie, Beverly Hills, California, 90211, United States|Bautista Research & Medical Center, Fresno, California, 93721, United States|Health Care Link, Inc, La Jolla, California, 92037, United States|Neufeld Medical Group, Los Angeles, California, 90048, United States|National Institute Of Clinical Research, Los Angeles, California, 90806, United States|Pasadena Pediatric Endocrinology Diabetes, Pasadena, California, 91105, United States|A.R.I. Clinical Trials, Redondo Beach, California, 90277, United States|Sutter Institute For Medical Research, Sacramento, California, 95816, United States|Children's Hospital, Denver, Colorado, 80218, United States|Connecticut Children's Medical Center, Hartford, Connecticut, 06106, United States|Children's National Medical Center, Washington D.C., District of Columbia, 20010, United States|EDU Practice Pediatric Endocrinology, Tallahassee, Florida, 32308, United States|Southeastern Endocrine and Diabetes, Atlanta, Georgia, 33028, United States|University of Hawaii/Diabetes Research Group, ‘Ewa Beach, Hawaii, 96706, United States|St. James Diabetes Center, Chicago Heights, Illinois, 60411, United States|Lutheran General Children's Hospital, Park Ridge, Illinois, 60068, United States|Raymond Blank Children's Hospital, Des Moines, Iowa, 50309, United States|Louisville Metabolic & Athersclerosis Research Center/Advanced Cardiovascular Institute, Louisville, Kentucky, 40217, United States|Bay East Endocrinologists, Easton, Maryland, 21601, United States|Joslin Diabetes Center, Boston, Massachusetts, 02215, United States|JM Clinical Trials Inc, Swansea, Massachusetts, 02777, United States|Center for Health Management, Gulfport, Mississippi, 39501, United States|Medex Healthcare Research, St Louis, Missouri, 63108, United States|Diabetes, Endocrine & Nutrition Core Physicians, Hampton, New Hampshire, 03842, United States|Hackensack Medical Center, Hackensack, New Jersey, 07601, United States|Endocrine & Diabetes Center, Jersey City, New Jersey, 07306, United States|SUNY Downstate Medical Center / Dept of Endocrinology, Brooklyn, New York, 11203, United States|Children's Hospital of Buffalo/Kaledia Health Diabetes Center, Buffalo, New York, 16222, United States|Winthrop University Hospital, Clinical Trials Center, Mineola, New York, 11502, United States|St Luke's Roosevelt Hospital/Westside Pediatrics Assoc/Clinical Pharmacology Program, New York, New York, 10023, United States|Vassar Brothers Hospital, Poughkeepsie, New York, 12603, United States|University of Rochester/Dpt Pediatrics, S.M.H., Rochester, New York, 14642, United States|Montefioe Medical Center - DIV / c/o BRANY, The Bronx, New York, 11021, United States|East Carolina University School of Medicine Dept of Pediatrics, Greenville, North Carolina, 27858, United States|Children's Hospital Medical Center of Akron, Akron, Ohio, 44308, United States|Metro Health Medical Center, Cleveland, Ohio, 44109-1998, United States|The Cleveland Clinic Children's Hospital/Dept of Pediatrics, Cleveland, Ohio, 44195, United States|Forum Health/Western Reserve/TOD Children's Hospital, Youngstown, Ohio, 44501, United States|Greenville Hospital System/Mountain View Clinical Research/Div of Pediatric Endocrinology, Greenville, South Carolina, 29615, United States|Lebonheur Children's Medical Center, Memphis, Tennessee, 38106, United States|South Texas Applied Research, Corpus Christi, Texas, 78411, United States|Driscoll Children's Hospital/Division of Medical Education/William Riley, Corpus Christi, Texas, 78466-6530, United States|Tri Quest Research Inc, Houston, Texas, 77036, United States|Wilford Hall USAF Medical Center, Lackland Air Force Base, Texas, 78236-5300, United States|Lance Sloan, MD, Lufkin, Texas, 75901, United States|Diabetes & Glandular Disease Clinic, San Antonio, Texas, 78229, United States|S.A.M. Clinical Research Center, San Antonio, Texas, 78229, United States|Monarch Research Associates, Norfolk, Virginia, 23510, United States",False,True,2001.0,2003.0,False,False
NCT05894811,A Study on the Effect of Bariatric Surgery on Glucose Metabolism in Chinese Obese and Type 2 Diabetes Patients,NOT_YET_RECRUITING,Diabete Type 2|Obesity,Dongyang Liu,ALL,"CHILD, ADULT, OLDER_ADULT",,48.0,OTHER,OBSERVATIONAL,2023-06-01,2026-12-01,,True,True,2023.0,2026.0,True,False
NCT06329882,Doxycycline in Type II Diabetes,RECRUITING,"Diabetes Mellitus, Type 2",Mostafa Bahaa,ALL,ADULT,PHASE1|PHASE2,60.0,OTHER,INTERVENTIONAL,2024-03-30,2026-04-20,"Tanta Unuversity, Tanta, 31527, Egypt",False,False,2024.0,2026.0,True,False
NCT07659925,Periodization-Based Strength Exercise Training in İndividuals With Type 2 Diabetes,RECRUITING,Type 2 Diabetes,Baskent University,ALL,"ADULT, OLDER_ADULT",,48.0,OTHER,INTERVENTIONAL,2026-05-01,2026-12,"Baskent University Hospital, Ankara, Ankara, 06790, Turkey (Türkiye)",True,False,2026.0,2026.0,True,False
NCT02648685,The Study to Investigate the Contribution of Basal and Postprandial Glucose to Overall Hyperglycemia in T2DM,COMPLETED,"Diabetes, Type 2",West China Hospital,ALL,"ADULT, OLDER_ADULT",,337.0,OTHER,OBSERVATIONAL,2015-11-30,2019-12-31,"West China Hospital, Chengdu, Sichuan, 610042, China",True,False,2015.0,2019.0,True,False
NCT00714441,Reducing Distress and Improving Self-Care in Diabetes,COMPLETED,Diabetes Type 2,"University of California, San Francisco",ALL,"ADULT, OLDER_ADULT",,392.0,OTHER,INTERVENTIONAL,2008-07,2011-11,"UC San Francisco, Family and Community Medicine Dept., San Francisco, California, 94143, United States",True,False,2008.0,2011.0,True,False
NCT00044694,Evaluation of the Effect on Glucose Control and the Safety and Tolerability of AC2993 in Patients With Type 2 Diabetes Mellitus,COMPLETED,"Diabetes Mellitus, Non-Insulin-Dependent",AstraZeneca,ALL,"ADULT, OLDER_ADULT",PHASE2,156.0,INDUSTRY,INTERVENTIONAL,2002-08,2003-05,"Innovative Clinical Trials, Birmingham, Alabama, 35209, United States|Healthsouth Clinical Research, Birmingham, Alabama, 35243, United States|Endocrinology Clinic of O.C., Anaheim, California, 92801, United States|Pioneer Medical Group, Bellflower, California, 90706, United States|International Clinical Research Network, Chula Vista, California, 91910, United States|Bautista Research and Medical Clinic, Fresno, California, 93721, United States|Whittier Institute for Diabetes, La Jolla, California, 92037, United States|Richard Cherlin, M.D., Los Gatos, California, 95032, United States|Dr. Martinez Medical Clinic, Moreno Valley, California, 92553, United States|Anshutz Outpatient Pavilion, Aurora, Colorado, 80010, United States|Diagnostic Clinic, Clearwater, Florida, 33760, United States|Radiant Research-Gainsville, Gainsville, Florida, 32605, United States|Jacksonville Center for Clinical Research, Jacksonville, Florida, 32216, United States|Radiant Research-Pinellas Park, Pinellas Park, Florida, 33781, United States|Clinical Research Group of North Georgia, Blairsville, Georgia, 30512, United States|East-West Medical Research Institute, Honolulu, Hawaii, 96813, United States|Radiant Research-Honolulu, Honolulu, Hawaii, 96814, United States|Radiant Research-Boise, Boise, Idaho, 83704, United States|Cedar-Crosse Research Center, Chicago, Illinois, 60607, United States|Northshore Medical Research, LLC, Covington, Louisiana, 70433, United States|Medical Research Institute, Slidell, Louisiana, 70458, United States|Melvin Kramer, MD, Concord, Massachusetts, 01742, United States|Radiant Research-Edina, Edina, Minnesota, 55435, United States|Mississippi Medical Research, LLC, Gulfport, Mississippi, 39501, United States|The Center for Pharmaceutical Research, Kansas City, Missouri, 64114, United States|Innovative Health Research, Las Vegas, Nevada, 89119, United States|Carolina Advanced Research, Cary, North Carolina, 27511, United States|Fallen Timbers Internal Medicine, LLC, Maumee, Ohio, 43537, United States|Millenium Research, Benbrook, Texas, 76126, United States|Healthsouth Clinical Research, DeSoto, Texas, 75115, United States|Baylor College of Medicine/Clinical Studies Unit, Houston, Texas, 77030, United States|Diabetes Center of the Southwest, Midland, Texas, 79705, United States|Utah Diabetes Center at the University of Utah, Salt Lake City, Utah, 84108, United States",True,False,2002.0,2003.0,True,False
NCT07193459,Study to Evaluate HDM1002 Tablets in Adults With Type 2 Diabetes Mellitus,RECRUITING,Type 2 Diabetes,"Hangzhou Zhongmei Huadong Pharmaceutical Co., Ltd.",ALL,"ADULT, OLDER_ADULT",PHASE3,360.0,INDUSTRY,INTERVENTIONAL,2025-08-12,2027-02-01,"Peking University People's Hospital, Beijing, Beijing Municipality, 100000, China",True,False,2025.0,2027.0,True,False
NCT05360147,Liraglutide Improve Cognitive Function in Patients With Type 2 Diabetes Mellitus,COMPLETED,Type 2 Diabetes Mellitus,Third Military Medical University,ALL,"ADULT, OLDER_ADULT",PHASE3,30.0,OTHER,INTERVENTIONAL,2021-01-20,2021-05-10,"The third hospital affiliated to the Third Military Medical University, Chongqing, Chongqing Municipality, 400042, China",True,False,2021.0,2021.0,True,False
NCT02559843,Effects of Pomegranate Juice on Oxidative Stress in Patients With type2 Diabetes,COMPLETED,Diabetes Type 2,National Nutrition and Food Technology Institute,ALL,"ADULT, OLDER_ADULT",PHASE4,60.0,OTHER,INTERVENTIONAL,2014-11,2015-02,"NNFTRI clinic, Tehran, Tehran Province, 19435, Iran",True,False,2014.0,2015.0,True,False
NCT04449120,HOME COOKING: Health Empowerment Strategy in People With Type II Diabetes Mellitus,COMPLETED,Type 2 Diabetes Mellitus,Basque Culinary Center Fundazioa,ALL,"ADULT, OLDER_ADULT",,58.0,OTHER,INTERVENTIONAL,2020-06-01,2021-03-30,"Basque Culinary Center, Donostia / San Sebastian, Guipuzcoa, 20009, Spain",True,False,2020.0,2021.0,True,False
NCT00684528,"A Double-Blind, Randomized, Active-Comparator (Metformin) Controlled, Clinical Trial to Study the Efficacy and Safety of the Strategy to Start Patients With Type 2 Diabetes Mellitus on Janumet™ Compared to Metformin",UNKNOWN,Diabetes Type 2,Meir Medical Center,ALL,"ADULT, OLDER_ADULT",PHASE3,1000.0,OTHER,INTERVENTIONAL,2008-06,2012-12,"Clalit Health services center, Tel Aviv, 62098, Israel",True,False,2008.0,2012.0,True,False
NCT06871761,A Trial Comparing HR17031 With Insulin Glargine in Patients With Type 2 Diabetes,COMPLETED,Adult Patients With Type 2 Diabetes,"Jiangsu HengRui Medicine Co., Ltd.",ALL,"ADULT, OLDER_ADULT",PHASE3,393.0,INDUSTRY,INTERVENTIONAL,2024-05-08,2025-05-13,"Shanghai Zhu Xianyi Memorial Hospital, Tianjin Medical University, Tianjin, Tianjin Municipality, 300400, China",True,False,2024.0,2025.0,True,False
NCT02537470,Safety and Efficacy of Biphasic Remogliflozin Etabonate in the Treatment of Type 2 Diabetes,COMPLETED,"Type 2 Diabetes Mellitus|Diabetes Mellitus, Type 2",BHV Pharma,ALL,"ADULT, OLDER_ADULT",PHASE2,191.0,INDUSTRY,INTERVENTIONAL,2015-07,2016-08,"Advanced Arizona Clinical Research, Tucson, Arizona, 85712, United States|Long Beach Clinical Trials, Long Beach, California, 90806, United States|Long Beach Center for Clinical Research, Long Beach, California, 90807, United States|National Research Institute, Los Angeles, California, 90057, United States|Orange County Research Center, Tustin, California, 92780, United States|Diablo Clinical Research, Walnut Creek, California, 94598, United States|Chase Medical Research, Waterbury, Connecticut, 06708, United States|Medical Research Unlimited, Hialeah, Florida, 33012, United States|Progressive Medical Research, Port Orange, Florida, 32127, United States|Meridien Research, Tampa, Florida, 33634, United States|eStudySite, Las Vegas, Las Vegas, Nevada, 89109, United States|Comprehensive Clinical Research, Berlin, New Jersey, 08009, United States|Albuquerque Clinical Trials, Inc, Albuquerque, New Mexico, 87102, United States|Mountain View Clinical Research, Greer, South Carolina, 29651, United States|New Phase Research & Development, Knoxville, Tennessee, 37909, United States|Austin Center for Clinical Research, Austin, Texas, 78756, United States|Padre Coast Clinical Research, Corpus Christi, Texas, 78404, United States|Juno Research, LLC, Houston, Texas, 77074, United States|Wasatch Clinical Research, Salt Lake City, Utah, 84107, United States",True,False,2015.0,2016.0,True,False
NCT04670666,Efficacy and Safety of Madalena Association in the Treatment of Type II Diabetes Mellitus,RECRUITING,Type 2 Diabetes Mellitus,EMS,ALL,"ADULT, OLDER_ADULT",PHASE3,270.0,INDUSTRY,INTERVENTIONAL,2024-11-18,2027-06,"EMS, Hortolândia, São Paulo, Brazil",True,False,2024.0,2027.0,True,False
NCT07768280,Efficacy and Safety of Hebenrun in Patients With Type 2 Diabetes,NOT_YET_RECRUITING,Type 2 Diabetes Mellitus,Jiangxi University of Traditional Chinese Medicine,ALL,"ADULT, OLDER_ADULT",,110.0,OTHER,INTERVENTIONAL,2026-09,2028-03,"The Affiliated Hospital of Jiangxi University of Traditional Chinese Medicine, Nanchang, Jiangxi, 330006, China",True,False,2026.0,2028.0,True,False
NCT05708859,Effect of Tirzepatide on Progression of Coronary Atherosclerosis Using MDCT,RECRUITING,Type II Diabetes|Atherosclerosis,Matthew J. Budoff,ALL,"ADULT, OLDER_ADULT",PHASE4,120.0,OTHER,INTERVENTIONAL,2024-01-02,2026-05,"Lundquist Institute for Biomedical Innovation at Harbor UCLA Medical Center (The Lundquist Institute), Torrance, California, 90502, United States",True,False,2024.0,2026.0,True,False
NCT03380416,Effects of a Portfolio Diet on NAFLD in Type 2 Diabetic Patients,COMPLETED,Diabetes Type 2|NAFLD,Federico II University,ALL,"ADULT, OLDER_ADULT",,49.0,OTHER,INTERVENTIONAL,2017-04-04,2019-12-20,"Department of Clinical Medicine and Surgery, Naples, 80131, Italy",True,False,2017.0,2019.0,True,False
NCT05015504,Application of Time Restriction Feeding in Patients With Type 2 Diabetes Mellitus,ACTIVE_NOT_RECRUITING,Type 2 Diabetes,OhioHealth,ALL,"ADULT, OLDER_ADULT",,30.0,OTHER,INTERVENTIONAL,2022-02-10,2026-12,"OhioHealth Castrop Health Center, Athens, Ohio, 45701, United States",True,False,2022.0,2026.0,True,False
NCT07677891,Phase II Study of Switching From Dulaglutide to PG-102(MG12) in Type 2 Diabetes Mellitus,NOT_YET_RECRUITING,Type 2 Diabetes,"ProGen. Co., Ltd.",ALL,"ADULT, OLDER_ADULT",PHASE2,60.0,OTHER,INTERVENTIONAL,2026-10,2027-06,,True,False,2026.0,2027.0,True,False
NCT05380596,TelePharmaceutical Care Diabetes Trial,UNKNOWN,Diabete Mellitus|Diabete Type 2|Telemedicine|Telehealth,Rio Grande do Sul State Health Department - SES/RS,ALL,"ADULT, OLDER_ADULT",,124.0,OTHER_GOV,INTERVENTIONAL,2022-06-01,2023-01,"Rio Grande do Sul State Health Department - SES/RS, Porto Alegre, Rio Grande do Sul, 90110-150, Brazil",True,False,2022.0,2023.0,True,False
NCT07590193,A Trial Evaluating AMG 127 in Healthy Participants and Participants With Type 2 Diabetes Mellitus,RECRUITING,"Diabetes Mellitus, Type 2",Amgen,ALL,"ADULT, OLDER_ADULT",PHASE1,162.0,INDUSTRY,INTERVENTIONAL,2026-06-11,2027-10-02,"Orange County Research Center, Lake Forest, California, 92630, United States|Translational Clinical Research LLC, Aventura, Florida, 33180, United States",True,False,2026.0,2027.0,True,False
NCT03081676,The Effect of GIP and GLP-1 on Insulin and Glucagon Secretion in Patients With HNF1A-diabetes Treated With or Without Sulphonylurea,COMPLETED,"Maturity-Onset Diabetes of the Young, Type 3","University Hospital, Gentofte, Copenhagen",ALL,"ADULT, OLDER_ADULT",,20.0,OTHER,INTERVENTIONAL,2017-03-08,2018-06-01,"Center for Diabetes Research, Gentofte Hospital, Hellerup, 2900, Denmark",True,False,2017.0,2018.0,True,False
NCT01634282,Along-term Study of OPC-262 in Patients With Type 2 Diabetes,COMPLETED,"Diabetes, Type 2","Kyowa Kirin Co., Ltd.",ALL,"ADULT, OLDER_ADULT",PHASE3,222.0,INDUSTRY,INTERVENTIONAL,2009-08,2011-06,"Chubu Region, Japan|Chugoku Region, Japan|Kansai Region, Japan|Kanto Region, Japan|Kyushu Region, Japan|Shikoku Region, Japan|Tohoku Region, Japan",True,False,2009.0,2011.0,True,False
NCT07507305,Impact of Pharmaceutical Care Interventions on Health Outcomes of Patients With Type 2 Diabetes Mellitus in Yobe State University Teaching Hospital,COMPLETED,Type 2 Diabetes,University of Maiduguri,ALL,"ADULT, OLDER_ADULT",,122.0,OTHER,INTERVENTIONAL,2024-02-01,2025-05-31,"Yobe State University Teaching Hospital, Maiduguri, Borno State, Nigeria",True,False,2024.0,2025.0,True,False
NCT02107976,"Famine From Feast: Linking Vitamin C, Red Blood Cell Fragility, and Diabetes",COMPLETED,Diabetes Type 2,National Institutes of Health Clinical Center (CC),ALL,"ADULT, OLDER_ADULT",,28.0,NIH,INTERVENTIONAL,2019-06-14,2025-03-05,"National Institutes of Health Clinical Center, Bethesda, Maryland, 20892, United States",True,False,2019.0,2025.0,True,False
NCT01889095,Biphasic Insulin Aspart Versus NPH Plus Regular Human Insulin in Type 2 Diabetic Patients,COMPLETED,Diabetes Type 2,Tehran University of Medical Sciences,ALL,"ADULT, OLDER_ADULT",PHASE4,160.0,OTHER,INTERVENTIONAL,2011-07,2012-07,"Tehran University of Medical Sciences, Tehran, Tehran Province, 13145-784, Iran",True,False,2011.0,2012.0,True,False
NCT05127291,Dual-Task Effects on Hand Functions in Type 2 Diabetes Mellitus,COMPLETED,Type 2 Diabetes,Kutahya Health Sciences University,ALL,"ADULT, OLDER_ADULT",,73.0,OTHER,INTERVENTIONAL,2023-05-20,2023-08-30,"Kutahya Health Sciences University, Kütahya, 43100, Turkey (Türkiye)",True,False,2023.0,2023.0,True,False
NCT01953393,The Acute Effects of Low-dose TNF-α on Glucose Metabolism and β-cell Function in Humans,COMPLETED,Diabetes Type 2,"Rigshospitalet, Denmark",MALE,ADULT,,,OTHER,INTERVENTIONAL,2006-04,2006-10,"1 The Centre of Inflammation and Metabolism, Department of Infectious Diseases and CMRC, Rigshospitalet, Faculty of Health Sciences, University of Copenhagen, Copenhagen N, 2200, Denmark",False,False,2006.0,2006.0,False,False
NCT05359432,Comparison of Empaglifozin and Vildagliptin in Type 2 Diabetes Mellitus,COMPLETED,Type 2 Diabetes,Getz Pharma,ALL,"ADULT, OLDER_ADULT",PHASE4,120.0,INDUSTRY,INTERVENTIONAL,2020-07-01,2021-08-18,"Department of Diabetes and Endocrinology at Sindh Government Hospital New Karachi & Dr. Riasat Medical Center Allah Wala Town, Karachi, Pakistan, Karachi, Sindh, 75330, Pakistan",True,False,2020.0,2021.0,True,False
NCT01799850,The Impact of Actos Treatment of Diabetes on Glucose Transporters in Muscle,COMPLETED,Diabetes Type 2,East Tennessee State University,ALL,ADULT,PHASE4,12.0,OTHER,INTERVENTIONAL,2002-03,2004-03,"ETSU Quillen College of Medicine, Johnson City, Tennessee, 37614, United States",False,False,2002.0,2004.0,True,False
NCT07502508,Phase 2 Trial of Icovamenib in Participants With Type 2 Diabetes Mellitus Who Are Not Achieving Glycemic Targets While Using GLP-1-Based Therapy,RECRUITING,Type 2 Diabetes,Biomea Fusion Inc.,ALL,"ADULT, OLDER_ADULT",PHASE2,60.0,INDUSTRY,INTERVENTIONAL,2026-04-30,2027-07,"Central Research Associates, LLC dba Flourish Research, Birmingham, Alabama, 35205, United States|Hope Clinical Research, Canoga Park, California, 91303, United States|Ark Clinical Research, Long Beach, California, 90815, United States|Catalina Research Institute, LLC, Montclair, California, 91763, United States|Paradigm Clinical Research Centers, LLC, San Diego, California, 92108, United States|Southwest General Healthcare Center, Fort Myers, Florida, 33907, United States|Panax Clinical Research, Miami Lakes, Florida, 33014, United States|Flourish Research Orlando, Winter Park, Florida, 32789, United States|David Kavtaradze MD, Inc, Cordele, Georgia, 31015, United States|Excel Clinical Research, Las Vegas, Nevada, 89109, United States|Diabetes and Endocrinology Associates of Stark County, Canton, Ohio, 44718, United States|Elligo Health Research, Inc., Austin, Texas, 78704, United States|Zenos Clinical Research, Dallas, Texas, 75230, United States|Synergy Group Medical, Houston, Texas, 77061, United States|Epic Clinical Research, Lewisville, Texas, 75057, United States|Diabetes & Glandular Disease Clinic, P.A., San Antonio, Texas, 78229, United States|Burke Internal Medicine and Research, Burke, Virginia, 22015, United States",True,False,2026.0,2027.0,True,False
NCT01624116,Comparison of Hypoglycaemic Regimens During Ramadan Fasting in Type 2 Diabetes,COMPLETED,"Diabetes, Type 2","Services Hospital, Lahore",ALL,"CHILD, ADULT, OLDER_ADULT",,161.0,OTHER_GOV,INTERVENTIONAL,2011-08,2011-09,"Endocrinology Unit & Diabetes Management Centre, Services Hospital., Lahore, Pakistan",True,True,2011.0,2011.0,True,False
NCT00411554,A Study of Sitagliptin in Patients With Type 2 Diabetes Mellitus Who Have Inadequate Glycemic Control on Diet/Exercise Therapy (0431-054)(COMPLETED),COMPLETED,"Diabetes Mellitus, Non-Insulin-Dependent",Merck Sharp & Dohme LLC,ALL,"ADULT, OLDER_ADULT",PHASE3,319.0,INDUSTRY,INTERVENTIONAL,2007-01,2007-08,,True,False,2007.0,2007.0,True,False
NCT02158741,Comparison Study of Usual Care vs. Usual Care Plus Community Intervention to Manage Type 2 Diabetes,COMPLETED,Type 2 Diabetes Mellitus|NIDDM|Non-insulin Dependent Diabetes Mellitus,McMaster University,ALL,OLDER_ADULT,,291.0,OTHER,INTERVENTIONAL,2014-09,2017-05,"Edmonton Oliver PCN, Edmonton, Alberta, Canada|Leduc Beaumont Devon PCN, Leduc, Alberta, T9E 6W2, Canada|Sherwood Park PCN, Sherwood Park, Alberta, Canada|McMaster University, Hamilton, Ontario, L8S 4K1, Canada|Ross Memorial Hospital, Lindsay, Ontario, Canada|St. Joseph's Health Care, London, Ontario, Canada|Peterborough Regional Health Centre, Peterborough, Ontario, Canada|Port Hope Community Health Centre, Port Hope, Ontario, Canada",True,False,2014.0,2017.0,True,False
NCT07684625,THE EFFECT OF LUMBRICUS RUBELLUS DLBS1033 EXTRACT IN PATIENTS WITH TYPE 2 DIABETES MELLITUS,COMPLETED,"Diabetes Mellitus, Type 2",Universitas Sebelas Maret,ALL,"ADULT, OLDER_ADULT",PHASE4,60.0,OTHER,INTERVENTIONAL,2026-03-01,2026-06-28,"Dr. Moewardi Regional General Hospital, Surakarta, Central Java, 57126, Indonesia",True,False,2026.0,2026.0,True,False
NCT00291356,"GSK189075, GW869682 Or Placebo In Type 2 Diabetic Patients",COMPLETED,"Diabetes Mellitus, Type 2|Non-Insulin-Dependent Diabetes Mellitus",GlaxoSmithKline,ALL,"ADULT, OLDER_ADULT",PHASE2,45.0,INDUSTRY,INTERVENTIONAL,2006-01,2006-05,"GSK Investigational Site, Chula Vista, California, 91910, United States|GSK Investigational Site, Neuss, North Rhine-Westphalia, 41460, Germany|GSK Investigational Site, Berlin, State of Berlin, 14050, Germany",True,False,2006.0,2006.0,True,False
NCT05888454,Integrative Group Program for Type 2 Diabetes Mellitus (T2DM),UNKNOWN,"Diabetes Mellitus, Type 2",TecSalud Investigación Clínica,ALL,"ADULT, OLDER_ADULT",,120.0,OTHER,INTERVENTIONAL,2023-07-24,2024-07,"Centro Médico Zambrano Hellion, Fundación Santos y de la Garza Evia I.B.P, TecSalud, San Pedro Garza García, Nuevo León, 66278, Mexico|Centro de Salud Integral, Fundación Santos y de la Garza Evia I.B.P, TecSalud, Santa Catarina, Nuevo León, 66369, Mexico",True,False,2023.0,2024.0,True,False
NCT01459601,Cabergoline Effect on Blood Sugar in Type 2 Diabetics,UNKNOWN,Diabetes Type 2,Mashhad University of Medical Sciences,ALL,"CHILD, ADULT, OLDER_ADULT",,10.0,OTHER,INTERVENTIONAL,2012-01,2012-02,,True,True,2012.0,2012.0,True,False
NCT06481085,To Evaluate Efficacy and Safety of HDM1002 Tablets in Adults With Type 2 Diabetes Mellitus,COMPLETED,Type 2 Diabetes,"Hangzhou Zhongmei Huadong Pharmaceutical Co., Ltd.",ALL,"ADULT, OLDER_ADULT",PHASE2,324.0,INDUSTRY,INTERVENTIONAL,2024-06-27,2025-06-30,"The Chinese People's Liberation Army General Hospital, Beijing, Beijing Municipality, 100039, China|Beijing Chaoyang Hospital Affiliated to Capital Medical University, Beijing, China|Peking University Shougang Hospital, Beijing, China|Cangzhou Central Hospital, Cangzhou, China|The Second Hospital of Jilin University, Changchun, China|The Fourth Hospital of Changsha City, Changsha, China|The Third Hospital of Changsha City, Changsha, China|Chengdu Second People's Hospital, Chengdu, China|The Affiliated Hospital of Chengdu University, Chengdu, China|Three Gorges Hospital Affiliated to Chongqing University, Chongqing, China|The First Hospital of Handan City, Handan, China|Zhejiang Provincial People's Hospital, Hangzhou, China|The Fourth Affiliated Hospital of Harbin Medical University, Harbin, China|The Second Affiliated Hospital of Anhui Medical University, Hefei, China|Huizhou Central People's Hospital, Huizhou, China|Huzhou Central Hospital, Huzhou, China|Jinan Central Hospital, Jinan, China|The First Affiliated Hospital of Henan University of Science and Technology, Luoyang, China|The Third People's Hospital of Luoyang City, Luoyang, China|The Second Affiliated Hospital of Nanjing Medical University, Nanjing, China|The First Affiliated Hospital of Nanyang Medical College, Nanyang, China|The First People's Hospital of Nanyang City, Nanyang, China|Panjin Liaohe Oilfield General Hospital, Panjin, China|The First Hospital of Qinhuangdao City, Qinhuangdao, China|Suzhou Municipal Hospital, Suzhou, China|The First Hospital of Shanxi Medical University, Taiyuan, China|Tonghua Central Hospital, Tonghua, China|The Affiliated Hospital of Xuzhou Medical University, Xuzhou, China|Xuzhou Cancer Hospital, Xuzhou, China|Yueyang People's Hospital, Yueyang, China|The Second Affiliated Hospital of Zhengzhou University, Zhengzhou, China",True,False,2024.0,2025.0,True,False
NCT01728714,"Better Diabetes Control, Quality - Educate to Achieve Compliance.",COMPLETED,Diabetes Type 2,AstraZeneca,ALL,"ADULT, OLDER_ADULT",,227.0,INDUSTRY,OBSERVATIONAL,2014-05-19,2018-12-05,"Research Site, Almada, Portugal|Research Site, Espinho, Portugal|Research Site, Loures, Portugal|Research Site, Oeiras, Portugal|Research Site, Santo Antonio Dos Cavaleiros, Portugal",True,False,2014.0,2018.0,True,False
NCT05244200,Effect of Insulin Staging in the Context of Pharmaceutical Care on Patients With Type 2 Diabetes Mellitus,UNKNOWN,Type 2 Diabetes Mellitus,University of Sulaimani,ALL,"CHILD, ADULT, OLDER_ADULT",,100.0,OTHER,INTERVENTIONAL,2022-01-20,2022-11-01,"College of Pharmacy-University of Sulaimani, Sulaymaniyah, 00964, Iraq",True,True,2022.0,2022.0,True,False
NCT00997282,A Study of OPC-262 in Patients With Type 2 Diabetes,COMPLETED,Diabetes Type 2,"Kyowa Kirin Co., Ltd.",ALL,"ADULT, OLDER_ADULT",PHASE2|PHASE3,255.0,INDUSTRY,INTERVENTIONAL,2009-09,2010-10,"Chubu Region, Japan|Chugoku Region, Japan|Kansai Region, Japan|Kanto Region, Japan|Kyushu Region, Japan|Shikoku Region, Japan|Tohoku Region, Japan",True,False,2009.0,2010.0,True,False
NCT01046422,Safety Study of BMS-770767 in Subjects With Type 2 Diabetes,COMPLETED,Diabetes Type 2,Bristol-Myers Squibb,ALL,"ADULT, OLDER_ADULT",PHASE2,76.0,INDUSTRY,INTERVENTIONAL,2010-05,2011-01,"Marina Raikhel, Md, Lomita, California, 90717, United States|Nevada Alliance Against Diabetes, Las Vegas, Nevada, 89101, United States|Local Institution, Caboolture, Queensland, 4510, Australia|Local Institution, Meadowbrook, Queensland, 4131, Australia|Local Institution, Daw Park, South Australia, 5041, Australia|Local Institution, Geelong, Victoria, 3220, Australia|Local Institution, Nedlands, Western Australia, 6009, Australia|Local Institution, Winnipeg, Manitoba, R3P 1R9, Canada|Local Institution, Mount Pearl, Newfoundland and Labrador, A1N 1W7, Canada|Local Institution, Brampton, Ontario, L6T 3J1, Canada|Local Institution, Toronto, Ontario, M4G 3E8, Canada|Local Institution, Charlottetown, Prince Edward Island, C1A 5Y9, Canada|Local Institution, Drummondville, Quebec, J2B 7T1, Canada|Local Institution, Lachine, Quebec, H8S 2E4, Canada|Local Institution, Laval, Quebec, H7T 2P5, Canada|Local Institution, Montreal, Quebec, H3J 2V5, Canada|Local Institution, Incheon, 405-760, South Korea|Local Institution, Suwon, 443-721, South Korea",True,False,2010.0,2011.0,True,False
NCT07042399,Self-care Behaviors of Type 2 Diabetes Mellitus Patients,RECRUITING,Type 2 Diabetes,University of Milano Bicocca,ALL,"ADULT, OLDER_ADULT",,300.0,OTHER,OBSERVATIONAL,2024-03-01,2027-05-31,"IRCCS Policlinico San Donato, San Donato Milanese, Milan, 20097, Italy|Fondazione IRCCS San Gerardo dei Tintori, Monza, Monza Brianza, 20900, Italy",True,False,2024.0,2027.0,True,False
NCT07070830,Simplified Onboarding in Adults With Type 2 Diabetes,COMPLETED,Type 2 Diabetes Mellitus,Insulet Corporation,ALL,"ADULT, OLDER_ADULT",,56.0,INDUSTRY,INTERVENTIONAL,2025-07-18,2026-01-06,"University of Colorado, Aurora, Colorado, 80045, United States|Emory University, Atlanta, Georgia, 30303, United States|Joslin Diabetes Center, Boston, Massachusetts, 02215, United States|MassResearch LLC., Waltham, Massachusetts, 02453, United States|AccellaCare, Wilmington, North Carolina, 28401, United States|Disease & Glandular Disease Clinic, San Antonio, Texas, 78229, United States",True,False,2025.0,2026.0,True,False
NCT00857558,A Phase 2 Study of OPC-262 in Patients With Type 2 Diabetes,COMPLETED,"Diabetes, Type 2","Kyowa Kirin Co., Ltd.",ALL,"ADULT, OLDER_ADULT",PHASE2,350.0,INDUSTRY,INTERVENTIONAL,2009-01,2010-05,"Chubu Regin, Japan|Chugoku Region, Japan|Hokkaido Region, Japan|Kanto Region, Japan|Kinki Region, Japan|Kyushu Region, Japan|Shikoku Region, Japan|Tohoku Region, Japan",True,False,2009.0,2010.0,True,False
NCT07373938,Carotid Wall Texture as a Cardiovascular Risk Biomarker in Type 2 Diabetes Mellitus,RECRUITING,Type 2 Diabetes Mellitus,Cardenal Herrera University,ALL,"ADULT, OLDER_ADULT",,80.0,OTHER,OBSERVATIONAL,2026-01-25,2026-08-02,"Francisco Javier Molina Payá, Elche, Alicante, 03204, Spain",True,False,2026.0,2026.0,True,False
NCT02961192,Social Incentives to Improve Diabetes,COMPLETED,Type II; Diabetes|Obesity,University of Pennsylvania,ALL,"ADULT, OLDER_ADULT",,361.0,OTHER,INTERVENTIONAL,2017-02-13,2020-01-27,"University of Pennsylvania, Philadelphia, Pennsylvania, 19104, United States",True,False,2017.0,2020.0,True,False
NCT06658743,Designing Team Clinic for Youth With Type 2 Diabetes,COMPLETED,Type 2 Diabetes,Children's Hospital Los Angeles,ALL,"CHILD, ADULT",,53.0,OTHER,OBSERVATIONAL,2024-10-29,2025-12-31,"Children's Hospital Los Angeles, Los Angeles, California, 90027, United States|UCSF, San Francisco, California, 94518, United States",False,True,2024.0,2025.0,True,False
NCT01427660,iDecide.Decido: Diabetes Medication Decision Support Study,COMPLETED,"Diabetes, Type 2",University of Michigan,ALL,"ADULT, OLDER_ADULT",,190.0,OTHER,INTERVENTIONAL,2011-09,2013-10,"Community Health and Social Service (CHASS), Detroit, Michigan, 48209, United States",True,False,2011.0,2013.0,True,False
NCT01165983,The Effect of Aliskiren on Endothelial Function in Pre-Diabetes and Diabetes,COMPLETED,Diabetes Type 2,Beth Israel Deaconess Medical Center,ALL,"ADULT, OLDER_ADULT",,124.0,OTHER,INTERVENTIONAL,2009-11,,"Beth Israel Deaconess Medical Center, Joslin Foot Center & Microcirculation Laboratory, Boston, Massachusetts, 02215, United States",True,False,2009.0,,True,False
NCT00934414,Clamp Study Comparing Inhalation of Technosphere®/Insulin in Smokers and Non-Smokers With Type 2 Diabetes,COMPLETED,Diabetes Type 2,Mannkind Corporation,ALL,"ADULT, OLDER_ADULT",PHASE2,24.0,INDUSTRY,INTERVENTIONAL,2004-08,2006-09,"Profil Institute for Clinical Research, Chula Vista, California, 91911, United States",True,False,2004.0,2006.0,True,False
NCT02923453,Effect of Ginseng in Type 2 Diabetes,COMPLETED,Type II Diabetes Control,Unity Health Toronto,ALL,"ADULT, OLDER_ADULT",PHASE2,23.0,OTHER,INTERVENTIONAL,1998-03,2002-08,": Clinical Nutrition and Risk Factor Modification Centre, St. Michael's Hospital, Toronto, Ontario, M5B 1W8, Canada",True,False,1998.0,2002.0,True,False
NCT05926414,To Evaluate the Efficacy and Safety of Envlo Tablet or Envlomet SR Tablet in Patients With Type II Diabetes Mellitus,ACTIVE_NOT_RECRUITING,"Diabetes Mellitus, Type 2",Daewoong Pharmaceutical Co. LTD.,ALL,"ADULT, OLDER_ADULT",,15000.0,INDUSTRY,OBSERVATIONAL,2023-09-21,2025-12-31,"NaRi Kim, Seoul, South Korea",True,False,2023.0,2025.0,True,False
NCT00940472,Study on DMMET-01 Versus Metformin on Improvement of Metabolic Control in Naive Type 2 Diabetes Patients,COMPLETED,Diabetes Type 2,Laboratorios Silanes S.A. de C.V.,ALL,ADULT,PHASE2|PHASE3,20.0,INDUSTRY,INTERVENTIONAL,2009-03,,"Centro Universitario de Ciencias de la Salud, Universidad de Guadalajara, Guadalajara, Jalisco, 44340, Mexico",False,False,2009.0,,True,False
NCT01704612,Evaluation of Block Duration in Type 2 Diabetes Patients,COMPLETED,Diabetes Type 2,Pierre and Marie Curie University,ALL,"ADULT, OLDER_ADULT",PHASE4,70.0,OTHER,INTERVENTIONAL,2011-07,2012-03,"APHP Pitié-Sampetriere, Paris, 75013, France",True,False,2011.0,2012.0,True,False
NCT06731075,A Phase 3 Study to Evaluate the Efficacy and Safety of ORMD-0801 in Subjects With Type 2 Diabetes Mellitus.,NOT_YET_RECRUITING,Type 2 Diabetes Mellitus,"Oramed, Ltd.",ALL,"ADULT, OLDER_ADULT",PHASE3,300.0,INDUSTRY,INTERVENTIONAL,2025-12-15,2027-05-22,"Velocity Clinical Research Dallas, Dallas, Texas, 75230, United States",True,False,2025.0,2027.0,True,False
NCT00035984,Evaluation of the Effect on Glucose Control of AC2993 in Patients With Type 2 Diabetes Mellitus,COMPLETED,"Diabetes Mellitus, Non-Insulin-Dependent",AstraZeneca,ALL,"CHILD, ADULT, OLDER_ADULT",PHASE3,734.0,INDUSTRY,INTERVENTIONAL,2002-05,2003-08,"Pinnacle Research Group, Anniston, Alabama, 36207, United States|Parkway Medical Center, Birmingham, Alabama, 35206, United States|Extended Arm Physicians/ Southern Drug, Montgomery, Alabama, 36106, United States|Southern Drug Research Network, Tallassee, Alabama, 36078, United States|First Care Family Doctors, Fayetteville, Arkansas, 72701, United States|Physicians Group Research Clinic, LLC, Little Rock, Arkansas, 72205, United States|Advanced Clinical Research Institute, Anaheim, California, 92801, United States|East Bay Clinical Trial Center, Concord, California, United States|Medical Group of Encino, Encino, California, 91436, United States|Valley Research, Fresno, California, 93720, United States|St. Joseph Heritage Healthcare, Fullerton, California, 92835, United States|Whittier Institute for Diabetes, La Jolla, California, 92037, United States|Richard Cherlin, M.D., Los Gatos, California, 95032, United States|Dr. Martinez Medical Clinic, Moreno Valley, California, 92553, United States|Comprehensive Diabetes-Endocrine Medical Associates, Redwood City, California, 94062, United States|Radiant Research-San Diego, San Diego, California, 92108, United States|Veterans Medical Research Foundation, San Diego, California, 92161, United States|Diablo Clinical Research, Walnut Creek, California, United States|Creekside Endocrine Associates, Denver, Colorado, 80209, United States|University of Colorado-Barbara Davis Center for Childhood Diabetes, Denver, Colorado, 80262, United States|Medstar Clinical Research, Washington D.C., District of Columbia, 20003-4393, United States|George Washington University, Washington D.C., District of Columbia, 20037, United States|Medical Research Unlimited, Aventura, Florida, United States|Morton Plant Mease Health Care, Clearwater, Florida, 33756, United States|Clinical Research of West Florida, Inc., Clearwater, Florida, 33765, United States|Internal Medicine Associates, Fort Myers, Florida, United States|Clin Sci International, Gainesville, Florida, 32605, United States|Northeast Florida Endocrine & Diabetes Research, Jacksonville, Florida, 32204, United States|Jupiter Research Institute, Jupiter, Florida, 33458, United States|Baptist Diabetes Associates, Miami, Florida, 33176, United States|Comprehensive NeuroScience Inc., Sarasota, Florida, 34232, United States|Tallahassee Endocrine Associates, Tallahassee, Florida, 32308, United States|Metabolic Research Institute, Inc., West Palm Beach, Florida, 33401, United States|Columbus Metabolic Foundation, Columbus, Georgia, 31901, United States|University of Hawaii-Diabetes Research Group, ‘Ewa Beach, Hawaii, 96706, United States|University Primary Care Center at Belvidere, Belvidere, Illinois, 61008, United States|Northwestern Memorial Physicians Group, Chicago, Illinois, 60602, United States|Illinois Center for Clinical Trials, Chicago, Illinois, 60610, United States|Cook County Hospital, Chicago, Illinois, 60612, United States|American Health Network, Indianapolis, Indiana, 46222, United States|Indiana University Outpatient Clinical Research, Indianapolis, Indiana, United States|Lipid, Atherosclerosis & Metabolic Clinic, Kansas City, Kansas, 66160, United States|Kentucky Diabetes Center, Lexington, Kentucky, 40503, United States|Central Kentucky Research Associates, Lexington, Kentucky, 40509, United States|University of Kentucky Metabolic Research Group, Lexington, Kentucky, 40536-9841, United States|MedResearch, Inc., Louisville, Kentucky, 40223, United States|New Orleans Center for Clinical Research, New Orleans, Louisiana, 70119, United States|Ochsner Clinic, New Orleans, Louisiana, 70121, United States|University of Maryland-Joslin Diabetes Center, Baltimore, Maryland, 21012, United States|Clinica Research Inc., Waltham, Massachusetts, 02154, United States|Henry Ford Health System, Detroit, Michigan, United States|Grand Rapids Associated Interns, Grand Rapids, Michigan, United States|International Diabetes Center, Minneapolis, Minnesota, 55416, United States|University of Mississippi Medical Center, Jackson, Mississippi, 39216, United States|Diabetes and Endocrinology Specialists, Chesterfield, Missouri, 63017, United States|Midwest Pharmaceutical Research, City of Saint Peters, Missouri, 63376, United States|Medical Arts Research Collaborative, Excelsior Springs, Missouri, 64024, United States|St Lukes Lipid and Diabetes Research Center, Kansas City, Missouri, 64111, United States|Mid Missouri Research Specialists, Inc., Rolla, Missouri, 65401, United States|Radiant Research-St. Louis, St Louis, Missouri, 63141, United States|Mercury Street Medical, Butte, Montana, 59701, United States|Lovelace Scientific Resources-Las Vegas, Las Vegas, Nevada, 89102, United States|Lisa Abbott, MD, Reno, Nevada, 89502, United States|SUNY Downstate, Brooklyn, New York, 11203, United States|St. Lukes Roosevelt Hospital, New York, New York, 10025, United States|Rochester Clinical Research, Rochester, New York, 14609, United States|DOCS at Beth Israel Medical Center, Yonkers, New York, 10710, United States|Charlotte Clinical Research, Charlotte, North Carolina, 28211, United States|UNC Diabetes Care Center, Durham, North Carolina, 27713, United States|Unifour Medical Research, Hickory, North Carolina, 28601, United States|New Hanover Medical Research Associates, Wilmington, North Carolina, 28412, United States|Radiant Research-Columbus, Columbus, Ohio, 43212, United States|University Mednet, Mentor, Ohio, 44060, United States|OU Health Sciences Center, Oklahoma City, Oklahoma, 73104, United States|Medford Medical Clinic, Medford, Oregon, 97504, United States|Radiant Research, Portland, Oregon, United States|Physicians for Clinical Research, Camp Hill, Pennsylvania, United States|Thomas Jefferson University Diabetes Research Center, Philadelphia, Pennsylvania, 19107, United States|Albert Einstein Medical Center, Philadelphia, Pennsylvania, 19141, United States|Philadelphia Health Associates, Philadelphia, Pennsylvania, 19146, United States|Medical University of South Carolina, Charleston, South Carolina, 29425, United States|CNS Clinical Trials, Chester, South Carolina, 29706, United States|Coastal Carolina Research Center, Mt. Pleasant, South Carolina, 29464, United States|Holston Medical Group, Kingsport, Tennessee, 37660, United States|The Endocrine Clinic, Memphis, Tennessee, 38119, United States|Mid State Endocrine Associates, Nashville, Tennessee, 37203, United States|Israel A. Hartman, M.D., Arlington, Texas, 76014, United States|Dallas Diabetes and Endocrinology Research Center, Dallas, Texas, 75230, United States|Texas Tech University Health Sciences-Internal Medicine, El Paso, Texas, 79905, United States|North Texas Clinical Research, Irving, Texas, 75038, United States|University of Texas Health Sciences Center-Texas Diabetes Institute, San Antonio, Texas, 78207, United States|Diabetes and Glandular Disease Clinic, San Antonio, Texas, 78229-3894, United States|SAM Clinical Research, San Antonio, Texas, 78229, United States|Utah Diabetes Center at the University of Utah, Salt Lake City, Utah, 84108, United States|Salt Lake Research, Salt Lake City, Utah, 84124, United States|Medical Associates of Northern Virginia, Arlington, Virginia, 22204, United States|West Olympia Internal Medicine, Olympia, Washington, 98502, United States|Rockwood Clinic, Spokane, Washington, 99202, United States|University of Wisconsin West Clinic, Madison, Wisconsin, 53711, United States|Midwest Endocrinology Associates, Milwaukee, Wisconsin, 53215, United States",True,True,2002.0,2003.0,True,False
NCT03341026,Metronom Continuous Glucose Monitoring System,UNKNOWN,"Diabetes Mellitus, Type 1|Diabetes Mellitus, Type 2|Diabete Mellitus",Metronom Health,ALL,"ADULT, OLDER_ADULT",,20.0,INDUSTRY,INTERVENTIONAL,2020-06,2020-08,"Medical University of Graz, Graz, Austria|Steno diabetes center, Copenhagen, Denmark",True,False,2020.0,2020.0,True,False
NCT00824499,"Development, Implementation and Evaluation of a Complex Regional Intervention for Type 2 Diabetes: Diabetes Project Aalst",UNKNOWN,Diabetes Type 2,Universiteit Antwerpen,ALL,"CHILD, ADULT, OLDER_ADULT",,375.0,OTHER,INTERVENTIONAL,2004-02,2009-06,,True,True,2004.0,2009.0,True,False
NCT07642830,Digital Health Solutions for Patients With Type 2 Diabetes,ENROLLING_BY_INVITATION,Diabetes Mellitus Type 2,Chang Gung Memorial Hospital,ALL,"ADULT, OLDER_ADULT",,60.0,OTHER,INTERVENTIONAL,2026-05-28,2027-01-04,"Chang Gung Memorial Hospital, Taoyuan, Taiwan, 333, Taiwan",True,False,2026.0,2027.0,True,False
NCT06148649,Phase 2 Study of HEC88473 Injection in Subjects With Type 2 Diabetes Mellitus,COMPLETED,Type 2 Diabetes,"Dongguan HEC Biopharmaceutical R&D Co., Ltd.",ALL,"ADULT, OLDER_ADULT",PHASE2,234.0,INDUSTRY,INTERVENTIONAL,2023-12-10,2025-04-23,"Peking University People's Hospital, Beijing, Beijing Municipality, 100044, China|Shijiazhuang People's Hospital, Shijiazhuang, Hebei, 050000, China",True,False,2023.0,2025.0,True,False
NCT00940797,Effect of DMMET-01 on Insulin Sensitivity in Naive Type 2 Diabetes Patients (CLAMP),COMPLETED,Diabetes Type 2,Laboratorios Silanes S.A. de C.V.,ALL,ADULT,PHASE2,20.0,INDUSTRY,INTERVENTIONAL,2008-07,,"Centro Universitario de Ciencias de la Salud. Universidad de Guadalajara, México, Guadalajara, Jalisco, 44340, Mexico",False,False,2008.0,,True,False
NCT01906294,IMS® DIAREG Diabetes Registry - Prospective Diabetes Registry of Patients With Type 2 Diabetes Mellitus,TERMINATED,Type 2 Diabetes Mellitus,IMS HEALTH GmbH & Co. OHG,ALL,"ADULT, OLDER_ADULT",,2104.0,INDUSTRY,OBSERVATIONAL,2013-08,2016-03,"Praxis Dr. med. Birgit Böttger, Frankfurt am Main, 60325, Germany",True,False,2013.0,2016.0,True,False
NCT03707171,Effects of Liraglutide on the Cognitive Function in Patients With Type 2 Diabetes Mellitus,COMPLETED,Type 2 Diabetes Mellitus,Third Military Medical University,ALL,"ADULT, OLDER_ADULT",PHASE3,30.0,OTHER,INTERVENTIONAL,2018-10-01,2019-05-01,"The third hospital affiliated to the Third Military Medical University, Chongqing, Chongqing Municipality, 400042, China",True,False,2018.0,2019.0,True,False
NCT02091323,Effect of Laparoscopic Roux-en-Y Gastric Bypass Surgery on Non-severe Obesity With Type 2 Diabetes Mellitus,UNKNOWN,"Diabetes Mellitus, Non-Insulin-Dependent",Guangzhou General Hospital of Guangzhou Military Command,ALL,"ADULT, OLDER_ADULT",,200.0,OTHER,INTERVENTIONAL,2014-03,2017-12,"Wu, Guangzhou, Guangdong, 510010, China",True,False,2014.0,2017.0,True,False
NCT06475586,Effect of Semaglutide on the Psoriatic Lesions in Patients With Type 2 Diabetes Mellitus,COMPLETED,Psoriasis Vulgaris|Diabetes Type 2,University of Banja Luka,ALL,"ADULT, OLDER_ADULT",PHASE4,30.0,OTHER,INTERVENTIONAL,2023-05-03,2024-06-10,"University of Banja Luka, Faculty of Medicine, Banja Luka, 78000, Bosnia and Herzegovina",True,False,2023.0,2024.0,True,False
NCT00837577,MK0431/ONO-5435 Phase III Clinical Trial -Add-on to Voglibose Study for Patients With Type 2 Diabetes Mellitus (MK0431-104),COMPLETED,"Diabetes Mellitus, Non-Insulin-Dependent",Merck Sharp & Dohme LLC,ALL,"ADULT, OLDER_ADULT",PHASE3,133.0,INDUSTRY,INTERVENTIONAL,2009-02-05,2010-08-11,,True,False,2009.0,2010.0,True,False
NCT07082114,A Phase 3 Study to Evaluate Efficacy and Safety of HDM1002 Tablets in Adults With Type 2 Diabetes Mellitus,RECRUITING,Type 2 Diabetes,"Hangzhou Zhongmei Huadong Pharmaceutical Co., Ltd.",ALL,"ADULT, OLDER_ADULT",PHASE3,800.0,INDUSTRY,INTERVENTIONAL,2025-07-14,2027-05-17,"Yueyang People's Hospital, Yueyang, Hunan, 414000, China",True,False,2025.0,2027.0,True,False
NCT07730567,A Study to Evaluate the Pharmacokinetic Interaction and the Safety of AD-236A and AD-236B,NOT_YET_RECRUITING,Hyperlipidemia|Diabete Type 2,Addpharma Inc.,ALL,ADULT,PHASE1,44.0,INDUSTRY,INTERVENTIONAL,2026-07-29,2026-09-26,"H+ Yangji Hospital, Seoul,, Seoul, 08779, South Korea",False,False,2026.0,2026.0,True,False
NCT07384728,Ramadan Experience of Individuals With Type 2 Diabetes,NOT_YET_RECRUITING,Type 2 Diabetes,Dilan aktepe coşar,ALL,"ADULT, OLDER_ADULT",,70.0,OTHER,INTERVENTIONAL,2026-01-03,2026-03-20,"Gümüşhane Universıty, Gümüşhane, Kelkit, 2900, Turkey (Türkiye)|Gümüşhane Üniversitesi, Gümüşhane, Kelkit, 29100, Turkey (Türkiye)",True,False,2026.0,2026.0,True,False
NCT01040806,Peer Coaching for Low-Income Patients With Diabetes in Primary Care,COMPLETED,Diabetes Type 2,"University of California, San Francisco",ALL,"ADULT, OLDER_ADULT",,300.0,OTHER,INTERVENTIONAL,2009-08,2011-05,"San Francisco General Hospital, San Francisco, California, 94110, United States",True,False,2009.0,2011.0,True,False
NCT00865592,Long-term Study to Evaluate the Safety of Dutogliptin/PHX1149T in Subjects With Type 2 Diabetes Mellitus,TERMINATED,Type 2 Diabetes Mellitus|Type 2 Diabetes,Phenomix,ALL,"ADULT, OLDER_ADULT",PHASE3,450.0,INDUSTRY,INTERVENTIONAL,2009-03,2011-03,"Norwalk, California, United States|Orange, California, United States|Santa Ana, California, United States|Daytona Beach, Florida, United States|Kissimmee, Florida, United States|Atlanta, Georgia, United States|Phenomix Investigational Site 663, Honolulu, Hawaii, United States|Brockton, Massachusetts, United States|St Louis, Missouri, United States|Cincinnati, Ohio, United States|El Paso, Texas, United States|San Antonio, Texas, United States|Norfolk, Virginia, United States|Phenomix Investigational Site 103, Buenos Aires, Argentina|Phenomix Investigational Site 110, Buenos Aires, Argentina|Phenomix Investigational Site 111, Buenos Aires, Argentina|Phenomix Investigational Site 106, Caba, Argentina|Phenomix Investigational Site 112, Corrientes, Argentina|Phenomix Investigational Site 102, Paraná, Argentina|Bangalore, Karnataka, India|Chennai, Tamil Nadu, India|Gulbarga, Karnataka, India|Hyderabad, Andhara Pradesh, India|Mumbai, Maharashtra, India|Nagpur, Maharashtra, India|Nashik, Maharashtra, India|Navi Mumbai, Maharashtra, India|Pune, Maharashtra, India|Phenomix Investigational Site 403, Kuching, Sarawak, Malaysia|Kelantan, Malaysia|Kuala Lumpur, Malaysia|Perak, Malaysia|Phenomix Investigational Site 404, Putrajaya, Malaysia|Sarawak, Malaysia|Phenomix Investigational Site 604, Arequipa, Peru|Phenomix Investigational Site 606, Lambayeque, Peru|Phenomix Investigational Site 600, Lima, Peru|Phenomix Investigational Site 601, Lima, Peru|Phenomix Investigational Site 602, Lima, Peru|Phenomix Investigational Site 609, Lima, Peru|Phenomix Investigational Site 703, Cebu City, Philippines|Manila, NCR, Philippines|Quezon City, NCR, Philippines|San Juan, NCR, Philippines|Phenomix Investigational Site 802, Brasov, Romania|Phenomix Investigational Site 806, Brasov, Romania|Phenomix Investigational Site 800, Bucharest, Romania|Phenomix Investigational Site 803, Bucharest, Romania|Phenomix Investigational Site 805, Bucharest, Romania|Phenomix Investigational Site 807, Bucharest, Romania|Phenomix Investigational Site 804, Galati, Romania|Phenomix Investigational Site 801, Ploieşti, Romania|Phenomix Investigational Site 808, Sibiu, Romania|Phenomix Investigational Site 551, Ivano-Frankivsk, Ukraine|Phenomix Investigational Site 550, Kharkiv, Ukraine|Phenomix Investigational Site 557, Kharkiv, Ukraine|Phenomix Investigational Site 564, Kharkiv, Ukraine|Phenomix Investigational Site 555, Kiev, Ukraine|Phenomix Investigational Site 556, Kiev, Ukraine|Phenomix Investigational Site 562, Kiev, Ukraine|Phenomix Investigational Site 563, Kiev, Ukraine|Phenomix Investigational Site 554, Kylv, Ukraine|Phenomix Investigational Site 565, Lutsk, Ukraine|Phenomix Investigational Site 553, Lviv, Ukraine|Phenomix Investigational Site 561, Poltava, Ukraine|Phenomix Investigational Site 560, Simferopol, Ukraine|Phenomix Investigational Site 559, Vinnitsa, Ukraine|Phenomix Investigational Site 552, Zaporzhzhia, Ukraine",True,False,2009.0,2011.0,True,False
NCT04930679,"Evaluating Safety of Andiabet on Diabetes Mellitus Type II Patients, Phase I CT.",COMPLETED,"Diabetes Mellitus, Type 2","Centre of Clinical Pharmacology, Hanoi Medical University",ALL,"ADULT, OLDER_ADULT",PHASE1,14.0,OTHER,INTERVENTIONAL,2018-11-24,2019-02-22,"Centre of Clinical Pharmacology, Hanoi Medical University, Hanoi, Vietnam",True,False,2018.0,2019.0,True,False
NCT07073170,A Study of LY3549492 in Chinese Participants With Type 2 Diabetes Mellitus,COMPLETED,Type 2 Diabetes,Eli Lilly and Company,ALL,"ADULT, OLDER_ADULT",PHASE1,36.0,INDUSTRY,INTERVENTIONAL,2025-07-25,2026-01-27,"Peking University People's Hospital, Beijing, 100033, China|West China Hospital of Sichuan University, Chengdu, 610041, China|Peking University First Hospital, Dongcheng District, 100009, China",True,False,2025.0,2026.0,True,False
NCT01898572,Carotid Atherosclerosis In Newly Diagnosed Type 2 Individuals,UNKNOWN,Type II Diabetes Mellitus Without Mention of Complication,Hospital Clinic of Barcelona,ALL,"ADULT, OLDER_ADULT",,200.0,OTHER,OBSERVATIONAL,2012-01,2015-06,"Hospital Clinic of Barcelona, Barcelona, Catalonia, 08036, Spain",True,False,2012.0,2015.0,True,False
NCT00437164,A Study To Assess GW677954 Used In Combination With Insulin In Subjects Who Have Type 2 Diabetes Mellitus,TERMINATED,"Type 2 Diabetes Mellitus|Diabetes Mellitus, Type 2",GlaxoSmithKline,ALL,"ADULT, OLDER_ADULT",PHASE2,1.0,INDUSTRY,INTERVENTIONAL,2006-09,2006-11,"GSK Investigational Site, Beverly Hills, California, 90211, United States",True,False,2006.0,2006.0,True,False
NCT07598968,Clinical Trial to Evaluate the Safety and Pharmacokinetic Characteristics of HL1113-R1 and HL1113-R2 in Healthy Adult Volunteers,COMPLETED,Hypertension|Diabete Type 2,"Hanlim Pharm. Co., Ltd.",ALL,"ADULT, OLDER_ADULT",PHASE1,35.0,INDUSTRY,INTERVENTIONAL,2023-06-18,2023-07-12,"Central Hospital, Seoul, South Korea",True,False,2023.0,2023.0,True,False
NCT00518427,"Evaluate Quality of Life in Type 2 Diabetes, Before and After Change to Insuline Glargine",COMPLETED,Diabetes Type 2,Sanofi,ALL,"ADULT, OLDER_ADULT",PHASE4,26.0,INDUSTRY,INTERVENTIONAL,2005-10,2008-03,"Sanofi-Aventis Administrative Office, Bromma, Sweden",True,False,2005.0,2008.0,True,False
NCT07568652,Clinical Trial to Evaluate the Pharmacokinetics and Safety Between the Single Administration of HL1113 and the Concomitant Administration of HL1113R1 and HL1113R2 for Healthy Subjects in Fasting State,COMPLETED,Hypertension|Diabete Type 2,"Hanlim Pharm. Co., Ltd.",ALL,"ADULT, OLDER_ADULT",PHASE1,37.0,INDUSTRY,INTERVENTIONAL,2024-10-16,2024-11-15,"Central Hospital, Seoul, South Korea",True,False,2024.0,2024.0,True,False
NCT05048719,A Study of LY3502970 in Participants With Type 2 Diabetes Mellitus,COMPLETED,Type 2 Diabetes,Eli Lilly and Company,ALL,"ADULT, OLDER_ADULT",PHASE2,383.0,INDUSTRY,INTERVENTIONAL,2021-09-15,2022-09-30,"Anaheim Clinical Trials, LLC, Anaheim, California, 92801, United States|Velocity Clinical Research, Huntington Park, Huntington Park, California, 90255, United States|Velocity Clinical Research, Westlake, Los Angeles, California, 90057, United States|Rancho Cucamonga Clinical Research, Rancho Cucamonga, California, 91730, United States|Touro University California, Vallejo, California, 94592, United States|New West Physicians Clinical Research, Golden, Colorado, 80401, United States|Optumcare Colorado Springs - Monument, Monument, Colorado, 80132, United States|Cotton O'Neil Clinical Research Center, Topeka, Kansas, 66606, United States|Clinvest Research LLC, Springfield, Missouri, 65807, United States|Premier Research, Trenton, New Jersey, 08611, United States|Intend Research, LLC, Norman, Oklahoma, 73069, United States|Capital Area Research, LLC, Camp Hill, Pennsylvania, 17011, United States|Family Medical Associates, Levittown, Pennsylvania, 19056, United States|Tristar Clinical Investigations, Philadelphia, Pennsylvania, 19114, United States|Dallas Diabetes Research Center, Dallas, Texas, 75230, United States|Biopharma Informatic, LLC, Houston, Texas, 77084, United States|Bandera Family Health Care, San Antonio, Texas, 78249, United States|Consano Clinical Research, LLC, Shavano Park, Texas, 78231, United States|Capital Clinical Research Center, Olympia, Washington, 98502, United States|Eastside Research Associates, Redmond, Washington, 98052, United States|Bugát Pál Kórház, Gyöngyös, Heves County, 3200, Hungary|Kanizsai Dorottya Korhaz, Nagykanizsa, Zala County, 8800, Hungary|Zala Megyei Szent Rafael Kórház, Zalaegerszeg, Zala County, 8900, Hungary|Szent Margit Rendelőintézet Nonprofit Kft, Budapest, 1032, Hungary|Clinexpert Kft., Budapest, 1033, Hungary|ClinDiab Kft., Budapest, 1089, Hungary|TRANTOR'99 Bt. Anyagcsere Centrum, Budapest, 1213, Hungary|Strazsahegy Medicina Bt., Budapest, H1171, Hungary|Centrum Zdrowia Tuchów, Wierzchosławice, Lesser Poland Voivodeship, 33-122, Poland|Wojewódzki Zespól Specjalistycznej Opieki Zdrowotnej, Wroclaw, Lower Silesian Voivodeship, 50-403, Poland|Gabinety TERPA, Lublin, Lublin Voivodeship, 20-333, Poland|NZOZ Medica, Lublin, Lublin Voivodeship, 20-538, Poland|Centralny Szpital Kliniczny MSWiA w Warszawie, Warsaw, Masovian Voivodeship, 02-507, Poland|Centrum Badan Klinicznych PI-House sp. z o.o., Gdansk, Pomeranian Voivodeship, 80-546, Poland|NZOZ Przychodnia Specjalistyczna Andrzej Wittek, Henryk Rudzki, Ruda Śląska, Silesian Voivodeship, 41-709, Poland|Centrum Terapii Wspolczesnej J. M. Jasnorzewska Spolka Komandytowo-Akcyjna, Lodz, Łódź Voivodeship, Poland|Dorado Medical Complex, Dorado, 00646, Puerto Rico|Clinical Research Management Group Inc. - Hospital San Cristobal, Ponce, 00780, Puerto Rico|BRCR Global Puerto Rico-Unda, San Juan, 00907, Puerto Rico|Ambulancia diabetológie a porúch látkovej premeny a výživy - DIABEDA, Bratislava, Bratislava Region, 831 06, Slovakia|Diabetol, Prešov, Presov, 080 01, Slovakia|MEDI-DIA s.r.o., Sabinov, Presov, 083 01, Slovakia|DIA-MED CENTRUM s.r.o., Púchov, Trenčín Region, 020 01, Slovakia|Funkystuff, Nové Zámky, 940 01, Slovakia",True,False,2021.0,2022.0,True,False
NCT03912363,Intrapartum Glycemic Control With Insulin Infusion Versus Rotating Fluids,COMPLETED,Type II Diabetes Mellitus|Gestational Diabetes Mellitus,Geisinger Clinic,FEMALE,"CHILD, ADULT",,114.0,OTHER,INTERVENTIONAL,2019-11-01,2025-03-01,"Geisinger, Danville, Pennsylvania, 17822, United States|Geisinger Wyoming Valley, Wilkes-Barre, Pennsylvania, 18711, United States",False,True,2019.0,2025.0,True,False
NCT07590466,A Study to Compare the Pharmacokinetics and Safety of the ATB-U101 and ATB-U1011+ATB-U1012 and ATB-1011+ATB-1012 in Healthy Caucasian Participants,NOT_YET_RECRUITING,Diabete Type 2|Hypertension,Autotelicbio,ALL,ADULT,PHASE1,36.0,INDUSTRY,INTERVENTIONAL,2026-05-18,2026-08-31,,False,False,2026.0,2026.0,True,False
NCT00464880,"Effects of Aliskiren, Irbesartan, and the Combination in Hypertensive Patients With Type 2 Diabetes and Diabetic Nephropathy",COMPLETED,Diabetes Type 2,Novartis,ALL,"ADULT, OLDER_ADULT",PHASE1|PHASE2,24.0,INDUSTRY,INTERVENTIONAL,2005-09,2007-11,"Novartis, Gentofte Municipality, 2820, Denmark",True,False,2005.0,2007.0,True,False
NCT01007097,Efficacy and Safety of TAK-875 in Subjects With Type 2 Diabetes Mellitus,COMPLETED,"Diabetes Mellitus, Type 2",Takeda,ALL,"ADULT, OLDER_ADULT",PHASE2,426.0,INDUSTRY,INTERVENTIONAL,2009-12,2010-09,"Birmingham, Alabama, United States|Hoover, Alabama, United States|Tucson, Arizona, United States|Anaheim, California, United States|Burlingame, California, United States|Chula Vista, California, United States|Fresno, California, United States|Los Angeles, California, United States|Los Gatos, California, United States|Norwalk, California, United States|Orange, California, United States|Colorado Springs, Colorado, United States|Pueblo, Colorado, United States|Boca Raton, Florida, United States|Clearwater, Florida, United States|Hialeah, Florida, United States|Jupiter, Florida, United States|Miami, Florida, United States|New Port Richey, Florida, United States|Ocala, Florida, United States|Panama City, Florida, United States|Pembroke Pines, Florida, United States|Tampa, Florida, United States|Sandy Springs, Georgia, United States|Honolulu, Hawaii, United States|Chicago, Illinois, United States|La Grange, Illinois, United States|Sunset, Louisiana, United States|Portland, Maine, United States|Parkville, Maryland, United States|Rockville, Maryland, United States|Southfield, Michigan, United States|Olive Branch, Mississippi, United States|St Louis, Missouri, United States|Las Vegas, Nevada, United States|Berlin, New Jersey, United States|Camden, New Jersey, United States|West Seneca, New York, United States|Asheboro, North Carolina, United States|Burlington, North Carolina, United States|Charlotte, North Carolina, United States|Morehead City, North Carolina, United States|Statesville, North Carolina, United States|Winston-Salem, North Carolina, United States|Carlisle, Ohio, United States|Cleveland, Ohio, United States|Columbus, Ohio, United States|Perrysburg, Ohio, United States|Norman, Oklahoma, United States|Oklahoma City, Oklahoma, United States|Altoona, Pennsylvania, United States|Tipton, Pennsylvania, United States|Cranston, Rhode Island, United States|Peak, South Carolina, United States|Taylors, South Carolina, United States|Varnville, South Carolina, United States|Corpus Christi, Texas, United States|Hurst, Texas, United States|North Richland Hills, Texas, United States|Odessa, Texas, United States|San Antonio, Texas, United States|Draper, Utah, United States|Salt Lake City, Utah, United States|Spokane, Washington, United States|Guatemala City, Departamento de Guatemala, Guatemala|Guadalajara, Jalisco, Mexico|Zapopan, Jalisco, Mexico|Mexico City, Mexico City, Mexico|Cuernavaca, Morelos, Mexico|Monterrey, Nuevo León, Mexico|Tampico, Tamaulipas, Mexico",True,False,2009.0,2010.0,True,False
NCT00461136,Time Course of the Antiproteinuric and Blood Pressure Lowering Effects After Initiation of Renin Inhibition With Aliskiren in Type 2 Diabetes,COMPLETED,Diabetes Type 2,Novartis,ALL,"ADULT, OLDER_ADULT",PHASE1|PHASE2,18.0,INDUSTRY,INTERVENTIONAL,2005-08,2006-11,"Novartis, Gentofte Municipality, 2820, Denmark",True,False,2005.0,2006.0,True,False
NCT00520182,Dietary Interventions in Type 2 Obese Diabetic Patients in the Community,UNKNOWN,Diabetes Type 2,Ben-Gurion University of the Negev,ALL,"ADULT, OLDER_ADULT",PHASE3,259.0,OTHER,INTERVENTIONAL,2004-03,2008-02,"Clalit HMO, Rehovot, Petach Tikva, Ramle, Central District, Israel",True,False,2004.0,2008.0,True,False
NCT00039026,Evaluation of the Effect on Glucose Control of AC2993 in Patients With Type 2 Diabetes Mellitus Treated With a Sulfonylurea,COMPLETED,"Diabetes Mellitus, Non-Insulin-Dependent",AstraZeneca,ALL,"CHILD, ADULT, OLDER_ADULT",PHASE3,377.0,INDUSTRY,INTERVENTIONAL,2002-02,2003-08,"Pinnacle Research Group, Anniston, Alabama, 36207, United States|Parkway Medical Center, Birmingham, Alabama, 35206, United States|Alabama Clinical Therapeutics, Birmingham, Alabama, 35235, United States|Eclectic Family Care, Eclectic, Alabama, 36024, United States|Winston Physician Services, Haleyville, Alabama, 35565, United States|Simon Williamson Clinic, Hueytown, Alabama, 35023, United States|Extended Arm Physicians/ Southern Drug, Montgomery, Alabama, 36106, United States|Southern Drug Research Network, Tallassee, Alabama, 36078, United States|Clinic of Physicians and Surgeons, Ltd., Mesa, Arizona, 85201, United States|ANA Ventures, LLC, Mesa, Arizona, 85204, United States|Lovelace Scientific Resources-Phoenix, Phoenix, Arizona, 85016, United States|Physicians at the Peak, Phoenix, Arizona, 85020, United States|Advanced Clinical Therapeutics, Tucson, Arizona, 85712, United States|CAVHS, Little Rock, Arkansas, 72205, United States|Physicians Group Research Clinic, LLC, Little Rock, Arkansas, 72205, United States|Advanced Clinical Research Institute, Anaheim, California, 92801, United States|Mitchell Research Group, Inc., Bakersfield, California, 93309, United States|William Zigrang, M.D., Burlingame, California, 94010, United States|International Clinical Research Network, Chula Vista, California, 91910, United States|Arrowhead Regional Medical Center, Colton, California, 92324, United States|East Bay Clinical Trial Center, Concord, California, United States|Valley Research, Fresno, California, 93720, United States|Tushar Modi, M.D., Modesto, California, 95350, United States|Elke Jost-Vu, M.D., Rancho Mirage, California, 92270, United States|Comprehensive Diabetes-Endocrine Medical Associates, Redwood City, California, 94062, United States|nTouch, San Diego, California, 92103, United States|Radiant Research-San Diego, San Diego, California, 92108, United States|Veterans Medical Research Foundation, San Diego, California, 92161, United States|Diabetes Research Institute of Mills Peninsula, San Mateo, California, 94401, United States|Advanced Clinical Research Institute, Santa Ana, California, 92701, United States|West Coast Clinical Trials, Signal Hill, California, 90755, United States|Protocare Trials at Sharp Mission Park, Vista, California, 92083, United States|Diablo Clinical Research, Walnut Creek, California, 94598, United States|George Washington University, Washington D.C., District of Columbia, 20037, United States|Internal Medicine Associates, Fort Myers, Florida, 33901, United States|Clin Sci International, Gainesville, Florida, 32605, United States|University of FL, Gainesville, Florida, 32610-0226, United States|Jupiter Research Institute, Jupiter, Florida, 33458, United States|Baptist Diabetes Associates, Miami, Florida, 33176, United States|Tampa Medical Group, Tampa, Florida, 33614, United States|Metabolic Research Institute, Inc., West Palm Beach, Florida, 33401, United States|Radiant Research, West Palm Beach, Florida, 33407, United States|Clinical Research Atlanta, Atlanta, Georgia, 30342, United States|nTouch Research Corporation, Decatur, Georgia, 30033, United States|East-West Medical Research Institute, Honolulu, Hawaii, 96813, United States|St. Luke's Family Health, Meridian, Idaho, 83642, United States|University Primary Care Center at Belvidere, Belvidere, Illinois, 61008, United States|Northwestern Memorial Physicians Group, Chicago, Illinois, 60602, United States|Illinois Center for Clinical Trials, Chicago, Illinois, 60610, United States|Medical Group of Fort Wayne, Fort Wayne, Indiana, 46804, United States|American Health Network, Indianapolis, Indiana, 46222, United States|nTouch Research-South Bend, South Bend, Indiana, 46601, United States|Kentucky Diabetes Center, Lexington, Kentucky, 40503, United States|University of Kentucky Metabolic Research Group, Lexington, Kentucky, 40536-9841, United States|MedResearch, Inc., Louisville, Kentucky, 40223, United States|Drug Research Services, Metairie, Louisiana, 70001, United States|New Orleans Institute of Clinical Investigation, New Orleans, Louisiana, 70112, United States|Ochsner Clinic, New Orleans, Louisiana, 70121, United States|St. Agnes Health Care, Baltimore, Maryland, 21229, United States|Doctors Research Associates of Maryland, Lanham, Maryland, 20706, United States|Grunberger Diabetes Medical Center, Bloomfield Hills, Michigan, 48302, United States|Henry Ford Health System, Detroit, Michigan, 48202, United States|Grand Rapids Associated Interns, Grand Rapids, Michigan, 49506, United States|University of Mississippi Medical Center, Jackson, Mississippi, 39216, United States|Diabetes and Endocrinology Specialists, Chesterfield, Missouri, 63017, United States|Midwest Pharmaceutical Research, City of Saint Peters, Missouri, 63376, United States|Mid Missouri Research Specialists, Inc., Rolla, Missouri, 65401, United States|Radiant Research-St. Louis, St Louis, Missouri, 63141, United States|Mercury Street Medical, Butte, Montana, 59701, United States|Lovelace Scientific Resources-Las Vegas, Las Vegas, Nevada, 89102, United States|HIS Clinical Research, Jersey City, New Jersey, 07306, United States|Radiant Research-Moorestown, Moorestown, New Jersey, 08057, United States|Lovelace Scientific Resources, Albuquerque, New Mexico, 87108, United States|Medical Network Services, P.C., Brooklyn, New York, 11230, United States|St. Lukes Roosevelt Hospital, New York, New York, 10025, United States|Naomi Berrie Diabetes Center at Columbia University, New York, New York, 10032, United States|Heights Medical Care, New York, New York, 10033, United States|DOCS at Beth Israel Medical Center, Yonkers, New York, 10710, United States|Metrolina Medical Research, Charlotte, North Carolina, 28209, United States|Charlotte Clinical Research, Charlotte, North Carolina, 28211, United States|UNC Diabetes Care Center, Durham, North Carolina, 27713, United States|Unifour Medical Research, Hickory, North Carolina, 28601, United States|New Hanover Medical Research Associates, Wilmington, North Carolina, 28412, United States|Piedmont Medical Research, Winston-Salem, North Carolina, 27103, United States|Rapid Medical Research, Cleveland, Ohio, 44124, United States|Ohio State University-Division of Endocrinology, Columbus, Ohio, 43210, United States|Radiant Research-Columbus, Columbus, Ohio, 43212, United States|University Mednet, Mentor, Ohio, 44060, United States|Comprehensive Research Services, Inc., Mogadore, Ohio, 44260, United States|COR Clinical Research, Oklahoma City, Oklahoma, 73103, United States|nTouch Research Corporation-Oklahoma City, Oklahoma City, Oklahoma, 73112, United States|Utica Park Clinic, Tulsa, Oklahoma, 74104, United States|Medford Medical Clinic, Medford, Oregon, 97504, United States|Legacy Clinical Research, Portland, Oregon, 97232, United States|Radiant Research, Portland, Oregon, United States|Physicians for Clinical Research, Camp Hill, Pennsylvania, 17011, United States|Thomas Jefferson University Diabetes Research Center, Philadelphia, Pennsylvania, 19107, United States|Philadelphia Health Associates, Philadelphia, Pennsylvania, 19146, United States|Tipton Medical and Diagnostic Center, Tipton, Pennsylvania, 16684, United States|Safe Harbor Clinical Research, East Providence, Rhode Island, 02914, United States|Radiant Research-Charleston, Charleston, South Carolina, 29407, United States|CNS Clinical Trials, Chester, South Carolina, 29706, United States|Coastal Carolina Research Center, Mt. Pleasant, South Carolina, 29464, United States|Integrity Clinical Research, Jackson, Tennessee, 38305, United States|Harmony Clinical Research, Johnson City, Tennessee, 37601, United States|Holston Medical Group, Kingsport, Tennessee, 37660, United States|Endocrine Consultants of ET, Knoxville, Tennessee, 37909, United States|Central Texas Clinical Research, Austin, Texas, 78705, United States|Texas Tech University Health Sciences-Internal Medicine, El Paso, Texas, 79905, United States|Internal Medicine Associates, El Paso, Texas, 79912, United States|North Texas Clinical Research, Irving, Texas, 75038, United States|Dr. Humberto Bruschetta, Kingsville, Texas, 78363, United States|South Texas Applied Research, McAllen, Texas, 78503, United States|University of Texas Health Sciences Center-Texas Diabetes Institute, San Antonio, Texas, 78207, United States|Diabetes and Glandular Disease Clinic, San Antonio, Texas, 78229-3894, United States|SAM Clinical Research Center, San Antonio, Texas, United States|Salt Lake Research, Salt Lake City, Utah, 84124, United States|Clinical Research Center-Eastern Virginia Medical School, Norfolk, Virginia, 23507, United States|West Olympia Internal Medicine, Olympia, Washington, 98502, United States|Rainier Clinical Research Center, Renton, Washington, 98055, United States|Northside Internal Medicine, Spokane, Washington, 99201, United States|Rockwood Clinic, Spokane, Washington, 99202, United States|Julia M. Hutchinson, M.D., Spokane, Washington, 99204, United States|Wenatchee Valley Clinic, Wenatchee, Washington, 98801, United States|Hyperion Clinical Research, Charleston, West Virginia, 25301, United States|CAMC Clinical Trials Center, Charleston, West Virginia, 25304, United States",True,True,2002.0,2003.0,True,False
NCT07375069,Characterization of Cardiovascular Risk Profile and Therapeutic Management in Patients With Type 2 Diabetes Mellitus in Italy,RECRUITING,Type 2 Diabetes,Federico II University,ALL,"ADULT, OLDER_ADULT",,3000.0,OTHER,OBSERVATIONAL,2022-10-01,2027-10-31,"Federico II University of Naples, Department of Advanced Biomedical Sciences, Naples, Napoli, 80131, Italy",True,False,2022.0,2027.0,True,False
NCT05874141,Comorbidities in Type 2 Diabetes Mellitus,COMPLETED,Type 2 Diabetes,New Valley University,ALL,"ADULT, OLDER_ADULT",,295.0,OTHER,INTERVENTIONAL,2023-11-15,2026-02-15,"New Valley University, Al Khārjah, Kharga Oasis, 72511, Egypt",True,False,2023.0,2026.0,True,False
NCT06256549,A Study of GZR18 Injection in Chinese Patients With Type 2 Diabetes Mellitus,UNKNOWN,Type 2 Diabetes,"Gan and Lee Pharmaceuticals, USA",ALL,"ADULT, OLDER_ADULT",PHASE2,272.0,INDUSTRY,INTERVENTIONAL,2023-08-09,2024-07-20,"Gan & Lee Pharmaceuticals Co., Ltd, Beijing, China",True,False,2023.0,2024.0,True,False
NCT07571590,"Effectiveness of a Self-Efficacy Based Educational Program on Glycemic Self-Monitoring, Diabetes Self-Management Knowledge, and Health-Related Quality of Life Among Adults With Type 2 Diabetes Mellitus",NOT_YET_RECRUITING,Diabetes Mellitus Type 2,Jerash Private University,ALL,"ADULT, OLDER_ADULT",,400.0,OTHER,INTERVENTIONAL,2026-05-01,2026-10-01,"Ministry of Health Primary Healthcare Centers, Jerash, Dours, 009627, Jordan",True,False,2026.0,2026.0,True,False
NCT07276776,An Evaluation of the Omnipod® M System in Adults With Type 2 Diabetes,COMPLETED,Type 2 Diabetes Mellitus,Insulet Corporation,ALL,"ADULT, OLDER_ADULT",,40.0,INDUSTRY,INTERVENTIONAL,2025-12-12,2026-03-30,"Joslin Diabetes, Boston, Massachusetts, 02215, United States|MassResearch LLC., Waltham, Massachusetts, 02453, United States|Henry Ford Health, Detroit, Michigan, 48202, United States|Mountain Area Health Educational Center ( MAHEC), Asheville, North Carolina, 28803, United States|Texas Diabetes and Endocrinology (TDE), Austin, Texas, 78731, United States|Disease & Glandular Disease Clinic, San Antonio, Texas, 78229, United States",True,False,2025.0,2026.0,True,False
NCT06370715,A Study of LY900014 in Adult Participants With Type 2 Diabetes Mellitus in India,COMPLETED,"Diabetes Mellitus, Type 2",Eli Lilly and Company,ALL,"ADULT, OLDER_ADULT",PHASE4,150.0,INDUSTRY,INTERVENTIONAL,2024-04-18,2025-09-02,"Osmania Medical College & Hospital, Hyderabad, Andhra Pradesh, 500012, India|King George Hospital, Visakhapatnam, Visakhapatnam, Andhra Pradesh, 530002, India|Diabetes Research Centre, Royapuram, Chennai India, 600013, India|Vijyaratna Dibetes Diagnosis Treatment Centre, Ahmedabad, Gujarat, 380007, India|Center for Diabetes and Endocrine Care, Bengaluru, Karnataka, 560043, India|Sahyadri Super Speciality Hospital, Pune, Maharashtra, 411004, India|Chellaram Diabetes Institute, Pune, Maharashtra, 411021, India|S. P. Medical College & A G Hospital, Bikaner, Rajasthan, 334003, India|Rajasthan University of Health Sciences, Jaipur, Rajasthan, 302033, India|Kovai Diabetes Speciality Center and Hospital, Coimbatore, Tamil Nadu, 641009, India|Brij Medical Center Pvt. Ltd., Kanpur, Uttar Pradesh, 208020, India|Medical College & Hospital, Kolkata, Kolkata, West Bengal, 700073, India",True,False,2024.0,2025.0,True,False
NCT00246987,A Trial to Evaluate BMS-298585 as Monotherapy in Subjects With Type 2 Diabetes Who Have Inadequate Glycemic Control,COMPLETED,"Diabetes, Type 2",Bristol-Myers Squibb,ALL,"ADULT, OLDER_ADULT",PHASE3,341.0,INDUSTRY,INTERVENTIONAL,2003-06,2004-04,"Local Institution, Anniston, Alabama, United States|Local Institution, Birmingham, Alabama, United States|Local Institution, Haleyville, Alabama, United States|Local Institution, Hoover, Alabama, United States|Local Institution, Fayetteville, Arizona, United States|Local Institution, Hot Springs, Arizona, United States|Local Institution, Mesa, Arizona, United States|Local Institution, Phoenix, Arizona, United States|Local Institution, Tucson, Arizona, United States|Local Institution, Tulsa, Arizona, United States|Local Institution, Concord, California, United States|Local Institution, Fountain Valley, California, United States|Local Institution, Long Beach, California, United States|Local Institution, Los Gatos, California, United States|Local Institution, Raleigh, California, United States|Local Institution, Roseville, California, United States|Local Institution, San Diego, California, United States|Local Institution, Spring Valley, California, United States|Local Institution, Tustin, California, United States|Local Institution, Colorado Springs, Colorado, United States|Local Institution, Golden, Colorado, United States|Local Institution, Littleton, Colorado, United States|Local Institution, New Britain, Connecticut, United States|Local Institution, Altamonte Springs, Florida, United States|Local Institution, Brandon, Florida, United States|Local Institution, Chipley, Florida, United States|Local Institution, Coral Gables, Florida, United States|Local Institution, Kissimmee, Florida, United States|Local Institution, Longwood, Florida, United States|Local Institution, Melbourne, Florida, United States|Local Institution, New Port Richie, Florida, United States|Local Institution, Ocala, Florida, United States|Local Institution, Pinellas Park, Florida, United States|Local Institution, Chicago, Illinois, United States|Local Institution, Overland Park, Kansas, United States|Local Institution, Shawnee Mission, Kansas, United States|Local Institution, Lexington, Kentucky, United States|Local Institution, Madisonville, Kentucky, United States|Local Institution, Shreveport, Louisiana, United States|Local Institution, Gulfport, Mississippi, United States|Local Institution, Saint Peters, Mississippi, United States|Local Institution, Chesterfield, Missouri, United States|Local Institution, Kansas City, Missouri, United States|Local Institution, Springfield, Missouri, United States|Local Institution, Elizabeth, New Jersey, United States|Local Institution, Toms River, New Jersey, United States|Local Institution, Endwell, New York, United States|Local Institution, West Seneca, New York, United States|Local Institution, Charlotte, North Carolina, United States|Local Institution, High Point, North Carolina, United States|Local Institution, Morehead City, North Carolina, United States|Local Institution, Salisbury, North Carolina, United States|Local Institution, Winston-Salem, North Carolina, United States|Local Institution, Franklin, Ohio, United States|Local Institution, Newark, Ohio, United States|Local Institution, Zanesville, Ohio, United States|Local Institution, Eugene, Oregon, United States|Local Institution, Portland, Oregon, United States|Local Institution, Philadelphia, Pennsylvania, United States|Local Institution, Reading, Pennsylvania, United States|Local Institution, Warminster, Pennsylvania, United States|Local Institution, East Providence, Rhode Island, United States|Local Institution, Johnston, Rhode Island, United States|Local Institution, Providence, Rhode Island, United States|Local Institution, Anderson, South Carolina, United States|Local Institution, Greer, South Carolina, United States|Local Institution, Mt. Pleasant, South Carolina, United States|Local Institution, Knoxville, Tennessee, United States|Local Institution, Memphis, Tennessee, United States|Local Institution, Fort Worth, Texas, United States|Local Institution, Lubbock, Texas, United States|Local Institution, San Angelo, Texas, United States|Local Institution, San Antonio, Texas, United States|Local Institution, Salt Lake City, Utah, United States|Local Institution, Richmond, Virginia, United States|Local Institution, Virginia Beach, Virginia, United States|Local Institution, Edmonds, Washington, United States|Local Institution, Federal Way, Washington, United States|Local Institution, Olympia, Washington, United States|Local Institution, Spokane, Washington, United States|Local Institution, Vancouver, Washington, United States|Local Institution, Milwaukee, Wisconsin, United States|Local Institution, Canberra, New South Wales, Australia|Local Institution, Sydney, New South Wales, Australia|Local Institution, Wollongong, New South Wales, Australia|Local Institution, Kippa-Ring, Queensland, Australia|Local Institution, Meadowbrook, Queensland, Australia|Local Institution, Adelaide, South Australia, Australia|Local Institution, Woodville, South Australia, Australia|Local Institution, Launceston, Tasmania, Australia|Tasmania, Melbourne, Victoria, Australia|Local Institution, Calgary, Alberta, Canada|Local Institution, Edmonton, Alberta, Canada|Local Institution, Coquitlam, British Columbia, Canada|Local Institution, Winnipeg, Manitoba, Canada|Local Institution, Manuels, Newfoundland and Labrador, Canada|Local Institution, St. John's, Newfoundland and Labrador, Canada|Local Institution, Halifax, Nova Scotia, Canada|Local Institution, Markham, Ontario, Canada|Local Institution, Oakville, Ontario, Canada|Local Institution, Ottawa, Ontario, Canada|Local Institution, Thornhill, Ontario, Canada|Local Institution, Thunder Bay, Ontario, Canada|Local Institution, Toronto, Ontario, Canada|Local Institution, Charlottetown, Prince Edward Island, Canada|Local Institution, Chicoutimi, Quebec, Canada|Local Institution, Drummondville, Quebec, Canada|Local Institution, Granby, Quebec, Canada|Local Institution, Laval, Quebec, Canada|Local Institution, Longueuil, Quebec, Canada|Local Institution, Montreal, Quebec, Canada|Local Institution, Pointe-Claire, Quebec, Canada|Local Institution, Saint-Lambert, Quebec, Canada|Local Institution, Ste-Foy, Quebec, Canada|Local Institution, Regina, Saskatchewan, Canada|Local Institution, Saskatoon, Saskatchewan, Canada|Local Institution, Aguascalientes, Aguascalientes, Mexico|Local Institution, Durango, Durango, Mexico|Local Institution, Mexico City, Mexico City, Mexico|Local Institution, Cuernavaca, Morelos, Mexico|Local Institution, Krakow, Poland|Local Institution, Lodz, Poland|Local Institution, Mroków, Poland|Local Institution, Warsaw, Poland|Local Institution, Zabrze, Poland|Local Institution, Anasco, Puerto Rico|Local Institution, Ponce, Puerto Rico|Local Institution, Rio Pieoras, Puerto Rico|Local Institution, Changhua, Taiwan|Local Institution, Taichung, Taiwan",True,False,2003.0,2004.0,True,False
NCT05886088,Efficacy and Safety of LID104 in the Treatment of Type II Diabetes Mellitus,NOT_YET_RECRUITING,Type 2 Diabetes Mellitus,EMS,ALL,"ADULT, OLDER_ADULT",PHASE3,597.0,INDUSTRY,INTERVENTIONAL,2024-02,2027-01,"Investigational site, Hortolândia, São Paulo, Brazil",True,False,2024.0,2027.0,True,False
NCT07732218,Efficacy of Once Weekly Semaglutide in Patients With Type 2 Diabetes: a Non Randomized Clinical Trial,COMPLETED,Type 2 Diabetes,Rehman Medical Institute - RMI,ALL,"ADULT, OLDER_ADULT",PHASE4,95.0,OTHER,INTERVENTIONAL,2022-07-04,2023-03-30,"Rehman Medical Institute, Peshawar, Khyber Pakhtunkhwa, 25000, Pakistan",True,False,2022.0,2023.0,True,False
NCT00309244,Efficacy and Safety in Subjects With Type 2 Diabetes Receiving Subcutaneous Basal Insulin and Prandial Inhalation of Technosphere/Insulin Versus Subcutaneous Premixed Insulin Therapy Over a 52-Week Treatment Period and a 4-Week Follow-up,COMPLETED,Diabetes Type 2,Mannkind Corporation,ALL,"ADULT, OLDER_ADULT",PHASE3,677.0,INDUSTRY,INTERVENTIONAL,2006-02,2008-09,"Coastal Clinical Research Inc, Mobile, Alabama, 36608, United States|Quality of Life Medical & Research Center, Tucson, Arizona, 85712, United States|Southern Arizona VA Healthcare System, Tucson, Arizona, 85723, United States|Tucson Clinical Research, Tucson, Arizona, 85741, United States|International Clinical Research Network, Chula Vista, California, 91911, United States|Saad Hijazi MD Inc, Fresno, California, 93710, United States|Valley Research, Fresno, California, 93720, United States|Diabetes/Lipid Management and Research Center, Huntington Beach, California, 92648, United States|South Bay Clinical Research, Inglewood, California, 90301, United States|Southern California Endocrine Center, Pasadena, California, 91105, United States|Coastal Biomedical Research Inc, Santa Monica, California, 90404, United States|Diabetes Research Center, Tustin, California, 92780, United States|University of Miami Diabetes Research Institute, Miami, Florida, 33136, United States|International Research Associates LLC, Miami, Florida, 33156, United States|Laureate Clinical Research Group, Atlanta, Georgia, 30308, United States|Atlanta Pharmaceutical Research Center, Dunwoody, Georgia, 30338, United States|North Atlanta Endocrinology & Diabetes PC, Lawrenceville, Georgia, 30045, United States|Atlanta Center for Clinical Research, Roswell, Georgia, 30075, United States|John H Stoger Jr Hospital of Cook County, Chicago, Illinois, 60612, United States|Clintell Inc, Skokie, Illinois, 60076, United States|Clintell Inc (Ellyin), Skokie, Illinois, 60077, United States|Medical Research of Louisiana, Metairie, Louisiana, 70002, United States|Joslin Diabetes Center University of Maryland Medicine, Baltimore, Maryland, 21201, United States|James A Dicke MDPA, Towson, Maryland, 21204, United States|Wayne State University, Detroit, Michigan, 48201, United States|Michigan Institute of Medicine, Livonia, Michigan, 48152, United States|KMED Research, Saint Clair Shores, Michigan, 48081, United States|Radiant Research Inc (Minneapolis), Edina, Minnesota, 55435, United States|International Diabetes Center, Minneapolis, Minnesota, 55416, United States|Center for Urologic Clinical Trials University of Minnesota, Minneapolis, Minnesota, 55455, United States|Amin Radparvar's Private Practice, City of Saint Peters, Missouri, 63376, United States|MedEx Healthcare Research Inc, St Louis, Missouri, 63117, United States|Billings Clinic Research Division, Billings, Montana, 59101, United States|Montana Health Research Institute, Billings, Montana, 59102, United States|Creighton Diabetes Center, Omaha, Nebraska, 68131, United States|New Mexico Clinical Research & Osteoporosis Center, Albuquerque, New Mexico, 87106, United States|University of New Mexico HCS, Albuquerque, New Mexico, 87131, United States|Winthrop University Hospital, Mineola, New York, 11501, United States|North Shore Diabetes and Endocrine Associates, New Hyde Park, New York, 11042, United States|Univeristy of Physicians Group Endocrine Division, Staten Island, New York, 10301, United States|Sensenbrenner Primary Care, Charlotte, North Carolina, 28277, United States|East Carolina University (Tanenberg), Greenville, North Carolina, 27834, United States|Physician's East PA, Greenville, North Carolina, 27834, United States|Valley Medical Primary Care, Centerville, Ohio, 45459, United States|Cleveland Clinic Foundation, Cleveland, Ohio, 44195, United States|Providence Health Partners - Center of Clinical Research, Dayton, Ohio, 45439, United States|Cleveland Clinic Health System, East Cleveland, Ohio, 44112, United States|Wells Institute for Health Awareness, Kettering, Ohio, 45429, United States|Oregon Medical Group Clinical Resesarch, Eugene, Oregon, 97401, United States|Lane Medical Research Group, Eugene, Oregon, 97404, United States|Portland Diabetes & Endocrinology Center, Portland, Oregon, 97210, United States|New Hope Research of Oregon, Portland, Oregon, 97219, United States|Covance CRU Inc., Portland, Oregon, 97239, United States|Pennsylvania Research Institute, Bensalem, Pennsylvania, 19020, United States|Thomas Jefferson University, Philadelphia, Pennsylvania, 19107, United States|Upstate Pharmaceutical Research, Greenville, South Carolina, 29615, United States|Southeastern Research Associates Inc, Taylors, South Carolina, 29687, United States|AM Diabetes and Endocrinology Center, Bartlett, Tennessee, 38133, United States|Memphis Internal Medicine PLLC, Memphis, Tennessee, 38119, United States|The Endocrine Clinic, Memphis, Tennessee, 38119, United States|Israel Hartman MD, Arlington, Texas, 76014, United States|South Arlington Primary Care Assoc PA, Arlington, Texas, 76017, United States|Dallas Diabetes & Endocrine Center, Dallas, Texas, 75230, United States|North Texas Endocrine Center, Dallas, Texas, 75231, United States|Radiant Research Dallas-North, Dallas, Texas, 75231, United States|Baylor Endocrine Center, Dallas, Texas, 75246, United States|Galenos Research, Dallas, Texas, 75251, United States|Spuhler Medical Associates, Friendswood, Texas, 77546, United States|Clinical Trial Network, Houston, Texas, 77074, United States|Quality Assurance Research Center Inc, San Antonio, Texas, 78205, United States|Covenant Clinic Research, San Antonio, Texas, 78229, United States|Diabetes & Glandular Disease Research Assoc PA, San Antonio, Texas, 78229, United States|SAM Clinical Research Center, San Antonio, Texas, 78229, United States|Salt Lake Research, Salt Lake City, Utah, 84107, United States|Sentara Medical Group, Norfolk, Virginia, 23502, United States|Clinical Research Associates of Tidewater, Norfolk, Virginia, 23507, United States|Larry D Stonesifer MD Inc PS, Federal Way, Washington, 98003, United States|Rainier Clinical Research Center Inc, Renton, Washington, 98055, United States|Cedar Research, Tacoma, Washington, 98405, United States|Liberty Research Center, Tacoma, Washington, 98405, United States|Hospital Interzonal de Agudos Pedro Fiorito, Avellaneda, Buenos Aires, B1870ARG, Argentina|CITDEEM - Centro de Investigacion y Tratamiento En Diabetes y Enfermedades Endocrino-Metabolicas, San Miguel de Tucumán, Tucumán Province, 4000, Argentina|FUNDAPRES/CIMel, Buenos Aires, B1824KAJ, Argentina|Centro Endocrinologic Tiempo, Buenos Aires, C1117ABH, Argentina|Hospital Italiano de Buenos Aires, Buenos Aires, C1181ACH, Argentina|Cons Asoc de Endocrinologia, Buenos Aires, C1425AGC, Argentina|Centro Medico Dra De Salvo, Buenos Aires, C1426ABP, Argentina|Hospital de Clinicas de Porto Alegre, Porto Alegre, Rio Grande do Sul, 90035-903, Brazil|Hospital Sao Lucas da PUCRS, Porto Alegre, Rio Grande do Sul, 90610-000, Brazil|CPClin-Centro de Pesquisas Clinicas, São Paulo, São Paulo, 01244-030, Brazil|Universidade Estabual de Maringa, Maringa Parana, 87020-900, Brazil|Nucleo de Medicina Integrada, Mogi das Cruzes, 08780-090, Brazil|Instituto Estadual De Diabetes e Endocrinologia Luis Capriglione, Rio de Janeiro, 20211-340, Brazil|Ccbr Brasil Centro de Analises e Pesquisas Clinicas Ltda, Rio de Janeiro, 22271-100, Brazil|Hospital Guilherme Alvaro, Santos, 11045-904, Brazil|Hospital do Rim e Hipertensao, São Paulo, 04025-011, Brazil|Instituto da Saude e Bem Estar da Mulher, São Paulo, 04062-003, Brazil|Blumenau Servicos Medicos S/C Ltda, São Paulo, 05302-001, Brazil|Centro de Pesquisa Clinica e Medicina Avancada, São Paulo, 05437-010, Brazil|Keele Medical Place, Downsview, Ontario, M3M 3E5, Canada|Quest Clinical Trials, Markham, Ontario, L6B 1A1, Canada|Lifestyle Metabolism Center, Oakville, Ontario, L6H 3P1, Canada|Sarnia Institute of Clinical Research, Sarnia, Ontario, N7T 4X3, Canada|Lifestyle Metabolism Center, Thornhill, Ontario, L4J 8L7, Canada|Lifestyle Metabolism Center, Toronto, Ontario, M4R 2G4, Canada|Hospital del Salvador, Santiago, Santiago Metropolitan, Chile|Hospital Padre Alberto Hurtado, Santiago, Santiago Metropolitan, Chile|Hospital Clinico Pontificia Universidad Catolica de Chile, Santiago, Chile|Hospital San Borja ArriaranUniversidad de Chile, Santiago, Chile|Instituto Mexicano de Investigacion, Mexico City, Durango, 06700, Mexico|Hospital OCA, Monterrey, Nuevo Leon, MX, 64000, Mexico|Hospital Universitario Dr Jose E Gonzalez, Monterrey, Nuevo León, 64460, Mexico|Hospital Santa Engracia-CIMA, Garza García, 66260, Mexico|Centro de Estudios en Diabetes, Mexico City, 01120, Mexico|Cifbiotec, Mexico City, CP14050, Mexico|Oddzial Chorob Wewnetrznych, Bialystock, POL, 15-950, Poland|NZOZ Specjalistyczny Osrodek Internistyczno - Diabetologiczny, Bialystok, POL, 15-435, Poland|Katedra I Klinika Chorob Metabolicznych Collegium Medicum Uniwersytety Jagiellonskiego, Krakow, POL, 31 501, Poland|Klliniczny nr 1 im Norberta Barlickiego Uniwersytetu Medycznego w Lodzi, Lodz, POL, 90 153, Poland|Instytut Centrum Zdrowia (009) Matki Polki, Lodz, POL, 93-338, Poland|Szpital Kolejowy im Dr w Roeflera(009) Oddzial Gastorenterologii, Pruszków, POL, 05 800, Poland|NZOZ Diabetologiczna Poradnia Specjalistyczna, Warsaw, 01-911, Poland|NHI Kemerovo Regional Clinical Hospital, Kemerovo, RUS, 650061, Russia|NI Principal Military Clinical Hospital n a academician N.N. Burdenko of the Ministry of Defense, Moscow, RUS, 105229, Russia|NEI HPE Moscow State University of Medicine and Dentistry of FAHSD City Clinical Hospital #70, Moscow, RUS, 111399, Russia|Moscow City Clinical Hospital # 13, Moscow, RUS, 115280, Russia|SEI HPE Moscow Medical Academy IM Sechenov of Roszdrav Clinic of Endocrinology, Moscow, RUS, 119435, Russia|SI Internal Affairs of Moscow- Clinical Hospital, Moscow, RUS, 125299, Russia|RAAMS Endocrinology and Diabetology Department, Moscow, RUS, 125315, Russia|St Petersburg NHI City Polytclinic #77 City Diabetological Center #4, Saint Petersburg, RUS, 193012, Russia|Central Medical Sanitary Unit #122, Saint Petersburg, RUS, 194291, Russia|Pavlov State Medical Univ of St Petersburg, Saint Petersburg, RUS, 197022, Russia|NEI HPE Smolensk State Medical Academy of FAHSD RNHI Smolensk Regional Clinical Hospital, Smolensk, RUS, 214018, Russia|MHI Clinical Hospital for Emergency Care na NV Soloviev, Yaroslavl, RUS, 150003, Russia|MCHI Medical Sanitary Unit of Novo-Yaroslavsky Oil Refining Plant, Yaroslavl, RUS, 150023, Russia|NHI Yaroslavl Regional Clinical Hospital, Yaroslavl, RUS, 150062, Russia|NI Central Clinical Hospital of RAS, Moscow, 117 593, Russia|City Clinical Hospital # 61, Moscow, 119 048, Russia|Complejo Hospitalario Nuestra Senora de Valme, Seville, Andalusia, 41014, Spain|Hospital de Mataro, Mataró, Barcelona, 08304, Spain|Hospital del Mar (Cano), Barcelona, 08003, Spain|Centro Médico Teknon, Barcelona, 08022, Spain|Hospital Universitario de la Princessa, Madrid, 28006, Spain|Hospital Ramon y Cajal, Madrid, 28034, Spain|Corporacion Sanitaria Parc Tauli Unidad de Endocrinologia, Sabadell, 08208, Spain|Complejo Hospitalario Virgen del Rocio, Seville, 41013, Spain|Hospital Virgen Macarena (policlinico) 2ª planta Servicio de Endocrinologia y Nutricion, Seville, 41071, Spain|Birchwood Surgery, Letchworth Garden City, Herts, SG6 4UB, United Kingdom|Lister Hospital, Stevenage, Herts, SG1 4AB, United Kingdom|Guy's & St Thomas Hospital, London, SE1 9RT, United Kingdom|Yaxley Group Practice, Peterborough, PE7 3JL, United Kingdom",True,False,2006.0,2008.0,True,False
NCT00189774,Nateglinide: a Double Blind Add-on Study With Pioglitazone for Type 2 Diabetic Patients,COMPLETED,"Type 2 Diabetes Mellitus|Diabetes Mellitus, Type II",Astellas Pharma Inc,ALL,"ADULT, OLDER_ADULT",PHASE2|PHASE3,,INDUSTRY,INTERVENTIONAL,,,"Chubu Region, Japan|Chugoku Region, Japan|Hokkaido Region, Japan|Kanto Region, Japan|Kinki Region, Japan|Kyushu Region, Japan|Tohoku Region, Japan",True,False,,,False,False
NCT00141232,Evaluating Atorvastatin With Omega-3 Fatty Acids in Cardiovascular Risk Reduction in Patients With Type 2 Diabetes,COMPLETED,"Diabetes, Type 2",Pfizer's Upjohn has merged with Mylan to form Viatris Inc.,ALL,"ADULT, OLDER_ADULT",PHASE4,810.0,INDUSTRY,INTERVENTIONAL,2004-11,2006-07,"Pfizer Investigational Site, Irvine, Ayrshire, KA12 OAY, United Kingdom|Pfizer Investigational Site, Farnworth, Bolton, BL4 9AH, United Kingdom|Pfizer Investigational Site, Thornhill, Cardiff, CF14 9BB, United Kingdom|Pfizer Investigational Site, Fowey, Cornwall, PL23 1DT, United Kingdom|Pfizer Investigational Site, Launceston, Cornwall, PL15 9HH, United Kingdom|Pfizer Investigational Site, Penzance, Cornwall, TR18 4JH, United Kingdom|Pfizer Investigational Site, Penzance, Cornwall, TR19 7HX, United Kingdom|Pfizer Investigational Site, Saltash, Cornwall, PL12 6DL, United Kingdom|Pfizer Investigational Site, St Austell, Cornwall, PL26 7RL, United Kingdom|Pfizer Investigational Site, Darlington, County Durham, DL16 6QA, United Kingdom|Pfizer Investigational Site, Newton Aycliffe, County Durham, DL5 5NH, United Kingdom|Pfizer Investigational Site, Three Bridges, Crawley, RH10 1LL, United Kingdom|Pfizer Investigational Site, Plymouth, Devon, PL5 3JB, United Kingdom|Pfizer Investigational Site, Plymouth, Devon, PL6 7TH, United Kingdom|Pfizer Investigational Site, Bexhill-on-Sea, East Sussex, TN39 4SP, United Kingdom|Pfizer Investigational Site, Bexhill-on-Sea, East Sussex, TN40 2SD, United Kingdom|Pfizer Investigational Site, Bath, England, BA2 4JT, United Kingdom|Pfizer Investigational Site, Dronfield, Sheffield, England, S18 1RU, United Kingdom|Pfizer Investigational Site, Surrey, England, CR7 7JN, United Kingdom|Pfizer Investigational Site, Halstead, Essex, CO9 1EX, United Kingdom|Pfizer Investigational Site, Stonehouse, Gloucestershire, GL10 2NG, United Kingdom|Pfizer Investigational Site, Southampton, Hampshire, SO31 7DQ, United Kingdom|Pfizer Investigational Site, Hildenborough, Kent, TN11 9HL, United Kingdom|Pfizer Investigational Site, Thorneton-Clevely, Lancashire, FY5 3LF, United Kingdom|Pfizer Investigational Site, Balham, London, SW12 8EU, United Kingdom|Pfizer Investigational Site, Fulham, London, SW6 2HQ, United Kingdom|Pfizer Investigational Site, Tooting, London, SW17 9SJ, United Kingdom|Pfizer Investigational Site, Hayes, Middlesex, UB4 0SF, United Kingdom|Pfizer Investigational Site, Wellingborough, Northamptonshire, NN8 4RW, United Kingdom|Pfizer Investigational Site, Cookstown, Northern Ireland, BT80 8BN, United Kingdom|Pfizer Investigational Site, Frome, Somerset, BA11 1EZ, United Kingdom|Pfizer Investigational Site, Fetcham, Surrey, KT22 9LE, United Kingdom|Pfizer Investigational Site, Woking, Surrey, United Kingdom|Pfizer Investigational Site, Crawley, West Sussex, RH10 7DX, United Kingdom|Pfizer Investigational Site, Leeds, West Yorkshire, LS12 1JE, United Kingdom|Pfizer Investigational Site, Bradford-on-Avon, Wiltshire, BA1 5DQ, United Kingdom|Pfizer Investigational Site, Melksham, Wiltshire, SN12 6UN, United Kingdom|Pfizer Investigational Site, Swindon, Wiltshire, SN25 4YZ, United Kingdom|Pfizer Investigational Site, Trowbridge, Wiltshire, BA14 7EG, United Kingdom|Pfizer Investigational Site, Warminster, Wiltshire, BA12 9AA, United Kingdom|Pfizer Investigational Site, Sheffield, Yorkshire, S7 2DW, United Kingdom|Pfizer Investigational Site, Bath, BA2 1NH, United Kingdom|Pfizer Investigational Site, Bath, BA2 3HT, United Kingdom|Pfizer Investigational Site, Belfast, BT4 1NT, United Kingdom|Pfizer Investigational Site, Birmingham, B37 7TR, United Kingdom|Pfizer Investigational Site, Bucks, HP22 5LB, United Kingdom|Pfizer Investigational Site, Chesterfield, S40 4TF, United Kingdom|Pfizer Investigational Site, Chippenham, Wiltshire, SN15 2SB, United Kingdom|Pfizer Investigational Site, Cornwall, TR18 2RE, United Kingdom|Pfizer Investigational Site, County Antrim, Northern Ireland, BT41 3AE, United Kingdom|Pfizer Investigational Site, Darlington, DL3 6HZ, United Kingdom|Pfizer Investigational Site, Dundee, DD2 5NH, United Kingdom|Pfizer Investigational Site, Dundee, DD4 6QY, United Kingdom|Pfizer Investigational Site, East Sussex, TN40 3RJ, United Kingdom|Pfizer Investigational Site, Isle of Wight, PO32 6RR, United Kingdom|Pfizer Investigational Site, Isle of Wight, PO33 2PT, United Kingdom|Pfizer Investigational Site, London, N19 5EW, United Kingdom|Pfizer Investigational Site, London, SW19 6DA, United Kingdom|Pfizer Investigational Site, Westbury, BA13 3JD, United Kingdom",True,False,2004.0,2006.0,True,False
NCT06716424,A Study to Investigate Safety and Efficacy of iGlarLixi in Adult Patients With Type 2 Diabetes Mellitus,COMPLETED,Type 2 Diabetes,Sanofi,ALL,"ADULT, OLDER_ADULT",PHASE4,105.0,INDUSTRY,INTERVENTIONAL,2025-01-06,2026-06-12,"Investigational Site Number : 3560009, Bengaluru, 560054, India|Investigational Site Number : 3560007, Delhi, 110088, India|Investigational Site Number : 3560005, Hyderabad, 500034, India|Investigational Site Number : 3560006, Indore, 452010, India|Investigational Site Number : 3560011, Jaipur, 302020, India|Investigational Site Number : 3560003, Kanpur, 208002, India|Investigational Site Number : 3560001, Kolkata, 700020, India|Investigational Site Number : 3560008, Pune, 411004, India|Investigational Site Number: 3560013, Pune, 411057, India|Investigational Site Number : 3560014, Visakhapatnam, 530040, India",True,False,2025.0,2026.0,True,False
NCT06769477,"The Effect of Education Given to Type 2 Diabetics on Diabetes Self-management, Health Fatalism and Metabolic Parameters",RECRUITING,Type 2 Diabetes|Type 2 Diabetes Patients,Ataturk University,ALL,"ADULT, OLDER_ADULT",,66.0,OTHER,INTERVENTIONAL,2025-02-01,2025-06-01,"Manavgat and Aksu Family Health Center, Antalya, 07000, Turkey (Türkiye)|Manavgat and Aksu Family Health Center, Antalya, Turkey (Türkiye)",True,False,2025.0,2025.0,True,False
NCT07743307,Feasibility of a Diabetes Self-Management Program With Continuous Glucose Monitoring for Adults With Type 2 Diabetes,NOT_YET_RECRUITING,Type 2 Diabetes,Northwell Health,ALL,"ADULT, OLDER_ADULT",,20.0,OTHER,INTERVENTIONAL,2026-08-01,2026-12-31,"Northwell Heath, Manhasset, New York, 11030, United States",True,False,2026.0,2026.0,True,False
NCT00898950,Effects of Different Doses of Aspirin on Pathophysiological Markers in Type 2 Diabetes,COMPLETED,Diabetes Type 2,University of Portsmouth,ALL,"ADULT, OLDER_ADULT",,21.0,OTHER,INTERVENTIONAL,2004-08,2006-07,"School of Pharmacy and Biomedical Sciences, University of Posrtmouth, Portsmouth, Hampshire, PO1 2DT, United Kingdom|Diabetes Centre, Queen Alexandra Hospital, Portsmouth Hospitals NHS Trust, Portsmouth, Hampshire, PO6 3LY, United Kingdom",True,False,2004.0,2006.0,True,False
NCT06981286,Oral Health Parameter-Based Diabetes Type 2 Indication Using Machine Learning,NOT_YET_RECRUITING,Type 2 Diabetes,Blekinge Institute of Technology,ALL,"ADULT, OLDER_ADULT",,2000.0,OTHER,OBSERVATIONAL,2025-08-30,2027-07,"Department of Health, Blekinge Institute of Technology, Karlskrona, 37179, Sweden",True,False,2025.0,2027.0,True,False
NCT07242469,A Clinical Trial of MK-1403 in Participants With Type 2 Diabetes Mellitus (MK-1403-006),ACTIVE_NOT_RECRUITING,"Diabetes Mellitus, Type 2",Merck Sharp & Dohme LLC,ALL,"ADULT, OLDER_ADULT",PHASE1,52.0,INDUSTRY,INTERVENTIONAL,2025-12-22,2026-09-03,"Anaheim Clinical Trials ( Site 0006), Anaheim, California, 92801, United States|ProSciento Inc. ( Site 0001), Chula Vista, California, 91911, United States|Advanced Pharma CR, LLC ( Site 0003), Miami, Florida, 33147, United States|QPS-MRA, LLC ( Site 0004), South Miami, Florida, 33143, United States|Bio-Kinetic Clinical Applications, LLC dba QPS-MO ( Site 0005), Springfield, Missouri, 65802, United States",True,False,2025.0,2026.0,True,False
NCT07065032,A Study of ZT002 Injection in Adult Chinese Subjects With Type 2 Diabetes Mellitus (T2DM),COMPLETED,Type 2 Diabetes,"Beijing QL Biopharmaceutical Co.,Ltd",ALL,"ADULT, OLDER_ADULT",PHASE1|PHASE2,27.0,INDUSTRY,INTERVENTIONAL,2024-02-19,2024-08-05,"The Affiliated Hospital of Qingdao University Phase I Clinical Research Center, Qingdao, Shandong, 266000, China",True,False,2024.0,2024.0,True,False
NCT07390292,Assessment of Cognitive Function and Functional Performance in Patients With Type 2 Diabetes,NOT_YET_RECRUITING,Type 2 Diabetes,Bezmialem Vakif University,ALL,"ADULT, OLDER_ADULT",,80.0,OTHER,OBSERVATIONAL,2026-02,2026-05,"Bezmialem Vakif University, Istanbul, Turkey (Türkiye)",True,False,2026.0,2026.0,True,False
NCT03959306,Efficacy of Black Seed Oil in Patients With Type 2 Diabetes Mellitus,UNKNOWN,"Diabetes Mellitus, Type 2",Ain Shams University,ALL,"ADULT, OLDER_ADULT",PHASE2,50.0,OTHER,INTERVENTIONAL,2019-04-24,2019-08,"Ain Shams University Hospitals, Cairo, Egypt",True,False,2019.0,2019.0,True,False
NCT07502495,Phase 2 Trial of Icovamenib in Participants With Type 2 Diabetes Who Are Not Achieving Glycemic Targets,RECRUITING,Type 2 Diabetes,Biomea Fusion Inc.,ALL,"ADULT, OLDER_ADULT",PHASE2,60.0,INDUSTRY,INTERVENTIONAL,2026-03-27,2027-09,"Central Research Associates, LLC dba Flourish Research, Birmingham, Alabama, 35205, United States|Hope Clinical Research, Canoga Park, California, 91303, United States|Ark Clinical Research, Fountain Valley, California, 92708, United States|Ark Clinical Research, Long Beach, California, 90815, United States|Catalina Research Institute, LLC, Montclair, California, 91763, United States|Paradigm Clinical Research Centers, LLC, San Diego, California, 92108, United States|Southwest General Healthcare Center, Fort Myers, Florida, 33907, United States|Panax Clinical Research, Miami Lakes, Florida, 33014, United States|Clinical Site Partners, LLC dba Flourish Research, Winter Park, Florida, 32789, United States|David Kavtaradze MD, Inc, Cordele, Georgia, 31015, United States|Excel Clinical Research, Las Vegas, Nevada, 89109, United States|Diabetes and Endocrinology Associates of Stark County, Canton, Ohio, 44718, United States|Elligo Health Research, Inc., Austin, Texas, 78704, United States|Zenos Clinical Research, Dallas, Texas, 75230, United States|Synergy Groups Medical, Houston, Texas, 77061, United States|Epic Clinical Research, Lewisville, Texas, 75057, United States|Synergy Group Medical LLC, Missouri City, Texas, 77459, United States|Manassas Clinical Research Center, Manassas, Virginia, 20110, United States",True,False,2026.0,2027.0,True,False
NCT00832624,The Effect of Sitagliptin in Type 2 Diabetes Mellitus With Inadequate Glycemic Control (MK0431-118),TERMINATED,Diabetes Mellitus Non-insulin-dependent,Merck Sharp & Dohme LLC,ALL,"ADULT, OLDER_ADULT",PHASE4,10.0,INDUSTRY,INTERVENTIONAL,2008-11-26,2009-09-02,,True,False,2008.0,2009.0,True,False
NCT07674628,SALUD-M: Acceptance Based Coping Skills for Hispanic/Latinx Military Patients With Type 2 Diabetes,RECRUITING,Type 2 Diabetes,Baylor College of Medicine,ALL,"ADULT, OLDER_ADULT",,100.0,OTHER,INTERVENTIONAL,2026-07-16,2027-06-30,"Brooke Army Medical Center, San Antonio, Texas, 78234, United States",True,False,2026.0,2027.0,True,False
NCT06617767,The Effect of Reiki in Patients With Type-II Diabetes,COMPLETED,"Diabetes Mellitus, Type 2",Osmaniye Korkut Ata University,ALL,"ADULT, OLDER_ADULT",,61.0,OTHER,INTERVENTIONAL,2022-08-03,2024-07-31,"Yüce, Osmaniye, 80000, Turkey (Türkiye)",True,False,2022.0,2024.0,True,False
NCT07647406,Intraseptal and Periodontal Ligament Anaesthesia for Tooth Extraction in Patients With Type 2 Diabetes,COMPLETED,Diabetes Mellitus Type 2,"University of Business Academy in Novi Sad, Serbia",ALL,"ADULT, OLDER_ADULT",,120.0,OTHER,INTERVENTIONAL,2026-01-11,2026-05-27,"Faculty of Dentistry in Pančevo, University of Business Academy in Novi Sad, Pančevo, Vojvodina, Serbia",True,False,2026.0,2026.0,True,False
NCT07160257,A Study to Evaluate the Effect of Maridebart Cafraglutide on Insulin Sensitivity and β-cell Function in Participants With Type 2 Diabetes Mellitus,ACTIVE_NOT_RECRUITING,Type 2 Diabetes Mellitus,Amgen,ALL,"ADULT, OLDER_ADULT",PHASE1,56.0,INDUSTRY,INTERVENTIONAL,2025-08-05,2027-03-04,"ProSciento, Inc. - Main Clinic, Chula Vista, California, 91911-1350, United States",True,False,2025.0,2027.0,True,False
NCT07116902,Artificial Intelligence-based Methods to Predict Disease Progression in Youth With Type 2 Diabetes,NOT_YET_RECRUITING,Type 2 Diabetes,"University of California, San Francisco",ALL,"CHILD, ADULT",,50.0,OTHER,INTERVENTIONAL,2026-04,2026-09,"UCSF Benioff Children's Hospital Oakland, Pediatric Diabetes Clinic, Oakland, California, 94609, United States|UCSF Benioff Children's Hospital San Francisco, Madison Clinic for Pediatric Diabetes, San Francisco, California, 94158, United States",False,True,2026.0,2026.0,True,False
NCT05525117,Effectiveness of an Online Self-management Intervention for Type 2 Diabetes Mellitus,WITHDRAWN,Type 2 Diabetes,Gaia AG,ALL,"ADULT, OLDER_ADULT",,0.0,INDUSTRY,INTERVENTIONAL,2023-07-04,2024-12-15,"GAIA, Hamburg, 22085, Germany",True,False,2023.0,2024.0,True,True
NCT06064721,Effect of Buerger Allen Exercise on Peripheral Circulation Among Patients With Type 2 Diabetes Mellitus,COMPLETED,Type 2 Diabetes,University of Health Sciences Lahore,ALL,"ADULT, OLDER_ADULT",,74.0,OTHER,INTERVENTIONAL,2025-08-07,2025-11-10,"DHQ hospital, sheikhupura, Sheikhupura, Punjab Province, Pakistan",True,False,2025.0,2025.0,True,False
NCT06032988,Effect of Probiotic Supplements on Metabolic Control of People With Type 2 Diabetes Mellitus in Greece,COMPLETED,"Diabetes Mellitus, Type 2","Konstantinos Makrilakis, MD",ALL,"ADULT, OLDER_ADULT",,90.0,OTHER,INTERVENTIONAL,2023-08-23,2023-09-02,"Laiko General Hospital, Athens, Attica, 11526, Greece",True,False,2023.0,2023.0,True,False
NCT06687811,Carbohydrate Loading in Type 2 Diabetes Mellitus,COMPLETED,Diabetes Mellitus Type 2,Indonesia University,ALL,"ADULT, OLDER_ADULT",,44.0,OTHER,INTERVENTIONAL,2023-06-22,2024-01-31,"RSUPN Cipto Mangunkusumo, Central Jakarta, Jakarta Special Capital Region, 10430, Indonesia",True,False,2023.0,2024.0,True,False
NCT07531459,Compilation and Preliminary Application of the Active Health Behavior Scale in Patients With Type 2 Diabetes,RECRUITING,Type 2 Diabetes,Yun Ye,ALL,"ADULT, OLDER_ADULT",,600.0,OTHER,OBSERVATIONAL,2025-12-24,2027-02-20,"The Third Affiliated Hospital of Soochow University（THE FIRST PEOPLE'S HOSPITAL OF CHANGZHOU）, Changzhou, Jiangsu, 213000, China",True,False,2025.0,2027.0,True,False
NCT03552991,Effects of Dietary Fiber on Glucose Control in Subjects With Type 2 Diabetes Mellitus,COMPLETED,"Diabetes Mellitus, Type 2",Samsung Medical Center,ALL,"ADULT, OLDER_ADULT",PHASE4,14.0,OTHER,INTERVENTIONAL,2014-02,2018-05-31,,True,False,2014.0,2018.0,True,False
NCT04841837,Effect of Time-restricted Eating on Blood Glucose and Behavior in Patients With Type 2 Diabetes Mellitus,UNKNOWN,Type 2 Diabetes Mellitus,Peking University Third Hospital,ALL,"ADULT, OLDER_ADULT",,35.0,OTHER,INTERVENTIONAL,2021-04-15,2022-12,"Peking University Third Hospital, Beijing, China",True,False,2021.0,2022.0,True,False
NCT07662213,"A Study to Find Out if the Study Drug Elecoglipron Helps Adults With Type 2 Diabetes Mellitus by Comparing it With Semaglutide, a Medicine Already Used to Treat Type 2 Diabetes Mellitus",RECRUITING,Type 2 Diabetes Mellitus,AstraZeneca,ALL,"ADULT, OLDER_ADULT",PHASE3,1200.0,INDUSTRY,INTERVENTIONAL,2026-07-06,2028-05-23,"Research Site, Birmingham, Alabama, 35205, United States|Research Site, Mesa, Arizona, 85213, United States|Research Site, Phoenix, Arizona, 85016, United States|Research Site, Tempe, Arizona, 85281, United States|Research Site, Covina, California, 91723, United States|Research Site, Encinitas, California, 92024, United States|Research Site, Garden Grove, California, 92844, United States|Research Site, Loma Linda, California, 92350, United States|Research Site, Long Beach, California, 90807, United States|Research Site, Pomona, California, 91768, United States|Research Site, Sacramento, California, 95821, United States|Research Site, Bridgeport, Connecticut, 06606, United States|Research Site, Crystal River, Florida, 34429, United States|Research Site, Hollywood, Florida, 33021, United States|Research Site, Jacksonville, Florida, 32209, United States|Research Site, Leesburg, Florida, 34748, United States|Research Site, Orlando, Florida, 32806, United States|Research Site, Lilburn, Georgia, 30047, United States|Research Site, Idaho Falls, Idaho, 83404, United States|Research Site, Melrose Park, Illinois, 60160, United States|Research Site, Evansville, Indiana, 47710, United States|Research Site, Ames, Iowa, 50010, United States|Research Site, Wichita, Kansas, 67226, United States|Research Site, Bowling Green, Kentucky, 42101, United States|Research Site, Rockville, Maryland, 20852, United States|Research Site, Southfield, Michigan, 48076, United States|Research Site, Minneapolis, Minnesota, 55416, United States|Research Site, Jefferson City, Missouri, 65109, United States|Research Site, Kansas City, Missouri, 64114, United States|Research Site, Omaha, Nebraska, 68114, United States|Research Site, Henderson, Nevada, 89052, United States|Research Site, Las Vegas, Nevada, 89128, United States|Research Site, Albuquerque, New Mexico, 87112, United States|Research Site, Durham, North Carolina, 27701, United States|Research Site, Morehead City, North Carolina, 28557, United States|Research Site, Raleigh, North Carolina, 27612, United States|Research Site, Statesville, North Carolina, 28625, United States|Research Site, Wilmington, North Carolina, 28403, United States|Research Site, Columbus, Ohio, 43215, United States|Research Site, Yukon, Oklahoma, 73099, United States|Research Site, Feasterville-Trevose, Pennsylvania, 19053, United States|Research Site, Philadelphia, Pennsylvania, 19114, United States|Research Site, Myrtle Beach, South Carolina, 29572, United States|Research Site, North Charleston, South Carolina, 29405, United States|Research Site, Memphis, Tennessee, 38119, United States|Research Site, Morristown, Tennessee, 37813, United States|Research Site, Dallas, Texas, 75390, United States|Research Site, Houston, Texas, 77004, United States|Research Site, Houston, Texas, 77040, United States|Research Site, Houston, Texas, 77079, United States|Research Site, Katy, Texas, 77450, United States|Research Site, San Antonio, Texas, 78229, United States|Research Site, San Antonio, Texas, 78231, United States|Research Site, Sugar Land, Texas, 77478, United States|Research Site, Weslaco, Texas, 78596, United States|Research Site, Bountiful, Utah, 84010, United States|Research Site, Salt Lake City, Utah, 84124, United States|Research Site, Leesburg, Virginia, 20176, United States|Research Site, Norfolk, Virginia, 23502, United States|Research Site, Renton, Washington, 98057, United States|Research Site, Seattle, Washington, 98104, United States|Research Site, Seattle, Washington, 98105, United States|Research Site, Morgantown, West Virginia, 26505, United States|Research Site, Buenos Aires, C1425AGC, Argentina|Research Site, CABA, C1120AAC, Argentina|Research Site, Caba, C1128AAF, Argentina|Research Site, Ciudad de Buenos Aires, C1094AAD, Argentina|Research Site, Rosario, S2000CVD, Argentina|Research Site, San Nicolás, B2900DMH, Argentina|Research Site, San Vicente, 5006, Argentina|Research Site, Botany, 2019, Australia|Research Site, East Toowoomba, 4350, Australia|Research Site, Fitzroy, 3065, Australia|Research Site, Heidelberg Heights, 3081, Australia|Research Site, Kingswood, 2747, Australia|Research Site, Melbourne, 3004, Australia|Research Site, Parkville, 3050, Australia|Research Site, St Leonards, 2065, Australia|Research Site, Brasília, 71625-009, Brazil|Research Site, Campinas, 13060-904, Brazil|Research Site, Curitiba, 80030-480, Brazil|Research Site, Natal, 59020-035, Brazil|Research Site, Porto Alegre, 90630-165, Brazil|Research Site, São José dos Campos, 12243-280, Brazil|Research Site, São Paulo, 04012-180, Brazil|Research Site, Plovdiv, 4001, Bulgaria|Research Site, Sofia, 1407, Bulgaria|Research Site, Sofia, 1618, Bulgaria|Research Site, Sofia, 1700, Bulgaria|Research Site, Yambol, 8600, Bulgaria|Research Site, Vancouver, British Columbia, V5Y 3W2, Canada|Research Site, Guelph, Ontario, N1H 1B1, Canada|Research Site, Sarnia, Ontario, N7T 4X3, Canada|Research Site, Scarborough Village, Ontario, M1R 0B1, Canada|Research Site, Stouffville, Ontario, L4A1H2, Canada|Research Site, Toronto, Ontario, M4G3E8, Canada|Research Site, Toronto, Ontario, M6G 1M2, Canada|Research Site, Toronto, Ontario, M9V 4B4, Canada|Research Site, Montreal, Quebec, H4N 2W2, Canada|Research Site, Saint-Charles-Borromée, Quebec, J6E 2B4, Canada|Research Site, Changsha, 410013, China|Research Site, Changsha, 410015, China|Research Site, Hefei, 230000, China|Research Site, Hefei, 230601, China|Research Site, Huai'an, 223005, China|Research Site, Langfang, 065000, China|Research Site, Liangyugang, 222002, China|Research Site, Luoyang, 471009, China|Research Site, Nanjing, 2100008, China|Research Site, Nanyang, 473009, China|Research Site, Pinggu, 101200, China|Research Site, Pingxiang, 337055, China|Research Site, Shijiazhuang, 050000, China|Research Site, Tianjin, 300134, China|Research Site, Yueyang, 414000, China|Research Site, Bad Oeynhausen, 32545, Germany|Research Site, Berlin, 13597, Germany|Research Site, Chemnitz, 09116, Germany|Research Site, Damme, 49401, Germany|Research Site, Duisburg, 47051, Germany|Research Site, Elsterwerda, 04910, Germany|Research Site, Erlangen, 91054, Germany|Research Site, Essen, 45359, Germany|Research Site, Falkensee, 14612, Germany|Research Site, Gladbeck, 45968, Germany|Research Site, Hamburg, 21109, Germany|Research Site, Hamburg, 22607, Germany|Research Site, Leipzig, 04249, Germany|Research Site, Mannheim, 68167, Germany|Research Site, Münster, 48145, Germany|Research Site, Oldenburg, 23758, Germany|Research Site, Pirna, 01796, Germany|Research Site, Sankt Ingbert, 66386, Germany|Research Site, Wangen, 88239, Germany|Research Site, Budapest, 1036, Hungary|Research Site, Budapest, 1089, Hungary|Research Site, Budapest, 1132, Hungary|Research Site, Debrecen, 4032, Hungary|Research Site, Salgótarján, 3100, Hungary|Research Site, Szeged, 6725, Hungary|Research Site, Szolnok, 5000, Hungary|Research Site, Zalaegerszeg, 8900, Hungary|Research Site, Bari, 70124, Italy|Research Site, Bologna, 40138, Italy|Research Site, Chieti, 66100, Italy|Research Site, Milan, 20132, Italy|Research Site, Milan, 20138, Italy|Research Site, Modena, 41100, Italy|Research Site, Naples, 80138, Italy|Research Site, Roma, 00161, Italy|Research Site, Roma, 00168, Italy|Research Site, Asahikawa-shi, 070-8530, Japan|Research Site, Chūōku, 103-0002, Japan|Research Site, Kamakura-shi, 247-0056, Japan|Research Site, Koga-shi, 306-0232, Japan|Research Site, Mitaka-shi, 181-0013, Japan|Research Site, Mito, 310-0826, Japan|Research Site, Miyazaki, 880-0034, Japan|Research Site, Nagoya, 467-8602, Japan|Research Site, Nagoya, 468-0009, Japan|Research Site, Naka, 311-0113, Japan|Research Site, Naka, 311-0133, Japan|Research Site, Nishinomiya-shi, 663-8113, Japan|Research Site, Sapporo, 062-0007, Japan|Research Site, Takamatsu, 760-0018, Japan|Research Site, Bialystok, 15-897, Poland|Research Site, Krakow, 31-261, Poland|Research Site, Lodz, 90-338, Poland|Research Site, Lublin, 20-718, Poland|Research Site, Poznan, 60-354, Poland|Research Site, Radom, 26-600, Poland|Research Site, Warsaw, 00-124, Poland|Research Site, Warsaw, 02-507, Poland|Research Site, Daegu, 41404, South Korea|Research Site, Daejeon, 35015, South Korea|Research Site, Guri-si, 11923, South Korea|Research Site, Incheon, 21565, South Korea|Research Site, Seoul, 05278, South Korea|Research Site, Seoul, 06351, South Korea|Research Site, Changhua, 50006, Taiwan|Research Site, Kaohsiung City, 81362, Taiwan|Research Site, New Taipei City, 220, Taiwan|Research Site, Taichung, 40201, Taiwan|Research Site, Taichung, 40705, Taiwan|Research Site, Taichung, 433004, Taiwan|Research Site, Tainan, 704, Taiwan|Research Site, Taipei, 10002, Taiwan|Research Site, Taoyuan, 333, Taiwan|Research Site, Yung Kang City, 71044, Taiwan|Research Site, Aberdeen, AB25 2ZN, United Kingdom|Research Site, Addlestone, KT15 2BH, United Kingdom|Research Site, Banbury, OX16 9AD, United Kingdom|Research Site, Bristol, BS34 5TF, United Kingdom|Research Site, Bristol, BS34 6BQ, United Kingdom|Research Site, Edinburgh, EH4 2XU, United Kingdom|Research Site, Hounslow, TW3 3LN, United Kingdom|Research Site, Penzance, TR18 3DX, United Kingdom|Research Site, Poole, BH16 5PW, United Kingdom|Research Site, Soham, CB7 5JD, United Kingdom|Research Site, Wansford, PE8 6PL, United Kingdom|Research Site, Yate, BS37 4AX, United Kingdom",True,False,2026.0,2028.0,True,False
NCT01406717,Safety and Efficacy of SPIL1033 in Subjects With Type 2 Diabetes Mellitus,COMPLETED,Type 2 Diabetes Mellitus,Sun Pharmaceutical Industries Limited,ALL,"ADULT, OLDER_ADULT",PHASE3,360.0,INDUSTRY,INTERVENTIONAL,2013-03-01,2015-11-04,"SPIL Site 22, Hyderabad, Andhra Pradesh, India|SPIL Site 25, Hyderabad, Andhra Pradesh, India|SPIL Site 26, Hyderabad, Andhra Pradesh, India|SPIL Site 23, Visakhapatnam, Andhra Pradesh, India|SPIL Site 1, Ahmedabad, Gujarat, India|SPIL Site 2, Ahmedabad, Gujarat, India|SPIL Site 3, Ahmedabad, Gujarat, India|SPIL Site 5, Rajkot, Gujarat, India|SPIL Site 6, Surat, Gujarat, India|SPIL Site 7, Surat, Gujarat, India|SPIL Site 8, Surat, Gujarat, India|SPIL Site 9, Surat, Gujarat, India|SPIL Site 10, Vadodara, Gujarat, India|SPIL Site 19, Bangalore, Karnataka, India|SPIL Site 30, Bangalore, Karnataka, India|SPIL Site 31, Bangalore, Karnataka, India|SPIL Site 33, Bangalore, Karnataka, India|SPIL Site 29, Manipal, Karnataka, India|SPIL Site 35, Indore, Madhya Pradesh, India|SPIL Site 21, Nagpur, Maharashtra, India|SPIL Site 24, Nagpur, Maharashtra, India|SPIL Site 32, Nashik, Maharashtra, India|SPIL Site 11, Pune, Maharashtra, India|SPIL Site 12, Pune, Maharashtra, India|SPIL Site 13, Bhubaneswar, Orrissa, India|SPIL Site 14, Jaipur, Rajasthan, India|SPIL Site 15, Jaipur, Rajasthan, India|SPIL Site 16, Chennai, Tamil Nadu, India|SPIL Site 17, Coimbatore, Tamil Nadu, India|SPIL Site 20, Coimbatore, Tamil Nadu, India|SPIL Site 18, Madurai, Tamil Nadu, 625020, India|SPIL Site 34, Vellore, Tamil Nadu, India|SPIL Site 27, Lucknow, Uttar Pradesh, India|SPIL Site 28, Lucknow, Uttar Pradesh, India",True,False,2013.0,2015.0,True,False
NCT00256867,A Study In Patients With Type 2 Diabetes Mellitus,COMPLETED,"Diabetes Mellitus, Type 2",GlaxoSmithKline,ALL,"ADULT, OLDER_ADULT",PHASE3,369.0,INDUSTRY,INTERVENTIONAL,2005-08-18,2006-10-31,"GSK Investigational Site, Tucson, Arizona, 85745, United States|GSK Investigational Site, Fresno, California, 93720, United States|GSK Investigational Site, Wheat Ridge, Colorado, 80033, United States|GSK Investigational Site, Waterbury, Connecticut, 06708, United States|GSK Investigational Site, Miami, Florida, 33156, United States|GSK Investigational Site, Saint Cloud, Florida, 34769, United States|GSK Investigational Site, Atlanta, Georgia, 30308, United States|GSK Investigational Site, Chicago, Illinois, 60607, United States|GSK Investigational Site, Melrose Park, Illinois, 60160, United States|GSK Investigational Site, Springfield, Illinois, 62704, United States|GSK Investigational Site, Avon, Indiana, 46123, United States|GSK Investigational Site, Elkhart, Indiana, 46515, United States|GSK Investigational Site, Sunset, Louisiana, 70584, United States|GSK Investigational Site, Waltham, Massachusetts, 02453, United States|GSK Investigational Site, City of Saint Peters, Missouri, 63376, United States|GSK Investigational Site, Billings, Montana, 59102, United States|GSK Investigational Site, Las Vegas, Nevada, 89103, United States|GSK Investigational Site, Jamaica, New York, 11432, United States|GSK Investigational Site, Rochester, New York, 14609, United States|GSK Investigational Site, Columbus, Ohio, 43212, United States|GSK Investigational Site, Bend, Oregon, 97701, United States|GSK Investigational Site, Portland, Oregon, 97216, United States|GSK Investigational Site, Portland, Oregon, 97219, United States|GSK Investigational Site, Portland, Oregon, 97239, United States|GSK Investigational Site, Tualatin, Oregon, 97062, United States|GSK Investigational Site, Beaver, Pennsylvania, 15009, United States|GSK Investigational Site, Fleetwood, Pennsylvania, 19522, United States|GSK Investigational Site, Jefferson Hills, Pennsylvania, 15025, United States|GSK Investigational Site, Philadelphia, Pennsylvania, 19152, United States|GSK Investigational Site, Clinton, South Carolina, 29325, United States|GSK Investigational Site, Columbia, South Carolina, 29201, United States|GSK Investigational Site, Kingsport, Tennessee, 37660, United States|GSK Investigational Site, Bryan, Texas, 77802, United States|GSK Investigational Site, Dallas, Texas, 75230, United States|GSK Investigational Site, Georgetown, Texas, 78626, United States|GSK Investigational Site, Midland, Texas, 79705, United States|GSK Investigational Site, Plano, Texas, 75093, United States|GSK Investigational Site, Salt Lake City, Utah, 84143, United States|GSK Investigational Site, Burke, Virginia, 22015, United States|GSK Investigational Site, Manassas, Virginia, 20110, United States|GSK Investigational Site, Bellevue, Washington, 98004, United States|GSK Investigational Site, Spokane, Washington, 99208, United States|GSK Investigational Site, Vancouver, Washington, 98664, United States|GSK Investigational Site, Wollongong, New South Wales, 2500, Australia|GSK Investigational Site, Kippa-Ring, Queensland, 4021, Australia|GSK Investigational Site, Adelaide, South Australia, 5000, Australia|GSK Investigational Site, Keswick, South Australia, 5035, Australia|GSK Investigational Site, Port Lincoln, South Australia, 5606, Australia|GSK Investigational Site, Box Hill, Victoria, 3128, Australia|GSK Investigational Site, Heidelberg West, Victoria, 3081, Australia|GSK Investigational Site, Ringwood East, Victoria, 3135, Australia|GSK Investigational Site, Edmonton, Alberta, T5J 3N4, Canada|GSK Investigational Site, Edmonton, Alberta, T5N 3Y6, Canada|GSK Investigational Site, Coquitlam, British Columbia, V3K 3V9, Canada|GSK Investigational Site, Moncton, New Brunswick, E1G1A7, Canada|GSK Investigational Site, Mount Pearl, Newfoundland and Labrador, A1N 1W7, Canada|GSK Investigational Site, Halifax, Nova Scotia, B3K 5R3, Canada|GSK Investigational Site, Truro, Nova Scotia, B2N 1L2, Canada|GSK Investigational Site, Brampton, Ontario, L6T 3T1, Canada|GSK Investigational Site, Greater Sudbury, Ontario, P3A 1Y8, Canada|GSK Investigational Site, Hamilton, Ontario, L8M 1K7, Canada|GSK Investigational Site, North Bay, Ontario, P1B 2H3, Canada|GSK Investigational Site, Toronto, Ontario, M3H 5S4, Canada|GSK Investigational Site, Toronto, Ontario, M8V 3X8, Canada|GSK Investigational Site, Toronto, Ontario, M9W 4L6, Canada|GSK Investigational Site, Woodstock, Ontario, N4S 4G3, Canada|GSK Investigational Site, Bonaventure, Quebec, G0C 1E0, Canada|GSK Investigational Site, Gatineau, Quebec, J8Y 6S8, Canada|GSK Investigational Site, Granby, Quebec, J2G 8Z9, Canada|GSK Investigational Site, Montreal, Quebec, H2K 4L5, Canada|GSK Investigational Site, Plessisville, Quebec, G6L 3J1, Canada|GSK Investigational Site, Pointe-Claire, Quebec, H9R 4S3, Canada|GSK Investigational Site, Saint-Marc-des-Carrieres, Quebec, G0A 4B0, Canada|GSK Investigational Site, Sainte-Foy, Quebec, G1V 1V6, Canada|GSK Investigational Site, Sainte-Foy, Quebec, G1V 4G2, Canada|GSK Investigational Site, Sherbrooke, Quebec, J1H 4J6, Canada|GSK Investigational Site, Saskatoon, Saskatchewan, S7K 7H9, Canada|GSK Investigational Site, Guadalajara, Jalisco, 44340, Mexico|GSK Investigational Site, Cuernavaca, Morelos, 62420, Mexico|GSK Investigational Site, Monterrey, Nuevo León, 64570, Mexico|GSK Investigational Site, México, 14080, Mexico|GSK Investigational Site, Manila, 1008, Philippines|GSK Investigational Site, Quezon City, 1100, Philippines|GSK Investigational Site, Quezon City, 1113, Philippines|GSK Investigational Site, Carolina, 00983, Puerto Rico",True,False,2005.0,2006.0,True,False
NCT02689362,Evogliptin in Type 2 Diabetes Mellitus (EVOLUTION: EVOgLiptina no Diabetes Mellitus TIpO 2),COMPLETED,"Diabetes Mellitus, Type 2",Eurofarma Laboratorios S.A.,ALL,"ADULT, OLDER_ADULT",PHASE2,146.0,INDUSTRY,INTERVENTIONAL,2017-08-08,2018-08-09,"Centro de Estudos em Diabetes e Hipertensão, Fortaleza, Ceará, Brazil|Hospital Universitário João de Barros Barreto - HUJBB, Belém, Pará, Brazil|CCBR Brasil Centro de Pesquisas e Analises Clinicas Ltda, Rio de Janeiro, Brazil|Centro de Pesquisa Clínica em Diabetes - UNIFESP, São Paulo, Brazil|CEPIC - Centro Paulista de Investigação Clínica, São Paulo, Brazil|Clinica de Endocrinologia e Metabologia LTDA, São Paulo, Brazil|CPCLIN - Centro de Pesquisas Clinicas LTDA, São Paulo, Brazil|HCFMUSP, São Paulo, Brazil|IMA - Instituto de Pesquisa Clínica e Medicina Avançada Ltda, São Paulo, Brazil|IPEC - Instituto de Pesquisa Clínica Ltda, São Paulo, Brazil",True,False,2017.0,2018.0,True,False
NCT06445335,Prevalence of NAFLD in T2DM Patients,ACTIVE_NOT_RECRUITING,"NAFLD|T2D|Type 2 Diabetes|Fatty Liver, Nonalcoholic",Ziekenhuis Oost-Limburg,ALL,"ADULT, OLDER_ADULT",,385.0,OTHER,INTERVENTIONAL,2019-03-01,2026-11-01,"Ziekenhuis Oost-Limburg, Genk, Limburg, 3600, Belgium",True,False,2019.0,2026.0,True,False
NCT05759897,A 16 Week Study of HRS-7535 in Adults With Type 2 Diabetes Mellitus,UNKNOWN,Type 2 Diabetes,"Shandong Suncadia Medicine Co., Ltd.",ALL,"ADULT, OLDER_ADULT",PHASE2,180.0,INDUSTRY,INTERVENTIONAL,2023-02-28,2024-01-04,,True,False,2023.0,2024.0,True,False
NCT07357740,A Research Study to Compare Two Different Versions of Injectable CagriSema in People With Type 2 Diabetes,WITHDRAWN,"Diabetes Mellitus, Type 2",Novo Nordisk A/S,ALL,ADULT,PHASE2,0.0,INDUSTRY,INTERVENTIONAL,2026-08-27,2027-10-13,"Arkansas Clinical Research, Little Rock, Arkansas, 72205, United States|Paradigm Clinical Research, San Diego, California, 92108, United States|Encompass Clinical Research_Spring Valley, Spring Valley, California, 91978, United States|Diablo Clinical Research, Inc., Walnut Creek, California, 94598, United States|Future Medical Research, Longwood, Florida, 32750, United States|New Horizon Research Center, Miami, Florida, 33165, United States|Clinical Site Partners Kendall Flourish Research, Miami, Florida, 33186, United States|West Orange Endocrinology, Ocoee, Florida, 34761, United States|Center for Diab,Obes & Metab, Pembroke Pines, Florida, 33024, United States|American Research Centers of Florida, Pembroke Pines, Florida, 33027, United States|Hope Clin Res & Wellness, Conyers, Georgia, 30094, United States|Elevate Clinical Research, Gurnee, Illinois, 60031, United States|Accellacare of Duly Oak Lawn, Oak Lawn, Illinois, 60453, United States|KDCILM, LLC & Accellacare US, Inc., Wilmington, North Carolina, 28401, United States|Advanced Medical Research - Maumee, Maumee, Ohio, 43537, United States|Clinical Res Collaborative, Cumberland, Rhode Island, 02864, United States|Clinical Research Associates, Nashville, Tennessee, 37203, United States|The Endocrine Center, Houston, Texas, 77079, United States|Radiance Clinical Research, Lampasas, Texas, 76550, United States|Quality Research Inc, San Antonio, Texas, 78209, United States|Medrasa Clinical Research, Sherman, Texas, 75092, United States|Sanos Clinic - Vejle, Vejle, Region Syddanmark, 7100, Denmark|Sanos Clinic - Gandrup, Gandrup, 9362, Denmark|Sanos Clinic - Herlev, Herlev, 2730, Denmark|Regionshospitalet Viborg - Karkirurgisk Afsnit, Viborg, 8800, Denmark|Athens Medical Center S.A. (Iatriko Psychicou) - Department of Internal Medicine & Metabolic Diseases, Athens, 11525, Greece|General Hospital Of Thessaloniki Papageorgiou - 3rd Department of Internal Medicine, Efkarpia, 564 29, Greece|General University Hospital Of Patras - Endocrinology Department, Pátrai, 265 04, Greece|Ippokratio General Hospital Of Thessaloniki - 2nd Propaedeutic Department of Internal Medicine, Thessaloniki, 546 42, Greece|Geniko Nosokomeio Thessalonikis George Papanikolaou - Internal Medicine and Diabetes Department, Thessaloniki, 570 10, Greece|Thermi Clinic S.A. - Diabetes and Internal Medicine Department, Thessaloniki, 57001, Greece|Hospital Tengku Ampuan Afzan, Kuantan, Pahang, 25100, Malaysia|Hospital Miri, Miri, Sarawak, 98000, Malaysia|Hospital Kuala Lumpur, Kuala Lumpur, 50586, Malaysia|Hospital Melaka, Malacca, 75400, Malaysia|Hospital Seberang Jaya, Pulau Pinang, 13700, Malaysia|CHC Zvezdara, Clinical department for endocrinology, Belgrade, 11000, Serbia|Endocrinology, Diabetes and Metabolism Diseases Clinic, Belgrade, 11000, Serbia|Clinical Centre Kragujevac, Internal Diseases Clinic, Endocrinology department, Kragujevac, 34000, Serbia|University Clinical Centre Nis, Niš, 18 000, Serbia|Diakom, spol. s r.o., Poprad, 05801, Slovakia|MED-DIA CENTRUM s.r.o., Považská Bystrica, 01701, Slovakia|DIALIPID, s.r.o., Prešov, 080 01, Slovakia|iDia s. r. o., Žiar nad Hronom, 965 01, Slovakia|MEDIVASA, s.r.o., Diabetologicka ambulancia, Žilina, 010 01, Slovakia|Centro Periferico De Especialidades Bola Azul, Almería, 04009, Spain|EBA Vallcarca SLP, Barcelona, 08023, Spain|CAPSBE_CAP Ernest LLuch, Barcelona, 08028, Spain|Hospital Vall d'Hebron, Barcelona, 08035, Spain|Centro de Salud Cabra Matrona Antonia Mesa, Cabra, 14940, Spain|CAP Alhambra, L'Hospitalet de Llobregat, 08920, Spain|Althaia Xarxa Assistencial Universitaria De Manresa Fundacio Privada, Manresa, 08243, Spain|Centro de Salud Monzón Urbano, Monzón, 22400, Spain|Centro de Salud Pola de Siero, Pola de Siero, 33510, Spain|Centro de Salud San Juan de la Cruz, Pozuelo de Alarcón, 28223, Spain|Clínica Nuevas Tecnologías en Diabetes y Endocrinología, Seville, 41003, Spain|Phramongkutklao Hospital, Bangkok, 10400, Thailand|Siriraj Hospital, Bangkok, 10700, Thailand|RIHES-CMU_Research Institute for Health Sciences, Chiang Mai, 50200, Thailand|Thammasat Hospital_CRC, Pathum Thani, 12120, Thailand|Songklanagarind Hospital, Songkhla, 90110, Thailand",False,False,2026.0,2027.0,True,True
NCT05158244,Study of Multiple Oral Doses of PF-07081532 in Adult Participants With Type 2 Diabetes Mellitus,COMPLETED,Type 2 Diabetes Mellitus,Pfizer,ALL,"ADULT, OLDER_ADULT",PHASE1,34.0,INDUSTRY,INTERVENTIONAL,2021-12-22,2022-06-15,"Qps-Mra, Llc, South Miami, Florida, 33143, United States",True,False,2021.0,2022.0,True,False
NCT05491252,A Randomized Controlled Trial of Patient-Centered Self-Management Intervention in Adults With Type 2 Diabetes Mellitus,COMPLETED,Type 2 Diabetes,Shifa Tameer-e-Millat University,ALL,"ADULT, OLDER_ADULT",,612.0,OTHER,INTERVENTIONAL,2022-04-21,2023-02-17,"District Head Quarter (DHQ) Hospital, Faisalabad, Punjab Province, 38000, Pakistan|Allied Hospital, Faisalābad, Punjab Province, 38000, Pakistan|Government General Hospital, Faisalābad, Punjab Province, 38000, Pakistan|Punjab Social Security Hospital, Faisalābad, Punjab Province, 38000, Pakistan",True,False,2022.0,2023.0,True,False
NCT04622722,Efficacy and Safety of Diabetes-specific Formula in Patients With Type 2 Diabetes Mellitus,COMPLETED,"Diabetes Mellitus, Type 2",Société des Produits Nestlé (SPN),ALL,"ADULT, OLDER_ADULT",,30.0,INDUSTRY,INTERVENTIONAL,2018-08-22,2020-05-16,"Division of Nutrition & Biochemical Medicine, Department of Medicine, Bangkok, 10400, Thailand",True,False,2018.0,2020.0,True,False
NCT02801448,Clinical Trial With Broccoli Sprout Extract to Patients With Type 2 Diabetes,COMPLETED,"Diabetes Mellitus, Non-Insulin-Dependent","Anders Rosengren, MD PhD",ALL,"ADULT, OLDER_ADULT",PHASE2,103.0,OTHER,INTERVENTIONAL,2015-09,2020-06,,True,False,2015.0,2020.0,True,False
NCT06169982,A Multiple Dose Study of LY3209590 in Participants With Type 2 Diabetes,COMPLETED,"Diabetes Mellitus, Type 2",Eli Lilly and Company,ALL,"ADULT, OLDER_ADULT",PHASE1,56.0,INDUSTRY,INTERVENTIONAL,2023-12-07,2024-07-18,"Profil Institut für Stoffwechselforschung, Neuss, North Rhine-Westphalia, 41460, Germany",True,False,2023.0,2024.0,True,False
NCT07311551,"A Comparison of Effectiveness, Safety, and Cost-effectiveness of Dapagliflozin and Empagliflozin in Patients With Type 2 Diabetes Mellitus and High Body Mass Index (BMI)",NOT_YET_RECRUITING,Type 2 Diabetes,"Bhavya Bhavya, MD",ALL,"ADULT, OLDER_ADULT",PHASE4,112.0,OTHER,INTERVENTIONAL,2025-12-24,2026-12,,True,False,2025.0,2026.0,True,False
NCT05860413,Intermittent Fasting for the Treatment of Type 2 Diabetes Mellitus,COMPLETED,Type 2 Diabetes,University of Kansas Medical Center,ALL,"ADULT, OLDER_ADULT",,57.0,OTHER,INTERVENTIONAL,2023-01-24,2025-05-20,"University of Kansas Medical Center, Kansas City, Kansas, 66160, United States",True,False,2023.0,2025.0,True,False
NCT04887077,Digital Intervention Promoting Physical Activity Among Obese People (DIPPAO),COMPLETED,Obesity|Diabete Type 2,"University Hospital, Clermont-Ferrand",ALL,"ADULT, OLDER_ADULT",,56.0,OTHER,INTERVENTIONAL,2021-06-10,2023-10-15,"CHU de Clermont-Ferrand, Clermont-Ferrand, 63000, France",True,False,2021.0,2023.0,True,False
NCT06647888,Evaluation of Enavogliflozin's Efficacy and Safety in Type II Diabetes With Hypertension or Dyslipidemia,RECRUITING,"Diabetes Mellitus, Type 2",Daewoong Pharmaceutical Co. LTD.,ALL,"ADULT, OLDER_ADULT",,12000.0,INDUSTRY,OBSERVATIONAL,2024-12-03,2026-06-30,"Happy Yonsei Family Medicine Clinic, Seoul, 12254, South Korea",True,False,2024.0,2026.0,True,False
NCT04348565,Diabetes Care Programme for Type 2 Diabetes Mellitus in Primary Care Setting,UNKNOWN,"Diabetes Mellitus, Type 2",Chinese University of Hong Kong,ALL,"ADULT, OLDER_ADULT",,152.0,OTHER,INTERVENTIONAL,2019-11-01,2021-03-31,"Clinics of private general practitioners, Hong Kong, Hong Kong SAR, Hong Kong, Hong Kong",True,False,2019.0,2021.0,True,False
NCT05416580,Efficacy of Ursodeoxycholic Acid (UDCA) in Patients With Type 2 Diabetes,UNKNOWN,"Diabetes Mellitus, Type 2",University of Banja Luka,ALL,"ADULT, OLDER_ADULT",PHASE3,60.0,OTHER,INTERVENTIONAL,2022-09-12,2024-04,"Public Health Institution Dom zdravlja Banja Luka, Banja Luka, Republika Srpska, 78000, Bosnia and Herzegovina",True,False,2022.0,2024.0,True,False
NCT07472855,Feasibility and Preliminary Efficacy of a Theory-driven BALANCE Dietary Program Among Patients With Type 2 Diabetes,COMPLETED,Type 2 Diabetes Mellitus,Capital Medical University,ALL,"CHILD, ADULT, OLDER_ADULT",,30.0,OTHER,INTERVENTIONAL,2025-06-01,2025-12-01,"Beijing Luhe Hospital, Capital Medical University, Beijing, China",True,True,2025.0,2025.0,True,False
NCT02879409,HbA1c Variability in Type II Diabetes,ACTIVE_NOT_RECRUITING,Diabetes Mellitus Type 2,Weill Cornell Medical College in Qatar,ALL,"ADULT, OLDER_ADULT",,150.0,OTHER,INTERVENTIONAL,2016-11,2026-10-01,"Hamad Medical Corporation, Doha, Qatar, 3050, Qatar",True,False,2016.0,2026.0,True,False
NCT05585502,Impact of Muscle and Tendon Dysfunction in People With Type 2 Diabetes Mellitus,COMPLETED,Type 2 Diabetes Mellitus,Universita di Verona,ALL,"ADULT, OLDER_ADULT",,46.0,OTHER,INTERVENTIONAL,2022-12-10,2024-04-30,"Sezione di Scienze Motorie, Verona, Italy, 37131, Italy",True,False,2022.0,2024.0,True,False
NCT04124484,DBPR108 Tablets in Type 2 Diabetes Mellitus Patients,COMPLETED,Type 2 Diabetes Mellitus,"CSPC ZhongQi Pharmaceutical Technology Co., Ltd.",ALL,"ADULT, OLDER_ADULT",PHASE2,276.0,INDUSTRY,INTERVENTIONAL,2017-10-17,2019-06-28,"First Hospital of Peking Unversity, Beijing, Beijing Municipality, China",True,False,2017.0,2019.0,True,False
NCT06104358,"Ph 2a Study of HU6 on Energy Metabolism, Muscle and Liver Substrate Metabolism, and Mitochondrial Function in Subjects Who Are Overweight or Obese With Type 2 Diabetes",WITHDRAWN,Diabete Type 2|Obesity,"Rivus Pharmaceuticals, Inc.",ALL,"ADULT, OLDER_ADULT",PHASE2,0.0,INDUSTRY,INTERVENTIONAL,2023-11-17,2025-03,"AdventHealth Translational Research Institute, Orlando, Florida, 32804, United States",True,False,2023.0,2025.0,True,True
NCT04088851,"""Hepatic Substrate Flux Rates in Type 2 Diabetes""",ACTIVE_NOT_RECRUITING,Type 2 Diabetes,German Diabetes Center,ALL,"ADULT, OLDER_ADULT",,23.0,OTHER,INTERVENTIONAL,2019-09-11,2025-12-31,"German Diabetes Center, Düsseldorf, North Rhine-Westphalia, 40225, Germany",True,False,2019.0,2025.0,True,False
NCT05399134,Glycemic Evaluation of Novel Staple Foods,COMPLETED,Diabete Type 2|Diabetes Mellitus,National University of Singapore,ALL,"ADULT, OLDER_ADULT",,20.0,OTHER,INTERVENTIONAL,2021-01-01,2023-05-19,"National University of Singapore, Singapore, Singapore, 118177, Singapore",True,False,2021.0,2023.0,True,False
NCT04882293,Efficacy and Safety of the Fixed-dose Combination Atorvastatin/Fenofibrate vs Atorvastatin in Patients With T2D and DLP.,UNKNOWN,Dyslipidemia Associated With Type II Diabetes Mellitus,Laboratorios Silanes S.A. de C.V.,ALL,"ADULT, OLDER_ADULT",PHASE3,78.0,INDUSTRY,INTERVENTIONAL,2022-02-15,2022-05,"Laboratorio Silanes, S.A. de C.V., Mexico City, 11000, Mexico",True,False,2022.0,2022.0,True,False
NCT06982846,A Study to Investigate the Response of Participants With Type 2 Diabetes Mellitus on Once-Weekly Retatrutide to Hypoglycemia,COMPLETED,Type 2 Diabetes Mellitus,Eli Lilly and Company,ALL,"ADULT, OLDER_ADULT",PHASE1,80.0,INDUSTRY,INTERVENTIONAL,2025-06-06,2026-05-04,"Medizinische Universität Graz, Graz, 8010, Austria",True,False,2025.0,2026.0,True,False
NCT07121114,CAPTIVATE India - A Study to Assess the Prevalence of Cardiovascular Disease (CVD) in Individuals With Type 2 Diabetes Mellitus (T2DM) in India,COMPLETED,Type 2 Diabetes Mellitus,Novo Nordisk A/S,ALL,"ADULT, OLDER_ADULT",,1500.0,INDUSTRY,OBSERVATIONAL,2025-04-09,2025-07-09,"Novo Nordisk Investigational Site, Bangalore, Karnataka, 560045, India",True,False,2025.0,2025.0,True,False
NCT05138432,More Fresh Fruit and Vegetable Prescription Program for Families With Type 2 Diabetes Mellitus,RECRUITING,Type 2 Diabetes,"University of California, San Diego",ALL,"CHILD, ADULT",,200.0,OTHER,INTERVENTIONAL,2021-11-29,2026-06-30,"Rady Children's Hospital San Diego, San Diego, California, 92123, United States",False,True,2021.0,2026.0,True,False
NCT07598266,Evaluation of a Structured Nutrition Educational Program Among Patients With Type 2 Diabetes,NOT_YET_RECRUITING,Type 2 Diabetes,Cho Ray Hospital,ALL,"CHILD, ADULT, OLDER_ADULT",,253.0,OTHER,INTERVENTIONAL,2026-06-01,2027-04-30,"Cho Ray Hospital, Ho Chi Minh City, 700000, Vietnam",True,True,2026.0,2027.0,True,False
NCT02685345,A Study of DS-8500a in Japanese Subjects With Type 2 Diabetes Mellitus Receiving Sitagliptin,COMPLETED,Type 2 Diabetes Mellitus,"Daiichi Sankyo Co., Ltd.",ALL,"ADULT, OLDER_ADULT",PHASE2,85.0,INDUSTRY,INTERVENTIONAL,2016-01,2016-10,"Yodogawaku, Osaka, 565-0853, Japan",True,False,2016.0,2016.0,True,False
NCT03181737,Psychological Online-training to Optimize Adherence in Patients With Type-II Diabetes,TERMINATED,Diabetes Mellitus Type 2,Philipps University Marburg,ALL,"ADULT, OLDER_ADULT",,120.0,OTHER,INTERVENTIONAL,2017-08-03,2021-08-01,"Department of Psychology, Philipps University Marburg, Marburg, Hesse, 35032, Germany",True,False,2017.0,2021.0,True,False
NCT06362265,A Study to Evaluate Pharmacokinetics of LY3209590 in Pediatric Participants With Type 2 Diabetes Mellitus,COMPLETED,Type 2 Diabetes Mellitus,Eli Lilly and Company,ALL,CHILD,PHASE1,15.0,INDUSTRY,INTERVENTIONAL,2024-10-10,2026-01-02,"Children's Hospital Los Angeles, Los Angeles, California, 90027, United States|Children's Healthcare of Atlanta - Center for Advanced Pediatrics, Atlanta, Georgia, 30329, United States|Centricity Research Columbus Endocrinology, Columbus, Georgia, 31904, United States|Johns Hopkins Hospital, Baltimore, Maryland, 21287, United States|Joslin Diabetes Center, Boston, Massachusetts, 02215, United States|UBMD Pediatrics, Buffalo, New York, 14203, United States|NYU Langone, New York, New York, 10016, United States|Cincinnati Children's Hospital Medical Center, Cincinnati, Ohio, 45229-3039, United States|Children's Hospital of Philadelphia, Philadelphia, Pennsylvania, 19104, United States|Lifedoc Research - Lenox Park Drive, Memphis, Tennessee, 38115, United States",False,True,2024.0,2026.0,True,False
NCT06256523,A Study of GZR18 Injection in Chinese Adult Patients With Type 2 Diabetes Mellitus (T2DM),COMPLETED,Type 2 Diabetes,"Gan and Lee Pharmaceuticals, USA",ALL,"ADULT, OLDER_ADULT",PHASE1|PHASE2,72.0,INDUSTRY,INTERVENTIONAL,2022-06-29,2023-09-28,"Gan & Lee Pharmaceuticals Co., Ltd, Beijing, China",True,False,2022.0,2023.0,True,False
NCT06850129,Efficacy of a Digital Educational Intervention in Patients With Type 2 Diabetes Mellitus,COMPLETED,Diabetes Mellitus Type 2,HOSPITAL VITHAS SEVILLA,ALL,"ADULT, OLDER_ADULT",,85.0,NETWORK,INTERVENTIONAL,2020-10-26,2023-10-26,"Hospital Vithas Sevilla, Seville, Castilleja de LA Cuesta, 41950, Spain|Fundacion Vithas, Valencia, Spain",True,False,2020.0,2023.0,True,False
NCT06513468,The Value of Adding Group Education (DESMOND Method) to the Standard Primary Care Education Practices in Changing Glycemic Control and Self-care Practices in Adults With Type II Diabetes Mellitus: A Randomized Controlled Intervention Study.,UNKNOWN,"Diabetes Mellitus, Type 2","Primary Health Care Corporation, Qatar",ALL,"ADULT, OLDER_ADULT",,150.0,OTHER_GOV,INTERVENTIONAL,2024-10,2025-10,"Primary Health Care Corporation, Doha, 26555, Qatar",True,False,2024.0,2025.0,True,False
NCT06229847,Mindful Eating and Current Glycemic Control in Patients With Type 2 Diabetes,COMPLETED,Type 2 Diabetes,Goztepe Prof Dr Suleyman Yalcın City Hospital,ALL,"ADULT, OLDER_ADULT",,448.0,OTHER,OBSERVATIONAL,2019-07-01,2019-12-30,"Istanbul Medeniyet University Goztepe Research and TRaining Hospital, Istanbul, Turkey (Türkiye)",True,False,2019.0,2019.0,True,False
NCT06805786,Effect of Switching From Intermittently Scanned to Real-time Continuous Glucose Monitoring on Diabetes Management in Adults With Type 2 Diabetes (Switch CGM T2D),RECRUITING,Type 2 Diabetes,LMC Diabetes & Endocrinology Ltd.,ALL,"ADULT, OLDER_ADULT",,150.0,OTHER,OBSERVATIONAL,2025-02-11,2026-07,"LMC Diabetes & Endocrinology Ltd., Toronto, Ontario, M4G 3E8, Canada",True,False,2025.0,2026.0,True,False
NCT03176056,The Effectiveness of Low Carbohydrate Diet in Reducing Polypharmacy for Patients With Type 2 Diabetes Mellitus,COMPLETED,Type 2 Diabetes Mellitus,National Taiwan University Hospital,ALL,"ADULT, OLDER_ADULT",,92.0,OTHER,INTERVENTIONAL,2016-02-02,2018-01-28,,True,False,2016.0,2018.0,True,False
NCT07005986,Role of Circulating Pyrophosphate as a Biomarker of Mediacalcinosis in Type 2 Diabetic Patients,RECRUITING,Type 2 Diabetes|Type 2 Diabetes Patients,Centre Hospitalier Universitaire de Nice,MALE,"ADULT, OLDER_ADULT",,20.0,OTHER,INTERVENTIONAL,2025-06-18,2026-07-18,"CHU de Nice, Nice, France, 06000, France",True,False,2025.0,2026.0,True,False
NCT07374328,Triple Hypoglycemic Regimens In Patients With Newly Diagnosed Type 2 Diabetes Mellitus,RECRUITING,Type 2 Diabetes,Second Affiliated Hospital of Guangzhou Medical University,ALL,"ADULT, OLDER_ADULT",PHASE1|PHASE2,240.0,OTHER,INTERVENTIONAL,2025-06-01,2026-08-31,"The Second Affiliated Hospital, Guangzhou Medical University, Guangzhou, Guangdong, 510260, China",True,False,2025.0,2026.0,True,False
NCT07322757,Outcomes-Based Health Program for Type 2 Diabetes,RECRUITING,Type 2 Diabetes,Kuopio University Hospital,ALL,"ADULT, OLDER_ADULT",,200.0,OTHER,INTERVENTIONAL,2025-04-10,2027-12,"Wellbeing services county of North Savo, Nursing and Physician Services, Kuopio, Northern Savonia, Finland",True,False,2025.0,2027.0,True,False
NCT02647320,12-Week Study of DS-8500a in Subjects With Type 2 Diabetes Mellitus on Metformin,COMPLETED,Type 2 Diabetes Mellitus,Daiichi Sankyo,ALL,"ADULT, OLDER_ADULT",PHASE2,298.0,INDUSTRY,INTERVENTIONAL,2016-01,2017-01-31,"Birmingham, Alabama, 35216, United States|Litchfield Park, Arizona, 85340, United States|Tempe, Arizona, 85282, United States|Anaheim, California, 92801, United States|Chino, California, 91710, United States|Chula Vista, California, 91911, United States|Fresno, California, 93720, United States|Gold River, California, 95670, United States|Greenbrae, California, 94904, United States|San Diego, California, 92103, United States|Colorado Springs, Colorado, 80920, United States|Lakewood, Colorado, 80227, United States|Hallandale, Florida, 33009, United States|Miami, Florida, 33126, United States|Miami, Florida, 33135, United States|Pembroke Pines, Florida, 33026, United States|West Palm Beach, Florida, 33409, United States|Atlanta, Georgia, 30331, United States|Boise, Idaho, 83704, United States|Avon, Indiana, 46123, United States|Evansville, Indiana, 47725, United States|Franklin, Indiana, 46131, United States|Greenfield, Indiana, 46140, United States|Council Bluffs, Iowa, 51503, United States|Troy, Michigan, 48098, United States|Edina, Minnesota, 55435, United States|Washington, Missouri, 63090, United States|Omaha, Nebraska, 68114, United States|Mooresville, North Carolina, 28117, United States|Morgantown, North Carolina, 28655, United States|Winston-Salem, North Carolina, 27103, United States|Columbus, Ohio, 43213, United States|Medford, Oregon, 97504, United States|Charleston, South Carolina, 29407, United States|Charleston, South Carolina, 29425, United States|Greer, South Carolina, 29651, United States|Mt. Pleasant, South Carolina, 29464, United States|Spartanburg, South Carolina, 29303, United States|Austin, Texas, 78705, United States|Dallas, Texas, 75231, United States|Houston, Texas, 77036, United States|Plano, Texas, 75024, United States|San Antonio, Texas, 78228, United States|San Antonio, Texas, 78229, United States|Salt Lake City, Utah, 84102, United States|Salt Lake City, Utah, 84121, United States|South Jordan, Utah, 84095, United States|Burke, Virginia, 22015, United States|Victoria, British Columbia, V8V 4A1, Canada|Brampton, Ontario, L6T 0G1, Canada|London, Ontario, N5W 6A2, Canada|Newmarket, Ontario, L3Y 5GB, Canada|Toronto, Ontario, M9V 4B4, Canada|Toronto, Ontario, M9W 4L6, Canada|Mirabel, Quebec, J7J 2K8, Canada|Montreal, Quebec, H4N 2W2, Canada|Québec, Quebec, G1W 4R4, Canada|Sherbrooke, Quebec, J1H 1Z1, Canada",True,False,2016.0,2017.0,True,False
NCT06010992,Nitazoxanide as Adjuvant Therapy in Type 2 Diabetes Mellitus,UNKNOWN,"Diabetes Mellitus, Type 2",Tanta University,ALL,"ADULT, OLDER_ADULT",PHASE2,70.0,OTHER,INTERVENTIONAL,2023-10-01,2025-01-01,"Faculty of medicine, Tanta University, Tanta, El-Gharbia, 31527, Egypt|Faculty of Medicine, Menoufia University, Shibīn al Kawm, Menoufia, 32511, Egypt",True,False,2023.0,2025.0,True,False
NCT05596747,A Study of LY3209590 in Chinese Participants With Type 2 Diabetes Mellitus,COMPLETED,"Diabetes Mellitus, Type 2",Eli Lilly and Company,ALL,"ADULT, OLDER_ADULT",PHASE1,31.0,INDUSTRY,INTERVENTIONAL,2022-11-30,2023-10-10,"Tianjin Medical University General Hospital, Tianjin, Tianjin Municipality, 300052, China",True,False,2022.0,2023.0,True,False
NCT06902077,A Low-Carb Approach to Treat Type 2 Diabetes in Pediatric Patients,RECRUITING,Type 2 Diabetes,University of Alabama at Birmingham,ALL,"CHILD, ADULT",,40.0,OTHER,INTERVENTIONAL,2025-11-25,2027-12-31,"University of Alabama at Birmingham/ Children's of Alabama, Birmingham, Alabama, 35233, United States",False,True,2025.0,2027.0,True,False
NCT07113444,"Acute Effect of Tai Chi Versus Moderate-Intensity Combined Exercise on Cardiovascular, Metabolic, and Cardiac Autonomic Control Parameters in Older Men and Women With Type 2 Diabetes Mellitus",NOT_YET_RECRUITING,Type 2 Diabetes,Universidade Estadual Paulista Júlio de Mesquita Filho,ALL,OLDER_ADULT,,24.0,OTHER,INTERVENTIONAL,2025-08-20,2025-11-20,,True,False,2025.0,2025.0,True,False
NCT05885828,The PRECISION-T2D Study: Precision Nutrition Study for Type 2 Diabetes,RECRUITING,Type 2 Diabetes,Westlake University,ALL,"ADULT, OLDER_ADULT",,200.0,OTHER,INTERVENTIONAL,2023-07-17,2033-12-01,"Westlake University, Hangzhou, Zhejiang, 310030, China|Hangzhou Third People's Hospital, Hangzhou, Zhejiang, 310058, China",True,False,2023.0,2033.0,True,False
NCT06728501,Diabetes Education for Patients With Type 2 Diabetes in Turkmenistan,COMPLETED,"Diabetes Mellitus, Type 2",Ludwig-Maximilians - University of Munich,ALL,"ADULT, OLDER_ADULT",,114.0,OTHER,INTERVENTIONAL,2022-02-01,2022-07-31,"International Center of Surgery and Endocrinology, Ashgabat, Turkmenistan, Ashgabat, Turkmenistan",True,False,2022.0,2022.0,True,False
NCT06517602,Effect of Moringa Oleifera Leaves on Glycemic Control of Women With Type 2 Diabetes,COMPLETED,Type 2 Diabetes,University of Milan,FEMALE,"ADULT, OLDER_ADULT",,52.0,OTHER,INTERVENTIONAL,2019-11-07,2020-02-23,"Dispensaris of Edchedería, Bir Lehlu, Mahbes, and Farsia (Smara camp), Tindouf, Algeria",True,False,2019.0,2020.0,True,False
NCT01346046,Evaluation of SCOUT DS in Subjects With Type 2 Diabetes #2,COMPLETED,"Diabetes Mellitus, Non-Insulin Dependent","VeraLight, Inc.",ALL,"ADULT, OLDER_ADULT",,264.0,INDUSTRY,OBSERVATIONAL,2011-05,2011-08,"Albuquerque Convention Center, Albuquerque, New Mexico, 87102, United States",True,False,2011.0,2011.0,True,False
NCT05150041,The Efficacy of Guardian Connect to Modify Lifestyle in Patients With Type 2 Diabetes Mellitus,COMPLETED,"Diabetes Mellitus, Type 2",Kangbuk Samsung Hospital,ALL,"ADULT, OLDER_ADULT",,60.0,OTHER,INTERVENTIONAL,2020-04-07,2021-12-07,"Kangbuk Samsung hospital, Seoul, South Korea",True,False,2020.0,2021.0,True,False
NCT05878587,Burger Allen Exercises in Knee OA With Type II Diabetes,COMPLETED,Knee Osteoarthritis|Type II Diabetes,Riphah International University,ALL,"ADULT, OLDER_ADULT",,36.0,OTHER,INTERVENTIONAL,2023-03-31,2023-08-07,"Tehsil headquarter hospital, Barnala, Azad Kashmir, Pakistan",True,False,2023.0,2023.0,True,False
NCT05842993,Study of Hydrogen Inhalation Compared With Placebo in Type 2 Diabetes Patients,UNKNOWN,Type 2 Diabetes,Qingdao University,ALL,"ADULT, OLDER_ADULT",,96.0,OTHER,INTERVENTIONAL,2023-05-01,2023-10-10,"Qingdao Traditional Chinese Medicine Hospital, Qingdao, Shandong, 266000, China",True,False,2023.0,2023.0,True,False
NCT07057518,The Effect of Emotional Freedom Technique on Psychological Health and Well-being in People With Type 2 Diabetes.,RECRUITING,Type 2 Diabetes,Uşak University,ALL,"ADULT, OLDER_ADULT",,80.0,OTHER,INTERVENTIONAL,2025-05-06,2025-07,"Istanbul Medeniyet University, Istanbul, Turkey (Türkiye)",True,False,2025.0,2025.0,True,False
NCT06494683,Efficacy and Safety of Pueraria Lobata Radix As an Adjuvant Treatment for Type 2 Diabetes Mellitus,UNKNOWN,Type 2 Diabetes Mellitus,Jiangxi University of Traditional Chinese Medicine,ALL,"ADULT, OLDER_ADULT",,200.0,OTHER,INTERVENTIONAL,2024-07-25,2025-12-30,"The First Affiliated Hospital of Nanchang University, Nanchang, Jiangxi, 330004, China|The Affiliated Hospital of Jiangxi University of Traditional Chinese Medicine, Nanchang, Jiangxi, 330006, China",True,False,2024.0,2025.0,True,False
NCT01197963,A Surgical Approach to the Management of Type II Diabetes Mellitus in Patients With a BMI Between 25-35 kg/m2,TERMINATED,Type 2 Diabetes Mellitus,"The University of Texas Health Science Center, Houston",ALL,ADULT,,3.0,OTHER,INTERVENTIONAL,2010-09,2014-02,"The University of Texas, Bellaire, Texas, 77494, United States",False,False,2010.0,2014.0,True,False
NCT00335712,Pilot Study of ONO-5129 in Patients With Type 2 Diabetes Mellitus,COMPLETED,Type 2 Diabetes Mellitus,Ono Pharma USA Inc,ALL,"ADULT, OLDER_ADULT",PHASE2,81.0,INDUSTRY,INTERVENTIONAL,2006-06,,"Kanto Region, Kanto, Japan|Kyusyu Region, Kyusyu, Japan",True,False,2006.0,,True,False
NCT07379333,A Study to Evaluate Efficacy and Safety of HM11260C in Patients With Type 2 Diabetes Mellitus Inadequately Controlled With Metformin and Dapagliflozin,RECRUITING,Type 2 Diabetes,Hanmi Pharmaceutical Company Limited,ALL,"ADULT, OLDER_ADULT",PHASE3,118.0,INDUSTRY,INTERVENTIONAL,2026-04-13,2028-01,"The Catholic University of Korea Bucheon St. Mary's Hospital, Gyeonggi-do, South Korea",True,False,2026.0,2028.0,True,False
NCT05477134,Arginine Metabolism in Youth With Type 2 Diabetes,COMPLETED,Type 2 Diabetes,Baylor College of Medicine,ALL,"CHILD, ADULT",,30.0,OTHER,INTERVENTIONAL,2023-02-06,2026-06-18,"Texas Children's Hospital / Baylor College of Medicine, Houston, Texas, 77030, United States",False,True,2023.0,2026.0,True,False
NCT06155539,A Study of Blood Metabolic Markers in Patients With Type 2 Diabetes Mellitus of Different Stages,UNKNOWN,"Diabetes Mellitus, Type 2",Peng Wu,ALL,"ADULT, OLDER_ADULT",,105.0,OTHER,OBSERVATIONAL,2024-01-01,2025-12-31,"Peng Wu, Jinan, Shandong, 250014, China",True,False,2024.0,2025.0,True,False
NCT05700513,"Dog-rose, Cranberry Leaves, Cranberry Berries, Alfalfa, Fenugreek, Lemon Beebrush, Urtica and Sumac in Diabetes Mellitus",UNKNOWN,Type 2 Diabetes,Tabriz University of Medical Sciences,ALL,"ADULT, OLDER_ADULT",PHASE1|PHASE2,60.0,OTHER,INTERVENTIONAL,2023-07-28,2025-02-28,"Imam Reza hospital and clinic of Salamat, Tabriz, AzarbayejaneShargi, 5166614766, Iran",True,False,2023.0,2025.0,True,False
NCT05957224,Differences in Postprandial Glucose Changes,UNKNOWN,"Diabetes Mellitus, Type II|Overweight or Obesity",The University of The West Indies,ALL,"ADULT, OLDER_ADULT",,25.0,OTHER,INTERVENTIONAL,2023-11-15,2024-11-15,,True,False,2023.0,2024.0,True,False
NCT01408095,A Study in Patients With Type 2 Diabetes,WITHDRAWN,"Diabetes Mellitus, Type 2",Eli Lilly and Company,ALL,"ADULT, OLDER_ADULT",PHASE2,240.0,INDUSTRY,INTERVENTIONAL,2011-09,2012-09,"For additional information regarding investigative sites for this trial, contact 1-877-CTLILLY (1-877-285-4559, 1-317-615-4559) Mon - Fri from 9 AM to 5 PM Eastern Time (UTC/GMT - 5 hours, EST), or speak with your personal physician., Anaheim, California, 92801, United States|For additional information regarding investigative sites for this trial, contact 1-877-CTLILLY (1-877-285-4559, 1-317-615-4559) Mon - Fri from 9 AM to 5 PM Eastern Time (UTC/GMT - 5 hours, EST), or speak with your personal physician., Lancaster, California, 93534, United States|For additional information regarding investigative sites for this trial, contact 1-877-CTLILLY (1-877-285-4559, 1-317-615-4559) Mon - Fri from 9 AM to 5 PM Eastern Time (UTC/GMT - 5 hours, EST), or speak with your personal physician., Spring Valley, California, 91978, United States|For additional information regarding investigative sites for this trial, contact 1-877-CTLILLY (1-877-285-4559, 1-317-615-4559) Mon - Fri from 9 AM to 5 PM Eastern Time (UTC/GMT - 5 hours, EST), or speak with your personal physician., Hollywood, Florida, 33021, United States|For additional information regarding investigative sites for this trial, contact 1-877-CTLILLY (1-877-285-4559, 1-317-615-4559) Mon - Fri from 9 AM to 5 PM Eastern Time (UTC/GMT - 5 hours, EST), or speak with your personal physician., Jacksonville, Florida, 32216, United States|For additional information regarding investigative sites for this trial, contact 1-877-CTLILLY (1-877-285-4559, 1-317-615-4559) Mon - Fri from 9 AM to 5 PM Eastern Time (UTC/GMT - 5 hours, EST), or speak with your personal physician., West Palm Beach, Florida, 33401, United States|For additional information regarding investigative sites for this trial, contact 1-877-CTLILLY (1-877-285-4559, 1-317-615-4559) Mon - Fri from 9 AM to 5 PM Eastern Time (UTC/GMT - 5 hours, EST), or speak with your personal physician., Des Moines, Iowa, 50314, United States|For additional information regarding investigative sites for this trial, contact 1-877-CTLILLY (1-877-285-4559, 1-317-615-4559) Mon - Fri from 9 AM to 5 PM Eastern Time (UTC/GMT - 5 hours, EST), or speak with your personal physician., Topeka, Kansas, 66606, United States|For additional information regarding investigative sites for this trial, contact 1-877-CTLILLY (1-877-285-4559, 1-317-615-4559) Mon - Fri from 9 AM to 5 PM Eastern Time (UTC/GMT - 5 hours, EST), or speak with your personal physician., Metairie, Louisiana, 70006, United States|For additional information regarding investigative sites for this trial, contact 1-877-CTLILLY (1-877-285-4559, 1-317-615-4559) Mon - Fri from 9 AM to 5 PM Eastern Time (UTC/GMT - 5 hours, EST), or speak with your personal physician., Shreveport, Louisiana, 71101, United States|For additional information regarding investigative sites for this trial, contact 1-877-CTLILLY (1-877-285-4559, 1-317-615-4559) Mon - Fri from 9 AM to 5 PM Eastern Time (UTC/GMT - 5 hours, EST), or speak with your personal physician., Royal Oak, Michigan, 48073, United States|For additional information regarding investigative sites for this trial, contact 1-877-CTLILLY (1-877-285-4559, 1-317-615-4559) Mon - Fri from 9 AM to 5 PM Eastern Time (UTC/GMT - 5 hours, EST), or speak with your personal physician., St Louis, Missouri, 63141, United States|For additional information regarding investigative sites for this trial, contact 1-877-CTLILLY (1-877-285-4559, 1-317-615-4559) Mon - Fri from 9 AM to 5 PM Eastern Time (UTC/GMT - 5 hours, EST), or speak with your personal physician., Beachwood, Ohio, 44122, United States|For additional information regarding investigative sites for this trial, contact 1-877-CTLILLY (1-877-285-4559, 1-317-615-4559) Mon - Fri from 9 AM to 5 PM Eastern Time (UTC/GMT - 5 hours, EST), or speak with your personal physician., Perrysburg, Ohio, 43551, United States|For additional information regarding investigative sites for this trial, contact 1-877-CTLILLY (1-877-285-4559, 1-317-615-4559) Mon - Fri from 9 AM to 5 PM Eastern Time (UTC/GMT - 5 hours, EST), or speak with your personal physician., Dallas, Texas, 75230, United States|For additional information regarding investigative sites for this trial, contact 1-877-CTLILLY (1-877-285-4559, 1-317-615-4559) Mon - Fri from 9 AM to 5 PM Eastern Time (UTC/GMT - 5 hours, EST), or speak with your personal physician., Hurst, Texas, 76054, United States|For additional information regarding investigative sites for this trial, contact 1-877-CTLILLY (1-877-285-4559, 1-317-615-4559) Mon - Fri from 9 AM to 5 PM Eastern Time (UTC/GMT - 5 hours, EST), or speak with your personal physician., Plano, Texas, 75093, United States|For additional information regarding investigative sites for this trial, contact 1-877-CTLILLY (1-877-285-4559, 1-317-615-4559) Mon - Fri from 9 AM to 5 PM Eastern Time (UTC/GMT - 5 hours, EST), or speak with your personal physician., San Antonio, Texas, 78228, United States|For additional information regarding investigative sites for this trial, contact 1-877-CTLILLY (1-877-285-4559, 1-317-615-4559) Mon - Fri from 9 AM to 5 PM Eastern Time (UTC/GMT - 5 hours, EST), or speak with your personal physician., Graz, 8036, Austria|For additional information regarding investigative sites for this trial, contact 1-877-CTLILLY (1-877-285-4559, 1-317-615-4559) Mon - Fri from 9 AM to 5 PM Eastern Time (UTC/GMT - 5 hours, EST), or speak with your personal physician., Vienna, 1090, Austria|For additional information regarding investigative sites for this trial, contact 1-877-CTLILLY (1-877-285-4559, 1-317-615-4559) Mon - Fri from 9 AM to 5 PM Eastern Time (UTC/GMT - 5 hours, EST), or speak with your personal physician., Vorarlberg, 6800, Austria|For additional information regarding investigative sites for this trial, contact 1-877-CTLILLY (1-877-285-4559, 1-317-615-4559) Mon - Fri from 9 AM to 5 PM Eastern Time (UTC/GMT - 5 hours, EST), or speak with your personal physician., Prague, 140 59, Czechia|For additional information regarding investigative sites for this trial, contact 1-877-CTLILLY (1-877-285-4559, 1-317-615-4559) Mon - Fri from 9 AM to 5 PM Eastern Time (UTC/GMT - 5 hours, EST), or speak with your personal physician., Bad Mergentheim, 97980, Germany|For additional information regarding investigative sites for this trial, contact 1-877-CTLILLY (1-877-285-4559, 1-317-615-4559) Mon - Fri from 9 AM to 5 PM Eastern Time (UTC/GMT - 5 hours, EST), or speak with your personal physician., Bad Oeynhausen, 32545, Germany|For additional information regarding investigative sites for this trial, contact 1-877-CTLILLY (1-877-285-4559, 1-317-615-4559) Mon - Fri from 9 AM to 5 PM Eastern Time (UTC/GMT - 5 hours, EST), or speak with your personal physician., Berlin, 10787, Germany|For additional information regarding investigative sites for this trial, contact 1-877-CTLILLY (1-877-285-4559, 1-317-615-4559) Mon - Fri from 9 AM to 5 PM Eastern Time (UTC/GMT - 5 hours, EST), or speak with your personal physician., Giengen an der Brenz, 89537, Germany|For additional information regarding investigative sites for this trial, contact 1-877-CTLILLY (1-877-285-4559, 1-317-615-4559) Mon - Fri from 9 AM to 5 PM Eastern Time (UTC/GMT - 5 hours, EST), or speak with your personal physician., Mainz, 55116, Germany|For additional information regarding investigative sites for this trial, contact 1-877-CTLILLY (1-877-285-4559, 1-317-615-4559) Mon - Fri from 9 AM to 5 PM Eastern Time (UTC/GMT - 5 hours, EST), or speak with your personal physician., Münster, 48145, Germany|For additional information regarding investigative sites for this trial, contact 1-877-CTLILLY (1-877-285-4559, 1-317-615-4559) Mon - Fri from 9 AM to 5 PM Eastern Time (UTC/GMT - 5 hours, EST), or speak with your personal physician., Gdynia, 81-557, Poland|For additional information regarding investigative sites for this trial, contact 1-877-CTLILLY (1-877-285-4559, 1-317-615-4559) Mon - Fri from 9 AM to 5 PM Eastern Time (UTC/GMT - 5 hours, EST), or speak with your personal physician., Lodz, 90-242, Poland|For additional information regarding investigative sites for this trial, contact 1-877-CTLILLY (1-877-285-4559, 1-317-615-4559) Mon - Fri from 9 AM to 5 PM Eastern Time (UTC/GMT - 5 hours, EST), or speak with your personal physician., Chelyabinsk, 454047, Russia|For additional information regarding investigative sites for this trial, contact 1-877-CTLILLY (1-877-285-4559, 1-317-615-4559) Mon - Fri from 9 AM to 5 PM Eastern Time (UTC/GMT - 5 hours, EST), or speak with your personal physician., Moscow, 129110, Russia|For additional information regarding investigative sites for this trial, contact 1-877-CTLILLY (1-877-285-4559, 1-317-615-4559) Mon - Fri from 9 AM to 5 PM Eastern Time (UTC/GMT - 5 hours, EST), or speak with your personal physician., Saint Petersburg, 190000, Russia|For additional information regarding investigative sites for this trial, contact 1-877-CTLILLY (1-877-285-4559, 1-317-615-4559) Mon - Fri from 9 AM to 5 PM Eastern Time (UTC/GMT - 5 hours, EST), or speak with your personal physician., Alicante, 03114, Spain|For additional information regarding investigative sites for this trial, contact 1-877-CTLILLY (1-877-285-4559, 1-317-615-4559) Mon - Fri from 9 AM to 5 PM Eastern Time (UTC/GMT - 5 hours, EST), or speak with your personal physician., Alzira, 46600, Spain|For additional information regarding investigative sites for this trial, contact 1-877-CTLILLY (1-877-285-4559, 1-317-615-4559) Mon - Fri from 9 AM to 5 PM Eastern Time (UTC/GMT - 5 hours, EST), or speak with your personal physician., Barcelona, 08022, Spain|For additional information regarding investigative sites for this trial, contact 1-877-CTLILLY (1-877-285-4559, 1-317-615-4559) Mon - Fri from 9 AM to 5 PM Eastern Time (UTC/GMT - 5 hours, EST), or speak with your personal physician., Petrel, 03610, Spain|For additional information regarding investigative sites for this trial, contact 1-877-CTLILLY (1-877-285-4559, 1-317-615-4559) Mon - Fri from 9 AM to 5 PM Eastern Time (UTC/GMT - 5 hours, EST), or speak with your personal physician., Seville, 41014, Spain",True,False,2011.0,2012.0,True,False
NCT05599477,"The GATE Study: Endoscopic Sutured Gastroplasty in Type 2 Diabetic, Obese Patients Using the Endomina Device",UNKNOWN,Diabete Type 2|Obesity,Radboud University Medical Center,ALL,"ADULT, OLDER_ADULT",PHASE2,40.0,OTHER,INTERVENTIONAL,2022-12-01,2025-09-01,,True,False,2022.0,2025.0,True,False
NCT00871572,A Study for Participants With Type 2 Diabetes Mellitus,COMPLETED,"Diabetes Mellitus, Type 2",Eli Lilly and Company,ALL,"ADULT, OLDER_ADULT",PHASE2,87.0,INDUSTRY,INTERVENTIONAL,2009-03,2010-02,"For additional information regarding investigative sites for this trial, contact 1-877-CTLILLY (1-877-285-4559, 1-317-615-4559) Mon - Fri from 9 AM to 5 PM Eastern Time (UTC/GMT - 5 hours, EST), or speak with your personal physician., Buena Park, California, 90620, United States|For additional information regarding investigative sites for this trial, contact 1-877-CTLILLY (1-877-285-4559, 1-317-615-4559) Mon - Fri from 9 AM to 5 PM Eastern Time (UTC/GMT - 5 hours, EST), or speak with your personal physician., Huntington Park, California, 90255, United States|For additional information regarding investigative sites for this trial, contact 1-877-CTLILLY (1-877-285-4559, 1-317-615-4559) Mon - Fri from 9 AM to 5 PM Eastern Time (UTC/GMT - 5 hours, EST), or speak with your personal physician., Westlake Village, California, 91361, United States|For additional information regarding investigative sites for this trial, contact 1-877-CTLILLY (1-877-285-4559, 1-317-615-4559) Mon - Fri from 9 AM to 5 PM Eastern Time (UTC/GMT - 5 hours, EST), or speak with your personal physician., Fort Lauderdale, Florida, 33306, United States|For additional information regarding investigative sites for this trial, contact 1-877-CTLILLY (1-877-285-4559, 1-317-615-4559) Mon - Fri from 9 AM to 5 PM Eastern Time (UTC/GMT - 5 hours, EST), or speak with your personal physician., Jupiter, Florida, 33458, United States|For additional information regarding investigative sites for this trial, contact 1-877-CTLILLY (1-877-285-4559, 1-317-615-4559) Mon - Fri from 9 AM to 5 PM Eastern Time (UTC/GMT - 5 hours, EST), or speak with your personal physician., New Port Richey, Florida, 34652, United States|For additional information regarding investigative sites for this trial, contact 1-877-CTLILLY (1-877-285-4559, 1-317-615-4559) Mon - Fri from 9 AM to 5 PM Eastern Time (UTC/GMT - 5 hours, EST), or speak with your personal physician., Idaho Falls, Idaho, 83404, United States|For additional information regarding investigative sites for this trial, contact 1-877-CTLILLY (1-877-285-4559, 1-317-615-4559) Mon - Fri from 9 AM to 5 PM Eastern Time (UTC/GMT - 5 hours, EST), or speak with your personal physician., Topeka, Kansas, 66606, United States|For additional information regarding investigative sites for this trial, contact 1-877-CTLILLY (1-877-285-4559, 1-317-615-4559) Mon - Fri from 9 AM to 5 PM Eastern Time (UTC/GMT - 5 hours, EST), or speak with your personal physician., Madisonville, Kentucky, 42431, United States|For additional information regarding investigative sites for this trial, contact 1-877-CTLILLY (1-877-285-4559, 1-317-615-4559) Mon - Fri from 9 AM to 5 PM Eastern Time (UTC/GMT - 5 hours, EST), or speak with your personal physician., Las Vegas, Nevada, 89101, United States|For additional information regarding investigative sites for this trial, contact 1-877-CTLILLY (1-877-285-4559, 1-317-615-4559) Mon - Fri from 9 AM to 5 PM Eastern Time (UTC/GMT - 5 hours, EST), or speak with your personal physician., Rapid City, South Dakota, 57702, United States|For additional information regarding investigative sites for this trial, contact 1-877-CTLILLY (1-877-285-4559, 1-317-615-4559) Mon - Fri from 9 AM to 5 PM Eastern Time (UTC/GMT - 5 hours, EST), or speak with your personal physician., San Antonio, Texas, 78229, United States|For additional information regarding investigative sites for this trial, contact 1-877-CTLILLY (1-877-285-4559, 1-317-615-4559) Mon - Fri from 9 AM to 5 PM Eastern Time (UTC/GMT - 5 hours, EST), or speak with your personal physician., Norfolk, Virginia, 23502, United States|For additional information regarding investigative sites for this trial, contact 1-877-CTLILLY (1-877-285-4559, 1-317-615-4559) Mon - Fri from 9 AM to 5 PM Eastern Time (UTC/GMT - 5 hours, EST), or speak with your personal physician., Aschaffenburg, 63739, Germany|For additional information regarding investigative sites for this trial, contact 1-877-CTLILLY (1-877-285-4559, 1-317-615-4559) Mon - Fri from 9 AM to 5 PM Eastern Time (UTC/GMT - 5 hours, EST), or speak with your personal physician., Mainz, 55116, Germany|For additional information regarding investigative sites for this trial, contact 1-877-CTLILLY (1-877-285-4559, 1-317-615-4559) Mon - Fri from 9 AM to 5 PM Eastern Time (UTC/GMT - 5 hours, EST), or speak with your personal physician., München, 80336, Germany|For additional information regarding investigative sites for this trial, contact 1-877-CTLILLY (1-877-285-4559, 1-317-615-4559) Mon - Fri from 9 AM to 5 PM Eastern Time (UTC/GMT - 5 hours, EST), or speak with your personal physician., Saarlouis, 66740, Germany|For additional information regarding investigative sites for this trial, contact 1-877-CTLILLY (1-877-285-4559, 1-317-615-4559) Mon - Fri from 9 AM to 5 PM Eastern Time (UTC/GMT - 5 hours, EST), or speak with your personal physician., Kaunas, LT-51270, Lithuania|For additional information regarding investigative sites for this trial, contact 1-877-CTLILLY (1-877-285-4559, 1-317-615-4559) Mon - Fri from 9 AM to 5 PM Eastern Time (UTC/GMT - 5 hours, EST), or speak with your personal physician., Vilnius, LT-08661, Lithuania",True,False,2009.0,2010.0,True,False
NCT05762653,Morphological Pancreatic Features in Diabetes Mellitus Type 2,UNKNOWN,"Diabetes Mellitus, Type 2",Hospital Clinico Universitario de Santiago,ALL,"ADULT, OLDER_ADULT",,94.0,OTHER,OBSERVATIONAL,2022-02-03,2023-12-31,"Hospital Clinico Universitario de Santiago, Santiago de Compostela, A Coruña, 15706, Spain",True,False,2022.0,2023.0,True,False
NCT05383859,Diet and Physical Activity Program for Type 2 Diabetes Mellitus,COMPLETED,Type 2 Diabetes,University of Oviedo,ALL,"ADULT, OLDER_ADULT",,208.0,OTHER,INTERVENTIONAL,2022-05-01,2023-03-31,"University of Oviedo, Oviedo, Principality of Asturias, 33006, Spain",True,False,2022.0,2023.0,True,False
NCT05451147,A Comparative Study of the Effect of Ayurvedic Drugs and Metformin in the Management of Diabetes Mellitus (Type II),COMPLETED,"Diabetes Mellitus, Type 2",A & U Tibbia College Karol Bagh,ALL,ADULT,PHASE3,48.0,OTHER,INTERVENTIONAL,2018-09-03,2019-04-30,"A and U Tibbia College, Delhi, 110005, India",False,False,2018.0,2019.0,True,False
NCT04847219,Efficacy and Safety of Premixed Insulin Treatment in Patients With Type 2 Diabetes Mellitus,COMPLETED,Type 2 Diabetes,"Nanjing First Hospital, Nanjing Medical University",ALL,"ADULT, OLDER_ADULT",,239.0,OTHER,INTERVENTIONAL,2019-10-09,2021-04-30,"Nanjing First Hospital, Nanjing, Jiangsu, 210012, China",True,False,2019.0,2021.0,True,False
NCT04259489,Effectiveness of SCDM in Patients With Type 2 Diabetes,UNKNOWN,Type 2 Diabetes,Beijing Chao Yang Hospital,ALL,"ADULT, OLDER_ADULT",,210.0,OTHER,INTERVENTIONAL,2020-01-31,2022-12-31,"Beijing Chao-Yang Hospital, Capital Medical University, Beijing, Beijing Municipality, China",True,False,2020.0,2022.0,True,False
NCT05841225,the Relationship Between Executive Function and Diet Adherence in Patients With Type 2 Diabetes Mellitus,UNKNOWN,Type 2 Diabetes Mellitus,Na Liu,ALL,"ADULT, OLDER_ADULT",,436.0,OTHER,INTERVENTIONAL,2023-06-05,2025-12-31,,True,False,2023.0,2025.0,True,False
NCT02661906,A Pilot Study on Effect of SKY on Psychosocial Parameters of Type 2 Diabetic Patients After a 6 Days,COMPLETED,"Diabetes Mellitus, Non-Insulin-Dependent",Dasman Diabetes Institute,ALL,"ADULT, OLDER_ADULT",,24.0,OTHER,INTERVENTIONAL,2016-08,2018-02,"Dasman Diabetes Institute, Kuwait City, 1180, Kuwait",True,False,2016.0,2018.0,True,False
NCT00875394,Study to Assess the Efficacy and Safety of Sitagliptin Added to the Regimen of Patients With Type 2 Diabetes Mellitus With Inadequate Glycemic Control on Metformin (0431-189),COMPLETED,"Diabetes Mellitus, Non-Insulin-Dependent",Merck Sharp & Dohme LLC,ALL,"ADULT, OLDER_ADULT",PHASE3,68.0,INDUSTRY,INTERVENTIONAL,2007-02-01,2008-06-27,,True,False,2007.0,2008.0,True,False
NCT01472185,Ranolazine Monotherapy in Subjects With Type 2 Diabetes Mellitus,COMPLETED,Type 2 Diabetes Mellitus,Gilead Sciences,ALL,"ADULT, OLDER_ADULT",PHASE3,465.0,INDUSTRY,INTERVENTIONAL,2011-11,2013-10,"Thunderbird Internal Medicine/Clinical Research Advantage, Glendale, Arizona, 85306, United States|Central Phoenix Medical Clinic, Phoenix, Arizona, 85020, United States|Desert Sun Clinical Research, LLC, Tucson, Arizona, 85710, United States|Eclipse Clinical Research, Tucson, Arizona, 85745, United States|North Central Arkansas Medical Associates, Mountain Home, Arkansas, 72653, United States|Paul W. Davis, MD, Private Practice, Pine Bluff, Arkansas, 71603, United States|Southland Clinical Research Center, Inc., Fountain Valley, California, 92708, United States|Global Research Management, Glendale, California, 91205, United States|National Research Institute, Los Angeles, California, 90057, United States|Spectrum Clinical Research Institute, Inc, Moreno Valley, California, 92553, United States|Sacramento Heart and Vascular Medical Associates, Sacramento, California, 95825, United States|Clearview Medical Research LLC, Santa Clarita, California, 91350, United States|Infosphere Clinical Research, West Hills, California, 91307, United States|Boca Raton Clinical Research Associates, Inc, Boca Raton, Florida, 33432, United States|PAB Clinical Research, Brandon, Florida, 33511, United States|Florida Research Network, LLC, Gainesville, Florida, 32605-4253, United States|A G A Clinical Trials, Hialeah, Florida, 33012, United States|Jacksonville Center for Clinical Research, Jacksonville, Florida, 32216, United States|Baptist Diabetes Associates, Miami, Florida, 33156, United States|NextPhase Clinical Trials, Inc., Miami Beach, Florida, 33140, United States|Precision Research Organization, Miami Lakes, Florida, 33016, United States|Suncoast Clinical Research, New Port Richey, Florida, 34652, United States|Florida Institute for Clinical Research LLC, Orlando, Florida, 32822, United States|Regenerate Clinical Trials, South Miami, Florida, 33143, United States|Synergy Therapeutic Partners, Atlanta, Georgia, 30127, United States|CTL Research, Eagle, Idaho, 83616, United States|Cedar-Crosse Research Center, Chicago, Illinois, 60607, United States|LaPorte County Institute for Clinical Research, Michigan City, Indiana, 46360, United States|Clinical Trials Management, LLC, Metairie, Louisiana, 70006, United States|MD Medical Research, Oxon Hill, Maryland, 20745, United States|IRC Clinics, Inc, Towson, Maryland, 21204, United States|Associated Internal Medicine Specialists, P.C., Battle Creek, Michigan, 49015, United States|Albuquerque Clinical Trials, Albuquerque, New Mexico, 87102, United States|University of New Mexico Clinical and Translational Science Center, Albuquerque, New Mexico, 87131, United States|Clinical Research Solution, New York, New York, 10016, United States|PMG Research of Charlotte, Charlotte, North Carolina, 28202, United States|PharmQuest, Greensboro, North Carolina, 27408, United States|PMG Research of Salisbury, Salisbury, North Carolina, 28144, United States|Clinical Inquest Center, Ltd., Beavercreek, Ohio, 45431, United States|Infinity Research Group, LLC, Oklahoma City, Oklahoma, 73103, United States|Blair Medical Associates, Inc, Station Medical Center, Altoona, Pennsylvania, 16602, United States|Southeastern Research Associates, Inc., Taylors, South Carolina, 29687, United States|HCCA Clinical Research Solutions, Columbia, Tennessee, 38401, United States|HCCA Clinical Research Solution, Jackson, Tennessee, 38305, United States|New Phase Research & Development, Knoxville, Tennessee, 37923, United States|HCCA Clinical Research Solutions, Smyrrna, Tennessee, 37167, United States|The University of Texas Southwestern Medical Center at Dallas, Dallas, Texas, 75390, United States|Excel Clinical Research, LLC, Houston, Texas, 77081, United States|Texas Center for Drug Development, PA, Houston, Texas, 77081, United States|Humble Cardiology Associates, Humble, Texas, 77338, United States|Juno Research, LLC, Katy, Texas, 77450, United States|Cetero Research, San Antonio, Texas, 78237, United States|Discovery Clinical Trials, San Antonio, Texas, 78258, United States|Highland Clinical Research, Salt Lake City, Utah, 84124, United States|Jean Brown Research, Salt Lake City, Utah, 84124, United States|Burke Internal Medicine & Research, Burke, Virginia, 22015, United States|Manassas Clinical Research Center, Manassas, Virginia, 20110, United States|Nemocnice s poliklinikou Havirov, Havířov, Moravian-Silesian Region, 736 01, Czechia|Drug Research Center, Balatonfüred, 8230, Hungary|Synexus Hungary Ltd, Budapest, 1036, Hungary|Markhot Ferenc Hospital, Eger, 3300, Hungary|Kanizsai Dorottya Hospital, Nagykanizsa, 8800, Hungary|Borbanya Praxis Kft., Outpatient Clinic, Nyíregyháza, 4400, Hungary|Medifarma 98, Nyíregyháza, 4400, Hungary|Zala County Hospital, Zalaegerszeg, 08900, Hungary|LANDA - Specjalistyczne Gabinety Lekarskie, Krakow, Lesser Poland Voivodeship, 30-015, Poland|NZOZ Centrum Badan Klinicznych Oswiecim, Oswięcim, Lesser Poland Voivodeship, 32-600, Poland|NZOZ Regionalna Poradnia Diabetologiczna, Wroclaw, Lower Silesian Voivodeship, 50-127, Poland|NZOZ Centrum Badan Klinicznych, Wroclaw, Lower Silesian Voivodeship, 50-349, Poland|NZOZ Centrum Osteporozy i Chorob Kostno-Stawowych J.Badurski Sp.j., Bialystok, 15-461, Poland|Leszek Romanowski Barbara Romanowska ""DIABET"" Centrum Medyczne s.c., Chrzanów, 32-500, Poland|NZOZ Specjalistyczna Przychodnia Medyczna Atopia, Krakow, 31-159, Poland|NZOZ Cereo-Med Sp. z o.o., Lodz, 92-003, Poland|Specjalistyzny Ośrodek Lecznicz-Badawczy, Ostróda, 14-100, Poland|Miedzyleski Szpital Specjalistyczny w Warszawie, Warsaw, 04-749, Poland|SPZOZ Uniwersytecki Szpital Kliniczny Nr 1 im. Norberta Barlickiego Uniwersytetu Medycznego w Łodzi, Oddział Kliniczny Diabetologii, Lodz, Łódź Voivodeship, 90-153, Poland|NZOZ Centrum Medyczne Szpital Sw. Rodziny, Lodz, Łódź Voivodeship, 90-302, Poland|NZOZ Polimedica, Zgierz, Łódź Voivodeship, 95-100, Poland|NZOZ PrimaMED, Kielce, Świętokrzyskie Voivodeship, 25-364, Poland|CMI Morosanu V. Magdalena, Galati, Galați County, 800371, Romania|Spitalul Clinic Judetean de Urgenta ""Sf. Apostol Andrei"" Galati, Galati, Galați County, 800578, Romania|Spital Clinic Judetean de Urgenta Oradea Stationarul 1, Oradea, Jud Bihor, 410169, Romania|Vitadiab SRL - Cabinet Medical Dr. Barabas Alina SRL, Brasov, Jud Brasov, 500269, Romania|Consultmed SRL, Iași, Jud. Iasi, 700547, Romania|CMI Diabet Nutritie Boli Metabolice Dr. Pop Lavinia, Baia Mare, Jud. Maramures, 430123, Romania|Diabmed Dr. Popescu Alexandrina SRL, Ploieşti, Prahova, 100163, Romania|Institutul de Diabet, Nutritie si Boli Metabolice ""Dr. N. C. Paulescu"", Bucharest, 020042, Romania|Tehnomed Trading Srl, Bucharest, 020354, Romania|O.D. Medica Srl, Bucharest, 020725, Romania|Centru Medical Dr. Negrisanu, Timisoara, Jud. Timis, 300456, Romania|3rd Central Military Clinical Hospital named after A.A.Vishnevskogo, Arkhangel'skoye, 143420, Russia|GOU VPO ""Chita State Medical Academy"" of Minzdravsocrazvitie RF, Chita, 672090, Russia|""Clinic of New Medical Technology"" Company Limited, Dzerzhinskiy, 140091, Russia|Kemerovo Regional Clinical Hospital, Kemerovo, 650066, Russia|""Krasnoyarsk State Medical University n.a. Prof. V.F. Voyno-Yasenetsky, Krasnoyarsk, 660062, Russia|State Healthcare Institution of Moscow ""Cardiologival Dispensary #2 of Management Department of South Administrative District"", Moscow, 117556, Russia|Central Clinical Hospital of Russian Academy of Sciences, Moscow, 117593, Russia|Medical Sanitary Unit of Minestry of Internal Affairs of Russia in Moscow, Moscow, 127299, Russia|Moscow City Clinical Hospital #63, Moscow, 129090, Russia|City Clinical Hospital # 13 of Avtozavodsky District of Nizhniy Novgorod, Nizhny Novgorod, 603018, Russia|Novosibirsk State Medical University, Novosibirsk, 630087, Russia|LLC ""Reafan"", Novosibirsk, 630099, Russia|Scientific Research Institute of Physiology of Siberian Department RAMS, Novosibirsk, 630117, Russia|City Hospital # 38 named after N A Semashko, Pushkin, 196601, Russia|Rostov State Medical University, Rostov-on-Don, 344022, Russia|Ryazan State Medical University, Ryazan, 390005, Russia|Saint-Petersburg City Outpatient Clinic#37, Saint Petersburg, +011 78123152068, Russia|Medinet, LLC, Saint Petersburg, 190000, Russia|North-Western State Medical Unversity n.a. I.I.Mechnikov, Saint Petersburg, 191015, Russia|Military Medical Academy named after S.M. Kirov, Saint Petersburg, 191124, Russia|Saint-Petersburg state budgetary healthcare institution ""City Polyclinic #109"", Saint Petersburg, 192283, Russia|Alexanders City Hospital, Saint Petersburg, 193312, Russia|Clinical Hospital #122 n.a. Sokolov of FMBA, Saint Petersburg, 194291, Russia|ANO ""Medical Centre ""XXI century"", Saint Petersburg, 194354, Russia|St. Elizabeth City Hospital, Saint Petersburg, 195257, Russia|Krestovsky Island Medical Institute, LLC, Saint Petersburg, 197042, Russia|Federal Centre of Heart, Blood and Endocrinology named after V.A. Almazov, Saint Petersburg, 197341, Russia|Military Medical Academy named after S.M. Kirov, Saint Petersburg, 198013, Russia|International Medical Center ""SOGAZ"", LLC, Saint Petersburg, 198168, Russia|Saint-Petersburg City Pokrovskaya Hospital, Saint Petersburg, 199106, Russia|Center ""Diabetes"", LLC, Samara, 443067, Russia|Smolensk State Medical Academy, Sanatorium-Preventorium, Smolensk, 214019, Russia|Tyumen State Medical Academy, Tyumen, 625023, Russia|Voronezh Regional Clinical Hospital #1, Voronezh, 394082, Russia|City Hospital named after N.A.Semashko, Yaroslavl, 150002, Russia|Clinical Hospital for Emergency Care named after N.V. Solovyov, Yaroslavl, 150003, Russia|Medical Sanitary Unit of Novo-Yaroslavsky Oil Refinery, Yaroslavl, 150023, Russia|Yaroslavl Regional Clinical Hospital, Yaroslavl, 150062, Russia|The Urals State Medical Academy, Yekaterinburg, 620102, Russia|Clinical Center of Serbia, Belgrade, 11000, Serbia|Clinical Center of Kragujevac, Kragujevac, 34000, Serbia|METABOLKLINIK s.r.o., Bratislava, Bratislava Region, 811 01, Slovakia|Metabolic Center of Dr. Katarina Raslova Ltd., Bratislava, Bratislava Region, 831 01, Slovakia|""Diabetologicka a metabolicka ambulancia Human-care s.r.o"", Košice, Košice Region, 04001, Slovakia|ARETEUS s.r.o., Diabetologicka ambulancia, Trebišov, Košice Region, 07501, Slovakia|MediVet s.r.o., Malacky, 901 01, Slovakia|ENDIAMED s.r.o, Dolný Kubín, Žilina Region, 02601, Slovakia|MEDIVASA s.r.o., Žilina, Žilina Region, 010 10, Slovakia|Newkwa Medical Centre, Newlands West, Durban, 4037, South Africa|Global Clinical Trials, Pretoria, Pretoria, 0001, South Africa|Netcare Umhlanga Medical Centre, Kwa Zulu Natal, Umhlanga, Durban, 4320, South Africa|Worthwhile Clinical Trials, Benoni, 1500, South Africa|Centre for Diabetes, Asthma and Allergy, Johannesburg, 01829, South Africa|Soweto Clinical Trial Centre, Johannesburg, 1818, South Africa|Aliwal Shoal Medical & Clinical Trial Centre, Kwa Zulu Natal, 4170, South Africa|Helderberg Clinical Trials Centre, Somerset West, 7130, South Africa|Tiervlei Trial Centre, Western Cape, 7530, South Africa|City Clinical Hospital#9, Dnipropetrovsk State Medical Academy, Dnipropetrovsk, 49023, Ukraine|Educational Scientific Medical Centre ""University clinic"" of Donetsk National Medical University n.a. M.Gorkiy, Donetsk, 83003, Ukraine|State Institution ""Institute of Problems of Endocrine Pathology n.a. V.Y. Danylevsky of NAMS of Ukraine"", Kharkiv, 61002, Ukraine|Administration of Medical Service and Rehabilitation of ""ARTEM"" State Holding Company, Kyiv, 04050, Ukraine|National Medical University n.a. O.O. Bogomolets, Chair of Family Medicine based on Outpatient Clinic # 2 of Shevchenkovsky District, Kyiv, 04050, Ukraine|V. P. Komissarenko Institute of Endocrinology and Metabolism of AMS of Ukraine, Kyiv, 04114, Ukraine|Municipal Institution Lutsk City Clinical Hospital, Lutsk, 43024, Ukraine|Lviv Regional Endocrinology Dispensary, Lviv, 79010, Ukraine|Odessa State Medical University, Odesa, 65039, Ukraine|Public Institution ""City Outpatients' Hospital #20"", Odesa, 65114, Ukraine|Vinnytsya Regional Clinical Endocrinology Dispensary, Vinnytsia, 21010, Ukraine|Zhytomyr Regional Clinical Hospital, Zhytomyr, 10002, Ukraine",True,False,2011.0,2013.0,True,False
NCT06751823,Evaluation of Zinc in Patients With Type 2 Diabetes,COMPLETED,Type 2 Diabetes,Heliopolis University,ALL,"ADULT, OLDER_ADULT",,195.0,OTHER,OBSERVATIONAL,2024-01-01,2024-12-17,"Cairo University Hospitsl, Cairo, Egypt",True,False,2024.0,2024.0,True,False
NCT05752929,Comparison of 2 Hyperglycemia-correction Scales in Hospitalized Patients,COMPLETED,Diabete Type 2|Hyperglycemia,Hospital Universitario Clinica San Rafael,ALL,"ADULT, OLDER_ADULT",PHASE4,116.0,OTHER,INTERVENTIONAL,2016-01-01,2019-12-31,,True,False,2016.0,2019.0,True,False
NCT04450394,A Phase 2 Study of LY3209590 in Participants With Type 2 Diabetes Mellitus,COMPLETED,Type 2 Diabetes Mellitus,Eli Lilly and Company,ALL,"ADULT, OLDER_ADULT",PHASE2,278.0,INDUSTRY,INTERVENTIONAL,2020-07-01,2021-10-08,"Syed Research Consultants Llc, Sheffield, Alabama, 35660, United States|National Research Institute - Huntington Park, Huntington Park, California, 90255, United States|National Research Institute - Wilshire, Los Angeles, California, 90057, United States|Catalina Research Institute, LLC, Montclair, California, 91763, United States|Encompass Clinical Research, Spring Valley, California, 91978, United States|CMR of Greater New Haven, Waterbury, Connecticut, 06708, United States|ALL Medical Research, LLC, Cooper City, Florida, 33024, United States|Jellinger and Lerman, MD PA dba The Center for Diabetes and Endocrine Care, Fort Lauderdale, Florida, 33312, United States|Suncoast Research Group, Miami, Florida, 33135, United States|New Horizon Research Center, Miami, Florida, 33165 3338, United States|Suncoast Clinical Research, New Port Richey, Florida, 34652, United States|Rophe Adult and Pediatric Medicine, Union City, Georgia, 30291, United States|Elite Clinical Trials, Blackfoot, Idaho, 83221, United States|Rocky Mountain Clinical Research, Idaho Falls, Idaho, 83404, United States|Elite Clinical Trials, Rexburg, Idaho, 83440, United States|Iowa Diabetes and Endocrinology Research Center, West Des Moines, Iowa, 50265, United States|Cotton O'Neil Diabetes and Endocrinology Center, Topeka, Kansas, 66606, United States|L-MARC Research Center, Louisville, Kentucky, 40213, United States|Endocrine and Metabolic Consultants, Rockville, Maryland, 20852, United States|Sky Clin Resch - Quinn HC, Ridgeland, Mississippi, 39157, United States|Lillestol Research LLC, Fargo, North Dakota, 58104, United States|Intend Research, LLC, Norman, Oklahoma, 73069, United States|Preferred Primary Care Physicians, Uniontown, Pennsylvania, 15401, United States|Holston Medical Group, Bristol, Tennessee, 37620, United States|Texas Diabetes & Endocrinology, P.A., Austin, Texas, 78731-4309, United States|Dallas Diabetes Research Center, Dallas, Texas, 75230, United States|Juno Research, Houston, Texas, 77040, United States|Juno Research - Gessner, Houston, Texas, 77074, United States|Southern Endocrinology Associates, Mesquite, Texas, 75149, United States|Consano Clinical Research, LLC, Shavano Park, Texas, 78231, United States|Rainier Clinical Research Center, Renton, Washington, 98057, United States|Centro Médico Viamonte, CABA, Buenos Aires, C1120AAC, Argentina|Investigaciones Medicas Imoba Srl, CABA, Buenos Aires, C1179AAB, Argentina|Fundacion Sanatorio Guemes, CABA, Buenos Aires, C1180AAX, Argentina|Consultorio de Investigación Clínica EMO SRL, Caba, Buenos Aires, C1405BUB, Argentina|CEDIC, CABA, Buenos Aires, C1425DES, Argentina|Instituto Médico Catamarca, Rosario, Santa Fe Province, 2000, Argentina|CEMEDIC, Buenos Aires, 1407, Argentina|Asociación de Beneficencia Hospital Sirio Libanés, Buenos Aires, C1419AHN, Argentina|Instituto Centenario, Ciudad Autonoma de Buenos Aire, C1204AAD, Argentina|Cent Priva Especiali Médicas Ambulatorias Inve Clin CEMAIC, Córdoba, X5008HHW, Argentina|Clínica Mayo, San Miguel de Tucumán, T4000IHE, Argentina|Diabetes- und Stoffwechselpraxis Bochum, Bochum, North Rhine-Westphalia, 44869, Germany|InnoDiab Forschung Gmbh, Essen, North Rhine-Westphalia, 45136, Germany|Institut für Diabetesforschung GmbH Münster, Münster, North Rhine-Westphalia, 48145, Germany|Practice Dr.med. Denger and Dr.med. Pfitzner, Friedrichsthal, Saarland, 66299, Germany|Private Practice - Dr. Christine Kosch, Pirna, Saxony, 01796, Germany|SMO.MD GmbH, Magdeburg, Saxony-Anhalt, 39120, Germany|RED-Institut GmbH, Oldenburg in Holstein, Schleswig-Holstein, 23758, Germany|Diabeteszentrum Hamburg West, Hamburg, 22607, Germany|Medyczne Centrum Diabetologiczno Endokrynologiczno Metaboliczne DIAB-ENDO-MET, Krakow, Lesser Poland Voivodeship, 31-261, Poland|Instytut Diabetologii Sp. z o.o, Warsaw, Masovian Voivodeship, 02-117, Poland|Centrum Badan Klinicznych PI-House sp. z o.o., Gdansk, Pomeranian Voivodeship, 80-546, Poland|NZOZ Przychodnia Specjalistyczna Andrzej Wittek, Henryk Rudzki, Ruda Śląska, Silesian Voivodeship, 41-709, Poland|Centrum Kliniczno-Badawcze, Elblag, 82-300, Poland|Centrum Terapii Wspolczesnej J. M. Jasnorzewska Spolka Komandytowo-Akcyjna, Lodz, 90242, Poland|Gabinety TERPA, Lublin, 20-333, Poland|OMEDICA Medical Center, Poznan, 60-111, Poland|Praktyka Lekarska, Poznan, 61-655, Poland|Poradnia Chorob Metabolicznych, Wierzchosławice, 33-122, Poland|NZOZ Regionalna Poradnia Diabetologiczna, Wroclaw, 50-127, Poland|Research and Cardiovascular Corp., Ponce, PR, 00717, Puerto Rico|GCM Medical Group, PSC - Hato Rey Site, San Juan, PR, 00917, Puerto Rico|Centro Profesional de Endocrinologia del Este, Yabucoa, PR, 00767, Puerto Rico",True,False,2020.0,2021.0,True,False
NCT07767331,PRODIAP - Patient-reported Outcomes in General Practice Among People With Type 2 Diabetes,RECRUITING,Type 2 Diabetes,University of Aarhus,ALL,"ADULT, OLDER_ADULT",,2000.0,OTHER,INTERVENTIONAL,2026-03-01,2028-02,"Steno Diabetes Center Aarhus, Aarhus, 8200, Denmark",True,False,2026.0,2028.0,True,False
NCT04810507,MAGE of Anagliptin Compared With Sitagliptin With Type 2 Diabetes Mellitus,COMPLETED,Type 2 Diabetes,JW Pharmaceutical,ALL,"ADULT, OLDER_ADULT",PHASE4,89.0,INDUSTRY,INTERVENTIONAL,2018-11-09,2021-01-05,"Kangdong Sacred Heart Hospital, Seoul, South Korea",True,False,2018.0,2021.0,True,False
NCT00071422,Safety and Efficacy of INGAP-Peptide in Patients With Type 2 Diabetes,COMPLETED,"Diabetes Mellitus, Non-Insulin-Dependent",Exsulin Corporation,ALL,"ADULT, OLDER_ADULT",PHASE2,126.0,INDUSTRY,INTERVENTIONAL,2003-10,2004-06,"Diabetes and Endocrine Associates, La Jolla, California, 92037, United States|VA Hospital UCSD, San Diego, California, 92161, United States|Diablo Clinical Research, Walnut Creek, California, 94598, United States|Denver, Colorado, 80209, United States|Longmont Medical Research Network, Longmont, Colorado, 80501, United States|MedStar Clinical Research Center, Washington D.C., District of Columbia, 20003, United States|Future Care Studies, Springfield, Massachusetts, 01107, United States|Mercury Street Medical, Butte, Montana, 59701, United States|Diabetes-Endocrinology Center of WNY, Buffalo, New York, 14209, United States|UNC Diabetes Care Center, Durham, North Carolina, 27713, United States|Piedmont Medical Group, Winston-Salem, North Carolina, 27103, United States|Clinical Research Institute of Southern Oregon, Medford, Oregon, 97504, United States|Mountain View Clinical Research, Greer, South Carolina, 29651, United States|Dallas Diabetes and Endocrine Center, Dallas, Texas, 75230, United States|University of Texas Health Science Center - Texas Diabetes Institute, San Antonio, Texas, 78207, United States|DGD Research Associates, San Antonio, Texas, 78229, United States|Charlottesville Medical Research, Charlottesville, Virginia, 22911, United States",True,False,2003.0,2004.0,True,False
NCT04945551,Cellular Adaptations to Training in Patients With Type 2 Diabetes,UNKNOWN,"Diabetes Mellitus, Type 2",University of Copenhagen,ALL,ADULT,,30.0,OTHER,INTERVENTIONAL,2021-02-20,2023-10,"Xlab, Faculty of Health and Medical Sciences, University of Copenhagen, Copenhagen, 2200, Denmark",False,False,2021.0,2023.0,True,False
NCT04100278,Effectiveness of Shared Care Diabetes Management in Patients With Type 2 Diabetes,UNKNOWN,Type 2 Diabetes Mellitus,Beijing Chao Yang Hospital,ALL,"ADULT, OLDER_ADULT",,1500.0,OTHER,INTERVENTIONAL,2020-01-01,2023-12-31,"Beijing Chao-Yang Hospital, Capital Medical University, Beijing, Beijing Municipality, China",True,False,2020.0,2023.0,True,False
NCT04744636,Vascular Function and Biomarker Assessments in Healthy Volunteers and in Patients With Type 2 Diabetes Mellitus,COMPLETED,Type 2 Diabetes Mellitus,Institut de Recherches Internationales Servier,ALL,"ADULT, OLDER_ADULT",PHASE1,100.0,OTHER,INTERVENTIONAL,2017-04-03,2018-09-15,"Nuvisan GmbH, Neu-Ulm, 89231, Germany",True,False,2017.0,2018.0,True,False
NCT06596967,Heat Therapy in Type 2 Diabetes,RECRUITING,Type 2 Diabetes,Purdue University,ALL,"ADULT, OLDER_ADULT",PHASE1,24.0,OTHER,INTERVENTIONAL,2024-09-03,2025-07-31,"Purdue University, West Lafayette, Indiana, 47907, United States",True,False,2024.0,2025.0,True,False
NCT05905588,Study of Hydrogen-rich Water Compared With Placebo in Type 2 Diabetes Patients,UNKNOWN,Type 2 Diabetes,Qingdao University,ALL,"ADULT, OLDER_ADULT",,96.0,OTHER,INTERVENTIONAL,2023-03-01,2023-08-31,"Qingdao Traditional Chinese Medicine Hospital, Qingdao, Shandong, 266000, China",True,False,2023.0,2023.0,True,False
NCT02585505,Tissue Distribution of F18-FDG Labeled ABMSCT in Patients With Type2 Diabetes Mellitus,COMPLETED,"Diabetes Mellitus, Non-Insulin-Dependent","Post Graduate Institute of Medical Education and Research, Chandigarh",ALL,"ADULT, OLDER_ADULT",PHASE1|PHASE2,21.0,OTHER,INTERVENTIONAL,2010-12,2012-12,,True,False,2010.0,2012.0,True,False
NCT06258148,A Study of TG103 Injection Monotherapy in Treatment of Type 2 Diabetes Mellitus,COMPLETED,Type 2 Diabetes Mellitus,"CSPC Baike (Shandong) Biopharmaceutical Co., Ltd.",ALL,"ADULT, OLDER_ADULT",PHASE3,465.0,INDUSTRY,INTERVENTIONAL,2024-04-15,2026-01-23,"Peking University People's Hospital, Beijing, Beijing Municipality, 100032, China",True,False,2024.0,2026.0,True,False
NCT05407961,A Study of LY3532226 in Participants With Type 2 Diabetes Mellitus,COMPLETED,"Diabetes Mellitus, Type 2",Eli Lilly and Company,ALL,"ADULT, OLDER_ADULT",PHASE1,90.0,INDUSTRY,INTERVENTIONAL,2022-06-07,2024-01-12,"Profil Institut für Stoffwechselforschung, Neuss, 41460, Germany",True,False,2022.0,2024.0,True,False
NCT07755150,A Study to Evaluate the Efficacy and Safety of DA-302168S Tablets in Subjects With Type 2 Diabetes,NOT_YET_RECRUITING,Type 2 Diabetes Mellitus,"Chendu DIAO Pharmaceutical Group CO., LTD.",ALL,"ADULT, OLDER_ADULT",PHASE2,272.0,INDUSTRY,INTERVENTIONAL,2026-08-30,2027-10-20,"Peking University People's Hospital, Beijing, China",True,False,2026.0,2027.0,True,False
NCT07056803,Oral vs. Subcutaneous Semaglutide in Type 2 Diabetes Mellitus,COMPLETED,Diabetes Mellitus Type 2,University of Palermo,ALL,"ADULT, OLDER_ADULT",,212.0,OTHER,OBSERVATIONAL,2024-01-01,2025-06-25,"Policlinico Paolo Giaccone, Palermo, 90127, Italy",True,False,2024.0,2025.0,True,False
NCT01001611,An Evaluation of Glycemic Control Effects of Mono Therapy CKD-501 in Patients With Type 2 Diabetes Mellitus,COMPLETED,"Diabetes Mellitus, Type 2",Chong Kun Dang Pharmaceutical,ALL,"ADULT, OLDER_ADULT",PHASE3,173.0,INDUSTRY,INTERVENTIONAL,2009-10,2012-01,"The Inje University Busan-Paik Hospital, Busan, South Korea|Soon Chun Hyang University Cheonan Hospital, Cheonan, South Korea|The Hanyang University Medical Center, Gyeonggi-do, South Korea|Wonju Severance Christian Hospital, Kangwon-Do, South Korea|The Hallym University Medical Center, Seoul, South Korea|The Inje University Sanggye-Paik Hospital, Seoul, South Korea|The Korea University Anam Hospital, Seoul, South Korea|The Kyung Hee University Medical Center, Seoul, South Korea|The Seoul National University Bundang Hospital, Seoul, South Korea",True,False,2009.0,2012.0,True,False
NCT03249506,Cardiovascular Outcomes in Participants With Type 2 Diabetes Mellitus (T2DM),COMPLETED,"Diabetes Mellitus, Type 2","Janssen Research & Development, LLC",ALL,"ADULT, OLDER_ADULT",,25358.0,INDUSTRY,OBSERVATIONAL,2016-05-12,2017-11-01,"Health ResearchTx, LLC, Trevose, Pennsylvania, 19053, United States",True,False,2016.0,2017.0,True,False
NCT04168541,Glycemic Response in Persons With Type 2 Diabetes Mellitus,COMPLETED,"Diabetes Mellitus, Type 2",Société des Produits Nestlé (SPN),ALL,"ADULT, OLDER_ADULT",,14.0,INDUSTRY,INTERVENTIONAL,2018-02-05,2018-04-18,"Orange County Research Center, Tustin, California, 92780, United States",True,False,2018.0,2018.0,True,False
NCT06427083,Registry Study to Determine the Effectiveness and Safety of Weight Loss With Enavogliflozin in Patients With Type 2 Diabetes Mellitus,ACTIVE_NOT_RECRUITING,Type 2 Diabetes Mellitus,Daewoong Pharmaceutical Co. LTD.,ALL,"ADULT, OLDER_ADULT",,200.0,INDUSTRY,OBSERVATIONAL,2024-06-11,2026-06-30,"Kyung Hee University Medical Center, Seoul, South Korea",True,False,2024.0,2026.0,True,False
NCT01005069,Efficacy of DLBS-32 in Subjects With Type-II Diabetes Mellitus,COMPLETED,"Diabetes Mellitus, Type 2",Dexa Medica Group,ALL,ADULT,PHASE2,72.0,INDUSTRY,INTERVENTIONAL,2009-10,2010-08,"Sanglah Hospital Denpasar, Denpasar, Bali, Indonesia|RSUD Tarakan, Jakarta Pusat, DKI Jakarta, Indonesia",False,False,2009.0,2010.0,True,False
NCT01309620,Zinc Supplementation in Type 2 Diabetics,COMPLETED,"Diabetes Mellitus, Non-Insulin-Dependent","National University Hospital, Singapore",ALL,"ADULT, OLDER_ADULT",PHASE2|PHASE3,40.0,OTHER,INTERVENTIONAL,2009-01,2010-03,,True,False,2009.0,2010.0,True,False
NCT03014479,Study of the QOL Evaluation of Trelagliptin in Patients With Type 2 Diabetes Mellitus,COMPLETED,Type 2 Diabetes,Takeda,ALL,"ADULT, OLDER_ADULT",PHASE4,219.0,INDUSTRY,INTERVENTIONAL,2017-02-18,2017-10-21,"Takeda Selected Site 17, Nagoya, Aichi-ken, Japan|Takeda Selected Site 18, Nagoya, Aichi-ken, Japan|Takeda Selected Site 25, Obata, Gunma, Japan|Takeda Selected Site 9, Kobe, Hyōgo, Japan|Takeda Selected Site 27, Koga, Ibaraki, Japan|Takeda Selected Site 14, Kawasaki, Kanagawa, Japan|Takeda Selected Site 11, Sagamihara, Kanagawa, Japan|Takeda Selected Site 10, Yamato, Kanagawa, Japan|Takeda Selected Site 4, Sendai, Miyagi, Japan|Takeda Selected Site 5, Sendai, Miyagi, Japan|Takeda Selected Site 3, Kashihara, Nara, Japan|Takeda Selected Site 15, Kashihara, Osaka, Japan|Takeda Selected Site 1, Suita, Osaka, Japan|Takeda Selected Site 24, Okegawa, Saitama, Japan|Takeda Selected Site 26, Oyama, Tochigi, Japan|Takeda Selected Site 23, Adachi-ku, Tokyo, Japan|Takeda Selected Site 6, Chuo-ku, Tokyo, Japan|Takeda Selected Site 7, Chuo-ku, Tokyo, Japan|Takeda Selected Site 22, Edogawa-ku, Tokyo, Japan|Takeda Selected Site 19, Musashino, Tokyo, Japan|Takeda Selected Site 21, Ōta-ku, Tokyo, Japan|Takeda Selected Site 12, Shibuya-ku, Tokyo, Japan|Takeda Selected Site 13, Shinagawa-ku, Tokyo, Japan|Takeda Selected Site 20, Shinagawa-ku, Tokyo, Japan|Takeda Selected Site 2, Shinjuku-ku, Tokyo, Japan|Takeda Selected Site 8, Shinjuku-ku, Tokyo, Japan|Takeda Selected Site 16, Osaka, Japan",True,False,2017.0,2017.0,True,False
NCT03606694,"Effect of Dihydromirycetin on Glycemic Control, Insulin Sensitivity and Insulin Secretion in Type 2 Diabetes Mellitus",UNKNOWN,Type 2 Diabetes Mellitus,University of Guadalajara,ALL,ADULT,PHASE2,24.0,OTHER,INTERVENTIONAL,2019-10-30,2023-12-30,"Instituto de Terapeútica Experimental y Clínica. Centro Universitario de Ciencias de la Salud. Universidad de Guadalajara, Guadalajara, Jalisco, 44340, Mexico",False,False,2019.0,2023.0,True,False
NCT06067399,Relationship Between Red Cell Distribution Width (RDW) and HbA1C in Patients With Type 2 Diabetes Mellitus After Glycemic Control,RECRUITING,Type 2 Diabetes,New Valley University,ALL,"ADULT, OLDER_ADULT",,250.0,OTHER,OBSERVATIONAL,2026-05-01,2028-06-30,"New Valley University- Faculty of Medicine, Al Khārjah, Egypt",True,False,2026.0,2028.0,True,False
NCT01752842,Lipid Biomarkers for Diabetic Heart Disease,COMPLETED,Type II Diabetes Mellitus|Diabetes Complications,Washington University School of Medicine,ALL,"ADULT, OLDER_ADULT",,70.0,OTHER,INTERVENTIONAL,2013-03,2018-02-23,"Washington University School of Medicine, St Louis, Missouri, 63110, United States",True,False,2013.0,2018.0,True,False
NCT06212778,"Relationship Between Nutritional Status, Hand Grip Strength, and Fatigue in Hospitalized Older Adults With Type 2 Diabetes Mellitus.",UNKNOWN,Type 2 Diabetes Mellitus,National Taiwan University Hospital,ALL,"ADULT, OLDER_ADULT",,54.0,OTHER,OBSERVATIONAL,2023-09-26,2024-02-29,"National Taiwan University Hospital, Taipei, Taiwan",True,False,2023.0,2024.0,True,False
NCT00545584,Addition Of Januvia (Sitagliptin) Improves Glycemic Control In Patients Inadequately Controlled By Metformin (MK0431-078),COMPLETED,"Diabetes Mellitus, Non-Insulin-Dependent",Merck Sharp & Dohme LLC,ALL,"ADULT, OLDER_ADULT",PHASE3,1512.0,INDUSTRY,INTERVENTIONAL,2007-04-01,2009-11-19,,True,False,2007.0,2009.0,True,False
NCT03416127,Effect of Propolis or Metformin Administration on Glycemic Control in Patients With Type 2 Diabetes Mellitus,COMPLETED,"Diabetes Mellitus, Type 2",University of Guadalajara,ALL,ADULT,PHASE2,36.0,OTHER,INTERVENTIONAL,2018-01-30,2019-12-20,"Intstituto de Terapeútica Experimental y Clínica. Centro Universitario de Ciencias de la Salud. Universidad de Guadalajara, Guadalajara, Jalisco, 44340, Mexico",False,False,2018.0,2019.0,True,False
NCT02662400,Assessment of Insulin Sensitivity and β Cell Function by Clamps Studies,COMPLETED,"Diabetes Mellitus, Non-Insulin-Dependent","Post Graduate Institute of Medical Education and Research, Chandigarh",ALL,"ADULT, OLDER_ADULT",PHASE2|PHASE3,7.0,OTHER,INTERVENTIONAL,2016-01,2016-12,,True,False,2016.0,2016.0,True,False
NCT01694758,OPtimal Type 2 dIabetes Management Including Benchmarking and Standard Treatment in CEEMEA,COMPLETED,"Diabetes Mellitus, Non-Insulin-Dependent",AstraZeneca,ALL,"ADULT, OLDER_ADULT",,733.0,INDUSTRY,OBSERVATIONAL,2012-11,2014-03,"Research Site, Blagoevgrad, Bulgaria|Research Site, Pleven, Bulgaria|Research Site, Plovdiv, Bulgaria|Research Site, Sofia, Bulgaria|Research Site, Alexandria, Romania|Research Site, Brasov, Romania|Research Site, Bucharest, Romania|Research Site, Cluj-Napoca, Romania|Research Site, Constanța, Romania|Research Site, Craiova, Romania|Research Site, Galati, Romania|Research Site, Giurgiu, Romania|Research Site, Iași, Romania|Research Site, Oradea, Romania|Research Site, Piteşti, Romania|Research Site, Ploieşti, Romania|Research Site, Satu Mare, Romania|Research Site, Tg Jiu, Romania|Research Site, Tg Mures, Romania|Research Site, Timișoara, Romania",True,False,2012.0,2014.0,True,False
NCT06465693,Personalized Nutrition Therapy Using Continuous Glucose Monitoring to Improve Outcomes in Type 2 Diabetes Mellitus,ACTIVE_NOT_RECRUITING,Type 2 Diabetes,University of Minnesota,ALL,"ADULT, OLDER_ADULT",,8.0,OTHER,INTERVENTIONAL,2024-05-01,2026-07-01,"University of Minnesota, Minneapolis, Minnesota, 55455, United States",True,False,2024.0,2026.0,True,False
NCT07521475,Evaluation of the Fully Closed Loop Omnipod® System in Type 2 Diabetes,RECRUITING,Type 2 Diabetes Mellitus,Insulet Corporation,ALL,"ADULT, OLDER_ADULT",,350.0,INDUSTRY,INTERVENTIONAL,2026-04-30,2027-09-23,"University of Southern California, Los Angeles, California, 90022, United States|HOAG, Newport Beach, California, 92663, United States|Sansum Diabetes Research Institute, Santa Barbara, California, 93105, United States|Touro University California, Vallejo, California, 94592, United States|University of Colorado Denver, Denver, Colorado, 80204, United States|University of South Florida, Tampa, Florida, 33612, United States|Metabolic Research Institute, West Palm Beach, Florida, 33401, United States|EMORY, Atlanta, Georgia, 30308, United States|Atlanta Diabetes Associates, Atlanta, Georgia, 30318, United States|Endocrine Research Solutions, Inc., Rosewell, Georgia, 30076, United States|Rocky Mountain Diabetes, Idaho Falls, Idaho, 83404, United States|Northwestern University, Chicago, Illinois, 60611, United States|Indiana University, Bloomington, Indiana, 47405, United States|Joslin Diabetes Center, Boston, Massachusetts, 02215, United States|Henry Ford Health, Detroit, Michigan, 48202, United States|International Diabetes Center, Minneapolis, Minnesota, 55416, United States|Mayo Clinic, Rochester, Minnesota, 55902, United States|The Mount Sinai Hospital, New York, New York, 10029, United States|SUNY Syracuse, Syracuse, New York, 13210, United States|Mountain Area Health Education Center, Asheville, North Carolina, 28803, United States|Accellacare, Wilmington, North Carolina, 28401, United States|Oregon Health and Science University, Portland, Oregon, 97239, United States|University of Diabetes and Endocrine Consultants, Chattanooga, Tennessee, 37411, United States|Texas Diabetes and Endocrinology, Austin, Texas, 78749, United States|Tekton Research, McKinney, Texas, 75072, United States|Tekton Research, San Antonio, Texas, 78258, United States|Riverside Family Medicine Residency Program, Newport News, Virginia, 23601, United States",True,False,2026.0,2027.0,True,False
NCT04318184,Effects of Exercise on Metabolic Parameters in Patients With Type 2 Diabetes Mellitus,COMPLETED,"Diabetes Mellitus, Type 2",Marmara University,ALL,"ADULT, OLDER_ADULT",,88.0,OTHER,INTERVENTIONAL,2018-01-02,2019-12-10,"Fatih Sultan Mehmet Eğitim ve Araştırma Hastanesi, Istanbul, Turkey (Türkiye)",True,False,2018.0,2019.0,True,False
NCT00905528,TRENDY Follow-up: Study on Endothelial Function in Subjects With Type 2 Diabetes Mellitus,COMPLETED,Type 2 Diabetes Mellitus,University of Erlangen-Nürnberg Medical School,ALL,"ADULT, OLDER_ADULT",,69.0,OTHER,OBSERVATIONAL,2002-01,2004-12,"University of Erlangen-Nuremberg, Erlangen, Bavaria, 91054, Germany",True,False,2002.0,2004.0,True,False
NCT03694470,Characteristics of Patients With Type 2 Diabetes Mellitus (CVD-RNDR),COMPLETED,Type 2 Diabetes,AstraZeneca,ALL,"CHILD, ADULT, OLDER_ADULT",,10000.0,INDUSTRY,OBSERVATIONAL,2018-04-15,2018-06-30,"Research site, Moscow, Russia",True,True,2018.0,2018.0,True,False
NCT07278531,Adaptive Dietary Intervention (ADI) for Asian Americans With Type 2 Diabetes,NOT_YET_RECRUITING,Type 2 Diabetes,NYU Langone Health,ALL,"ADULT, OLDER_ADULT",,120.0,OTHER,INTERVENTIONAL,2027-02,2028-08-31,"NYU Langone Health, New York, New York, 10016, United States",True,False,2027.0,2028.0,True,False
NCT06147245,The ACCT2 Study Individuals With Type 2 Diabetes and Non-Western Backgrounds (ACCT2),UNKNOWN,Type 2 Diabetes,Steno Diabetes Center Copenhagen,ALL,"ADULT, OLDER_ADULT",,96.0,OTHER,INTERVENTIONAL,2023-11-09,2025-12-31,"Steno Diabetes Center Copenhagen, Herlev, 2730, Denmark",True,False,2023.0,2025.0,True,False
NCT05276128,Effects of Plant Based Lipids on Glucose Regulation and Cognitive Variables,COMPLETED,Diabete Type 2|Obesity,Lund University,ALL,ADULT,,17.0,OTHER,INTERVENTIONAL,2022-03-20,2022-04-27,"Anne Nilsson, Lund, Välj..., 22100, Sweden|The Human Trial Facility, Food Technology engineering and Nutrition, Lund University, Lund, Välj..., 22100, Sweden",False,False,2022.0,2022.0,True,False
NCT06222086,The Effects of Calisthenic Exercise Training in Patients With Type 2 Diabetes,COMPLETED,Type 2 Diabetes,Gazi University,ALL,"ADULT, OLDER_ADULT",,40.0,OTHER,INTERVENTIONAL,2024-05-20,2025-09-15,"Gazi University Faculty of Health Sciences Department of Physiotherapy and Rehabilitation, Cardiopulmonary Rehabilitation Unit, Ankara, Çankaya, 06490, Turkey (Türkiye)",True,False,2024.0,2025.0,True,False
NCT07219667,South Asians With Type 2 Diabetes at Risk for Depression,NOT_YET_RECRUITING,Type 2 Diabetes,NYU Langone Health,ALL,"ADULT, OLDER_ADULT",,100.0,OTHER,INTERVENTIONAL,2027-08-01,2028-06-01,"NYU Langone Health, New York, New York, 10016, United States",True,False,2027.0,2028.0,True,False
NCT06374186,"Continuous Glucose Monitoring, Contingency Management, and Motivational Interviewing for Patients With Type 2 Diabetes in Kansas City",COMPLETED,Type 2 Diabetes,"University of Missouri, Kansas City",ALL,"ADULT, OLDER_ADULT",,26.0,OTHER,INTERVENTIONAL,2024-05-01,2025-08-12,"University of Missouri - Kansas City School of Medicine, Kansas City, Missouri, 64108, United States",True,False,2024.0,2025.0,True,False
NCT05164263,Real World Safety & Efficacy Experience of Empagliflozin With or Without Metformin in T2DM Patients - EASE Study,RECRUITING,"Type II Diabetes Mellitus|Efficacy, Self|Safety Issues",Getz Pharma,ALL,"ADULT, OLDER_ADULT",PHASE4,2000.0,INDUSTRY,INTERVENTIONAL,2021-04-01,2027-08-31,"Kabul University of Medical Sciences(KUMS), Kabul, Afghanistan, Afghanistan|Agha Khan univeristy hospital, Nairobi, Kenya, Kenya|Lagos University Teaching Hospital, Lagos, Nigeria, Nigeria|Umar Diabetes Foundation, Islamabad, Pakistan|National hospital Sri Lanka, Colombo, Colombo, Sri Lanka|NHK, Kandy, Kandy, Sri Lanka",True,False,2021.0,2027.0,True,False
NCT04296825,Effect of Camel Milk With Probiotic on Type 2 Diabetes Mellitus,COMPLETED,Type 2 Diabetes,China Agricultural University,ALL,"ADULT, OLDER_ADULT",PHASE1,45.0,OTHER,INTERVENTIONAL,2018-06-01,2018-07-09,"Beijing Chinese Medicine Hospital Pinggu Hospital, Beijing, China",True,False,2018.0,2018.0,True,False
NCT07144241,Mesenchymal Stromal/Stem Cells-Derived Exosomes (MSC-Exos) Therapy for Type 2 Diabetes Mellitus Patients,NOT_YET_RECRUITING,Type 2 Diabetes Mellitus,Indonesia University,ALL,"ADULT, OLDER_ADULT",PHASE2,50.0,OTHER,INTERVENTIONAL,2025-09-01,2026-07-01,"UNIMUS Hospital, Semarang, Central Java, Indonesia",True,False,2025.0,2026.0,True,False
NCT07664553,A Phase III Study to Investigate the Efficacy and Safety of Elecoglipron Compared With Placebo in Adults With Type 2 Diabetes Mellitus on Background Insulin,RECRUITING,Type 2 Diabetes Mellitus,AstraZeneca,ALL,"ADULT, OLDER_ADULT",PHASE3,600.0,INDUSTRY,INTERVENTIONAL,2026-07-08,2028-05-23,"Research Site, Little Rock, Arkansas, 72205, United States|Research Site, Sacramento, California, 95821, United States|Research Site, Aurora, Colorado, 80045, United States|Research Site, DeLand, Florida, 32720, United States|Research Site, Doral, Florida, 33166, United States|Research Site, Ocoee, Florida, 34761, United States|Research Site, Decatur, Georgia, 30030, United States|Research Site, Potomac, Maryland, 20854, United States|Research Site, Brooklyn, New York, 11220, United States|Research Site, Cary, North Carolina, 27518, United States|Research Site, Morehead City, North Carolina, 28557, United States|Research Site, Myrtle Beach, South Carolina, 29572, United States|Research Site, Memphis, Tennessee, 38119, United States|Research Site, Houston, Texas, 77040, United States|Research Site, Round Rock, Texas, 78681, United States|Research Site, San Antonio, Texas, 78231, United States|Research Site, Renton, Washington, 98057, United States|Research Site, Campbelltown, 2560, Australia|Research Site, East Toowoomba, 4350, Australia|Research Site, Heidelberg Heights, 3081, Australia|Research Site, Parkville, 3050, Australia|Research Site, St Leonards, 2065, Australia|Research Site, Dupnitsa, 2600, Bulgaria|Research Site, Kozloduy, 3320, Bulgaria|Research Site, Plovdiv, 4001, Bulgaria|Research Site, Sofia, 1618, Bulgaria|Research Site, Stara Zagora, 6000, Bulgaria|Research Site, Veliko Tarnovo, 5000, Bulgaria|Research Site, Yambol, 8600, Bulgaria|Research Site, Surrey, British Columbia, V3T 4G8, Canada|Research Site, Vancouver, British Columbia, V5Y 3W2, Canada|Research Site, Brampton, Ontario, L6S 0C6, Canada|Research Site, North York, Ontario, M6B 3H7, Canada|Research Site, Sarnia, Ontario, N7T 4X3, Canada|Research Site, Scarborough Village, Ontario, M1R 0B1, Canada|Research Site, Toronto, Ontario, M4G3E8, Canada|Research Site, Saint-Charles-Borromée, Quebec, J6E 2B4, Canada|Research Site, Changsha, 410013, China|Research Site, Changsha, 410015, China|Research Site, Hefei, 230000, China|Research Site, Hefei, 230601, China|Research Site, Huai'an, 223005, China|Research Site, Langfang, 065000, China|Research Site, Liangyugang, 222002, China|Research Site, Luoyang, 471009, China|Research Site, Nanjing, 2100008, China|Research Site, Nanyang, 473009, China|Research Site, Pinggu, 101200, China|Research Site, Pingxiang, 337055, China|Research Site, Shijiazhuang, 050000, China|Research Site, Tianjin, 300134, China|Research Site, Yueyang, 414000, China|Research Site, Broumov, 55001, Czechia|Research Site, České Budějovice, 370 01, Czechia|Research Site, Ostrava, 710 00, Czechia|Research Site, Pilsen, 301 00, Czechia|Research Site, Prague, 140 00, Czechia|Research Site, Prague, 170 00, Czechia|Research Site, Prague, 181 00, Czechia|Research Site, Amberg, 92224, Germany|Research Site, Bad Oeynhausen, 32545, Germany|Research Site, Berlin, 13597, Germany|Research Site, Bochum, 44869, Germany|Research Site, Brandenburg an der Havel, 14776, Germany|Research Site, Daaden, 57567, Germany|Research Site, Duisburg, 47051, Germany|Research Site, Eisenach, 99817, Germany|Research Site, Elsterwerda, 04910, Germany|Research Site, Falkensee, 14612, Germany|Research Site, Frankfurt, 60596, Germany|Research Site, Fulda, 36037, Germany|Research Site, Gladbeck, 45968, Germany|Research Site, Hamburg, 22607, Germany|Research Site, Hannoversch Münden, 34346, Germany|Research Site, Magdeburg, 39120, Germany|Research Site, Mannheim, 68167, Germany|Research Site, Münster, 48153, Germany|Research Site, Nittendorf, 93152, Germany|Research Site, Obertshausen, 63179, Germany|Research Site, Oldenburg, 23758, Germany|Research Site, Pirna, 01796, Germany|Research Site, Bangalore, 560 092, India|Research Site, Belagavi, 590006, India|Research Site, Chennai, 600086, India|Research Site, Coimbatore, 641018, India|Research Site, Guntur, 522001, India|Research Site, Hyderabad, 500034, India|Research Site, Indore, 452008, India|Research Site, Kochi, 682041, India|Research Site, Madurai, 625020, India|Research Site, Mumbai, 400012, India|Research Site, New Delhi, 110029, India|Research Site, Pune, 411021, India|Research Site, Asahikawa-shi, 070-8530, Japan|Research Site, Kamakura-shi, 247-0056, Japan|Research Site, Kashiwa-shi, 277-0825, Japan|Research Site, Kobe, 650-0047, Japan|Research Site, Komoro, 384-8588, Japan|Research Site, Kumamoto, 862-0976, Japan|Research Site, Kyoto, 606-8507, Japan|Research Site, Miyazaki, 880-0034, Japan|Research Site, Naka, 311-0113, Japan|Research Site, Sapporo, 060-0062, Japan|Research Site, Yokohama, 230-8765, Japan|Research Site, Batu Caves, 68100, Malaysia|Research Site, Kuala Lumpur, 59100, Malaysia|Research Site, Miri, 98000, Malaysia|Research Site, Putrajaya, 62250, Malaysia|Research Site, Seremban, 70300, Malaysia|Research Site, Bialystok, 15-897, Poland|Research Site, Częstochowa, 42-217, Poland|Research Site, Kielce, 25-355, Poland|Research Site, Krakow, 31-261, Poland|Research Site, Lodz, 90-338, Poland|Research Site, Poznan, 60-354, Poland|Research Site, Radom, 26-600, Poland|Research Site, Warsaw, 00-124, Poland|Research Site, Warsaw, 02-507, Poland|Research Site, Bucheon-si, 14647, South Korea|Research Site, Gyeonggi-do, 13620, South Korea|Research Site, Jongno-gu, 110-746, South Korea|Research Site, Junggu, 22332, South Korea|Research Site, Seoul, 03080, South Korea|Research Site, Seoul, 03722, South Korea|Research Site, Seoul, 06591, South Korea|Research Site, Seoul, 5505, South Korea|Research Site, Bangkok, 10330, Thailand|Research Site, Bangkok, 10400, Thailand|Research Site, Bangkok, 10700, Thailand|Research Site, Hat Yai, 90110, Thailand|Research Site, Muang, 50200, Thailand|Research Site, Mueang, 20000, Thailand",True,False,2026.0,2028.0,True,False
NCT05941000,Continuous Glucose Monitoring and Behavioral Change Intervention for People With Type 2 Diabetes and Diabetes Distress,COMPLETED,Type 2 Diabetes,Northwell Health,ALL,"ADULT, OLDER_ADULT",,3.0,OTHER,INTERVENTIONAL,2024-09-10,2025-02-28,"Northwell Health - Institute of Health System Science, New York, New York, 10030, United States",True,False,2024.0,2025.0,True,False
NCT05327595,A Study of LY3549492 in Participants With Type 2 Diabetes Mellitus (T2DM),COMPLETED,"Diabetes Mellitus, Type 2",Eli Lilly and Company,ALL,"ADULT, OLDER_ADULT",PHASE1,80.0,INDUSTRY,INTERVENTIONAL,2022-05-09,2024-04-22,"Profil Institut für Stoffwechselforschung, Neuss, 41460, Germany",True,False,2022.0,2024.0,True,False
NCT06293664,Protocol for Alpha MSH Infusion Study in Patients With Type 2 Diabetes,UNKNOWN,Type 2 Diabetes Mellitus,Dasman Diabetes Institute,ALL,ADULT,,13.0,OTHER,INTERVENTIONAL,2024-03-04,2024-04-04,"Dasman Diabetes Institute, Kuwait City, Kuwait",False,False,2024.0,2024.0,True,False
NCT02771093,An Exploratory Study of the Effects of Trelagliptin and Alogliptin on Glucose Variability in Patients With Type 2 Diabetes Mellitus,COMPLETED,Type 2 Diabetes Mellitus,Takeda,ALL,"ADULT, OLDER_ADULT",PHASE4,27.0,INDUSTRY,INTERVENTIONAL,2016-09-08,2017-04-27,"Naka, Ibaragi, Japan",True,False,2016.0,2017.0,True,False
NCT00817778,Study to Assess the Safety and Tolerability After Multiple Oral Doses of AZD1656 in Patients With Type 2 Diabetes Mellitus Treated With Metformin,COMPLETED,Type 2 Diabetes,AstraZeneca,ALL,"ADULT, OLDER_ADULT",PHASE2,27.0,INDUSTRY,INTERVENTIONAL,2009-01,2009-07,"Research Site, San Antonio, Texas, United States",True,False,2009.0,2009.0,True,False
NCT07308925,Real-time Continuous Glucose Monitoring Compared With Intermittent Continuous Glucose Monitoring in People With Type 2 Diabetes Treated With Insulin.,NOT_YET_RECRUITING,Type 2 Diabetes,Hospital Universitario San Ignacio,ALL,"ADULT, OLDER_ADULT",,108.0,OTHER,INTERVENTIONAL,2026-01-31,2028-12-30,"Hospital Universitario San Ignacio, Bogotá, 111121, Colombia",True,False,2026.0,2028.0,True,False
NCT05659537,A Study of Dulaglutide (LY2189265) in Participants With Type 2 Diabetes Mellitus in India,COMPLETED,"Diabetes Mellitus, Type 2",Eli Lilly and Company,ALL,"ADULT, OLDER_ADULT",PHASE4,212.0,INDUSTRY,INTERVENTIONAL,2022-12-29,2024-01-16,"Medlink Hospital Opp Someshwara Jain Temple, Ahmedabad, Ambavadi, 380015, India|Life Care Hospital and Research Centre, Bangalore, Karnataka, 560092, India|Grant Medical Foundation - Ruby Hall Clinic, Pune, Maharashtra, 411001, India|Akshay Hospital, Pune, Maharashtra, 411004, India|Lifepoint Multispecialty Hsptl, Wākad, Pune, 411057, India|Kovai Diabetes Speciality Center and Hospital, Coimbatore, Tamil Nadu, 641009, India|Virinchi Hospital, Hyderabad, Telangana, 50034, India",True,False,2022.0,2024.0,True,False
NCT01812122,Effects of Vildagliptine and Glimepiride on Glucose Variability,COMPLETED,"Diabetes Mellitus, Non-Insulin-Dependent",Seoul National University Hospital,ALL,"ADULT, OLDER_ADULT",PHASE4,16.0,OTHER,INTERVENTIONAL,2013-03,2015-10,"Seoul National University Hospital, Seoul, 110-744, South Korea",True,False,2013.0,2015.0,True,False
NCT04448262,Bronchial Asthma and Diabetes: Impact on Bronchial Inflammation and Exercise Capacity,TERMINATED,Asthma|Diabete Type 2,Istituti Clinici Scientifici Maugeri SpA,ALL,"ADULT, OLDER_ADULT",,39.0,OTHER,OBSERVATIONAL,2019-07-10,2024-01-12,"Istituti Clinici Maugeri Pneumologia, Tradate, Lombardy, 21049, Italy",True,False,2019.0,2024.0,True,False
NCT04914559,Glucose Response in Persons with Type 2 Diabetes,COMPLETED,"Diabetes Mellitus, Type 2",Société des Produits Nestlé (SPN),ALL,"ADULT, OLDER_ADULT",,16.0,INDUSTRY,INTERVENTIONAL,2021-05-17,2021-06-30,"Orange County Research Center, Tustin, California, 92780, United States",True,False,2021.0,2021.0,True,False
NCT04315519,Effect of Blood Flow Restricted Aerobic Exercise in Type 2 Diabetes Mellitus,UNKNOWN,Type 2 Diabetes,Recep Tayyip Erdogan University Training and Research Hospital,ALL,"ADULT, OLDER_ADULT",,28.0,OTHER,INTERVENTIONAL,2020-04-01,2021-09-01,,True,False,2020.0,2021.0,True,False
NCT06935396,Comparison of Physical Function and Quality of Life in Insulin and Non-Insulin Users With Type 2 Diabetes,COMPLETED,Type 2 Diabetes,Eastern Mediterranean University,ALL,"ADULT, OLDER_ADULT",,67.0,OTHER,OBSERVATIONAL,2019-04-15,2019-11-20,"Eastern Mediterranean University, Mersin, Famagusta, 99450, Turkey (Türkiye)",True,False,2019.0,2019.0,True,False
NCT07271251,A Research Study to See if Two Different Formulations of Oral Semaglutide Are Equally Safe and Effective in Reducing the Blood Sugar Level in Japanese People With Type 2 Diabetes,COMPLETED,Type 2 Diabetes,Novo Nordisk A/S,ALL,"ADULT, OLDER_ADULT",PHASE3,267.0,INDUSTRY,INTERVENTIONAL,2025-12-01,2026-08-04,"Seino Internal Medicine Clinic_Internal medicine, Koriyama-shi, Fukushima, Fukushima, Japan, 963-8851, Japan|Hayashi Diabetes Clinic_Internal Medicine and Diabetes Medicine, Chigasaki-shi, Kanagawa, Japan, 253-0044, Japan|Jinnouchi Hospital_Internal Medicine, Kumamoto, Kumamoto, Japan, 862-0976, Japan|Heiwadai Hospital_Internal Medicine, Miyazaki, Miyazaki, 880-0034, Japan|TOSAKI Clinic for Diabetes and Endocrinology_Diabetes and Endocrinology, Aichi, 468-0009, Japan|Tokuyama clinic_Diabetic internal medicine, Chiba, 261-0004, Japan|Futata Tetsuhiro Clinic Meinohama_Internal medicine, Fukuoka-shi, Fukuoka, 819-0006, Japan|Oodouri Diabetes, Internal medicine Clinic_Internal Medicine, Diabetes Internal Medicine, Hokkaido, 060-0001, Japan|Naka Kinen Clinic_Internal medicine, Ibaraki, 311-0113, Japan|Yokohama Minoru Clinic_Internal medicine, Kanagawa, 232-0064, Japan|Shonan Takai Clinic_Internal Medicine, Kanagawa, 247-0055, Japan|Soka Sugiura Internal Medicine Clinic, Soka-shi, Saitama, 340-0015, Japan|Oyama East Clinic_Internal Medicine, Tochigi, 323-0022, Japan|Tokyo-Eki Center-building Clinic_Internal Medicine, Tokyo, 103-0027, Japan|Kato Clinic of Internal Medicine_Internal Medicine, Tokyo, 125-0054, Japan",True,False,2025.0,2026.0,True,False
NCT00035568,"A Research Study to Assess the Mechanism By Which Glucovance, Metformin, and Glyburide Work To Control Glucose Levels In Patients With Type 2 Diabetes",COMPLETED,"Diabetes Mellitus, Non-Insulin-Dependent",Bristol-Myers Squibb,ALL,"ADULT, OLDER_ADULT",PHASE4,,INDUSTRY,INTERVENTIONAL,2002-02,2003-06,"Local Institution, Little Rock, Arkansas, United States|Local Institution, Los Angeles, California, United States|Local Institution, Chicago, Illinois, United States|Local Institution, Indianapolis, Indiana, United States|Local Institution, Brooklyn, New York, United States|Local Institution, Rochester, New York, United States|Local Institution, Pittsburgh, Pennsylvania, United States|Local Institution, Dallas, Texas, United States|Local Institution, San Antonio, Texas, United States",True,False,2002.0,2003.0,False,False
NCT03421119,Comparing Efficacy and Safety of CinnaGen-liraglutide Versus Victoza® in Patients With Type II Diabetes,UNKNOWN,"Diabetes Mellitus, Type 2",Cinnagen,ALL,"ADULT, OLDER_ADULT",PHASE3,300.0,INDUSTRY,INTERVENTIONAL,2019-06-20,2019-12-01,,True,False,2019.0,2019.0,True,False
NCT07433062,A Study to Evaluate the Effect of AZD6793 on the Pharmacokinetics and Pharmacodynamics of Metformin in Participants With Type 2 Diabetes Mellitus,SUSPENDED,Type 2 Diabetes Mellitus,AstraZeneca,ALL,"ADULT, OLDER_ADULT",PHASE1,28.0,INDUSTRY,INTERVENTIONAL,2026-01-14,2026-06-18,"Research Site, Neuss, 41460, Germany",True,False,2026.0,2026.0,True,False
NCT02847091,Study of Ipragliflozin in Patients With Type 2 Diabetes Mellitus Receiving Insulin Therapy,COMPLETED,Type 2 Diabetes Mellitus,Astellas Pharma Inc,ALL,"ADULT, OLDER_ADULT",PHASE4,103.0,INDUSTRY,INTERVENTIONAL,2016-07-29,2017-11-09,"Site JP00007, Gunma, Japan|Site JP00008, Hiroshima, Japan|Site JP00009, Hyōgo, Japan|Site JP00010, Kanagawa, Japan|Site JP00003, Mie, Japan|Site JP00004, Osaka, Japan|Site JP00015, Shiga, Japan|Site JP00002, Tochigi, Japan|Site JP00005, Tochigi, Japan|Site JP00013, Tochigi, Japan|Site JP00001, Tokyo, Japan|Site JP00006, Tokyo, Japan|Site JP00011, Tokyo, Japan|Site JP00012, Tokyo, Japan|Site JP00014, Tokyo, Japan",True,False,2016.0,2017.0,True,False
NCT05579314,XW014 in Healthy Subjects and Patients With Type 2 Diabetes Mellitus (T2DM),COMPLETED,Type 2 Diabetes Mellitus,"Sciwind Biosciences USA Co., Ltd.",ALL,"ADULT, OLDER_ADULT",PHASE1,127.0,INDUSTRY,INTERVENTIONAL,2022-09-26,2024-11-16,"ICON - Early Development Services, Lenexa, Kansas, 66219, United States|ICON - Early Development Services, San Antonio, Texas, 78209, United States|ICON - Early Development Services, Salt Lake City, Utah, 84124, United States",True,False,2022.0,2024.0,True,False
NCT02143765,Efficacy and Safety of Mitiglinide vs Acarbose in Patients With Type 2 Diabetes Mellitus,COMPLETED,Type 2 Diabetes Mellitus,Zhongda Hospital,ALL,"ADULT, OLDER_ADULT",PHASE4,248.0,OTHER,INTERVENTIONAL,2014-05,2015-12,"The First People's Hospital of Changzhou, Changzhou, Jiangsu, China|The Second People's Hospital of Huai'an, Huai'an, Jiangsu, China|Department of Endocrinology, Zhongda Hospital, Institute of Diabetes, Southeast University, Nanjing, Jiangsu, China|Xuzhou Central Hospital, Xuzhou, Jiangsu, China|Yancheng City No.1 People's Hospital, Yancheng, Jiangsu, China|Zhenjiang First People's Hospital, Zhenjiang, Jiangsu, China",True,False,2014.0,2015.0,True,False
NCT05292833,Study on Adherence to a Mediterranean Diet in a Population of Patients With Type 2 Diabetes,COMPLETED,Type 2 Diabetes,Assistance Publique - Hôpitaux de Paris,ALL,"ADULT, OLDER_ADULT",,60.0,OTHER,OBSERVATIONAL,2023-07-06,2024-05-26,"Diabetology Department - Pitié-Salpêtrière Hospital, Paris, 75013, France|Pitié Salpêtrière - Nutrition, Paris, 75013, France|Hôpital Européen Georges Pompidou - Diabétologie, Paris, 75015, France",True,False,2023.0,2024.0,True,False
NCT01578096,Stress Management Among Latinos With Type 2 Diabetes,COMPLETED,"Diabetes Mellitus, Type 2",Yale University,ALL,"ADULT, OLDER_ADULT",,107.0,OTHER,INTERVENTIONAL,2012-05,2015-06,"Yale University, New Haven, Connecticut, United States",True,False,2012.0,2015.0,True,False
NCT02717078,The LoBAG Diet and Type 2 Diabetes Mellitus,COMPLETED,Type 2 Diabetes Mellitus,University of Minnesota,ALL,"ADULT, OLDER_ADULT",,48.0,OTHER,INTERVENTIONAL,2017-06-19,2023-02-14,"University of Minnesota, Minneapolis, Minnesota, 55455, United States",True,False,2017.0,2023.0,True,False
NCT07420699,The Acute Effects of Specialty Coffee on Cognitive Function in People With Type 2 Diabetes,COMPLETED,Type 2 Diabetes,University of Reading,ALL,"ADULT, OLDER_ADULT",,40.0,OTHER,INTERVENTIONAL,2023-11-09,2024-08-23,"Berkeley, Berkeley, California, 94720, United States",True,False,2023.0,2024.0,True,False
NCT07546929,HP-211 Safety and Proof of Concept Dose Ranging Study in Patients With Type 2 Diabetes,RECRUITING,Type 2 Diabetes,Housey Healthcare ULC,ALL,"ADULT, OLDER_ADULT",PHASE2,300.0,INDUSTRY,INTERVENTIONAL,2023-02-03,2026-10,"Alliance Clinical Canoga Park (Hope Clinical Research), Canoga Park, California, 91303, United States|Universal Axon Clinical Research, Doral, Florida, 33166, United States|Velocity Clinical Research New Smyrna Beach, Edgewater, Florida, 32132, United States|Southwest General Healthcare Center, Fort Myers, Florida, 33907, United States|Avantis Clinical Research, Miami, Florida, 33155, United States|IMIC Research, Miami, Florida, 33176, United States|South Broward Research, Miramar, Florida, 33027, United States|David Kavtaradze MD InC, Cordele, Georgia, 31015, United States|AMR Clinical - El Dorado, El Dorado, Kansas, 67042, United States|Tandem Clinical Research (Interspond), Marrero, Louisiana, 70072, United States|Arcturus Healthcare, PLC, Troy Internal Medicine Research Division, Troy, Michigan, 48098, United States|Velocity Clinical Research Norfolk, Norfolk, Nebraska, 68701, United States|Alliance Clinical Las Vegas (Excel Clinical Research), Las Vegas, Nevada, 89109, United States|Diabetes & Endocrinology Associates of Stark County, Inc., Canton, Ohio, 44718, United States|Advanced Medical Research, Maumee, Ohio, 43537, United States|Velocity Clinical Research Providence, East Greenwich, Rhode Island, 02818, United States|Velocity Clinical Research Dallas, Dallas, Texas, 75230, United States|Tekton Research, Irving, Texas, 75039, United States|Alliance Clinical Lewisville (Epic Clinical Research), Lewisville, Texas, 75057, United States|Tekton Research, McKinney, Texas, 75069, United States|Tekton Research, San Antonio, Texas, 78258, United States|Simcare Medical Research, LLC., Sugar Land, Texas, 77478, United States|Velocity Clinical Research Waco, Waco, Texas, 76710, United States|Burke Internal Medicine & Research, Burke, Virginia, 22015, United States|Tekton Research, Midlothian, Virginia, 23112, United States",True,False,2023.0,2026.0,True,False
NCT06739122,A Study of Dulaglutide (LY2189265) 3.0 mg and 4.5 mg in Pediatric Participants With Type 2 Diabetes Mellitus (AWARD-PEDS PLUS),RECRUITING,Type 2 Diabetes,Eli Lilly and Company,ALL,CHILD,PHASE3,55.0,INDUSTRY,INTERVENTIONAL,2025-01-10,2027-12,"University of Arizona, Tucson, Arizona, 85724, United States|Arkansas Childrens Hospital, Little Rock, Arkansas, 72202-3500, United States|Division of Endocrinology, Diabetes, and Metabolism, Los Angeles, California, 90027, United States|UCLA Mattel Children's Hospital, Los Angeles, California, 90095, United States|University of California, San Francisco, San Francisco, California, 94158, United States|Children's Hospital of Colorado, Denver, Colorado, 80045, United States|Yale Diabetes Research, New Haven, Connecticut, 06511, United States|Emerson Clinical Research Institute, Washington D.C., District of Columbia, 20009, United States|Children's National Medical Center, Washington D.C., District of Columbia, 20010, United States|Nemours Children's Health, Jacksonville, Florida, 32207, United States|D&H National Research Centers, Inc, Miami, Florida, 33155, United States|AdventHealth Orlando, Orlando, Florida, 32803, United States|D&H Tamarac Research Center, LLC, Tamarac, Florida, 33321, United States|University of South Florida, Tampa, Florida, 33612, United States|Children's Healthcare of Atlanta - Center for Advanced Pediatrics, Atlanta, Georgia, 30329, United States|Centricity Research Columbus Endocrinology, Columbus, Georgia, 31904, United States|St. Luke's Children's Endocrinology and Diabetes, Boise, Idaho, 83712, United States|University of Illinois at Chicago, Chicago, Illinois, 60612, United States|Center for Diabetes and Metabolic Diseases Indiana University, Indianapolis, Indiana, 46202, United States|University of Iowa Stead Family Children's Hospitals, Iowa City, Iowa, 52242, United States|Norton Children's Endocrinology, Louisville, Kentucky, 40202, United States|Johns Hopkins University School of Medicine, Baltimore, Maryland, 21287, United States|University of Mississippi Medical Center, Jackson, Mississippi, 39216, United States|University of New Mexico Hospital, Albuquerque, New Mexico, 87106, United States|WBMD Pediatrics, Buffalo, New York, 14203, United States|Cohen Children's Medical Center Division of Pediatric Endocrinology, Hyde Park, New York, 11042, United States|SUNY Upstate Medical University, Syracuse, New York, 13210, United States|UNC Children's Hospital, Chapel Hill, North Carolina, 27514, United States|Childrens Hospital Medical Center, Cincinnati, Ohio, 45229, United States|Cleveland Clinic Childrens Outpatient Center, Cleveland, Ohio, 44106, United States|University of Oklahoma Health Sciences Center, Oklahoma City, Oklahoma, 73104, United States|Children's Hospital of Philadelphia, Philadelphia, Pennsylvania, 19104, United States|St Christophers Hospital For Children, Philadelphia, Pennsylvania, 19134, United States|Prisma Health Pediatric Endocrinology, Columbia, South Carolina, 29203, United States|Prisma Health Midlands, Greenville, South Carolina, 29615, United States|Research Institute of Dallas, Dallas, Texas, 75231, United States|Texas Childrens Hospital, Houston, Texas, 77030, United States|UT Health Houston, Houston, Texas, 77030, United States|University of Utah, Salt Lake City, Utah, 84112, United States|Seattle Children's Hospital, Seattle, Washington, 98105, United States|Children's Wisconsin - Milwaukee Campus, Milwaukee, Wisconsin, 53226, United States|Centro Medico Dra. Laura Maffei- Investigacion Clinica Aplicada, Buenos Aires, C1425, Argentina|Centro de Investigaciones Médicas Mar del Plata, Mar del Plata, B7600FYK, Argentina|INECO Neurociencias Oroño, Rosario, 2000, Argentina|Clínica Mayo de Urgencias Médicas Cruz Blanca S.R.L, San Miguel de Tucumán, T4000IHE, Argentina|Go Centro Medico San Nicolás, San Nicolás, 2900, Argentina|Centro de Estudios de Investigacion Metabolicos y Cardiovasculares, Ciudad Madero, 89440, Mexico|Hospital Angeles (HA) - Puebla, Puebla City, 72190, Mexico|Clínica Cemain, Tampico, 89210, Mexico|Innovacion y Desarrollo de Estrategias en Salud SA de CV, Tlalpan, 14090, Mexico|Arké SMO S.A de C.V, Veracruz, 91910, Mexico",False,True,2025.0,2027.0,True,False
NCT00044707,Evaluation of an Orally Administered Medication When Taken in Conjunction With Pramlintide,COMPLETED,"Diabetes Mellitus, Non-Insulin-Dependent",AstraZeneca,ALL,ADULT,PHASE2,24.0,INDUSTRY,INTERVENTIONAL,2002-08,2002-09,"ICSL-Clinical Studies, Fort Lauderdale, Florida, 33301, United States",False,False,2002.0,2002.0,True,False
NCT05086445,A Study of LY3502970 in Japanese Participants With Type 2 Diabetes Mellitus,COMPLETED,"Diabetes Mellitus, Type 2",Eli Lilly and Company,ALL,"ADULT, OLDER_ADULT",PHASE1,62.0,INDUSTRY,INTERVENTIONAL,2021-11-12,2022-09-05,"Medical Corporation Heishinkai OPHAC Hospital, Osaka, Osaka, 532-0003, Japan|P-One Clinic, Hachiōji, Tokyo, 192-0071, Japan|Clinical Research Hospital Tokyo, Shinjuku-ku, Tokyo, 162-0053, Japan|Medical Corporation Houeikai Sekino Clinical Pharmacology Clinic, Toshima City, Tokyo, 171-0014, Japan|Yokohama Minoru Clinic, Yokohama, 232-0064, Japan",True,False,2021.0,2022.0,True,False
NCT01494987,Ranolazine When Added to Glimepiride in Subjects With Type 2 Diabetes Mellitus,COMPLETED,Type 2 Diabetes Mellitus,Gilead Sciences,ALL,"ADULT, OLDER_ADULT",PHASE3,431.0,INDUSTRY,INTERVENTIONAL,2012-01,2013-08,"Clinical Research Advantage/Desert Clinical Research, LLC, Mesa, Arizona, 85213, United States|Desert Sun Clinical Research, LLC, Tucson, Arizona, 85710, United States|Eclipse Clinical Research, Tucson, Arizona, 85745, United States|Paul W. Davis, MD, PA, Pine Bluff, Arkansas, 71603, United States|Southland Clinical Research Center, Inc., Fountain Valley, California, 92708, United States|Valley Research, Fresno, California, 93720-2992, United States|Del Rosario Medical Clinic, Inc., Huntington Park, California, 90255, United States|Scripps Whittier Diabetes Institute, La Jolla, California, 92037, United States|National Research Institute, Los Angeles, California, 90057, United States|Spectrum Clinical Research Institute, Inc, Moreno Valley, California, 92553, United States|Sacramento Heart and Vascular Medical Associates, Sacramento, California, 95825, United States|Infosphere Clinical Research, West Hills, California, 91307, United States|PAB Clinical Research, Brandon, Florida, 33511, United States|Florida Research Network, LLC, Gainesville, Florida, 32605-4253, United States|NewPhase Clinical Trials, Inc., Miami Beach, Florida, 33140, United States|Suncoast Clinical Research, New Port Richey, Florida, 34652, United States|Regenerate Clinical Trials, South Miami, Florida, 33143, United States|Comprehensive Clinical Development, Inc., St. Petersburg, Florida, 33716, United States|Clinical Research of Central Florida, Winter Haven, Florida, 33880, United States|Synergy Therapeutic Partners, Atlanta, Georgia, 30127, United States|CTL Research, Eagle, Idaho, 83616, United States|Cedar-Crosse Research Center, Chicago, Illinois, 60607, United States|LaPorte County Institute for Clinical Research, Michigan City, Indiana, 46360, United States|L-MARC Research Center, Louisville, Kentucky, 40213, United States|Horizon Research Group of Opelousas, Eunice, Louisiana, 70535, United States|MD Medical Research, Oxon Hill, Maryland, 20745, United States|IRC Clinics, Inc, Towson, Maryland, 21204, United States|Endeavor Medical Research, PLC, Alpena, Michigan, 49707, United States|Associated Internal Medicine Specialists, P.C., Battle Creek, Michigan, 49015, United States|Albuquerque Clinical Trials, Albuquerque, New Mexico, 87102, United States|PMG Research of Charlotte, Charlotte, North Carolina, 28209, United States|PharmQuest, Greensboro, North Carolina, 27408, United States|Clinical Inquest Center, Ltd., Beavercreek, Ohio, 45431, United States|Infinity Research Group, LLC, Oklahoma City, Oklahoma, 73103, United States|Southeastern Research Associates, Inc., Taylors, South Carolina, 29687, United States|HCCA Clinical Research Solution, Franklin, Tennessee, 37067, United States|Holston Medical Group, Kingsport, Tennessee, 37660-3256, United States|New Phase Research & Development, Knoxville, Tennessee, 37923, United States|The University of Texas Southwestern Medical Center at Dallas, Dallas, Texas, 75390, United States|Excel Clinical Research, LLC, Houston, Texas, 77081, United States|Texas Center for Drug Development, Inc., Houston, Texas, 77081, United States|Humble Cardiology Associates, Humble, Texas, 77338, United States|Cetero Research, San Antonio, Texas, 78229, United States|Cetero Research, San Antonio, Texas, 78237, United States|Highland Clinical Research, Salt Lake City, Utah, 84124, United States|Jean Brown Research, Salt Lake City, Utah, 84124, United States|Interni oddeleni, Havířov, Moravian-Silesian Region, 736 01, Czechia|Drug Research Center, Balatonfüred, 8230, Hungary|Synexus Hungary Ltd, Budapest, 1036, Hungary|Markhot Ferenc Hospital, Eger, 3300, Hungary|Kanizsai Dorottya Hospital, Nagykanizsa, 8800, Hungary|Borbanya Praxis Kft., Outpatient Clinic, Nyíregyháza, 4400, Hungary|Medifarma 98, Nyíregyháza, 4400, Hungary|Hospital Universiti Sains Malaysia, Kubang Kerian, Kelantan, 16150, Malaysia|NZOZ Centrum Badan Klinicznych, Wroclaw, Lower Silesian Voivodeship, 50-349, Poland|Centrum Badan Klinicznych PI-House Sp. z o.o., Gdansk, Pomeranian Voivodeship, 80-546, Poland|LANDA - Specjalistyczne Gabinety Lekarskie, Krakow, 30-015, Poland|SPZOZ Uniwersytecki Szpital Kliniczny Nr 1 im. Norberta Barlickiego Uniwersytetu Medycznego w Łodzi, Oddział Kliniczny Diabetologii, Lodz, 90-153, Poland|NZOZ Centrum Badan Klinicznych Oswiecim, Oswięcim, 32-600, Poland|Centrum Terapii Wspolczesnej J.M. Jasnorzewska Sp. Komandytowo - Akcyjna, Lodz, Łódź Voivodeship, 90-242, Poland|NZOZ Centrum Medyczne Szpital Sw. Rodziny, Lodz, Łódź Voivodeship, 90-302, Poland|NZOZ Polimedica, Zgierz, Łódź Voivodeship, 95-100, Poland|CMI Morosanu V. Magdalena, Galati, Galați County, 800371, Romania|Spital Clinic Judetean de Urgenta Oradea Stationarul 1, Oradea, Jud Bihor, 410169, Romania|Consultmed SRL, Iași, Jud. Iasi, 700547, Romania|Centru Medical Dr. Negrisanu, Timișoara, Judical Timis, 300456, Romania|Institutul de Diabet, Nutritie si Boli Metabolice ""Dr. N. C. Paulescu"", Bucharest, 020042, Romania|Tehnomed Trading Srl, Bucharest, 020354, Romania|Institutul National De Diabet, Nutritie Si Boli Metabolice ""Prof. Dr. N.C. Paulescu"", Bucharest, 020475, Romania|O.D. Medica Srl, Bucharest, 020725, Romania|CMI Mateescu S. Ana-Maria, Constanța, 900675, Romania|Spitalul Clinic Judetean de Urgenta ""Sf. Apostol Andrei"" Galati, Galati, 800578, Romania|Diabmed Dr. Popescu Alexandrina SRL, Ploieşti, 100163, Romania|3rd Central Military Clinical Hospital named after A.A.Vishnevskogo, Arkhangel'skoye, 143420, Russia|GOU VPO ""Chita State Medical Academy"" of Minzdravsocrazvitie RF, Chita, 672090, Russia|""Clinic of New Medical Technology"" Company Limited, Dzerzhinskiy, 140091, Russia|Kemerovo Regional Clinical Hospital, Kemerovo, 650066, Russia|""Krasnoyarsk State Medical University n.a. Prof. V.F. Voyno-Yasenetsky, Krasnoyarsk, 660062, Russia|State Healthcare Institution of Moscow ""Cardiologival Dispensary #2 of Management Department of South Administrative District"", Moscow, 117556, Russia|Central Clinical Hospital of Russian Academy of Sciences, Moscow, 117593, Russia|Medical Sanitary Unit of Minestry of Internal Affairs of Russia in Moscow, Moscow, 127299, Russia|City Clinical Hospital # 13 of Avtozavodsky District of Nizhniy Novgorod, Nizhny Novgorod, 603018, Russia|Novosibirsk State Medical University, Novosibirsk, 630087, Russia|Scientific Research Institute of Physiology of Siberian Department RAMS, Novosibirsk, 630117, Russia|City Hospital # 38 named after N A Semashko, Pushkin, 196601, Russia|Rostov State Medical University, Rostov-on-Don, 344022, Russia|Ryazan State Medical University, Ryazan, 390005, Russia|Medinet, LLC, Saint Petersburg, 190000, Russia|North-Western State Medical Unversity n.a. I.I.Mechnikov, Saint Petersburg, 191015, Russia|Saint-Petersburg City Outpatient Clinic#37, Saint Petersburg, 191119, Russia|Military Medical Academy named after S.M. Kirov, Saint Petersburg, 191124, Russia|Saint-Petersburg state budgetary healthcare institution ""City Polyclinic #109"", Saint Petersburg, 192283, Russia|Alexanders City Hospital, Saint Petersburg, 193312, Russia|Clinical Hospital #122 n.a. Sokolov of FMBA, Saint Petersburg, 194291, Russia|ANO ""Medical Centre ""XXI century"", Saint Petersburg, 194354, Russia|St. Elizabeth City Hospital, Saint Petersburg, 195257, Russia|Krestovsky Island Medical Institute, LLC, Saint Petersburg, 197042, Russia|Federal Centre of Heart, Blood and Endocrinology named after V.A. Almazov, Saint Petersburg, 197341, Russia|International Medical Center ""SOGAZ"", LLC, Saint Petersburg, 198168, Russia|Saint-Petersburg City Pokrovskaya Hospital, Saint Petersburg, 199106, Russia|Center ""Diabetes"", LLC, Samara, 443067, Russia|Smolensk State Medical Academy, Sanatorium-Preventorium, Smolensk, 214019, Russia|Tyumen State Medical Academy, Tyumen, 625023, Russia|Voronezh Regional Clinical Hospital #1, Voronezh, 394082, Russia|City Hospital named after N.A.Semashko, Yaroslavl, 150002, Russia|Clinical Hospital for Emergency Care named after N.V. Solovyov, Yaroslavl, 150003, Russia|Medical Sanitary Unit of Novo-Yaroslavsky Oil Refinery, Yaroslavl, 150023, Russia|Yaroslavl Regional Clinical Hospital, Yaroslavl, 150062, Russia|The Urals State Medical Academy, Yekaterinburg, 620102, Russia|Clinical Center of Serbia, Belgrade, 11000, Serbia|Zvezdara University Medical Center, Belgrade, 11000, Serbia|Clinical Center of Kragujevac, Kragujevac, 34000, Serbia|METABOLKLINIK s.r.o., Bratislava, Bratislava Region, 811 08, Slovakia|Metabolic Center of Dr. Katarina Raslova Ltd., Bratislava, Bratislava Region, 831 01, Slovakia|ARETEUS s.r.o., Diabetologicka ambulancia, Trebišov, Košice Region, 07501, Slovakia|MediVet s.r.o., Malacky, 901 01, Slovakia|ENDIAMED s.r.o, Dolný Kubín, Žilina Region, 02601, Slovakia|Newkwa Medical Centre, Newlands West, Durban, 4037, South Africa|Drs. Naiker and Naicker Inc., Overport, Durban, 4001, South Africa|Centre for Diabetes and Endocrinology Suite 1, Durban, 4091, South Africa|Centre for Diabetes, Asthma and Allergy, Johannesburg, 01829, South Africa|Soweto Clinical Trial Centre, Johannesburg, 1818, South Africa|Centre fro Diabetes and Endocrinology (Pty) Ltd, Johannesburg, 2198, South Africa|Aliwal Shoal Medical & Clinical Trial Centre, Kwa Zulu Natal, 4170, South Africa|Paarl Research Centre, Paarl, Cape Town, 7647, South Africa|Helderberg Clinical Trials Centre, Somerset West, 7130, South Africa|Tiervlei Trial Centre, Western Cape, 7530, South Africa|Chulalongkorn University, Patumwan, Bangkok, 10330, Thailand|Phramongkutklao Hospital, Bangkok, 10400, Thailand|Rajavithi Hospital, Bangkok, 10400, Thailand|Songklanagarind Hospital, Songkhla, 90110, Thailand|City Clinical Hospital#9, Dnipropetrovsk State Medical Academy, Dnipropetrovsk, 49023, Ukraine|Educational Scientific Medical Centre ""University clinic"" of Donetsk National Medical University n.a. M.Gorkiy, Donetsk, 83003, Ukraine|Administration of Medical Service and Rehabilitation of ""ARTEM"" State Holding Company, Kyiv, 04050, Ukraine|National Medical University n.a. O.O. Bogomolets, Chair of Family Medicine based on Outpatient Clinic # 2 of Shevchenkovsky District, Kyiv, 04050, Ukraine|V. P. Komissarenko Institute of Endocrinology and Metabolism of AMS of Ukraine, Kyiv, 04114, Ukraine|Municipal Institution Lutsk City Clinical Hospital, Lutsk, 43024, Ukraine|Lviv Regional Endocrinology Dispensary, Lviv, 79010, Ukraine|Odessa State Medical University, Odesa, 65039, Ukraine|Zhytomyr Regional Clinical Hospital, Zhytomyr, 10002, Ukraine",True,False,2012.0,2013.0,True,False
NCT03940482,Time Restricted Eating As Treatment (TREAT) for Diabetes Mellitus: A Pre-Post 12 Week Study on the Effectiveness of Intermittent Fasting in Asians With Type 2 Diabetes Mellitus,UNKNOWN,Type 2 Diabetes Mellitus,Singapore General Hospital,ALL,"ADULT, OLDER_ADULT",,50.0,OTHER,INTERVENTIONAL,2019-01-14,2023-12-30,"Singapore General Hospital (Clinical Trials and Research Centre), Singapore, 169608, Singapore",True,False,2019.0,2023.0,True,False
NCT07484672,Comparative Effects of Periodized Circuit Training and Conventional Strength Training in Patients With Diabetes Type II,COMPLETED,"Diabetes Mellitus, Type 2",Riphah International University,ALL,"ADULT, OLDER_ADULT",,50.0,OTHER,INTERVENTIONAL,2024-02-10,2025-01-05,"JPMC Hospital, Karachi, Sindh, 75510, Pakistan",True,False,2024.0,2025.0,True,False
NCT07659574,Phase III Study of UBT251 Injection in Patients With Type 2 Diabetes Mellitus With Inadequate Glycemic Control on Diet and Exercise Alone（UNIGUIDE-1）,NOT_YET_RECRUITING,Type 2 Diabetes,"The United Bio-Technology (Hengqin) Co., Ltd.",ALL,"ADULT, OLDER_ADULT",PHASE3,360.0,INDUSTRY,INTERVENTIONAL,2026-08-10,2027-10-22,"The Second Xiangya Hospital of Central South University, Hunan, Changsha, China",True,False,2026.0,2027.0,True,False
NCT07662109,A Phase III Study to Investigate the Efficacy and Safety of the Combination of Elecoglipron and Dapagliflozin in Adults With Type 2 Diabetes Mellitus,RECRUITING,Type 2 Diabetes Mellitus,AstraZeneca,ALL,"ADULT, OLDER_ADULT",PHASE3,2000.0,INDUSTRY,INTERVENTIONAL,2026-07-06,2028-07-05,"Research Site, Huntsville, Alabama, 35801, United States|Research Site, Mobile, Alabama, 36608, United States|Research Site, Sheffield, Alabama, 35660, United States|Research Site, Little Rock, Arkansas, 72205, United States|Research Site, Bakersfield, California, 93309, United States|Research Site, Los Angeles, California, 90017, United States|Research Site, Ontario, California, 91762, United States|Research Site, Lake City, Florida, 32055, United States|Research Site, Lakeland, Florida, 33813, United States|Research Site, Atlanta, Georgia, 30315, United States|Research Site, Chicago, Illinois, 60640, United States|Research Site, Skokie, Illinois, 60077, United States|Research Site, Evansville, Indiana, 47714, United States|Research Site, Sioux City, Iowa, 51106, United States|Research Site, Zachary, Louisiana, 70791, United States|Research Site, Annapolis, Maryland, 21401, United States|Research Site, Lutherville-Timonium, Maryland, 21093, United States|Research Site, Oxon Hill, Maryland, 20745, United States|Research Site, Boston, Massachusetts, 02114, United States|Research Site, Boston, Massachusetts, 02115, United States|Research Site, Troy, Michigan, 48098, United States|Research Site, Ridgeland, Mississippi, 39157, United States|Research Site, Elkhorn, Nebraska, 68022, United States|Research Site, Albuquerque, New Mexico, 87112, United States|Research Site, Brooklyn, New York, 11201, United States|Research Site, Raleigh, North Carolina, 27607, United States|Research Site, Beachwood, Ohio, 44122, United States|Research Site, Maumee, Ohio, 43537, United States|Research Site, Norman, Oklahoma, 73069, United States|Research Site, Kingsport, Tennessee, 37660, United States|Research Site, Nashville, Tennessee, 37203, United States|Research Site, Dallas, Texas, 75230, United States|Research Site, McKinney, Texas, 75069, United States|Research Site, Paris, Texas, 75462, United States|Research Site, San Antonio, Texas, 78229, United States|Research Site, South Jordan, Utah, 84095, United States|Research Site, Arlington, Virginia, 22205, United States|Research Site, Newport News, Virginia, 23606, United States|Research Site, Redmond, Washington, 98052, United States|Research Site, Kingwood, West Virginia, 26537, United States|Research Site, Buenos Aires, C1012AAR, Argentina|Research Site, Buenos Aires, C1425AGC, Argentina|Research Site, CABA, C1120AAC, Argentina|Research Site, Caba, C1128AAF, Argentina|Research Site, Ciudad de Buenos Aires, C1094AAD, Argentina|Research Site, Mar del Plata, B7600GNY, Argentina|Research Site, Rosario, S2000CVD, Argentina|Research Site, San Nicolás, B2900DMH, Argentina|Research Site, San Vicente, 5006, Argentina|Research Site, Barretos, 14784-400, Brazil|Research Site, Brasília, 71625-009, Brazil|Research Site, Campinas, 13060-904, Brazil|Research Site, Curitiba, 80030-480, Brazil|Research Site, Fortaleza, 60430-350, Brazil|Research Site, Natal, 59020-035, Brazil|Research Site, Porto Alegre, 90630-165, Brazil|Research Site, Rio de Janeiro, 22270-060, Brazil|Research Site, São José dos Campos, 12243-280, Brazil|Research Site, São Paulo, 01228-200, Brazil|Research Site, São Paulo, 04012-180, Brazil|Research Site, Baotou, China|Research Site, Beijing, 100044, China|Research Site, Beijing, 100050, China|Research Site, Beijing, 102218, China|Research Site, Changde, 415000, China|Research Site, Changsha, 410015, China|Research Site, Changzhou, 272100, China|Research Site, Chengdu, 610078, China|Research Site, Chengdu, 611130, China|Research Site, Chenzhou, 423000, China|Research Site, Chifeng, 024000, China|Research Site, Hangzhou, 310014, China|Research Site, Hefei, 230601, China|Research Site, Huai'an, 223005, China|Research Site, Jinan, 250031, China|Research Site, Jincheng, 048000, China|Research Site, Jining, 272006, China|Research Site, Jinzhou Shi, 121001, China|Research Site, Kaifeng, 475000, China|Research Site, Langfang, 065000, China|Research Site, Liangyugang, 222002, China|Research Site, Luoyang, 471009, China|Research Site, Meihekou, 135022, China|Research Site, Nanjing, 210011, China|Research Site, Nantong, 226001, China|Research Site, Nanyang, 473009, China|Research Site, Pinggu, 101200, China|Research Site, Pingxiang, 337055, China|Research Site, Sanya, 572000, China|Research Site, Shanghai, 200062, China|Research Site, Shanghai, 201199, China|Research Site, Shantou, 515065, China|Research Site, Shenyang, 110004, China|Research Site, Shenyang, 110023, China|Research Site, Shijiazhuang, 050000, China|Research Site, Shijiazhuang, 050001, China|Research Site, Tianjin, 300000, China|Research Site, Wuhan, 430010, China|Research Site, Wuhu, 241004, China|Research Site, Xi'an, 710077, China|Research Site, Xiangyang, 441000, China|Research Site, Xianyang, 712000, China|Research Site, Xuzhou, 221000, China|Research Site, Xuzhou, 221009, China|Research Site, Yan’an, 716000, China|Research Site, Yueyang, 414000, China|Research Site, Zhumadian, 463000, China|Research Site, Zibo, 255499, China|Research Site, Hradec Králové, 500 02, Czechia|Research Site, Humpolec, 396 01, Czechia|Research Site, Jílové u Prahy, 254 01, Czechia|Research Site, Ostrava, 702 00, Czechia|Research Site, Prague, 147 00, Czechia|Research Site, Prague, 149 00, Czechia|Research Site, Prague, 160 00, Czechia|Research Site, Příbram, 261 01, Czechia|Research Site, Aarhus N, 8200, Denmark|Research Site, Esbjerg, 6700, Denmark|Research Site, Gandrup, 9362, Denmark|Research Site, Herlev, 2730, Denmark|Research Site, Hillerød, 3400, Denmark|Research Site, Hvidovre, 2650, Denmark|Research Site, Odense, 5000, Denmark|Research Site, Berlin, 13597, Germany|Research Site, Cologne, 51069, Germany|Research Site, Damme, 49401, Germany|Research Site, Deggingen, 73326, Germany|Research Site, Duisburg, 47269, Germany|Research Site, Essen, 45355, Germany|Research Site, Falkensee, 14612, Germany|Research Site, Frankfurt, 60596, Germany|Research Site, Hamburg, 22607, Germany|Research Site, Leipzig, 04249, Germany|Research Site, Münster, 48145, Germany|Research Site, Nittendorf, 93152, Germany|Research Site, Pohlheim, 35415, Germany|Research Site, Villingen-Schwenningen, 78048, Germany|Research Site, Wallerfing, 94574, Germany|Research Site, Weinheim, 69469, Germany|Research Site, Alexandroupoli, 68100, Greece|Research Site, Athens, 115 25, Greece|Research Site, Athens, 11527, Greece|Research Site, Athens, 17562, Greece|Research Site, Ioannina, 45500, Greece|Research Site, Thessaloniki, 54635, Greece|Research Site, Thessaloniki, 54642, Greece|Research Site, Thessaloniki, 54645, Greece|Research Site, Budapest, 1036, Hungary|Research Site, Budapest, 1089, Hungary|Research Site, Debrecen, 4032, Hungary|Research Site, Salgótarján, 3100, Hungary|Research Site, Szeged, 6725, Hungary|Research Site, Szolnok, 5000, Hungary|Research Site, Zalaegerszeg, 8900, Hungary|Research Site, Bangalore, 560 092, India|Research Site, Belagavi, 590006, India|Research Site, Belagavi, 590010, India|Research Site, Calicut, 673008, India|Research Site, Chennai, 600086, India|Research Site, Coimbatore, 641018, India|Research Site, Guwahati, 781032, India|Research Site, Indore, 452008, India|Research Site, Jaipur, 302017, India|Research Site, Kochi, 682040, India|Research Site, Kochi, 682041, India|Research Site, Lucknow, 226030, India|Research Site, Madurai, 625020, India|Research Site, Mumbai, 400012, India|Research Site, Nagpur, 440010, India|Research Site, New Delhi, 11029, India|Research Site, Thiruvananthapuram, 695031, India|Research Site, Chūōku, 103-0027, Japan|Research Site, Hachioji-shi, 192-0083, Japan|Research Site, Ichikawa-shi, 272-8516, Japan|Research Site, Kishiwada-shi, 596-8501, Japan|Research Site, Meguro-ku, 153-0053, Japan|Research Site, Mito, 310-0826, Japan|Research Site, Sapporo, 060-0061, Japan|Research Site, Shinjuku-ku, 160-0008, Japan|Research Site, Tama-shi, 206-0033, Japan|Research Site, Yamato-shi, 242-0004, Japan|Research Site, Alor Star, 05400, Malaysia|Research Site, Ipoh, 30450, Malaysia|Research Site, Kangar, 01000, Malaysia|Research Site, Kuala Lumpur, 59100, Malaysia|Research Site, Sarawak Miri, 98000, Malaysia|Research Site, Seremban, 70300, Malaysia|Research Site, Seri Manjung, 32040, Malaysia|Research Site, Cuernavaca, 62448, Mexico|Research Site, Bialystok, 15-897, Poland|Research Site, Częstochowa, 42-217, Poland|Research Site, Kielce, 25-355, Poland|Research Site, Lodz, 90-338, Poland|Research Site, Lublin, 20-718, Poland|Research Site, Poznan, 60-354, Poland|Research Site, Radom, 26-600, Poland|Research Site, Warsaw, 00-124, Poland|Research Site, Warsaw, 02-507, Poland|Research Site, San Juan, 00918, Puerto Rico|Research Site, Bojnice, 97201, Slovakia|Research Site, Bratislava, 81108, Slovakia|Research Site, Lučenec, 984 01, Slovakia|Research Site, Námestovo, 029 01, Slovakia|Research Site, Rožňava, 048 01, Slovakia|Research Site, Trebišov, 075 01, Slovakia|Research Site, Vrútky, 038 61, Slovakia|Research Site, Žilina, 010 01, Slovakia|Research Site, Brackenfell, 7560, South Africa|Research Site, Cape Town, 7500, South Africa|Research Site, Cape Town, 7570, South Africa|Research Site, Claremont, 7708, South Africa|Research Site, Durban, 4091, South Africa|Research Site, Durban, 4093, South Africa|Research Site, eMkhomazi, 4170, South Africa|Research Site, Johannesburg, 1827, South Africa|Research Site, KwaDukuza, 4449, South Africa|Research Site, Paarl, 7646, South Africa|Research Site, Pretoria, 0083, South Africa|Research Site, Goyang-si, 411-706, South Korea|Research Site, Guri-si, 11923, South Korea|Research Site, Gwangju, 61453, South Korea|Research Site, Gyeonggi-do, 13620, South Korea|Research Site, Seoul, 03722, South Korea|Research Site, Seoul, 06273, South Korea|Research Site, Seoul, 136-705, South Korea|Research Site, Suwon, 16499, South Korea|Research Site, Yangsan, 50612, South Korea|Research Site, Changhua, 500, Taiwan|Research Site, Kaohsiung City, 80756, Taiwan|Research Site, Kaohsiung City, 813, Taiwan|Research Site, New Taipei City, 220, Taiwan|Research Site, New Taipei City, 24352, Taiwan|Research Site, Taichung, 40201, Taiwan|Research Site, Taichung, 40705, Taiwan|Research Site, Taichung, 433004, Taiwan|Research Site, Tainan, 70403, Taiwan|Research Site, Tainan County, 71044, Taiwan|Research Site, Taipei, 10002, Taiwan|Research Site, Taoyuan, 333, Taiwan|Research Site, Bangkok, 10400, Thailand|Research Site, Banphaeo, 74120, Thailand|Research Site, Changwat Sara Buri, 18000, Thailand|Research Site, Khlong Luang, 12120, Thailand|Research Site, Khon Kaen, 40002, Thailand|Research Site, Muang, 70000, Thailand|Research Site, Mueang, 20000, Thailand|Research Site, Ratchathewi, 10400, Thailand|Research Site, Ankara, 06540, Turkey (Türkiye)|Research Site, Ankara, 6200, Turkey (Türkiye)|Research Site, Gaziantep, 27470, Turkey (Türkiye)|Research Site, Istanbul, 34010, Turkey (Türkiye)|Research Site, Istanbul, 34265, Turkey (Türkiye)|Research Site, Istanbul, 34384, Turkey (Türkiye)|Research Site, Konya, 42130, Turkey (Türkiye)|Research Site, Kyiv, 02002, Ukraine|Research Site, Kyiv, 03037, Ukraine|Research Site, Kyiv, 03049, Ukraine|Research Site, Kyiv, 03057, Ukraine|Research Site, Kyiv, 04114, Ukraine|Research Site, Kyiv, 04210, Ukraine|Research Site, Lviv, 79010, Ukraine|Research Site, Lviv, 79016, Ukraine|Research Site, Uzhhorod, 88002, Ukraine|Research Site, Uzhhorod, 88014, Ukraine|Research Site, Vinnytsia, 21001, Ukraine|Research Site, Blackburn, BB2 1AX, United Kingdom|Research Site, Dundee, DD1 9SY, United Kingdom|Research Site, Guisborough, TS14 7DJ, United Kingdom|Research Site, Nantwich, CW5 5NX, United Kingdom|Research Site, Rotherham, S65 1DA, United Kingdom|Research Site, Thetford, IP24 1JD, United Kingdom|Research Site, Weston-super-Mare, BS24 7PR, United Kingdom|Research Site, Witney, OX28 6JS, United Kingdom|Research Site, Woodbridge, IP136TH, United Kingdom|Research Site, Yate, BS37 4AX, United Kingdom|Research Site, Hanoi, 10000, Vietnam|Research Site, Ho Chi Minh City, 700000, Vietnam|Research Site, Hochiminh City, 700000, Vietnam|Research Site, Hochiminh, 700000, Vietnam|Research Site, Hồ Chí Minh, 700000, Vietnam|Research Site, Huế, 530000, Vietnam|Research Site, Rach Gia, 920000, Vietnam",True,False,2026.0,2028.0,True,False
NCT07122102,"A Multicenter, Randomized, Open-Label, Parallel-Controlled Clinical Study Comparing the Efficacy and Safety of Cofrogliptin Versus Acarbose in Drug-Naïve Patients With Type 2 Diabetes",NOT_YET_RECRUITING,Type 2 Diabetes,"Haisco Pharmaceutical Group Co., Ltd.",ALL,"ADULT, OLDER_ADULT",,200.0,INDUSTRY,INTERVENTIONAL,2025-10-01,2027-07-30,"He'nan Provincial People's Hospital, Zhengzhou, Henan, China",True,False,2025.0,2027.0,True,False
NCT01105429,Single Ascending Dose Study of BMS-820132 in Patients With Type 2 Diabetes,COMPLETED,"Diabetes Mellitus, Non-Insulin-Dependent",Bristol-Myers Squibb,ALL,"ADULT, OLDER_ADULT",PHASE1,56.0,INDUSTRY,INTERVENTIONAL,2010-05,2010-10,"Profil Institute For Clinical Research, Inc. (Picr), Chula Vista, California, 91911, United States|Clinical Pharmacology Of Miami Inc., Miami, Florida, 33014, United States|Elite Research Institute, Miami, Florida, 33169, United States",True,False,2010.0,2010.0,True,False
NCT06290947,BFR Walking for Insulin and Aerobic Improvement in Type 2 Diabetes,COMPLETED,Type 2 Diabetes Mellitus,Arab American University (Palestine),MALE,"ADULT, OLDER_ADULT",,60.0,OTHER,INTERVENTIONAL,2022-03-06,2024-01-08,"Arab American University - Palestine, Jenin, P.O Box 24, Palestinian Territories",True,False,2022.0,2024.0,True,False
NCT03829891,Study for Beinaglutide Versus Glargine Therapy in Glycemic Variability of Type 2 Diabetes Mellitus,COMPLETED,Type 2 Diabetes Mellitus,Xijing Hospital,ALL,"ADULT, OLDER_ADULT",,60.0,OTHER,INTERVENTIONAL,2018-08-07,2020-12-04,"Chang'an Hospital, Xi'an, China,Shanxi, 710016, China|Shaanxi Aerospace Hospital, Xi'an, China,Shanxi, 710025, China",True,False,2018.0,2020.0,True,False
NCT05026528,Digital Diabetes Self Management Education and Support for Patients With Type 2 Diabetes,TERMINATED,Type 2 Diabetes,Region Jönköping County,ALL,"ADULT, OLDER_ADULT",,138.0,OTHER_GOV,INTERVENTIONAL,2021-11-30,2025-04-30,"Boxholms vårdcentral, Boxholm, Sweden|Eksjö vårdcentral, Eksjö, Sweden|Gislaved vårdcentral, Gislaved, Sweden|Rosenhälsans vårdcentral, Huskvarna, Sweden|Gränna vårdcentral, Jönköping, Sweden|Lokstallarna vårdcentral, Jönköping, Sweden|Norrahammars vårdcentral, Jönköping, Sweden|Råslätts vårdcentral, Jönköping, Sweden|Wetterhälsan, Jönköping, Sweden|Kvarnholmens hälsocentral, Kalmar, Sweden|Kärna vårdcentral, Linköping, Sweden|Linghems vårdcentral, Linköping, Sweden|Tannefors vårdcentral, Linköping, Sweden|Stora Trädgårdsgatans hälsocentral, Västervik, Sweden|Aroma Vårdcentral, Vetlanda, Sweden",True,False,2021.0,2025.0,True,False
NCT02196272,"Nurse-led Reminder Program for Therapy Adherence, Clinical Outcomes and Trust in Nurses in Diabetic Patients",UNKNOWN,"Diabetes Mellitus, Non-Insulin-Dependent",Azienda Sanitaria Locale n. 2 - Lanciano Vasto Chieti,ALL,"ADULT, OLDER_ADULT",,120.0,OTHER,INTERVENTIONAL,2014-07,,,True,False,2014.0,,True,False
NCT05629117,Personalized Diabetes Text Messaging (DB-TEXT) Combined With Peer Support Education in Patients With Type 2 Diabetes,COMPLETED,Type 2 Diabetes,Taipei Medical University,ALL,"CHILD, ADULT, OLDER_ADULT",,83.0,OTHER,INTERVENTIONAL,2022-12-26,2023-07-30,"Taipei Medical University, Taipei, Xinyi District, 100, Taiwan",True,True,2022.0,2023.0,True,False
NCT02189135,Making Ramadhan Fasting a Safer Experience With Technology Study,COMPLETED,"Diabetes Mellitus, Non-Insulin-Dependent",Monash University,ALL,"ADULT, OLDER_ADULT",PHASE4,85.0,OTHER,INTERVENTIONAL,2014-07,2016-09,"Klinik Kesihatan Pandamaran, Klang, Selangor, 42000, Malaysia",True,False,2014.0,2016.0,True,False
NCT01299844,"Impact of Type 2 Diabetes Peer Counseling on Behavioral, Metabolic, and Health Outcomes Among Latinos",COMPLETED,"Diabetes Mellitus, Non-Insulin-Dependent",University of Connecticut,ALL,"ADULT, OLDER_ADULT",,208.0,OTHER,INTERVENTIONAL,2006-12,2010-09,"University of Connecticut, Storrs, Connecticut, 06269-4017, United States",True,False,2006.0,2010.0,True,False
NCT07060456,Efficacy and Safety of HRS9531 in Participants With Type 2 Diabetes Treated With Basal Insulin,RECRUITING,Type 2 Diabetes,"Fujian Shengdi Pharmaceutical Co., Ltd.",ALL,"ADULT, OLDER_ADULT",PHASE3,300.0,INDUSTRY,INTERVENTIONAL,2025-07-25,2027-03,"Perking University Peoples' Hospital, Beijing, Beijing Municipality, 100044, China",True,False,2025.0,2027.0,True,False
NCT06235086,A Study of TG103 Injection Combined With Metformin in Treatment of Type 2 Diabetes Mellitus,COMPLETED,Type 2 Diabetes Mellitus,"CSPC Baike (Shandong) Biopharmaceutical Co., Ltd.",ALL,"ADULT, OLDER_ADULT",PHASE3,632.0,INDUSTRY,INTERVENTIONAL,2024-04-08,2026-02-03,"Peking University People's Hospital, Beijing, Beijing Municipality, 100032, China",True,False,2024.0,2026.0,True,False
NCT05366868,Durable Effect of Imeglimin on the Glycemic Control in Patients With Type 2 Diabetes Mellitus,ACTIVE_NOT_RECRUITING,"Diabetes Mellitus, Type 2","National Center for Global Health and Medicine, Japan",ALL,"ADULT, OLDER_ADULT",PHASE4,567.0,OTHER_GOV,INTERVENTIONAL,2022-05-26,2027-03-31,"Center Hospital of the National Center for Global Health and Medicine, Shinjuku-Ku, Tokyo, 162-8655, Japan",True,False,2022.0,2027.0,True,False
NCT06273657,Effects of Medisinstart for Type 2 Diabetes,UNKNOWN,Type 2 Diabetes,Apokus AS,ALL,"ADULT, OLDER_ADULT",,500.0,OTHER,INTERVENTIONAL,2024-02-07,2026-02,"Ryfylke apotek, Rennesøy, Rennesøy, 4150, Norway|Apotek 1 Veakrossen, Veavåg, Veavåg, 4276, Norway|Vitusapotek Åfjord, Åfjord, 7170, Norway|Apotek 1 Andslimoen, Bardufoss, 9325, Norway|Apotek 1 Brandbu, Brandbu, 2760, Norway|Apotek 1 Brummundal, Brumunddal, 2380, Norway|Sykehusapoteket i Drammen, Drammen, 3004, Norway|Vitusapotek Gjøvik, Gjøvik, 2806, Norway|Vitusapotek Jessheim, Jessheim, 2050, Norway|Boots apotek Kløfta, Kløfta, 2040, Norway|Vitusapotek Leksvik, Leksvik, 7120, Norway|Apotek 1 Lena, Lena, 2850, Norway|Boots apotek Loddefjord, Loddefjord, 5171, Norway|Sykehusapoteket i Oslo, Aker, Oslo, 0586, Norway|Vitusapotek Røa, Oslo, 0751, Norway|Vitusapotek Jekta, Tromsø, 9015, Norway|Sykehusapoteket i Trondheim, Trondheim, 7030, Norway|Vitusapotek Ulefoss, Ulefoss, 3830, Norway|Boots apotek Linnea, Øystese, 5610, Norway",True,False,2024.0,2026.0,True,False
NCT04823208,A Study of LY3437943 in Japanese Participants With Type 2 Diabetes Mellitus (T2DM),COMPLETED,"Diabetes Mellitus, Type 2",Eli Lilly and Company,ALL,"ADULT, OLDER_ADULT",PHASE1,64.0,INDUSTRY,INTERVENTIONAL,2021-05-24,2022-06-23,"Medical Corporation Heishinkai OCROM Clinic, Suita-shi, Osaka, 565-0853, Japan|P-one clinic, Hachiōji, Tokyo, 192-0071, Japan|Clinical Research Hospital Tokyo, Shinjuku-ku, Tokyo, 162-0053, Japan|Yokohama Minoru Clinic, Yokohama, 232-0064, Japan",True,False,2021.0,2022.0,True,False
NCT06972732,A Phase IV Clinical Trial to Compare the Efficacy and Safety of Metformin+Sodium-Glucose Cotransporter 2 Inhibitor(SGLT2-i)+Thiazolidinedione (TZD) in Patients With Type 2 Diabetes,RECRUITING,Type 2 Diabetes,"Boryung Pharmaceutical Co., Ltd",ALL,"ADULT, OLDER_ADULT",PHASE4,204.0,INDUSTRY,INTERVENTIONAL,2025-06-11,2026-10-01,"The Catholic University of Korea, Seoul St. Mary's Hospital, Seoul, Seocho District, 06591, South Korea",True,False,2025.0,2026.0,True,False
NCT04181424,Lowering the Impact of Food Insecurity in African American Adults With Type 2 Diabetes Mellitus (LIFT-DM),ACTIVE_NOT_RECRUITING,Type 2 Diabetes,State University of New York at Buffalo,ALL,"ADULT, OLDER_ADULT",,300.0,OTHER,INTERVENTIONAL,2019-12-15,2027-06-30,"State University of New York at Buffalo, Buffalo, New York, 14203, United States",True,False,2019.0,2027.0,True,False
NCT06459596,Pilot Brief Communal Coping Intervention for Adults With Type 2 Diabetes,COMPLETED,"Diabetes Mellitus, Type 2",Carnegie Mellon University,ALL,"ADULT, OLDER_ADULT",,62.0,OTHER,INTERVENTIONAL,2022-11-22,2025-02-25,"Carnegie Mellon University, Pittsburgh, Pennsylvania, 15213, United States",True,False,2022.0,2025.0,True,False
NCT04403217,Effect of MEDiterranean Diet on the microBIOME of Individuals With Type 2 Diabetes,UNKNOWN,Type 2 Diabetes,Universidade Nova de Lisboa,ALL,"ADULT, OLDER_ADULT",,30.0,OTHER,INTERVENTIONAL,2019-04-01,2021-09-30,"NOVA Medical School|Faculdade de Ciências Médicas, Universidade NOVA de Lisboa, Lisbon, 1169-056, Portugal",True,False,2019.0,2021.0,True,False
NCT02222350,Phase 2 Study of DS-8500a in Patients With Type 2 Diabetes,COMPLETED,Type 2 Diabetes Mellitus,"Daiichi Sankyo Co., Ltd.",ALL,"ADULT, OLDER_ADULT",PHASE2,100.0,INDUSTRY,INTERVENTIONAL,2014-07,2015-01,"Heishinkai Medical Group Incorporated OCROM Clinic, Kasuga, Osaka, 565-0853, Japan",True,False,2014.0,2015.0,True,False
NCT02001766,ATP Release and Sympathetic Nerve Activity in Patients With Type II Diabetes,UNKNOWN,Type 2 Diabetes,Anders Rasmussen Rinnov,ALL,"ADULT, OLDER_ADULT",PHASE1|PHASE2,45.0,OTHER,INTERVENTIONAL,2013-02,2016-08,"Centre of Inflammation and Metabolism (CIM), Rigshospitalet, Tagensvej 20, section M7641, Copenhagen, 2100, Denmark",True,False,2013.0,2016.0,True,False
NCT06176703,Mobile Application for Self-Management of Type 2 Diabetes Mellitus,UNKNOWN,"Diabetes Mellitus, Type 2",Ramathibodi Hospital,ALL,"ADULT, OLDER_ADULT",,128.0,OTHER,INTERVENTIONAL,2023-11-22,2025-11-22,"Faculty of Medicine Ramathibodi Hospital, ฺBangkok, 10170, Thailand",True,False,2023.0,2025.0,True,False
NCT03951753,A Study of Tirzepatide in Participants With Type 2 Diabetes Mellitus (T2DM),COMPLETED,"Diabetes Mellitus, Type 2",Eli Lilly and Company,ALL,"ADULT, OLDER_ADULT",PHASE1,117.0,INDUSTRY,INTERVENTIONAL,2019-06-28,2021-04-08,"Profil Institut für Stoffwechselforschung, Neuss, North Rhine-Westphalia, 41460, Germany|Profil Mainz GmbH & Co. KG, Mainz, Rhineland-Palatinate, 55116, Germany",True,False,2019.0,2021.0,True,False
NCT05130463,Esgliteo Post Marketing Surveillance (PMS) in Korean Patients With Type 2 Diabetes Mellitus,COMPLETED,"Diabetes Mellitus, Type 2",Boehringer Ingelheim,ALL,"ADULT, OLDER_ADULT",,1053.0,INDUSTRY,OBSERVATIONAL,2022-03-22,2024-07-08,"Cheonan Chungmu Hospital, Cheonan-si, Chungcheongnam-do, 31181, South Korea|Woori-hospital, Bucheon-si, Gyeonggi-do, 14706, South Korea|Seo Jung Hwa Internal medicine, Gwangmyeong, Gyeonggi-do, 14248, South Korea|Samsung Internal medicine, Hanam, Gyeonggi-do, 12927, South Korea|Brrunmadi Orthopedics, Seongnam-si, Gyeonggi-do, 13182, South Korea|ST.Mary's Will Hospital, Seongnam-si, Gyeonggi-do, 13313, South Korea|21Chospital, Seongnam-si, Gyeonggi-do, 13577, South Korea|Seoul National University Bundang Hospital, Seongnam-si, Gyeonggi-do, 13620, South Korea|Dr.Yoon's Clinic, Gyeongsan-si, Gyeongsangbuk-do, 38657, South Korea|Yeongju gidok hospital, Yeongju, Gyeongsangbuk-do, 36096, South Korea|Seoul NIM Clinic, Changwon-si,, Gyeongsangnam-do, 51595, South Korea|Choi Bongki Internal Medicine, Changwon-si, Gyeongsangnam-do, 51449, South Korea|Gyeongsang National Univ. Changwon Hospital, Changwon-si, Gyeongsangnam-do, 51472, South Korea|Chonnam National Univ. Hwasun Hospital, Hwasun-gun, Jeollanam-do, 58128, South Korea|Park Chang Hyun Clinic, Mokpo-si, Jeollanam-do, 58640, South Korea|Mokpo Gospel Internal Medicine Clinic, Mokpo-si, Jeollanam-do, 58664, South Korea|Park Il Jong Clinic, Mokpo-si, Jeollanam-do, 58707, South Korea|Yeosu Jeil Hospital, Yeosu, Jeollanam-do, 59677, South Korea|Yonsei Clinic, Busan, 46555, South Korea|MyungJi Medical Center, Busan, 46726, South Korea|Choi Won Rak Clinic, Busan, 49374, South Korea|Daejeon Endo Internal Medicine, Daejeon, 35220, South Korea|Good Morning Interanl medicine, Gwangju, 61675, South Korea|Park Clinic, Gwangju, 62258, South Korea|IBS Medical Clinic, Incheon, 22006, South Korea|Dream Internal Medicine Clinic, Jeju City, 63083, South Korea|D&F Hospital, Seoul, 02089, South Korea|Kyung Hee University Medical Center, Seoul, 02447, South Korea|Yonsei Checkup Clinic, Seoul, 05719, South Korea|CBY Endocrine & Internal Medicine, Seoul, 08783, South Korea",True,False,2022.0,2024.0,True,False
NCT00952991,The Effects of LAF237 on Gastric Function in Type 2 Diabetes,COMPLETED,"Diabetes Mellitus, Non-Insulin-Dependent",Mayo Clinic,ALL,"ADULT, OLDER_ADULT",PHASE3,18.0,OTHER,INTERVENTIONAL,2005-05,2006-02,"Mayo Clinic, Rochester, Minnesota, 55905, United States",True,False,2005.0,2006.0,True,False
NCT04240171,Dapagliflozin Versus Glimepiride Effect in Patient With Type 2 Diabetes Mellitus,COMPLETED,"Diabetes Mellitus, Type 2",Damanhour University,ALL,"ADULT, OLDER_ADULT",,60.0,OTHER,OBSERVATIONAL,2020-12-01,2022-01-31,"Tanta University Hospital, Tanta, El-Gharbia, 31527, Egypt",True,False,2020.0,2022.0,True,False
NCT06819371,"Impact of Dual vs. Single Task Exercise on Cognitive Function, Balance, and Functionality in Type 2 Diabetes",NOT_YET_RECRUITING,Diabetes Mellitus Type 2,Izmir Democracy University,ALL,"ADULT, OLDER_ADULT",,36.0,OTHER,INTERVENTIONAL,2025-09-10,2025-11-15,"Izmir Democracy University, Izmir, Turkey (Türkiye)",True,False,2025.0,2025.0,True,False
NCT05134662,ALT-801 in Overweight and Obese Subjects With Type 2 Diabetes Mellitus (T2DM),COMPLETED,Type 2 Diabetes,"Altimmune, Inc.",ALL,"ADULT, OLDER_ADULT",PHASE1,55.0,INDUSTRY,INTERVENTIONAL,2022-02-01,2023-03-09,"Altimmune CTM, Fort Myers, Florida, 33900, United States|Altimmune CTM, Sarasota, Florida, 34230, United States|Altimmune CTM, River Forest, Illinois, 60305, United States|Altimmune CTM, Kansas City, Missouri, 64101, United States|Altimmune CTM, Knoxville, Tennessee, 37922, United States|Altimmune CTM, San Antonio, Texas, 78201, United States|Altimmune CTM, Tomball, Texas, 77375, United States",True,False,2022.0,2023.0,True,False
NCT04413357,Glycemic Response in Persons with Type 2 Diabetes,COMPLETED,"Diabetes Mellitus, Type 2",Société des Produits Nestlé (SPN),ALL,"ADULT, OLDER_ADULT",,14.0,INDUSTRY,INTERVENTIONAL,2020-05-18,2020-08-11,"Orange County Research Center, Tustin, California, 92780, United States",True,False,2020.0,2020.0,True,False
NCT06493955,"Evaluation of the Effectiveness of Extending the ""Passerelle"" System for Prescribing Adapted Physical Activity to Patients With Type 2 Diabetes in Nouvelle-AQUItaine (France)",NOT_YET_RECRUITING,"Diabetes Mellitus, Type 2","University Hospital, Bordeaux",ALL,"ADULT, OLDER_ADULT",,308.0,OTHER,INTERVENTIONAL,2026-09,2029-09,"Cabinet Médical Bergerac, Bergerac, France",True,False,2026.0,2029.0,True,False
NCT06757751,Antidiabetic Potential of Galician High-phenolic Extra Virgin Olive Oils in Patients With Type 2 Diabetes Mellitus.,COMPLETED,"Diabetes Mellitus, Type 2",Fundacin Biomedica Galicia Sur,ALL,"ADULT, OLDER_ADULT",,116.0,OTHER,INTERVENTIONAL,2021-04-30,2022-09-30,"Beatriz Cancho Grande, Ourense, 32004, Spain",True,False,2021.0,2022.0,True,False
NCT04924400,Complete Health Improvement Program for Geisinger Health Plan Members With Type 2 Diabetes,COMPLETED,Type 2 Diabetes,Thomas Morland,ALL,"ADULT, OLDER_ADULT",,38.0,OTHER,INTERVENTIONAL,2022-03-09,2023-01-10,"Geisinger, Danville, Pennsylvania, 17822, United States",True,False,2022.0,2023.0,True,False
NCT04723550,COVID-19 Lockdown Related Telemedicine for Type 2 Diabetes,UNKNOWN,Type 2 Diabetes Mellitus,Wenwen Yin,ALL,ADULT,,120.0,OTHER,INTERVENTIONAL,2021-01-05,2022-01-05,"Department of Endocrinology, Xuzhou NO.1 Peoples Hospital, Xuzhou, Jiangsu, 221000, China",False,False,2021.0,2022.0,True,False
NCT06419816,"Effect of Linking Data Using Smartphone Application, 'Well Check', on Clinical Outcomes in Patients With Type 2 Diabetes Mellitus",ACTIVE_NOT_RECRUITING,Type 2 Diabetes,Daewoong Pharmaceutical Co. LTD.,ALL,"ADULT, OLDER_ADULT",,471.0,INDUSTRY,OBSERVATIONAL,2024-06-11,2026-06-30,"Kyung Hee University Medical Center, Seoul, South Korea",True,False,2024.0,2026.0,True,False
NCT01865474,Efficacy and Safety of DLBS1033 in Subjects With Type 2 Diabetes Mellitus,COMPLETED,Type 2 Diabetes Mellitus,Dexa Medica Group,ALL,"ADULT, OLDER_ADULT",PHASE4,122.0,INDUSTRY,INTERVENTIONAL,2013-05,2016-06,"Department of Internal Medicine, Faculty of Medicine, University of Andalas/ dr. M. Djamil Padang Hospital, Padang, West Sumatra, Indonesia",True,False,2013.0,2016.0,True,False
NCT03538743,"4-Week, Multiple-dose, Dose-escalating Study In Patients With Type 2 Diabetes",COMPLETED,Type 2 Diabetes Mellitus,Pfizer,ALL,"ADULT, OLDER_ADULT",PHASE1,98.0,INDUSTRY,INTERVENTIONAL,2018-06-25,2019-06-10,"Anaheim Clinical Trials, LLC, Anaheim, California, 92801, United States|Qps-Mra, Llc, South Miami, Florida, 33143, United States|Qps-Mra,Llc, South Miami, Florida, 33143, United States|Altasciences Clinical Kansas, Inc., Overland Park, Kansas, 66212, United States",True,False,2018.0,2019.0,True,False
NCT01669616,Point of Service Diabetes Screening Evaluation,COMPLETED,"Diabetes Mellitus, Non-Insulin Dependent","VeraLight, Inc.",ALL,"ADULT, OLDER_ADULT",,667.0,INDUSTRY,OBSERVATIONAL,2012-08,2013-01,"Blue Cross Blue Shield of Louisiana, Baton Rouge, Louisiana, 70809, United States",True,False,2012.0,2013.0,True,False
NCT07181304,Peer Support and Remote Patient Monitoring for Black Adults With Type 2 Diabetes,NOT_YET_RECRUITING,Type 2 Diabetes,University of Alabama at Birmingham,ALL,"ADULT, OLDER_ADULT",,200.0,OTHER,INTERVENTIONAL,2026-08-15,2028-06-30,,True,False,2026.0,2028.0,True,False
NCT04755660,Home-based Resistance Training to Patients With Type 2 Diabetes,COMPLETED,"Diabetes Mellitus, Type 2",National Taipei University of Nursing and Health Sciences,ALL,"ADULT, OLDER_ADULT",,90.0,OTHER,INTERVENTIONAL,2021-03-15,2021-12-30,"Shin Kong Wu Ho-Su Memorial Hospital, Taipei, Taiwan",True,False,2021.0,2021.0,True,False
NCT04725890,Safety and Feasibility of a Novel Endoscopic Intervention for the Treatment of Type II Diabetes,COMPLETED,Type 2 Diabetes,"Endogenex, Inc.",ALL,"ADULT, OLDER_ADULT",,65.0,INDUSTRY,INTERVENTIONAL,2021-04-20,2024-12-22,"The BMI Clinic, Sydney, New South Wales, 2028, Australia|St Vincent's Hospital Melbourne, Fitzroy, Victoria, VIC 3065, Australia",True,False,2021.0,2024.0,True,False
NCT04217291,The Efficacy and Safety of Different Doses of SY-004 in Patients With Type 2 Diabetes Mellitus,COMPLETED,Type 2 Diabetes Mellitus,"Suzhou Yabao Pharmaceutical R&D Co., Ltd.",ALL,"ADULT, OLDER_ADULT",PHASE2,200.0,INDUSTRY,INTERVENTIONAL,2019-12-10,2021-07-09,"PLA General Hospital, Beijing, Beijing Municipality, 100853, China",True,False,2019.0,2021.0,True,False
NCT04957914,A Study of LY3209590 on Low Blood Sugar in Participants With Type 2 Diabetes Mellitus,COMPLETED,Type 2 Diabetes Mellitus,Eli Lilly and Company,ALL,"ADULT, OLDER_ADULT",PHASE1,54.0,INDUSTRY,INTERVENTIONAL,2021-07-14,2022-10-17,"Profil Institut für Stoffwechselforschung, Neuss, North Rhine-Westphalia, 41460, Germany",True,False,2021.0,2022.0,True,False
NCT06974825,A Study of BGM0504 in Chinese Patients With Type 2 Diabetes,COMPLETED,Type 2 Diabetes,"BrightGene Bio-Medical Technology Co., Ltd.",ALL,"ADULT, OLDER_ADULT",PHASE2,67.0,INDUSTRY,INTERVENTIONAL,2023-08-30,2024-08-13,"The Third Xiangya Hospital of Central South University, Changsha, Hunan, China",True,False,2023.0,2024.0,True,False
NCT04143802,A Study of LY3437943 in Participants With Type 2 Diabetes Mellitus (T2DM),COMPLETED,"Diabetes Mellitus, Type 2",Eli Lilly and Company,ALL,"ADULT, OLDER_ADULT",PHASE1,72.0,INDUSTRY,INTERVENTIONAL,2019-12-18,2020-12-28,"Anaheim Clinical Trials, LLC, Anaheim, California, 92801, United States|Miami Research Associates, Miami, Florida, 33143, United States|PRA International, Lenexa, Kansas, 66219, United States|Clinical Trials of Texas, Inc., San Antonio, Texas, 78229, United States",True,False,2019.0,2020.0,True,False
NCT00949091,Pharmacokinetics and Pharmacodynamics of TAK-875 in Subjects With Type 2 Diabetes,COMPLETED,"Diabetes Mellitus, Type 2",Takeda,ALL,"ADULT, OLDER_ADULT",PHASE1,60.0,INDUSTRY,INTERVENTIONAL,2009-01,2009-07,,True,False,2009.0,2009.0,True,False
NCT05281029,Observational Study Gemigliptin in Patients Aged ≥ 65 Years With Type 2 Diabetes Mellitus,UNKNOWN,Type 2 Diabetes Mellitus,LG Chem,ALL,OLDER_ADULT,,3000.0,INDUSTRY,OBSERVATIONAL,2021-06-24,2023-10-31,"Severance Hospital, Seoul, South Korea",True,False,2021.0,2023.0,True,False
NCT05362071,Remotely Supervised Exercise Program in Individuals With Type 2 Diabetes,COMPLETED,"Diabetes Mellitus, Type 2",Federal University of Pelotas,ALL,"ADULT, OLDER_ADULT",,33.0,OTHER,INTERVENTIONAL,2022-05-02,2023-09-15,"Federal University of Pelotas, Pelotas, Brazil, Pelotas, Rio Grande do Sul, 96055-630, Brazil",True,False,2022.0,2023.0,True,False
NCT07662044,A Phase III Study to Investigate the Efficacy and Safety of Elecoglipron Alone or in Combination With Dapagliflozin Compared With Placebo in Adults With Type 2 Diabetes Mellitus,RECRUITING,Type 2 Diabetes Mellitus,AstraZeneca,ALL,"ADULT, OLDER_ADULT",PHASE3,800.0,INDUSTRY,INTERVENTIONAL,2026-07-06,2028-07-14,"Research Site, Birmingham, Alabama, 35205, United States|Research Site, Daphne, Alabama, 36526, United States|Research Site, Lomita, California, 90717, United States|Research Site, Los Alamitos, California, 90720, United States|Research Site, San Diego, California, 92111, United States|Research Site, Walnut Creek, California, 94598, United States|Research Site, Englewood, Colorado, 80110, United States|Research Site, Bridgeport, Connecticut, 06606, United States|Research Site, Jacksonville, Florida, 32256, United States|Research Site, Orlando, Florida, 32801, United States|Research Site, Conyers, Georgia, 30094, United States|Research Site, Decatur, Georgia, 30030, United States|Research Site, Hinesville, Georgia, 31313, United States|Research Site, El Dorado, Kansas, 67042, United States|Research Site, Newton, Kansas, 67114, United States|Research Site, Lexington, Kentucky, 40509, United States|Research Site, Mandeville, Louisiana, 70471, United States|Research Site, Bowie, Maryland, 20715, United States|Research Site, Southfield, Michigan, 48075, United States|Research Site, Kansas City, Missouri, 64111, United States|Research Site, St Louis, Missouri, 63141, United States|Research Site, Las Vegas, Nevada, 89119, United States|Research Site, Anderson, South Carolina, 29621, United States|Research Site, Knoxville, Tennessee, 37909, United States|Research Site, Fort Worth, Texas, 76135, United States|Research Site, Irving, Texas, 75061, United States|Research Site, Renton, Washington, 98057, United States|Research Site, Buenos Aires, C1425AGC, Argentina|Research Site, CABA, C1120AAC, Argentina|Research Site, Caba, C1128AAF, Argentina|Research Site, Ciudad de Buenos Aires, C1094AAD, Argentina|Research Site, Mar del Plata, B7600GNY, Argentina|Research Site, San Nicolás, B2900DMH, Argentina|Research Site, San Vicente, 5006, Argentina|Research Site, Santa Fe, S3000FWO, Argentina|Research Site, Baotou, 014030, China|Research Site, Binzhou, 256606, China|Research Site, Cangzhou, 061002, China|Research Site, Changsha, 430033, China|Research Site, Chengdu, 610081, China|Research Site, Ganzhou, 341099, China|Research Site, Haikou, 570208, China|Research Site, Hangzhou, 310006, China|Research Site, Huangshi, 435000, China|Research Site, Huzhou, 313003, China|Research Site, Jinan, 250013, China|Research Site, Jinzhou, 121002, China|Research Site, Lanzhou, 730000, China|Research Site, Lianyungang, 222023, China|Research Site, Liaocheng, 252000, China|Research Site, Liuzhou, 545006, China|Research Site, Loudi, 417099, China|Research Site, Luoyang, 471001, China|Research Site, Luoyang, 471003, China|Research Site, Nanchang, 330006, China|Research Site, Nanjing, 2100008, China|Research Site, Nanjing, 211100, China|Research Site, Nanyang, 473000, China|Research Site, Ningbo, 315010, China|Research Site, Panjin, 124000, China|Research Site, Qingdao, 266035, China|Research Site, Sanmenxia, 472000, China|Research Site, Shanghai, 200040, China|Research Site, Suining Shi, 629000, China|Research Site, Tonghua, 134000, China|Research Site, Xi'an, 710077, China|Research Site, Xiangtan, 411100, China|Research Site, Xuancheng, 242000, China|Research Site, Yibin, 610500, China|Research Site, Yichang, 443003, China|Research Site, Yuncheng, 044099, China|Research Site, Zhengzhou, 450002, China|Research Site, Zhengzhou, 450012, China|Research Site, Zhenjiang, 212002, China|Research Site, Gandrup, 9362, Denmark|Research Site, Herlev, 2730, Denmark|Research Site, Hillerød, 3400, Denmark|Research Site, Hvidovre, 2650, Denmark|Research Site, Athens, 10676, Greece|Research Site, Athens, 11526, Greece|Research Site, Athens, 12131, Greece|Research Site, Athens, 15125, Greece|Research Site, Heraklion, 71500, Greece|Research Site, Piraeus, 18454, Greece|Research Site, Piraeus, 18536, Greece|Research Site, Thessaloniki, 54636, Greece|Research Site, Thessaloniki, 57001, Greece|Research Site, Thessaloniki, 57010, Greece|Research Site, Budapest, 1027, Hungary|Research Site, Budapest, 1036, Hungary|Research Site, Budapest, 1138, Hungary|Research Site, Debrecen, 4032, Hungary|Research Site, Dunaújváros, 2400, Hungary|Research Site, Szeged, 6725, Hungary|Research Site, Szolnok, 5000, Hungary|Research Site, Amagasaki-shi, 660-8550, Japan|Research Site, Chiba, 261-0004, Japan|Research Site, Chitose-shi, 066-0032, Japan|Research Site, Chūōku, 1040031, Japan|Research Site, Koga-shi, 306-0232, Japan|Research Site, Minatoku, 105-0004, Japan|Research Site, Okayama, 701-1192, Japan|Research Site, Oyama-shi, 323-0022, Japan|Research Site, Shinjuku-ku, 169-0072, Japan|Research Site, Zentsuji-shi, 765-0071, Japan|Research Site, Bratislava, 81108, Slovakia|Research Site, Bratislava, 831 03, Slovakia|Research Site, Košice, 04001, Slovakia|Research Site, Martin, 036 01, Slovakia|Research Site, Námestovo, 02901, Slovakia|Research Site, Poprad, 05845, Slovakia|Research Site, Rožňava, 048 01, Slovakia|Research Site, Brackenfell, 7560, South Africa|Research Site, Cape Town, 7500, South Africa|Research Site, Cape Town, 7570, South Africa|Research Site, Claremont, 7708, South Africa|Research Site, Durban, 4093, South Africa|Research Site, eMkhomazi, 4170, South Africa|Research Site, Johannesburg, 1827, South Africa|Research Site, KwaDukuza, 4449, South Africa|Research Site, Paarl, 7646, South Africa|Research Site, Pretoria, 2, South Africa|Research Site, Jongno-gu, 110-746, South Korea|Research Site, Seongnam-si, 463-712, South Korea|Research Site, Seoul, 03080, South Korea|Research Site, Seoul, 5505, South Korea|Research Site, Barcelona, 08016, Spain|Research Site, Barcelona, 08020, Spain|Research Site, Barcelona, 08035, Spain|Research Site, Barcelona, 08930, Spain|Research Site, Figueres, 17600, Spain|Research Site, Seville, 41003, Spain|Research Site, Seville, 41950, Spain|Research Site, Changhua, 500, Taiwan|Research Site, Kaohsiung City, 80756, Taiwan|Research Site, Kaohsiung City, 813, Taiwan|Research Site, New Taipei City, 220, Taiwan|Research Site, Taichung, 40201, Taiwan|Research Site, Taichung, 40705, Taiwan|Research Site, Taichung, 433004, Taiwan|Research Site, Tainan, 70403, Taiwan|Research Site, Tainan County, 71044, Taiwan|Research Site, Taipei, 10002, Taiwan|Research Site, Adana, 01060, Turkey (Türkiye)|Research Site, Ankara, 06530, Turkey (Türkiye)|Research Site, Ankara, 06560, Turkey (Türkiye)|Research Site, Bursa, 16310, Turkey (Türkiye)|Research Site, Izmir, 35340, Turkey (Türkiye)|Research Site, Kayseri, 38039, Turkey (Türkiye)|Research Site, Samsun, 55139, Turkey (Türkiye)",True,False,2026.0,2028.0,True,False
NCT06923046,Implementation of Team Clinic for Type 2 Diabetes (TCT2),RECRUITING,Type 2 Diabetes,Children's Hospital Los Angeles,ALL,"CHILD, ADULT",,160.0,OTHER,INTERVENTIONAL,2025-08-14,2027-06-30,"Children's Hospital Los Angeles, Los Angeles, California, 91316, United States|University of California, San Francisco, San Francisco, California, 94143-0434, United States",False,True,2025.0,2027.0,True,False
NCT04276428,A Study of LY3209590 in Japanese Participants With Type 2 Diabetes Mellitus,COMPLETED,"Diabetes Mellitus, Type 2",Eli Lilly and Company,ALL,"ADULT, OLDER_ADULT",PHASE1,28.0,INDUSTRY,INTERVENTIONAL,2020-02-28,2020-11-28,"Clinical Research Hospital Tokyo, Shinjuku-ku, Jp-13, 162-0053, Japan|P-one clinic, Hachiōji, Tokyo, 192-0071, Japan|Yokohama Minoru Clinic, Yokohama, 232-0064, Japan",True,False,2020.0,2020.0,True,False
NCT03131687,A Study of Tirzepatide (LY3298176) in Participants With Type 2 Diabetes Mellitus,COMPLETED,Type 2 Diabetes Mellitus,Eli Lilly and Company,ALL,"ADULT, OLDER_ADULT",PHASE2,318.0,INDUSTRY,INTERVENTIONAL,2017-05-24,2018-08-01,"Internal Medicine Center LLC, Mobile, Alabama, 36608, United States|Anaheim Clinical Trails, Anaheim, California, 92801, United States|Valley Research, Fresno, California, 93720, United States|National Research Institute, Huntington Park, California, 90255, United States|National Research Institute, Los Angeles, California, 90057, United States|Catalina Research Institute, Montclair, California, 91763, United States|Valley Clinical Trails, Inc, Northridge, California, 91325, United States|Artemis Institute For Clinical Research, San Diego, California, 92103, United States|Artemis Institute For Clinical Research, San Marcos, California, 92078, United States|Encompass Clinical Research, Spring Valley, California, 91978, United States|University Clinical Investigators INC, Tustin, California, 92780, United States|Chase Medical Research, Waterbury, Connecticut, 06708, United States|Clinical Research of South Florida, Coral Gables, Florida, 33134, United States|East Coast Institute For Research, Jacksonville, Florida, 32216, United States|Suncoast Research Group, LCC, Miami, Florida, 33135, United States|New Horizon Research Center, Miami, Florida, 33175, United States|Sensible Healthcare, Ocoee, Florida, 34761, United States|Palm Harbor Medical Associate, Palm Harbor, Florida, 34684, United States|Solaris Clinical Research, Meridian, Idaho, 83646, United States|Iderc P.L.C., West Des Moines, Iowa, 50265, United States|Cotton O'Neil Diabetes and Endocrine, Topeka, Kansas, 66606, United States|ActivMed Practices & Research, Methuen, Massachusetts, 01844, United States|Clinical Research Professionals, St Louis, Missouri, 63141, United States|Palm Research Center, Las Vegas, Nevada, 89128, United States|Premier Research, Trenton, New Jersey, 08611, United States|Manhattan Medical Research, New York, New York, 10016, United States|Lillestol Research LLC, Fargo, North Dakota, 58103, United States|Aventiv Research, Columbus, Ohio, 43213, United States|The Corvallis Clinic P.C., Corvallis, Oregon, 97330, United States|PMG Research Of Charleston LLC, Moncks Corner, South Carolina, 29461, United States|New Phase Research & Development, Knoxville, Tennessee, 37909, United States|PMG Research Of Knoxville, Knoxville, Tennessee, 37938, United States|Dallas Diabetes Endocrine Center, Dallas, Texas, 75230, United States|Consano Clinical Research, Shavano Park, Texas, 78231, United States|Chrysalis Clinical Research, St. George, Utah, 84790, United States|For additional information regarding investigative sites for this trial, contact 1-888-545-5972 Mon - Fri, 9 AM to 4 PM or 1-877-CTLILLY (1-877-285-4559, 1-317-615-4559) Mon - Fri, 9 AM to 5 PM Eastern Time or speak with your personal physician., Gdansk, 80-546, Poland|""For additional information regarding investigative sites for this trial, contact 1-888-545-5972 Mon - Fri, 9 AM to 4 PM or 1-877-CTLILLY (1-877-285-4559, 1-317-615-4559) Mon - Fri, 9 AM to 5 PM Eastern Time or speak with your personal physician."", Gdynia, 81-553, Poland|For additional information regarding investigative sites for this trial, contact 1-888-545-5972 Mon - Fri, 9 AM to 4 PM or 1-877-CTLILLY (1-877-285-4559, 1-317-615-4559) Mon - Fri, 9 AM to 5 PM Eastern Time or speak with your personal physician., Gdynia, 81-553, Poland|For additional information regarding investigative sites for this trial, contact 1-888-545-5972 Mon - Fri, 9 AM to 4 PM or 1-877-CTLILLY (1-877-285-4559, 1-317-615-4559) Mon - Fri, 9 AM to 5 PM Eastern Time or speak with your personal physician., Katowice, 40-772, Poland|Clinica de Pesquisas e Centro de Estudos em Oncologia Ginecológica e Mamária LTDA, Lodz, 90-242, Poland|For additional information regarding investigative sites for this trial, contact 1-888-545-5972 Mon - Fri, 9 AM to 4 PM or 1-877-CTLILLY (1-877-285-4559, 1-317-615-4559) Mon - Fri, 9 AM to 5 PM Eastern Time or speak with your personal physician., Szczecin, 70-506, Poland|Manati Center for Clinical Research, Manati, PR, 00674, Puerto Rico|Clinical Research Puerto Rico. Inc, San Juan, 00909, Puerto Rico|GCM Medical Group PSC, San Juan, 00909, Puerto Rico|For additional information regarding investigative sites for this trial, contact 1-877-CTLILLY (1-877-285-4559, 1-317-615-4559) Mon - Fri from 9 AM to 5 PM Eastern Time (UTC/GMT - 5 hours, EST), or speak with your personal physician., Košice, 04012, Slovakia|For additional information regarding investigative sites for this trial, contact 1-877-CTLILLY (1-877-285-4559, 1-317-615-4559) Mon - Fri from 9 AM to 5 PM Eastern Time (UTC/GMT - 5 hours, EST), or speak with your personal physician., Malacky, 90101, Slovakia|For additional information regarding investigative sites for this trial, contact 1-877-CTLILLY (1-877-285-4559, 1-317-615-4559) Mon - Fri from 9 AM to 5 PM Eastern Time (UTC/GMT - 5 hours, EST), or speak with your personal physician., Púchov, 02001, Slovakia|""For additional information regarding investigative sites for this trial, contact 1-877-CTLILLY (1-877-285-4559, 1-317-615-4559) Mon - Fri from 9 AM to 5 PM Eastern Time (UTC/GMT - 5 hours, EST), or speak with your personal physician."", Trenčín, 91101, Slovakia|For additional information regarding investigative sites for this trial, contact 1-888-545-5972 Mon - Fri, 9 AM to 4 PM or 1-877-CTLILLY (1-877-285-4559, 1-317-615-4559) Mon - Fri, 9 AM to 5 PM Eastern Time or speak with your personal physician., Trenčín, 91101, Slovakia",True,False,2017.0,2018.0,True,False
NCT05227677,Value of Glycated Albumin in Intervention of Glycemic Control in Chinese Patients With Type 2 Diabetes,COMPLETED,Type 2 Diabetes Mellitus,Asahi Kasei Therapeutics Corporation,ALL,"ADULT, OLDER_ADULT",,200.0,INDUSTRY,INTERVENTIONAL,2022-08-15,2024-12-31,"The third people's hospital of DATONG, Datong, Shanxi, China|Beijing Haidian Hospital, Beijing, China|Beijing Pinggu District Hospital, Beijing, China|Beijing Shijingshan Hospital, Beijing, China|Beijing Tiantan Hospital, Capital Medical University, Beijing, China|Civil Aviation General Hospital, Beijing, China|Peking University People's Hospital, Beijing, China",True,False,2022.0,2024.0,True,False
NCT03736785,A Study of LY3209590 in Participants With Type 2 Diabetes Mellitus,COMPLETED,Type 2 Diabetes Mellitus,Eli Lilly and Company,ALL,"ADULT, OLDER_ADULT",PHASE2,399.0,INDUSTRY,INTERVENTIONAL,2018-11-15,2020-02-18,"Central Research Associates, Inc., Birmingham, Alabama, 35205, United States|Arkansas Clinical Research, Little Rock, Arkansas, 72205, United States|John Muir Physician Network Clinical Research Center, Concord, California, 94520, United States|AMCR Institute INC, Escondido, California, 92025, United States|Valley Endocrine, Fresno, Fresno, California, 93720, United States|Marin Endocrine Associates, Greenbrae, California, 94904, United States|National Research Institute, Huntington Park, California, 90255, United States|First Valley Medical Group, Lancaster, California, 93534, United States|National Research Institute, Los Angeles, California, 90057, United States|University Clinical Investigators, Inc., Tustin, California, 92780, United States|Chase Medical Research, LLC, Waterbury, Connecticut, 06708, United States|ALL Medical Research, LLC, Cooper City, Florida, 33024, United States|Suncoast Clinical Research, New Port Richey, Florida, 34652, United States|Metabolic Research Institute Inc., West Palm Beach, Florida, 33401, United States|East West Medical Institute, Honolulu, Hawaii, 96814, United States|Elite Clinical Trials LLLP, Blackfoot, Idaho, 83221, United States|Rocky Mountain Diabetes and Osteoporosis Center, Idaho Falls, Idaho, 83404, United States|Iderc, P.L.C., West Des Moines, Iowa, 50265, United States|Cotton O'Neil Diabetes and Endocrinology Center, Topeka, Kansas, 66606, United States|Endocrine and Metabolic Consultants, Rockville, Maryland, 20852, United States|NECCR PrimaCare Research, LLC, Fall River, Massachusetts, 02721, United States|Palm Research Center, Las Vegas, Nevada, 89128, United States|Palm Research Center, Las Vegas, Nevada, 89148, United States|Southern New Hampshire Diabetes and Endocrinology, Nashua, New Hampshire, 03063, United States|Metrolina Internal Medicine, P.A., Charlotte, North Carolina, 28207, United States|Intend Research, Norman, Oklahoma, 73069, United States|The Corvallis Clinic P.C., Corvallis, Oregon, 97330, United States|Thomas Jefferson University, Philadelphia, Pennsylvania, 19107, United States|Preferred Primary Care Physicians - Jacob Murphy Lane, Uniontown, Pennsylvania, 15401, United States|Internal Medicine Associates of Anderson, Anderson, South Carolina, 29621, United States|The Research Center of the Upstate, Mauldin, South Carolina, 29662, United States|Texas Diabetes and Endocrinology, Austin, Texas, 78731-4309, United States|Dallas Diabetes Endocrine Center, Dallas, Texas, 75230, United States|Clinical Trials of Texas, Inc., San Antonio, Texas, 78229, United States|Manassas Clinical Research Center, Manassas, Virginia, 20110, United States|Rainier Clinical Research Center, Renton, Washington, 98057, United States|Confluence Health Clinical Research Department, Wenatchee, Washington, 98801, United States|Hospital Universitario UANL, Monterrey, Nuevo León, 64460, Mexico|Investigacion en Salud y Metabolismo S.C, Chihuahua City, 31217, Mexico|Advanced Clinical Research, LLC, Bayamón, PR, 00961, Puerto Rico|Manati Center for Clinical Research Inc, Manati, PR, 00674, Puerto Rico|GCM Medical Group PSC, San Juan, PR, 00917, Puerto Rico|Martha Gomez Cuellar M.D., San Juan, PR, 00921, Puerto Rico|Centro de Endocrinologia del Este, Yabucoa, 00767, Puerto Rico",True,False,2018.0,2020.0,True,False
NCT07234864,"Study to Assess Safety, Tolerability, PK, and PD of Multiple Doses of ZE63-0302 Administrated Orally in T2DM Patients.",ACTIVE_NOT_RECRUITING,Type 2 Diabetes,Eilean Therapeutics,ALL,"ADULT, OLDER_ADULT",PHASE1,60.0,INDUSTRY,INTERVENTIONAL,2025-11-19,2026-11,"Emeritus Research Sydney, Botany, New South Wales, 2019, Australia|Momentum Clinical Research Taringa, Brisbane, Queensland, 4068, Australia|Momentum Clinical Research Sunshine, Melbourne, Victoria, 3021, Australia|Emeritus Research Camberwell, Melbourne, Victoria, 3124, Australia|PCRN Rotorua, Rotorua, Bay of Plenty, 3010, New Zealand|PCRN Christchurch, Christchurch, Canterbury, 8013, New Zealand|Momentum Dunedin, Dunedin, Otago, 9016, New Zealand|PCRN Waikato, Hamilton, Waikato Region, 3200, New Zealand|Momentum Wellington, Wellington, Wellington Region, 6011, New Zealand|The Republican Specialized Scientific and Prectical Medical Center of Endocrinology named after Academician Yo. Kh. Turakulov, Tashkent, Tashkent, 100125, Uzbekistan",True,False,2025.0,2026.0,True,False
NCT05307731,Fingolimod for Type 2 Diabetes Mellitus,RECRUITING,"Diabetes Mellitus, Type 2",General Hospital of Shenyang Military Region,ALL,"ADULT, OLDER_ADULT",PHASE4,40.0,OTHER,INTERVENTIONAL,2022-03-15,2026-03-15,"Department of Neurology, General Hospital of Northern Theater Command, Shenyang, 110016, China",True,False,2022.0,2026.0,True,False
NCT07007676,Effect of Continuous Glucose Monitoring System on Glycemic Control in Non-insulin-Treated Elderly People With Type 2 Diabetes,RECRUITING,Diabetes Mellitus Type 2,Shanghai 6th People's Hospital,ALL,"ADULT, OLDER_ADULT",,148.0,OTHER,INTERVENTIONAL,2025-07-14,2027-06-30,"Shenzhen Jiangangshan Health Service Center, Shenzhen, Guandong, 518000, China|Shenzhen Fifth Avenue Health Service Station, Shenzhen, Guangdong, 518000, China|Shenzhen Haifu Health Service Station, Shenzhen, Guangdong, 518000, China|Shenzhen Haile Huafu Health Service Station, Shenzhen, Guangdong, 518000, China|Shenzhen Haiyu Health Service Station, Shenzhen, Guangdong, 518000, China|Shenzhen Jiaan Health Service Station, Shenzhen, Guangdong, 518000, China|Shenzhen Jiari Mingju Health Service Station, Shenzhen, Guangdong, 518000, China|Shenzhen Xinan Lake Health Service Station, Shenzhen, Guangdong, 518000, China|Shenzhen Xingdong Health Service Station, Shenzhen, Guangdong, 518000, China|Shenzhen Zhongliang Chuangxin Health Service Station, Shenzhen, Guangdong, 518000, China|Shenzhen Buxin Community Health Service Center, Shenzhen, Guangdong, China|Shenzhen Dalang Community Health Service Center, Shenzhen, Guangdong, China|Shenzhen Haihua Community Health Service Center, Shenzhen, Guangdong, China|Shenzhen Haile Community Health Service Station, Shenzhen, Guangdong, China|Shenzhen Pingzhou Community Health Service Center, Shenzhen, Guangdong, China",True,False,2025.0,2027.0,True,False
NCT00791661,MK-1006 Single Dose Study in Japanese Type 2 Diabetes Patients (MK-1006-005),COMPLETED,"Diabetes Mellitus, Non-Insulin-Dependent",Merck Sharp & Dohme LLC,ALL,ADULT,PHASE1,24.0,INDUSTRY,INTERVENTIONAL,2008-11,2009-03,,False,False,2008.0,2009.0,True,False
NCT04535700,Clinical Trial of Pioglitazone Treatment in Patients With Type 2 Diabetes Mellitus and Covid-19,COMPLETED,Type 2 Diabetes,Fundacion para la Investigacion Biomedica del Hospital Universitario Ramon y Cajal,ALL,"ADULT, OLDER_ADULT",PHASE4,8.0,OTHER,INTERVENTIONAL,2020-09-18,2022-01-10,"Hospital Ramón y Cajal, Madrid, 28034, Spain",True,False,2020.0,2022.0,True,False
NCT03160196,Efficacy of an Electronic System to Support Clinical Decisions in Adults With Type 2 Diabetes Mellitus.,UNKNOWN,"Diabetes Mellitus, Type 2",Sanitas University,ALL,"ADULT, OLDER_ADULT",,1768.0,OTHER,INTERVENTIONAL,2018-01,2019-09,,True,False,2018.0,2019.0,True,False
NCT00363519,Controlled Study of MK-0431/ONO-5435 in Patients With Type 2 Diabetes Mellitus,COMPLETED,Type 2 Diabetes Mellitus,"Ono Pharmaceutical Co., Ltd.",ALL,"ADULT, OLDER_ADULT",PHASE3,195.0,INDUSTRY,INTERVENTIONAL,2006-08,,"Chugoku Region, Chugoku, Japan|Chubu Region, Chūbu, Japan|Hokkaido Region, Hokkaido, Japan|Kanto Region, Kanto, Japan|Kinki Region, Kinki, Japan|Kyushu Region, Kyushu, Japan|Shikoku Region, Shikoku, Japan|Tohoku Region, Tōhoku, Japan",True,False,2006.0,,True,False
NCT05407233,Reusing Needles for Subcutaneous Insulin Injection in Patients With Type 2 Diabetes,COMPLETED,"Diabetes Mellitus, Type 2",Hospital de Clinicas de Porto Alegre,ALL,"ADULT, OLDER_ADULT",,71.0,OTHER,INTERVENTIONAL,2019-10-14,2022-10-10,"Gabriela Berlanda, Porto Alegre, Rio Grande do Sul, 90410-000, Brazil",True,False,2019.0,2022.0,True,False
NCT00754130,MK-0941 Multiple Dose Study in Japanese Patients With Type 2 Diabetes (MK-0941-011).,COMPLETED,"Diabetes Mellitus, Non-Insulin-Dependent",Merck Sharp & Dohme LLC,ALL,"ADULT, OLDER_ADULT",PHASE1,16.0,INDUSTRY,INTERVENTIONAL,2008-09,2008-10,,True,False,2008.0,2008.0,True,False
NCT07058558,Community-integrated Nutrition Education to Prevent Type 2 Diabetes in Peel,NOT_YET_RECRUITING,Type 2 Diabetes,University of Toronto,ALL,"ADULT, OLDER_ADULT",,150.0,OTHER,INTERVENTIONAL,2025-09,2027-02,"Community garden spaces across peel, Toronto, Ontario, Canada|University of Toronto Mississauga, Mississauga, Ontario (ON), L5L 1C6, Canada",True,False,2025.0,2027.0,True,False
NCT07674979,Cardiometabolic Impact of a Produce Prescription Program in Patients With Type 2 Diabetes and Food Insecurity,ENROLLING_BY_INVITATION,Type 2 Diabetes,West Virginia University,ALL,"ADULT, OLDER_ADULT",,88.0,OTHER,INTERVENTIONAL,2026-09,2027-06,"West Virginia University Heart and Vascular Institute, Morgantown, West Virginia, 26506, United States",True,False,2026.0,2027.0,True,False
NCT07075796,Study of the Performance of the GLUCUBE System in Patients With Type 2 Diabetes,COMPLETED,"Diabetes Mellitus, Type 2",iGluco,ALL,"ADULT, OLDER_ADULT",,52.0,INDUSTRY,INTERVENTIONAL,2025-06-02,2025-11-28,"Centro de Especialidades Virgen de los Reyes. Hospital Universitario Virgen del Rocío, Seville, Seville, 41001, Spain",True,False,2025.0,2025.0,True,False
NCT00363948,Controlled Study of MK-0431/ONO-5435 in Patients With Type 2 Diabetes Mellitus,COMPLETED,Type 2 Diabetes Mellitus,"Ono Pharmaceutical Co., Ltd.",ALL,"ADULT, OLDER_ADULT",PHASE3,188.0,INDUSTRY,INTERVENTIONAL,2006-08,,"Chugoku Region, Chugoku, Japan|Chubu Region, Chūbu, Japan|Hokkaido Region, Hokkaido, Japan|Hokuriku Region, Hokuriku, Japan|Kanto Region, Kanto, Japan|Kinki Region, Kinki, Japan|Kyushu Region, Kyushu, Japan|Tohoku Region, Tōhoku, Japan",True,False,2006.0,,True,False
NCT00363844,Controlled Study of MK-0431/ONO-5435 in Patients With Type 2 Diabetes Mellitus,COMPLETED,Type 2 Diabetes Mellitus,"Ono Pharmaceutical Co., Ltd.",ALL,"ADULT, OLDER_ADULT",PHASE3,209.0,INDUSTRY,INTERVENTIONAL,2006-08,,"Chugoku Region, Chugoku, Japan|Chubu Region, Chūbu, Japan|Hokkaido Region, Hokkaido, Japan|Kanto Region, Kanto, Japan|Kinki Region, Kinki, Japan|Kyushu Region, Kyushu, Japan|Shikoku Region, Shikoku, Japan|Tohoku Region, Tōhoku, Japan",True,False,2006.0,,True,False
NCT07145684,"Culturally Tailored Nutrition Therapy to Improve Dietary Adherence of Type 2 Diabetes Patients in Benin, Africa",ACTIVE_NOT_RECRUITING,Type 2 Diabetes,University of Arizona,ALL,"ADULT, OLDER_ADULT",,64.0,OTHER,INTERVENTIONAL,2025-09-08,2026-10-30,"University of Abomey-Calavi, Cotonou, Littoral Department, Benin",True,False,2025.0,2026.0,True,False
NCT07433192,POLUS: Description of the Effectiveness and Tolerability of Luseogliflozin in Patients With Type 2 Diabetes.,RECRUITING,Type 2 Diabetes Mellitus,Servier Russia,ALL,"ADULT, OLDER_ADULT",,300.0,INDUSTRY,OBSERVATIONAL,2026-03-02,2027-09-01,"GBUZ hospital, Anapa, Russia",True,False,2026.0,2027.0,True,False
NCT02292433,A Phase 1 Study In Japanese Subjects With Type 2 Diabetes Mellitus As Monotherapy,COMPLETED,Type 2 Diabetes Mellitus,Pfizer,ALL,ADULT,PHASE1,12.0,INDUSTRY,INTERVENTIONAL,2015-01,2015-03,"P-one Clinic, Keikokai Medical Corporation, Hachioji-shi, Tokyo, 192-0071, Japan",False,False,2015.0,2015.0,True,False
NCT07262788,A Feasibility Study of Optimal Non-Pharmacological Lifestyle Modifications in People With Type 2 Diabetes,RECRUITING,Type 2 Diabetes,Steno Diabetes Center Copenhagen,ALL,"ADULT, OLDER_ADULT",,24.0,OTHER,INTERVENTIONAL,2025-09-30,2027-03,"Steno Diabetes Center Copenhagen, Herlev, Denmark, 2730, Denmark",True,False,2025.0,2027.0,True,False
NCT01657227,Tertiary Prevention in Type II Diabetes Mellitus in Canary Islands Study,COMPLETED,Type 2 Diabetes Mellitus,Servicio Canario de Salud,ALL,"ADULT, OLDER_ADULT",,2334.0,OTHER,INTERVENTIONAL,2013-01,2016-10-20,"Servicio de Evaluación del Servicio Canario de la Salud, Santa Cruz de Tenerife, 38004, Spain",True,False,2013.0,2016.0,True,False
NCT05814393,To Evaluate the Efficacy and Safety of JW0201 Added on in Patients With Type 2 Diabetes Mellitus,COMPLETED,Type 2 Diabetes Mellitus,JW Pharmaceutical,ALL,"ADULT, OLDER_ADULT",PHASE3,200.0,INDUSTRY,INTERVENTIONAL,2023-01-03,2024-11-20,"Kangbuk Samsung Hospital, Seoul, South Korea",True,False,2023.0,2024.0,True,False
NCT03495908,Regular Insulin vs Rapid Insulin Delivered by V-Go,COMPLETED,Type 2 Diabetes|Type 2 Diabetes Mellitus,East Coast Institute for Research,ALL,"ADULT, OLDER_ADULT",,136.0,NETWORK,INTERVENTIONAL,2018-04-09,2019-08-12,"East Coast Institute for Research, LLC, Jacksonville, Florida, 32204, United States|East Coast Institute for Research, LLC, Macon, Georgia, 31210, United States",True,False,2018.0,2019.0,True,False
NCT07245082,Patients With Type 2 Diabetes,RECRUITING,Diabetes Mellitus Type 2,National Taiwan University Hospital,ALL,"ADULT, OLDER_ADULT",,2000.0,OTHER,OBSERVATIONAL,2025-10-09,2028-08-21,"National Taiwan University Hospital, Taipei, Zhongzheng Dist, 100229, Taiwan",True,False,2025.0,2028.0,True,False
NCT04161430,A Study to Evaluate the Efficacy and Safety of DBPR108 100 mg in Type 2 Diabetes Mellitus Patients,COMPLETED,Type 2 Diabetes Mellitus,"CSPC ZhongQi Pharmaceutical Technology Co., Ltd.",ALL,"ADULT, OLDER_ADULT",PHASE3,766.0,INDUSTRY,INTERVENTIONAL,2020-01-02,2022-06-27,"Peking University First Hospital, Beijing, Beijing Municipality, 100000, China|the No, 1 People's Hospital of Changsha, Changsha, Huan Province, 410005, China",True,False,2020.0,2022.0,True,False
NCT07668336,A Study of Orforglipron (LY3502970) Compared With Dulaglutide in Pediatric Participants With Type 2 Diabetes,NOT_YET_RECRUITING,"Diabetes Mellitus, Type 2",Eli Lilly and Company,ALL,CHILD,PHASE3,170.0,INDUSTRY,INTERVENTIONAL,2026-09,2030-03,"Sutter Valley Medical Foundation (SVMF) Pediatric Endocrinology, Sacramento, California, 95821, United States|Rady Children's Hospital, San Diego, California, 92123, United States|Stamford Therapeutics Consortium, Stamford, Connecticut, 06905, United States|Children's Healthcare of Atlanta - Center for Advanced Pediatrics (CAP), Atlanta, Georgia, 30329, United States|CenExel iResearch, LLC, Decatur, Georgia, 30030, United States|Medical Research Partners, Ammon, Idaho, 83406, United States|Cotton O'Neil Diabetes & Endocrinology, Topeka, Kansas, 66606, United States|SUNY Upstate Medical University, Syracuse, New York, 13210, United States|Advantage Clinical Trials, The Bronx, New York, 10467, United States|Central States Research, Tulsa, Oklahoma, 74136, United States|Frontier Clinical Research, LLC, Smithfield, Pennsylvania, 15478, United States|Vanderbilt Health One Hundred Oaks, Nashville, Tennessee, 37204, United States|Gadolin Research, Beaumont, Texas, 77702, United States|Driscoll Children's Hospital, Corpus Christi, Texas, 78411, United States|Proactive Clinical Research LLC, Edinburg, Texas, 78539, United States|Consano Clinical Research, LLC, Shavano Park, Texas, 78231, United States|Victoria Clinical Research Group, Victoria, Texas, 77901, United States|Cliniques universitaires Saint-Luc, Brussels, 1200, Belgium|UZ Gent, Ghent, 9000, Belgium|UZ Leuven, Leuven, 3000, Belgium|Instituto de Pesquisa clinica de Campinas, Campinas, 13060-080, Brazil|Centro de Pesquisa Sao Lucas, Campinas, 13060-803, Brazil|Cendi - Endocrinologia e Diabetes, Goiânia, 74230-035, Brazil|Instituto Méderi de Pesquisa e Saúde, Passo Fundo, 99010-120, Brazil|Instituto da Crianca com Diabetes, Porto Alegre, 91350-250, Brazil|Instituto de Pesquisa Clinica, São Paulo, 01223-001, Brazil|IBTED - Tecnologia e Educação em Diabetes, São Paulo, 04038-032, Brazil|Avron Hospitals, Ahmedabad, 380013, India|Gujarat Endocrin Pvt Ltd, Ahmedabad, 380052, India|Jawaharlal Nehru Medical College, Aligarh, 202002, India|All India Institute of Medical Sciences, Bhubaneswar, 751019, India|Endolife Speciality Hospitals, Guntur, 522001, India|King Edward Memorial Hospital & Seth Gordhandas Sunderdas Medical College, Mumbai, 400012, India|Harmony Health Hub, Nashik, 422002, India|All India Institute of Medical Sciences, New Delhi, 110029, India|Ospedale Pediatrico Salesi, Ancona, 60123, Italy|Azienda Ospedaliera Universitaria Meyer IRCCS, Florence, 50139, Italy|IRCCS Istituto Giannina Gaslini, Genova, 16147, Italy|Azienda Ospedaliera Universitaria Di Messina G. Martino, Messina, 98125, Italy|Ospedale San Raffaele, Milan, 20132, Italy|University of Naples Federico II, Naples, 80131, Italy|Azienda Ospedaliera Universitaria Integrata Verona - Ospedale Borgo Trento, Verona, 37126, Italy|Nihon University Hospital, Chiyoda-ku, 101-8309, Japan|Fukuoka Children's Hospital, Fukuoka, 813-0017, Japan|Saitama Medical University Hospital, Iruma, 350-0495, Japan|Shiga General Hospital, Moriyama, 524-8524, Japan|Niigata University Medical & Dental Hospital, Niigata, 951-8520, Japan|Osaka City General Hospital, Osaka, 534-0021, Japan|Saitama City Hospital, Saitama, 336-8522, Japan|Sendai City Hospital - Asutonagamachi, Sendai, 982-8502, Japan|Shizuoka Children's Hospital, Shizuoka, 420-8660, Japan|Urakami Pediatric Endocrinology and Diabetes Clinic, Tokyo, 101-0062, Japan|Juntendo University Urayasu Hospital, Urayasu, 279-0021, Japan|Centro de Estudios de Investigacion Metabolicos y Cardiovasculares, S.C., Ciudad Madero, 89440, Mexico|Centro de Investigacion Medica de Occidente, S.C., Guadalajara, 44260, Mexico|UBAM Unidad Biomedica Avanzada Monterrey, Monterrey, 64460, Mexico|Clínica García Flores SC, Monterrey, 64610, Mexico|Centro de investigación y control metabólico, Monterrey, 66465, Mexico|Soon Chun Hyang University Bucheon Hospital, Bucheon-si, 14584, South Korea|Kyungpook National University Chilgok Hospital, Deagu, 41404, South Korea|Chungnam national university hospital, Junggu, 35015, South Korea|Seoul National University Bundang Hospital, Seongnam, 13620, South Korea|Seoul National University Hospital, Seoul, 03080, South Korea|Hospital Universitari Vall d'Hebron, Barcelona, 08035, Spain|H.R.U Málaga - Hospital General, Málaga, 29011, Spain|Hospital Universitario Virgen Del Rocio, Seville, 41013, Spain|China Medical University Hospital, Taichung, 404332, Taiwan|Chang Gung Medical Foundation-Linkou Branch, Taoyuan, 333, Taiwan|Hull Royal Infirmary, Hull, HU3 2JZ, United Kingdom|Alder Hey Children's Hospital, Liverpool, L14 5AB, United Kingdom|Royal London Hospital, London, E1 1BB, United Kingdom",False,True,2026.0,2030.0,True,False
NCT06264661,"Effect of Cognitive Behavioral Therapy and Phototherapy on Glycosylated Hemoglobin, CLOCK Genes and Quality of Life in Patients With Type 2 Diabetes Mellitus and Insomnia",COMPLETED,Type 2 Diabetes,Centro Interdisciplinario de Ciencias de la Salud Unidad Santo Tomás,ALL,ADULT,,23.0,OTHER,INTERVENTIONAL,2022-08-08,2022-11-30,"Centro Interdisciplinario de Ciencias de la Salud Unidad Santo Tomás, Mexico City, Mexico City, 11360, Mexico",False,False,2022.0,2022.0,True,False
NCT06203275,The G Protein-Coupled Receptor Kinase Type 2 Inhibitor Paroxetine as Adjunctive Therapy to Improve Insulin Sensitivity in Patients With Type 2 Diabetes Mellitus,UNKNOWN,"Diabetes Mellitus, Type 2",aya ramadan ashmawy sarhan,ALL,"ADULT, OLDER_ADULT",PHASE3,44.0,OTHER,INTERVENTIONAL,2024-01,2026-01,,True,False,2024.0,2026.0,True,False
NCT04556760,"Study to Assess the Effect on Glucose Homeostasis of Two Dose Levels of AZD9567, Compared to Prednisolone, in Adults With Type 2 Diabetes",COMPLETED,"Diabetes Mellitus, Type 2",AstraZeneca,ALL,"ADULT, OLDER_ADULT",PHASE2,46.0,INDUSTRY,INTERVENTIONAL,2020-11-26,2021-06-09,"Research Site, Mainz, 55116, Germany|Research Site, Mannheim, 68167, Germany|Research Site, Neuss, 41460, Germany",True,False,2020.0,2021.0,True,False
NCT06202079,A Trial Comparing the Efficacy and Safety of GZR4 Injection Versus Insulin Degludec in Subjects with Type 2 Diabetes Mellitus,COMPLETED,"Diabetes Mellitus, Type 2","Gan and Lee Pharmaceuticals, USA",ALL,"ADULT, OLDER_ADULT",PHASE2,179.0,INDUSTRY,INTERVENTIONAL,2023-08-11,2024-08-08,"Study Site 07, Wuhan, Hubei, China|Study Site 06, Changzhou, Jiangsu, China|Study Site 08, Jinan, Shandong, China|Study Site 04, Zibo, Shandong, China|Study Site 03, Xi’an, Shanxi, China|Study Site 02, Beijing, China|Study Site 05, Beijing, China|Study Site 01, Tianjin, China",True,False,2023.0,2024.0,True,False
NCT01862939,"A Two-Part, Single Ascending Dose Study to Assess the Safety, Tolerability, Pharmacokinetics and Pharmacodynamics of DS-7309 in Healthy Volunteers and Subjects With Type 2 Diabetes Mellitus",COMPLETED,Type 2 Diabetes Mellitus,Daiichi Sankyo,ALL,ADULT,PHASE1,52.0,INDUSTRY,INTERVENTIONAL,2011-04,2011-09,"Celerion, Tempe, Arizona, 85283, United States",False,False,2011.0,2011.0,True,False
NCT03997331,Chronicare for Type 2 Diabetes (Chronicare-T2D),UNKNOWN,Type 2 Diabetes,QuiO,ALL,"ADULT, OLDER_ADULT",,100.0,INDUSTRY,INTERVENTIONAL,2020-05,2021-02,"Clinical Research Department, Midland, Michigan, 48670, United States",True,False,2020.0,2021.0,True,False
NCT04235959,A Study of Tirzepatide in Chinese Participants With Type 2 Diabetes Mellitus,COMPLETED,"Diabetes Mellitus, Type 2",Eli Lilly and Company,ALL,"ADULT, OLDER_ADULT",PHASE1,24.0,INDUSTRY,INTERVENTIONAL,2020-10-21,2021-08-17,"West China Hospital Sichuan University, Chengdu, Sichuan, 610041, China|Peking University First Hospital, Beijing, 100034, China",True,False,2020.0,2021.0,True,False
NCT06351566,Effects of Vitamin D3 and Prebiotics Supplementation on Cardiovascular Risk Factors in Patients With Type 2 Diabetes,COMPLETED,"Diabetes Mellitus, Type 2",Huazhong University of Science and Technology,ALL,"ADULT, OLDER_ADULT",,190.0,OTHER,INTERVENTIONAL,2024-04-25,2025-08-31,"Bao'an Center Hosipital of Shenzhen, Shenzhen, Guangdong, China|School of Public Health, Tongji Medical College, Huazhong University of Science and Technology, Wuhan, Hubei, China",True,False,2024.0,2025.0,True,False
NCT06120881,Precision Dosing of Metformin in Youth With T2D,RECRUITING,Type 2 Diabetes,"University of California, San Francisco",ALL,"CHILD, ADULT",EARLY_PHASE1,20.0,OTHER,INTERVENTIONAL,2024-04-25,2026-12-31,"UCSF Benioff Children's Hospital Oakland, Pediatric Diabetes Clinic, Oakland, California, 94609, United States|UCSF Benioff Children's Hospital San Francisco, Madison Clinic for Pediatric Diabetes, San Francisco, California, 94158, United States",False,True,2024.0,2026.0,True,False
NCT07524205,Glucose and Activity Tracking for Sedentary Behavior Interventions in Older People With Type 2 Diabetes (TRACK T2D),RECRUITING,"Diabetes Mellitus, Type 2",University of Minnesota,ALL,"ADULT, OLDER_ADULT",,60.0,OTHER,INTERVENTIONAL,2026-05-12,2027-10-31,"University of Minnesota, Minneapolis, Minnesota, 55455, United States",True,False,2026.0,2027.0,True,False
NCT06601166,CONtiNuous glucosE Monitoring (CGM) in People wiTh Type 2 Diabetes Not on Insulin,ACTIVE_NOT_RECRUITING,Type 2 Diabetes,"DexCom, Inc.",ALL,"ADULT, OLDER_ADULT",,283.0,INDUSTRY,INTERVENTIONAL,2024-08-15,2026-12-16,"University of Colorado, Anschutz Medical Campus, Department of Family Medicine, Primary Care Diabetes Lab, Aurora, Colorado, 80045, United States|Tekton Research, Denver, Colorado, 80238, United States|East Coast Institute for Research, Lake City, Florida, 32055, United States|Institute of Endocrinology, Diabetes, Health and Hormone, Stockbridge, Georgia, 30281, United States|The South Bend Clinic, South Bend, Indiana, 46617, United States|International Diabetes Center, Saint Louis Park, Minnesota, 55416, United States|Jefferson City Medical Group, Jefferson City, Missouri, 65109, United States|East Northport Medical Care, East Northport, New York, 11731, United States|Cross Creek Medical Center, Fayetteville, North Carolina, 28304, United States|Lucas Research, Morehead City, North Carolina, 28557, United States|Alliance Medical Ministry, Raleigh, North Carolina, 27610, United States|Centricity Research, Columbus, Ohio, 43213, United States|Tekton Research, Moore, Oklahoma, 73160, United States|Medical Care-Avacare, Elizabethton, Tennessee, 37643, United States|Tekton Research - Austin, Austin, Texas, 78705, United States|Texas Tech University Health Sciences Center, Lubbock, Texas, 79430, United States|Texas Tech University Health Sciences Center, Odessa, Texas, 79763, United States|Cope Family Medicine Ogden Clinic, Bountiful, Utah, 84010, United States|Ogden Clinic Grand View, Roy, Utah, 84067, United States|Riverside Family Medicine Residency, Newport News, Virginia, 23601, United States|Mountain State Diabetes, Parkersburg, West Virginia, 26101, United States",True,False,2024.0,2026.0,True,False
NCT03625856,The Effect of Chlorella Supplementation on Patients With Type 2 Diabetes Mellitus,COMPLETED,Type 2 Diabetes Mellitus,Dr. Behnood Abbasi,ALL,"ADULT, OLDER_ADULT",,84.0,OTHER,INTERVENTIONAL,2018-11-30,2019-09-01,"Amir Mahdi Hosseini, Tehran, Iran",True,False,2018.0,2019.0,True,False
NCT07527650,Study to Evaluate HM15275 in Subjects With Type 2 Diabetes Mellitus,RECRUITING,Type 2 Diabetes Mellitus|T2DM,Hanmi Pharmaceutical Company Limited,ALL,"ADULT, OLDER_ADULT",PHASE2,180.0,INDUSTRY,INTERVENTIONAL,2026-05-18,2027-10,"Desert Clinical Research, Mesa, Arizona, 85123, United States|Accel Research Sites - DeLand, DeLand, Florida, 32720, United States|Charter Research, Orlando, Florida, 32803, United States|AdventHealth Translational Research Institute, Orlando, Florida, 32804, United States|K2 Medical Research The Villages LLC, The Villages, Florida, 32159, United States|Centricity Research IRT - DBA IACT Health Columbus Piedmont, Columbus, Georgia, 31904, United States|The South Bend Clinic, South Bend, Indiana, 46617, United States|Jefferson City Medical Center, Jefferson City, Missouri, 65109, United States|Clay Platte Family Medicine, Kansas City, Missouri, 64151, United States|Methodist Physicians Clinic, Fremont, Nebraska, 68025, United States|Santa Rosa Medical Centers of Nevada, Las Vegas, Nevada, 89119, United States|Lucas Research, Inc., Morehead City, North Carolina, 28557, United States|Centricity Research Columbus, Columbus, Ohio, 43213, United States|Olympus Family Medicine, Salt Lake City, Utah, 84117, United States|Manassas Clinical Research Center, Manassas, Virginia, 20110, United States",True,False,2026.0,2027.0,True,False
NCT00237952,Environmental Exposure to Lead and Progressive Renal Insufficiency in Type II Diabetic Nephropathy,COMPLETED,"Diabetic Nephropathies|Diabetes Mellitus, Type II",Chang Gung Memorial Hospital,ALL,"ADULT, OLDER_ADULT",,,OTHER,INTERVENTIONAL,2005-08,,"Chang Gung Memorial Hospital, Lin-Kou Medical Center, Taipei, Taiwan, 105, China|Chang Gung Memorial Hospital, Taipei, Taiwan, 105, China",True,False,2005.0,,False,False
NCT04412798,Orange Juice and Glycaemic Control in Type 2 Diabetes Mellitus,COMPLETED,"Diabetes Mellitus, Type 2",Hasselt University,ALL,"ADULT, OLDER_ADULT",,15.0,OTHER,INTERVENTIONAL,2020-05-01,2024-04-01,"Hasselt University, Hasselt, 3500, Belgium",True,False,2020.0,2024.0,True,False
NCT05566847,Overcoming Therapeutic Inertia Among Adults Recently Diagnosed With Type 2 Diabetes,UNKNOWN,Type 2 Diabetes,Kaiser Permanente,ALL,"ADULT, OLDER_ADULT",,817.0,OTHER,INTERVENTIONAL,2022-09-07,2025-03-31,"Kaiser Permanente Division of Research, Oakland, California, 94612, United States",True,False,2022.0,2025.0,True,False
NCT07079085,Safety Evaluation of Pueraria Lobata Radix in Specific Consumption Scenarios for Type 2 Diabetes,NOT_YET_RECRUITING,Type 2 Diabetes,Jiangxi University of Traditional Chinese Medicine,ALL,"CHILD, ADULT, OLDER_ADULT",,500.0,OTHER,OBSERVATIONAL,2025-08-01,2026-12-30,"The Affiliated Hospital of Jiangxi University of Traditional Chinese Medicine, Nanchang, Jiangxi, 330006, China",True,True,2025.0,2026.0,True,False
NCT07532863,A Real-world Study to Investigate Cardiovascular Risk Profile Among Newly Diagnosed Type 2 Diabetes Mellitus (T2DM) Participants,RECRUITING,"Diabetes Mellitus, Type 2",Novo Nordisk A/S,ALL,"ADULT, OLDER_ADULT",,400.0,INDUSTRY,OBSERVATIONAL,2026-03-13,2027-03-27,"Siloam Hospitals Lippo Village, Tangerang, Banten, 15810, Indonesia|Siloam Hospitals Surabaya, Surabaya, East Java, 60281, Indonesia|University Malaya Medical Centre, Lembah Pantai, Kuala Lumpur, 59100, Malaysia|National Heart Institute, Kuala Lumpur, 50400, Malaysia|The Medical City Ortigas, Pasig, National Capital Region, 1800, Philippines|Novo Nordisk Investigational Site, Singapore, Singapore",True,False,2026.0,2027.0,True,False
NCT00422357,Effect of Urtica Dioica on Glycemic Control in Patients With Type 2 Diabetes Mellitus,COMPLETED,Type 2 Diabetes Mellitus,Shahid Beheshti University of Medical Sciences,ALL,"ADULT, OLDER_ADULT",PHASE1,56.0,OTHER,INTERVENTIONAL,2007-01,2007-04,"Primary Health Care Office, Mahmood-Abaad, Mazandaran, Iran",True,False,2007.0,2007.0,True,False
NCT02851849,A Study of LGD-6972 in Patients With Type 2 Diabetes Mellitus,COMPLETED,Type 2 Diabetes Mellitus,Ligand Pharmaceuticals,ALL,"ADULT, OLDER_ADULT",PHASE2,148.0,INDUSTRY,INTERVENTIONAL,2016-09,2017-06,"Tuscumbia, Alabama, 35674, United States|Chandler, Arizona, 85224, United States|Surprise, Arizona, 85374, United States|Huntington Park, California, 90255, United States|Los Angeles, California, 90057, United States|Montclair, California, 91763, United States|North Hollywood, California, 91606, United States|San Diego, California, 92161, United States|Denver, Colorado, 80209, United States|Brooksville, Florida, 34601, United States|Miami, Florida, 33014, United States|Orlando, Florida, 32804, United States|Tampa, Florida, 33607, United States|Chicago, Illinois, 60607, United States|Las Vegas, Nevada, 89119, United States|Albuquerque, New Mexico, 87102, United States|Hopewell Junction, New York, 12533, United States|Durham, North Carolina, 27710, United States|Greensboro, North Carolina, 27410, United States|Franklin, Ohio, 45005, United States|Munroe Falls, Ohio, 44262, United States|Summerville, South Carolina, 29485, United States|Carrollton, Texas, 75007, United States|Dallas, Texas, 75230, United States|Houston, Texas, 77036, United States|Houston, Texas, 77074, United States|Houston, Texas, 77099, United States|Katy, Texas, 77450, United States|Manassas, Virginia, 20110, United States",True,False,2016.0,2017.0,True,False
NCT02954601,A Study of Single and Multiple Doses of Oral Insulin or Placebo in Subjects With Type 2 Diabetes Mellitus,COMPLETED,Type 2 Diabetes Mellitus,"Oramed, Ltd.",ALL,"ADULT, OLDER_ADULT",PHASE2,31.0,INDUSTRY,INTERVENTIONAL,2016-10,2017-03-15,"Orange County Research Center, Tustin, California, 92780, United States",True,False,2016.0,2017.0,True,False
NCT05802927,Diabetes-specific Formula (DSF) in Individuals With Type 2 Diabetes,COMPLETED,"Diabetes Mellitus, Type 2",Abbott Nutrition,ALL,"ADULT, OLDER_ADULT",,64.0,INDUSTRY,INTERVENTIONAL,2023-07-05,2023-10-26,"Chulalongkorn University, Bangkok, 10330, Thailand|Siriraj Hospital, Bangkok, 10700, Thailand",True,False,2023.0,2023.0,True,False
NCT03986073,Study of TQ-F3083 Capsules in Subjects With Type 2 Diabetes Mellitus,UNKNOWN,Type 2 Diabetes Mellitus,"Chia Tai Tianqing Pharmaceutical Group Co., Ltd.",ALL,"ADULT, OLDER_ADULT",PHASE2,120.0,INDUSTRY,INTERVENTIONAL,2020-01-01,2020-09-30,"The Second Affiliated Hospital of Chongqing Medical Uversity, Chongqing, Chongqing Municipality, 400010, China|Chongqing General Hospital, UCAS, Chongqing, Chongqing Municipality, 400013, China|The Third Affiliated Hospital of Sun Yat-Sen University, Guangzhou, Guangdong, 510630, China|The First Affiliated Hospital of Guangxi Medical University, Nanning, Guangxi, 530021, China|Xiangya Hospital Central South University, Changsha, Hunan, 410008, China|Yuncheng Central Hospital, Jinan, Shandong, 250000, China|Jincheng Geberal Hospital, Jincheng, Shanxi, 048000, China|West China Hospital of Sichuan University, Chengdu, Sichuan, 610041, China|The First People's Hospital of Yunnan Province, Kunming, Yunnan, 650032, China",True,False,2020.0,2020.0,True,False
NCT05902468,Ursodeoxycholic Acid as add-on Therapy in Type 2 Diabetes Mellitus,UNKNOWN,"Diabetes Mellitus, Type 2",Tanta University,ALL,"ADULT, OLDER_ADULT",PHASE2|PHASE3,88.0,OTHER,INTERVENTIONAL,2023-06-28,2024-11-28,"Faculty of medicine, Tanta University, Tanta, El-Gharbia, 31527, Egypt|Faculty of Medicine, Menoufia University, Shibīn al Kawm, Menoufia, 32511, Egypt",True,False,2023.0,2024.0,True,False
NCT04115657,"The Effect of Different Starches of Boba Pearls and Sugar Substitutes Used in Milk Tea on Glycaemia, Insulinaemia and Appetite Control (Pearl Study)",COMPLETED,Diabete Type 2|Obese,Singapore Institute of Food and Biotechnology Innovation,MALE,ADULT,,12.0,OTHER_GOV,INTERVENTIONAL,2019-05-02,2022-12-30,"Clinical Nutrition Research Centre, Singapore, 117599, Singapore",False,False,2019.0,2022.0,True,False
NCT00229710,GALLEX 9: Safety and Tolerability of Oral Tesaglitazar When Added to Insulin Therapy in Patients With Type 2 Diabetes,TERMINATED,"Diabetes Mellitus, Type 2",AstraZeneca,ALL,"ADULT, OLDER_ADULT",PHASE3,270.0,INDUSTRY,INTERVENTIONAL,2005-02,2006-12,"Research Site, Birmingham, Alabama, United States|Research Site, Phoenix, Arizona, United States|Research Site, Tucson, Arizona, United States|Research Site, Fresno, California, United States|Research Site, Greenbrae, California, United States|Research Site, La Jolla, California, United States|Research Site, Northridge, California, United States|Research Site, Riverside, California, United States|Research Site, San Diego, California, United States|Research Site, Santa Monica, California, United States|Research Site, Spring Valley, California, United States|Research Site, Walnut Creek, California, United States|Research Site, West Hills, California, United States|Research Site, Waterbury, Connecticut, United States|Research Site, Washington D.C., District of Columbia, United States|Research Site, Gainesville, Florida, United States|Research Site, Hollywood, Florida, United States|Research Site, Jacksonville, Florida, United States|Research Site, Miami, Florida, United States|Research Site, Orlando, Florida, United States|Research Site, Palm Harbor, Florida, United States|Research Site, West Palm Beach, Florida, United States|Research Site, Augusta, Georgia, United States|Research Site, Dunwoody, Georgia, United States|Research Site, Boise, Idaho, United States|Research Site, Chicago, Illinois, United States|Research Site, Chicago Heights, Illinois, United States|Research Site, Gurnee, Illinois, United States|Research Site, Springfield, Illinois, United States|Research Site, Indianapolis, Indiana, United States|Research Site, Wichita, Kansas, United States|Research Site, New Orleans, Louisiana, United States|Research Site, Baltimore, Maryland, United States|Research Site, Cadillac, Michigan, United States|Research Site, Richmond Heights, Missouri, United States|Research Site, St Louis, Missouri, United States|Research Site, Omaha, Nebraska, United States|Research Site, North Las Vegas, Nevada, United States|Research Site, Pahrump, Nevada, United States|Research Site, Dover, New Hampshire, United States|Research Site, Albuquerque, New Mexico, United States|Research Site, Brooklyn, New York, United States|Research Site, New Hyde Park, New York, United States|Research Site, Charlotte, North Carolina, United States|Research Site, Wilmington, North Carolina, United States|Research Site, Cincinnati, Ohio, United States|Research Site, Kettering, Ohio, United States|Research Site, Toledo, Ohio, United States|Research Site, Oklahoma City, Oklahoma, United States|Research Site, Medford, Oregon, United States|Research Site, Portland, Oregon, United States|Research Site, Altoona, Pennsylvania, United States|Research Site, Cheswick, Pennsylvania, United States|Research Site, Erie, Pennsylvania, United States|Research Site, Philadelphia, Pennsylvania, United States|Research Site, Columbia, South Carolina, United States|Research Site, Greer, South Carolina, United States|Research Site, Corpus Christi, Texas, United States|Research Site, Dallas, Texas, United States|Research Site, Fort Worth, Texas, United States|Research Site, Houston, Texas, United States|Research Site, Roseland, Texas, United States|Research Site, San Antonio, Texas, United States|Research Site, Richmond, Virginia, United States|Research Site, Bellevue, Washington, United States|Research Site, Renton, Washington, United States|Research Site, Spokane, Washington, United States|Research Site, Tacoma, Washington, United States|Research Site, Madison, Wisconsin, United States",True,False,2005.0,2006.0,True,False
NCT07364045,Pancreas Lipotoxicity in T2D: Edinburgh Diabetes Remission Study (EDRS),RECRUITING,Type 2 Diabetes,University of Edinburgh,ALL,"ADULT, OLDER_ADULT",,104.0,OTHER,INTERVENTIONAL,2026-06-15,2029-12-31,"Clinical Research Facility, Royal Infirmary of Edinburgh, Edinburgh, EH16 4SA, United Kingdom",True,False,2026.0,2029.0,True,False
NCT05145673,Effect of Aqueous Cinnamon Extract on the Postprandial Glycaemia Levels in Type 2 Diabetes Mellitus,COMPLETED,Type 2 Diabetes,"Egas Moniz - Cooperativa de Ensino Superior, CRL",ALL,"ADULT, OLDER_ADULT",,36.0,OTHER,INTERVENTIONAL,2016-01-19,2016-10-31,,True,False,2016.0,2016.0,True,False
NCT02346175,"Pharmacodynamics, Pharmacokinetics, Safety and Tolerability of SHR3824 in Type 2 Diabetes Mellitus Patients",COMPLETED,Type 2 Diabetes Mellitus,"Jiangsu HengRui Medicine Co., Ltd.",ALL,"ADULT, OLDER_ADULT",PHASE1,30.0,INDUSTRY,INTERVENTIONAL,2014-06,2014-12,,True,False,2014.0,2014.0,True,False
NCT04313829,Pharmacist Counseling on the Health-related Quality of Life of Patients With Type 2 Diabetes Mellitus,COMPLETED,Type 2 Diabetes Mellitus,Universitas Padjadjaran,ALL,"ADULT, OLDER_ADULT",,220.0,OTHER,INTERVENTIONAL,2017-08-01,2018-08-31,"Puskesmas Antang, Makassar, South Sulawesi, Indonesia|Puskesmas Batua, Makassar, South Sulawesi, Indonesia|Puskesmas Jongaya, Makassar, South Sulawesi, Indonesia|Puskesmas Tamalanrea, Makassar, South Sulawesi, Indonesia",True,False,2017.0,2018.0,True,False
NCT01293669,"Glycemic Control, Safety and Tolerability of TC-6987 Monotherapy in Type 2 Diabetes Mellitus",COMPLETED,Type 2 Diabetes Mellitus,Targacept Inc.,ALL,"ADULT, OLDER_ADULT",PHASE2,440.0,INDUSTRY,INTERVENTIONAL,2011-01,2012-01,"Clopton Clinic, Jonesboro, Arkansas, 72401, United States|NCA Medical Center, Mountain Home, Arkansas, 72653, United States|Associated Pharmaceutical Research Center, Buena Park, California, 90620, United States|Cedar Crosse Research Center, Chicago, Illinois, 60607, United States|Medex Healthcare Research, Inc, St Louis, Missouri, 63117, United States|Om Medical, Henderson, Nevada, 89052, United States|MEDEX Healthcare Research, Inc, New York, New York, 10004, United States|PMG Research of WS, Winston-Salem, North Carolina, 27103, United States|Rapid Medical Research, Inc., Cleveland, Ohio, 44122, United States|Providence Health Partners - Center for Research, Dayton, Ohio, 45439, United States|Omega Medical Research, Warwick, Rhode Island, 02888, United States|Ellipsis Research, Columbia, South Carolina, 29201, United States|PMG Research of Charleston, Mt. Pleasant, South Carolina, 29464, United States|New Phase Research and Development, Knoxville, Tennessee, 37923, United States|Mercury Clinical Research, Houston, Texas, 77093, United States|Quality Research, Inc., San Antonio, Texas, 78209, United States|Highland Clinical Research, Salt Lake City, Utah, 84124, United States|Strelitz Diabetes Center, Eastern Virginia Medical School, Norfolk, Virginia, 23510, United States",True,False,2011.0,2012.0,True,False
NCT01241448,A Study of LY2409021 in Patients With Type 2 Diabetes,COMPLETED,"Diabetes Mellitus, Type 2",Eli Lilly and Company,ALL,"ADULT, OLDER_ADULT",PHASE2,263.0,INDUSTRY,INTERVENTIONAL,2011-01,2012-03,"For additional information regarding investigative sites for this trial, contact 1-877-CTLILLY (1-877-285-4559, 1-317-615-4559) Mon - Fri from 9 AM to 5 PM Eastern Time (UTC/GMT - 5 hours, EST), or speak with your personal physician., Burbank, California, 91505, United States|For additional information regarding investigative sites for this trial, contact 1-877-CTLILLY (1-877-285-4559, 1-317-615-4559) Mon - Fri from 9 AM to 5 PM Eastern Time (UTC/GMT - 5 hours, EST), or speak with your personal physician., Concord, California, 94520, United States|For additional information regarding investigative sites for this trial, contact 1-877-CTLILLY (1-877-285-4559, 1-317-615-4559) Mon - Fri from 9 AM to 5 PM Eastern Time (UTC/GMT - 5 hours, EST), or speak with your personal physician., Fresno, California, 93720, United States|For additional information regarding investigative sites for this trial, contact 1-877-CTLILLY (1-877-285-4559, 1-317-615-4559) Mon - Fri from 9 AM to 5 PM Eastern Time (UTC/GMT - 5 hours, EST), or speak with your personal physician., Lakewood, California, 990712, United States|For additional information regarding investigative sites for this trial, contact 1-877-CTLILLY (1-877-285-4559, 1-317-615-4559) Mon - Fri from 9 AM to 5 PM Eastern Time (UTC/GMT - 5 hours, EST), or speak with your personal physician., Los Angeles, California, 90057, United States|For additional information regarding investigative sites for this trial, contact 1-877-CTLILLY (1-877-285-4559, 1-317-615-4559) Mon - Fri from 9 AM to 5 PM Eastern Time (UTC/GMT - 5 hours, EST), or speak with your personal physician., Mission Hills, California, 91345, United States|For additional information regarding investigative sites for this trial, contact 1-877-CTLILLY (1-877-285-4559, 1-317-615-4559) Mon - Fri from 9 AM to 5 PM Eastern Time (UTC/GMT - 5 hours, EST), or speak with your personal physician., Palm Springs, California, 92262, United States|For additional information regarding investigative sites for this trial, contact 1-877-CTLILLY (1-877-285-4559, 1-317-615-4559) Mon - Fri from 9 AM to 5 PM Eastern Time (UTC/GMT - 5 hours, EST), or speak with your personal physician., Roseville, California, 95661, United States|For additional information regarding investigative sites for this trial, contact 1-877-CTLILLY (1-877-285-4559, 1-317-615-4559) Mon - Fri from 9 AM to 5 PM Eastern Time (UTC/GMT - 5 hours, EST), or speak with your personal physician., San Luis Obispo, California, 93401, United States|For additional information regarding investigative sites for this trial, contact 1-877-CTLILLY (1-877-285-4559, 1-317-615-4559) Mon - Fri from 9 AM to 5 PM Eastern Time (UTC/GMT - 5 hours, EST), or speak with your personal physician., Idaho Falls, Idaho, 83404, United States|For additional information regarding investigative sites for this trial, contact 1-877-CTLILLY (1-877-285-4559, 1-317-615-4559) Mon - Fri from 9 AM to 5 PM Eastern Time (UTC/GMT - 5 hours, EST), or speak with your personal physician., Meridian, Idaho, 83646, United States|For additional information regarding investigative sites for this trial, contact 1-877-CTLILLY (1-877-285-4559, 1-317-615-4559) Mon - Fri from 9 AM to 5 PM Eastern Time (UTC/GMT - 5 hours, EST), or speak with your personal physician., Topeka, Kansas, 66606, United States|For additional information regarding investigative sites for this trial, contact 1-877-CTLILLY (1-877-285-4559, 1-317-615-4559) Mon - Fri from 9 AM to 5 PM Eastern Time (UTC/GMT - 5 hours, EST), or speak with your personal physician., St Louis, Missouri, 63141, United States|For additional information regarding investigative sites for this trial, contact 1-877-CTLILLY (1-877-285-4559, 1-317-615-4559) Mon - Fri from 9 AM to 5 PM Eastern Time (UTC/GMT - 5 hours, EST), or speak with your personal physician., Henderson, Nevada, 89052, United States|For additional information regarding investigative sites for this trial, contact 1-877-CTLILLY (1-877-285-4559, 1-317-615-4559) Mon - Fri from 9 AM to 5 PM Eastern Time (UTC/GMT - 5 hours, EST), or speak with your personal physician., Charlotte, North Carolina, 28209, United States|For additional information regarding investigative sites for this trial, contact 1-877-CTLILLY (1-877-285-4559, 1-317-615-4559) Mon - Fri from 9 AM to 5 PM Eastern Time (UTC/GMT - 5 hours, EST), or speak with your personal physician., Raleigh, North Carolina, 27609, United States|For additional information regarding investigative sites for this trial, contact 1-877-CTLILLY (1-877-285-4559, 1-317-615-4559) Mon - Fri from 9 AM to 5 PM Eastern Time (UTC/GMT - 5 hours, EST), or speak with your personal physician., Wilmington, North Carolina, 28401, United States|For additional information regarding investigative sites for this trial, contact 1-877-CTLILLY (1-877-285-4559, 1-317-615-4559) Mon - Fri from 9 AM to 5 PM Eastern Time (UTC/GMT - 5 hours, EST), or speak with your personal physician., Fargo, North Dakota, 58103, United States|For additional information regarding investigative sites for this trial, contact 1-877-CTLILLY (1-877-285-4559, 1-317-615-4559) Mon - Fri from 9 AM to 5 PM Eastern Time (UTC/GMT - 5 hours, EST), or speak with your personal physician., Damme, 49401, Germany|For additional information regarding investigative sites for this trial, contact 1-877-CTLILLY (1-877-285-4559, 1-317-615-4559) Mon - Fri from 9 AM to 5 PM Eastern Time (UTC/GMT - 5 hours, EST), or speak with your personal physician., Dresden, 01307, Germany|For additional information regarding investigative sites for this trial, contact 1-877-CTLILLY (1-877-285-4559, 1-317-615-4559) Mon - Fri from 9 AM to 5 PM Eastern Time (UTC/GMT - 5 hours, EST), or speak with your personal physician., Elsterwerda, 04910, Germany|For additional information regarding investigative sites for this trial, contact 1-877-CTLILLY (1-877-285-4559, 1-317-615-4559) Mon - Fri from 9 AM to 5 PM Eastern Time (UTC/GMT - 5 hours, EST), or speak with your personal physician., HohenmÃ¶lsen, 06679, Germany|For additional information regarding investigative sites for this trial, contact 1-877-CTLILLY (1-877-285-4559, 1-317-615-4559) Mon - Fri from 9 AM to 5 PM Eastern Time (UTC/GMT - 5 hours, EST), or speak with your personal physician., LÃ¼neburg, 21339, Germany|For additional information regarding investigative sites for this trial, contact 1-877-CTLILLY (1-877-285-4559, 1-317-615-4559) Mon - Fri from 9 AM to 5 PM Eastern Time (UTC/GMT - 5 hours, EST), or speak with your personal physician., Ludwigshafen, 67059, Germany|For additional information regarding investigative sites for this trial, contact 1-877-CTLILLY (1-877-285-4559, 1-317-615-4559) Mon - Fri from 9 AM to 5 PM Eastern Time (UTC/GMT - 5 hours, EST), or speak with your personal physician., Mainz, 55116, Germany|For additional information regarding investigative sites for this trial, contact 1-877-CTLILLY (1-877-285-4559, 1-317-615-4559) Mon - Fri from 9 AM to 5 PM Eastern Time (UTC/GMT - 5 hours, EST), or speak with your personal physician., Chieti Scalo, 66013, Italy|For additional information regarding investigative sites for this trial, contact 1-877-CTLILLY (1-877-285-4559, 1-317-615-4559) Mon - Fri from 9 AM to 5 PM Eastern Time (UTC/GMT - 5 hours, EST), or speak with your personal physician., Milan, 20162, Italy|For additional information regarding investigative sites for this trial, contact 1-877-CTLILLY (1-877-285-4559, 1-317-615-4559) Mon - Fri from 9 AM to 5 PM Eastern Time (UTC/GMT - 5 hours, EST), or speak with your personal physician., Hato Rey, 00917, Puerto Rico|For additional information regarding investigative sites for this trial, contact 1-877-CTLILLY (1-877-285-4559, 1-317-615-4559) Mon - Fri from 9 AM to 5 PM Eastern Time (UTC/GMT - 5 hours, EST), or speak with your personal physician., Manati, 00674, Puerto Rico|For additional information regarding investigative sites for this trial, contact 1-877-CTLILLY (1-877-285-4559, 1-317-615-4559) Mon - Fri from 9 AM to 5 PM Eastern Time (UTC/GMT - 5 hours, EST), or speak with your personal physician., San Juan, 00917-3104, Puerto Rico|For additional information regarding investigative sites for this trial, contact 1-877-CTLILLY (1-877-285-4559, 1-317-615-4559) Mon - Fri from 9 AM to 5 PM Eastern Time (UTC/GMT - 5 hours, EST), or speak with your personal physician., Baia Mare, 430123, Romania|For additional information regarding investigative sites for this trial, contact 1-877-CTLILLY (1-877-285-4559, 1-317-615-4559) Mon - Fri from 9 AM to 5 PM Eastern Time (UTC/GMT - 5 hours, EST), or speak with your personal physician., Brasov, 500365, Romania|For additional information regarding investigative sites for this trial, contact 1-877-CTLILLY (1-877-285-4559, 1-317-615-4559) Mon - Fri from 9 AM to 5 PM Eastern Time (UTC/GMT - 5 hours, EST), or speak with your personal physician., Bucharest, 050538, Romania|For additional information regarding investigative sites for this trial, contact 1-877-CTLILLY (1-877-285-4559, 1-317-615-4559) Mon - Fri from 9 AM to 5 PM Eastern Time (UTC/GMT - 5 hours, EST), or speak with your personal physician., Iași, 700547, Romania|For additional information regarding investigative sites for this trial, contact 1-877-CTLILLY (1-877-285-4559, 1-317-615-4559) Mon - Fri from 9 AM to 5 PM Eastern Time (UTC/GMT - 5 hours, EST), or speak with your personal physician., Târgu Mureş, 540098, Romania|For additional information regarding investigative sites for this trial, contact 1-877-CTLILLY (1-877-285-4559, 1-317-615-4559) Mon - Fri from 9 AM to 5 PM Eastern Time (UTC/GMT - 5 hours, EST), or speak with your personal physician., Košice, 04012, Slovakia|For additional information regarding investigative sites for this trial, contact 1-877-CTLILLY (1-877-285-4559, 1-317-615-4559) Mon - Fri from 9 AM to 5 PM Eastern Time (UTC/GMT - 5 hours, EST), or speak with your personal physician., Malacky, 90101, Slovakia|For additional information regarding investigative sites for this trial, contact 1-877-CTLILLY (1-877-285-4559, 1-317-615-4559) Mon - Fri from 9 AM to 5 PM Eastern Time (UTC/GMT - 5 hours, EST), or speak with your personal physician., Alicante, 03114, Spain|For additional information regarding investigative sites for this trial, contact 1-877-CTLILLY (1-877-285-4559, 1-317-615-4559) Mon - Fri from 9 AM to 5 PM Eastern Time (UTC/GMT - 5 hours, EST), or speak with your personal physician., Alzira, 46600, Spain|For additional information regarding investigative sites for this trial, contact 1-877-CTLILLY (1-877-285-4559, 1-317-615-4559) Mon - Fri from 9 AM to 5 PM Eastern Time (UTC/GMT - 5 hours, EST), or speak with your personal physician., Seville, 41003, Spain",True,False,2011.0,2012.0,True,False
NCT06411275,A Phase 2 Study of Berberine Ursodeoxycholate (HTD1801) in Patients With Type 2 Diabetes Inadequately Controlled With Diet and Exercise,COMPLETED,Type 2 Diabetes Mellitus,Shenzhen HighTide Biopharmaceutical Ltd.,ALL,"ADULT, OLDER_ADULT",PHASE2,113.0,INDUSTRY,INTERVENTIONAL,2022-03-31,2023-01-17,"Peking University People's Hospital, Beijing, China|The Second Hospital of Jilin University, Changchun, China|The First People's Hospital of Changde City, Changde, China|The Fourth Affiliated Hospital of Harbin Medical University, Harbin, China|Huizhou Municipal Central Hospital, Huizhou, China|Jinan Central Hospital, Jinan, China|Liaocheng People's Hospital, Liaocheng, China|The First Affiliated Hospital of Henan University of Science and Technology, Luoyang, China|Nanjing First Hospital, Nanjing, China|Nanjing Jiangning Hospital, Nanjing, China|Sir Run Run Hospital Nanjing Medical University, Nanjing, China|The First Affiliated Hospital of Nanyang Medical College, Nanyang, China|Yan'an University Affiliated Hospital, Yanan, China|Affiliated Hospital of Jiangsu University, Zhenjiang, China",True,False,2022.0,2023.0,True,False
NCT02040012,"A Study to Evaluate AZP531 in Healthy Volunteers, Overweight/Obese Volunteers and Patients With Type 2 Diabetes Mellitus",UNKNOWN,Type 2 Diabetes Mellitus,Alizé Pharma,ALL,ADULT,PHASE1,108.0,INDUSTRY,INTERVENTIONAL,2013-07,2015-10,"Quintiles Drug Research Unit at Guy's Hospital, London, London, SE1 1YR, United Kingdom",False,False,2013.0,2015.0,True,False
NCT07487467,Autologous SVF Therapy for Type 2 Diabetes,RECRUITING,"Diabetes Mellitus, Type 2",Kaiser Clinic and Hospital,ALL,"ADULT, OLDER_ADULT",,10.0,OTHER,INTERVENTIONAL,2025-01-20,2026-12-31,"Kaiser Clinica, São Jose Do Rio Preto, São Paulo, 15.015-110, Brazil",True,False,2025.0,2026.0,True,False
NCT04100473,Dose Response of Dance 501 in Subjects With Type 2 Diabetes Mellitus,COMPLETED,Type 2 Diabetes Mellitus,Dance Biopharm Inc.,ALL,"ADULT, OLDER_ADULT",PHASE2,24.0,INDUSTRY,INTERVENTIONAL,2018-04-23,2019-08-01,"Profil Mainz, Mainz, Malakoff-Passage, Germany",True,False,2018.0,2019.0,True,False
NCT07626775,"To Assess the Prevalence, Management Practices, and Clinical Outcomes Associated With Hyperglycemia Among Hospitalized Patients, With a Particular Focus on the Interplay Between Metabolic Biomarkers, Nutritional Status, and Body Composition",COMPLETED,Diabete Mellitus|Diabete Type 2|Hyperglycaemia (Diabetic),"Medanta, The Medicity, India",ALL,"ADULT, OLDER_ADULT",,362.0,OTHER,OBSERVATIONAL,2023-01-01,2026-03-01,"Division Of Endocrinology & Diabetes, Gurgaon, Haryana, 122001, India",True,False,2023.0,2026.0,True,False
NCT04564846,A Study to Evaluate the Effect of ORMD-0801 in Patients With Type 2 Diabetes Mellitus,COMPLETED,"Diabetes Mellitus, Type 2","Oramed, Ltd.",ALL,"ADULT, OLDER_ADULT",PHASE2,49.0,INDUSTRY,INTERVENTIONAL,2020-11-23,2022-06-07,"Orange County Research Center (OCRC) 14351 Myford Rd., Suite B, Tustin, CA 92780, Tustin, California, 92780, United States",True,False,2020.0,2022.0,True,False
NCT06407245,Efficacy of Exercise Snacks in Real-World Settings in Individuals Living With Type 2 Diabetes,UNKNOWN,Type 2 Diabetes,University of British Columbia,ALL,"ADULT, OLDER_ADULT",,80.0,OTHER,INTERVENTIONAL,2024-04-20,2025-07-19,"University of British Columbia Okanagan, Kelowna, British Columbia, V1V 3G1, Canada",True,False,2024.0,2025.0,True,False
NCT02229240,Albiglutide Versus Placebo Added-on to Basal-Bolus Insulin Therapy in Subjects With Type 2 Diabetes Mellitus,WITHDRAWN,"Diabetes Mellitus, Type 2",GlaxoSmithKline,ALL,"ADULT, OLDER_ADULT",PHASE3,0.0,INDUSTRY,INTERVENTIONAL,2015-08,2015-12,,True,False,2015.0,2015.0,True,True
NCT01449747,Pharmacokinetics Study of Dipeptidyl Peptidase 4 Inhibitor to Control Type 2 Diabetes Mellitus,COMPLETED,Type 2 Diabetes Mellitus,The Catholic University of Korea,ALL,"ADULT, OLDER_ADULT",PHASE4,24.0,OTHER,INTERVENTIONAL,2011-12,2015-07,"The Catholic University of Korea; St.Paul's Hospital, Seoul, 130-709, South Korea|The Catholic University of Korea; Seoul St. Mary's Hospital, Seoul, 137-701, South Korea",True,False,2011.0,2015.0,True,False
NCT01188863,Study of Two Oral Formulations of LX4211 in Patients With Type 2 Diabetes Mellitus,COMPLETED,Type 2 Diabetes Mellitus,Lexicon Pharmaceuticals,ALL,"ADULT, OLDER_ADULT",PHASE1,15.0,INDUSTRY,INTERVENTIONAL,2010-09,,"Lexicon Investigational Site, San Antonio, Texas, 78209, United States",True,False,2010.0,,True,False
NCT06579105,"Efficacy, Safety, and Tolerability of Once Daily Oral Administration of AZD5004 Versus Placebo for 26 Weeks in Adults With Type 2 Diabetes Mellitus.",COMPLETED,"Diabetes Mellitus, Type 2",AstraZeneca,ALL,"ADULT, OLDER_ADULT",PHASE2,406.0,INDUSTRY,INTERVENTIONAL,2024-10-08,2025-12-19,"Research Site, Mobile, Alabama, 36608, United States|Research Site, Sheffield, Alabama, 35660, United States|Research Site, Vestavia Hills, Alabama, 35216, United States|Research Site, Tucson, Arizona, 85710, United States|Research Site, Little Rock, Arkansas, 72205, United States|Research Site, Long Beach, California, 90815, United States|Research Site, Los Angeles, California, 90017, United States|Research Site, Newport Beach, California, 92660, United States|Research Site, Sacramento, California, 95821, United States|Research Site, Waterbury, Connecticut, 06708, United States|Research Site, Lake City, Florida, 32055, United States|Research Site, Largo, Florida, 33777, United States|Research Site, Ocoee, Florida, 34761, United States|Research Site, Orlando, Florida, 32804, United States|Research Site, Decatur, Georgia, 30030, United States|Research Site, Savannah, Georgia, 31406, United States|Research Site, Lombard, Illinois, 60148, United States|Research Site, Potomac, Maryland, 20854, United States|Research Site, Boston, Massachusetts, 02115, United States|Research Site, Roslindale, Massachusetts, 02131, United States|Research Site, Farmington Hills, Michigan, 48334, United States|Research Site, Gulfport, Mississippi, 39503, United States|Research Site, Kansas City, Missouri, 64111, United States|Research Site, Omaha, Nebraska, 68134, United States|Research Site, Las Vegas, Nevada, 89109, United States|Research Site, Albuquerque, New Mexico, 87107, United States|Research Site, Binghamton, New York, 13905, United States|Research Site, Durham, North Carolina, 27701, United States|Research Site, Greensboro, North Carolina, 27408, United States|Research Site, Rocky Mount, North Carolina, 27804, United States|Research Site, Statesville, North Carolina, 28625, United States|Research Site, Wilmington, North Carolina, 28401, United States|Research Site, Winston-Salem, North Carolina, 27103, United States|Research Site, Fargo, North Dakota, 58104, United States|Research Site, Beachwood, Ohio, 44122, United States|Research Site, Cincinnati, Ohio, 45219, United States|Research Site, Medford, Oregon, 97504, United States|Research Site, West Chester, Pennsylvania, 19380, United States|Research Site, Gaffney, South Carolina, 29340, United States|Research Site, Bristol, Tennessee, 37620, United States|Research Site, Abilene, Texas, 79606, United States|Research Site, Dallas, Texas, 75230, United States|Research Site, El Paso, Texas, 79935, United States|Research Site, Houston, Texas, 77004, United States|Research Site, West Jordan, Utah, 84088, United States|Research Site, Charlottesville, Virginia, 22911, United States|Research Site, Manassas, Virginia, 20110, United States|Research Site, Norfolk, Virginia, 23504, United States|Research Site, Seattle, Washington, 98105, United States|Research Site, Kingwood, West Virginia, 26537, United States|Research Site, Surrey, British Columbia, V3T 2V6, Canada|Research Site, Brampton, Ontario, L6T 0G1, Canada|Research Site, Burlington, Ontario, L7M 4Y1, Canada|Research Site, Sarnia, Ontario, N7T 4X3, Canada|Research Site, Toronto, Ontario, M9V 4B4, Canada|Research Site, Lévis, Quebec, G6V 6E2, Canada|Research Site, Falkensee, 14612, Germany|Research Site, Hamburg, 22607, Germany|Research Site, Münster, 48145, Germany|Research Site, Oldenburg, 23758, Germany|Research Site, Sankt Ingbert, 66386, Germany|Research Site, Wangen, 88239, Germany|Research Site, Budapest, 1036, Hungary|Research Site, Budapest, 1083, Hungary|Research Site, Debrecen, 4032, Hungary|Research Site, Szeged, 6725, Hungary|Research Site, Chūōku, 103-0027, Japan|Research Site, Chūōku, 104-0031, Japan|Research Site, Matsuyama, 7900034, Japan|Research Site, Shinjuku-ku, 160-0008, Japan|Research Site, Bialystok, 15-435, Poland|Research Site, Krakow, 31-156, Poland|Research Site, Krakow, 31-261, Poland|Research Site, Lodz, 90-338, Poland|Research Site, Lublin, 20-718, Poland|Research Site, Poznan, 60-589, Poland|Research Site, Poznan, 61-655, Poland|Research Site, Tarnów, 33-100, Poland|Research Site, Bratislava, 831 03, Slovakia|Research Site, Prešov, 080 01, Slovakia|Research Site, Rožňava, 048 01, Slovakia|Research Site, Sabinov, 083 01, Slovakia|Research Site, Trebišov, 07501, Slovakia|Research Site, A Coruña, 15006, Spain|Research Site, Barcelona, 8035, Spain|Research Site, Madrid, 28006, Spain|Research Site, Málaga, 29010, Spain|Research Site, Seville, 41003, Spain|Research Site, Seville, 41010, Spain|Research Site, Seville, 41950, Spain|Research Site, Blackpool, FY3 7EN, United Kingdom|Research Site, Bristol, BS34 6BQ, United Kingdom|Research Site, Chesterfield, S40 4AA, United Kingdom|Research Site, Corby, NN17 2UR, United Kingdom|Research Site, Dundee, DD1 9SY, United Kingdom|Research Site, Rotherham, S65 1DA, United Kingdom|Research Site, Yate, BS37 4AX, United Kingdom",True,False,2024.0,2025.0,True,False
NCT07452913,"Metformin, Empagliflozin With Sitagliptin vs Linagliptin in Type 2 Diabetes",ENROLLING_BY_INVITATION,Type 2 Diabetes Mellitus,Bahria University,ALL,ADULT,PHASE4,110.0,OTHER,INTERVENTIONAL,2026-01-01,2026-06-30,"National Medical Center Karachi, Karachi, Sindh, 75500, Pakistan",False,False,2026.0,2026.0,True,False
NCT06440486,Assessment of Probiotics on Inflammation and Metabolism in Type 2 Diabetes.,UNKNOWN,Type 2 Diabetes,"Wecare Probiotics Co., Ltd.",ALL,"ADULT, OLDER_ADULT",,80.0,INDUSTRY,INTERVENTIONAL,2024-06-15,2024-12-15,"Nanchong Central Hospital, Nanchong, Sichuan, 637000, China",True,False,2024.0,2024.0,True,False
NCT06562842,"Exercise, Gut Microbiota and Type 2 Diabetes",RECRUITING,Type 2 Diabetes,University of Thessaly,ALL,"ADULT, OLDER_ADULT",,60.0,OTHER,INTERVENTIONAL,2025-03-10,2026-05-30,"Department of Physical Education and Sport Science, Uninersity of Thessaly, Trikala, 42100, Greece",True,False,2025.0,2026.0,True,False
NCT07681375,Evaluation of Basal Insulin Initialization and Titration in People With Type 2 Diabetes Wearing a Dexcom G6 Sensor,ACTIVE_NOT_RECRUITING,Type 2 Diabetes,"DexCom, Inc.",ALL,"ADULT, OLDER_ADULT",PHASE1,45.0,INDUSTRY,INTERVENTIONAL,2023-04-11,2027-01-15,"San Diego Family Care (SDFC), San Diego, California, 92111, United States",True,False,2023.0,2027.0,True,False
NCT03112538,Improving Glycaemic Control in Malaysian Patients With Type 2 Diabetes Mellitus With Insulin Pump Therapy,UNKNOWN,Type 2 Diabetes Mellitus,"Clinical Research Centre, Malaysia",ALL,"ADULT, OLDER_ADULT",PHASE4,118.0,OTHER,INTERVENTIONAL,2016-01,2018-12,"Hospital Putrajaya, Putrajaya, Kuala Lumpur, 62250, Malaysia",True,False,2016.0,2018.0,True,False
NCT07573917,Improving Insulin Sensitivity in Patients With Type 2 Diabetes Via Repeated Cold-induced Shivering Thermogenesis,RECRUITING,Type 2 Diabetes,Université de Sherbrooke,ALL,"ADULT, OLDER_ADULT",,15.0,OTHER,INTERVENTIONAL,2025-09-24,2027-05-31,"Centre de recherche du CHUS, Sherbrooke, Quebec, J1H 5N4, Canada",True,False,2025.0,2027.0,True,False
NCT07114822,HOPE Intervention for Fitness,RECRUITING,Diabetes Mellitus Type 2,"University of California, Irvine",ALL,"ADULT, OLDER_ADULT",,120.0,OTHER,INTERVENTIONAL,2025-10-21,2026-05-01,"UC Irvine, Irvine, California, 92617, United States",True,False,2025.0,2026.0,True,False
NCT07023172,"Multicenter, Prospective, Observational Study on the Treatment of Type 2 Diabetes With Proline Plus Empagliflozin Tablets",RECRUITING,Type 2 Diabetes,The Affiliated Nanjing Drum Tower Hospital of Nanjing University Medical School,ALL,"ADULT, OLDER_ADULT",,3000.0,OTHER,OBSERVATIONAL,2025-05-30,2027-10,"Xinyang Central Hospital, Xinyang, Henan, 464000, China|Affiliated Drum Tower Hospital, Medical School of Nanjing University, Nanjing, Jiangsu, 210000, China",True,False,2025.0,2027.0,True,False
NCT03947879,The Effect of Pharmaceutical Grade L-glutamine (Endari) on Glycemic Control in Patients With Diabetes Mellitus Type II,UNKNOWN,"Diabetes Mellitus, Type 2",Hawaii Pacific Health,ALL,"ADULT, OLDER_ADULT",PHASE1,25.0,OTHER,INTERVENTIONAL,2019-05,2022-05,,True,False,2019.0,2022.0,True,False
NCT01798238,Teneligliptin(MP-513) Versus Placebo in Type 2 Diabetes Mellitus,COMPLETED,Type 2 Diabetes Mellitus,Handok Inc.,ALL,"ADULT, OLDER_ADULT",PHASE3,142.0,INDUSTRY,INTERVENTIONAL,2012-11,2014-05,"Handok INC, Seoul, Gangnam-Gu, South Korea|Handok Pharmaceuticals CO. LTD, Seoul, South Korea",True,False,2012.0,2014.0,True,False
NCT07666529,Effect of Molar Replacement on Glycemic Control in Adults With Uncontrolled Type 2 Diabetes,NOT_YET_RECRUITING,Type 2 Diabetes,Assistance Publique - Hôpitaux de Paris,ALL,"ADULT, OLDER_ADULT",,140.0,OTHER,INTERVENTIONAL,2026-11-15,2030-08-15,,True,False,2026.0,2030.0,True,False
NCT04213547,Sleep and Glycemic Control in Type 2 Diabetes Adolescents,RECRUITING,Type 2 Diabetes,Children's Hospital of Philadelphia,ALL,"CHILD, ADULT",,90.0,OTHER,INTERVENTIONAL,2020-09-16,2028-07-01,"Children's Hospital of Philadelphia, Philadelphia, Pennsylvania, 19104, United States",False,True,2020.0,2028.0,True,False
NCT06920667,Effect of a Protein-Creatine-Omega3-Vitamin D Supplement on Glycemic Variability in Mexican Patients With Type 2 Diabetes,NOT_YET_RECRUITING,Type 2 Diabetes Mellitus,Héctor Iván Saldívar Cerón,ALL,"ADULT, OLDER_ADULT",,40.0,OTHER,INTERVENTIONAL,2025-06-01,2026-10-25,,True,False,2025.0,2026.0,True,False
NCT05342012,The Effect of Nitrate on Brown Fat,COMPLETED,"Diabetes Mellitus, Type 2",Bournemouth University,ALL,"ADULT, OLDER_ADULT",,13.0,OTHER,INTERVENTIONAL,2022-06-30,2023-07-31,"Bournemouth University, Bournemouth, Dorset, BH12 5BB, United Kingdom|University of Portsmouth, Portsmouth, Hampshire, PO1 2UP, United Kingdom|Southern Health NHS Foundation Trust, Southampton, Hampshire, SO40 8DX, United Kingdom|Shore Medical, Poole, United Kingdom",True,False,2022.0,2023.0,True,False
NCT07647523,Determining the Effect of Home BLOOD Glucose Monitoring on HBA1C in Patients With Type 2 Diabetes Using Smartphone Application,COMPLETED,"Diabetes Mellitus, Type 2",Dokuz Eylul University,ALL,"ADULT, OLDER_ADULT",,100.0,OTHER,INTERVENTIONAL,2021-02-01,2021-09-01,"Dokuz Eylul University, Izmir, Turkey (Türkiye)",True,False,2021.0,2021.0,True,False
NCT07142512,Helping Couples Communicate Better: Does This Help Persons With Type 2 Diabetes Respond Better to a Step Count Prescription?,RECRUITING,Type 2 Diabetes,McGill University Health Centre/Research Institute of the McGill University Health Centre,ALL,"ADULT, OLDER_ADULT",,200.0,OTHER,INTERVENTIONAL,2025-10-01,2027-12,"St. Mary's Hospital, Montreal, Quebec, H3T 0A2, Canada|Jewish General Hospital, Montreal, Quebec, H3T 1E2, Canada|McGill University Health Centre, Montreal, Quebec, H4A 0B1, Canada",True,False,2025.0,2027.0,True,False
NCT07376226,Effects of Whole Fruit on Blood Sugar in People With Type 2 Diabetes,NOT_YET_RECRUITING,Type 2 Diabetes,Harvard School of Public Health (HSPH),ALL,"ADULT, OLDER_ADULT",,25.0,OTHER,INTERVENTIONAL,2026-09,2028-04,"Harvard T. H. Chan School of Public Health, Boston, Massachusetts, 02115, United States",True,False,2026.0,2028.0,True,False
NCT04264793,Skills for Change: Nutrition Education Program for Emirati Adults With Type 2 Diabetes,COMPLETED,Type 2 Diabetes,United Arab Emirates University,ALL,"ADULT, OLDER_ADULT",,382.0,OTHER,INTERVENTIONAL,2011-11-20,2013-12-24,"Ambulatory Healthcare Services, SEHA, Al Ain City, United Arab Emirates",True,False,2011.0,2013.0,True,False
NCT06825182,Current Status of Islet Alpha Cell Function in Patients with Type 2 Diabetes,RECRUITING,Type 2 Diabetes Mellitus,"Nanjing First Hospital, Nanjing Medical University",ALL,"ADULT, OLDER_ADULT",PHASE3,1000.0,OTHER,INTERVENTIONAL,2024-11-07,2025-12-31,"Nanjing First Hostital, Nanjing, Jiangsu, 210000, China",True,False,2024.0,2025.0,True,False
NCT06353347,Efficacy and Safety of Berberine Ursodeoxycholate (HTD1801) in Patients With Type 2 Diabetes Inadequately Controlled With Metformin,COMPLETED,Type 2 Diabetes Mellitus,Shenzhen HighTide Biopharmaceutical Ltd.,ALL,"ADULT, OLDER_ADULT",PHASE3,551.0,INDUSTRY,INTERVENTIONAL,2023-11-13,2025-07-30,"Baogang Hospital of Inner Mongolia, Baotou, China|Beijing Friendship Hospital, Capital Medical University, Beijing, China|Beijing Luhe Hospital Capital Medical University, Beijing, China|Beijing Pinggu Hospital, Beijing, China|Peking Union Medical College Hospital, Beijing, China|Peking University People's Hospital, Beijing, China|The Second Norman Bethune Hospital of Jilin University, Changchun, China|The First People's Hospital of Changde City, Changde, China|Hunan Provincial People's Hospital, Changsha, China|The Third Xiangya Hospital of Central South University, Changsha, China|Chongqing University Three Gorges Hospital, Chongqing, China|The Third People's Hospital of Datong, Datong, China|Nanfang Hospital, Southern Medical University, Guangzhou, China|Handan First Hospital, Handan, China|The Fourth Affiliated Hospital of Harbin Medical University, Harbin, China|Anhui Provincial Hospital, Hefei, China|The Second Hospital of Anhui Medical University, Hefei, China|Hengshui People's Hospital (Harrison International Peace Hospital), Hengshui, China|Heze Municipal Hospital, Heze, China|Huai'an First People's Hospital, Huai'an, China|Huangshi Central Hospital, Huangshi, China|Huizhou Municipal Central Hospital, Huizhou, China|Huzhou Central Hospital, Huzhou, China|Jinan Central Hospital, Jinan, China|Jingzhou Central Hospital, Jingzhou, China|Jinzhou Central Hospital, Jinzhou, China|The First People's Hospital of Kashgar, Kashgar, China|Hebei Petro China Center Hospital, Langfang, China|Liaocheng People's Hospital, Liaocheng, China|The First Affiliated Hospital of Henan University of Science and Technology (Jinghua), Luoyang, China|The First Affiliated Hospital of Henan University of Science and Technology (Kaiyuan), Luoyang, China|Nanjing Drum Tower Hospital - The Affiliated Hospital of Nanjing University Medical School, Nanjing, China|Nanjing First Hospital, Nanjing, China|Nanjing Jiangning Hospital, Nanjing, China|Sir Run Run Hospital Nanjing Medical University, Nanjing, China|The Second Affiliated Hospital of Nanjing Medical University, Nanjing, China|The First People's Hospital of Nanning, Nanning, China|The First Affiliated Hospital of Nanyang Medical College, Nanyang, China|Panjin Liaohe Oilfield Gem Flower Hospital, Panjin, China|The First Hospital of Qiqihar, Qiqihar, China|Shanghai East Hospital of Tongji University, Shanghai, China|Shanghai Pudong New Area People's Hospital, Shanghai, China|Shengjing Hospital of China Medical University, Shenyang, China|The Sixth People's Hospital of Shenyang, Shenyang, China|Shenzhen People's Hospital, Shenzhen, China|The University of Hong Kong - Shenzhen Hospital, Shenzhen, China|Taihe Hospital, Shiyan, China|Siping City Central People's Hospital, Siping, China|The First Affiliated Hospital of Suzhou University, Suzhou, China|People's Hospital of Tianjin, Tianjin, China|Tonghua Central Hospital, Tonghua, China|The Central Hospital of Wuhan, Wuhan, China|Yijishan Hospital of Wannan Medical College, Wuhu, China|The First People's Hospital of Xiangtan City, Xiangtan, China|The Affiliated Hospital of Xuzhou Medical University, Xuzhou, China|Yanan University Affiliated Hospital, Yanan, China|Yueyang People's Hospital, Yueyang, China|Yuncheng Central Hospital, Yuncheng, China|The Second Affiliated Hospital of Zhengzhou University, Zhengzhou, China|Affiliated Hospital of Jiangsu University, Zhenjiang, China|Zhumadian Central Hospital, Zhumadian, China|Zhuzhou Central Hospital, Zhuzhou, China|Zibo Central Hospital, Zibo, China|The First People's Hospital of Zunyi, Zunyi, China",True,False,2023.0,2025.0,True,False
NCT05826054,Montbretin Clinical Trial in Healthy Volunteers and Type 2 Diabetics,RECRUITING,Type 2 Diabetes,Robert Petrella,ALL,"ADULT, OLDER_ADULT",PHASE1,50.0,OTHER,INTERVENTIONAL,2023-12-01,2025-02,"VCHRI Clinical Research Unit, Vancouver, British Columbia, V5Y2S7, Canada",True,False,2023.0,2025.0,True,False
NCT00309712,Diabetes and Combined Lipid Therapy Regimen (DIACOR) Study,COMPLETED,Type II Diabetes Mellitus|Mixed Dyslipidemia,"Intermountain Health Care, Inc.",ALL,"ADULT, OLDER_ADULT",,300.0,OTHER,INTERVENTIONAL,2002-08,2006-09,"McKay Dee Hospital, Ogden, Utah, 84403, United States|LDS Hospital, Salt Lake City, Utah, 84143, United States",True,False,2002.0,2006.0,True,False
NCT07568678,"A Phase 1, Multiple Ascending Dose Study to Evaluate HMS1005 in Participants With Type 2 Diabetes",RECRUITING,Type 2 Diabetes,Hua Medicine Limited,ALL,"ADULT, OLDER_ADULT",PHASE1,40.0,INDUSTRY,INTERVENTIONAL,2025-12-04,2026-10-13,"Clinical Pharmacology of Miami, Miami, Florida, 33172, United States",True,False,2025.0,2026.0,True,False
NCT00943917,Study of ITCA 650 (Exenatide in DUROS) in Subjects With Type 2 Diabetes Mellitus,COMPLETED,Type 2 Diabetes,Intarcia Therapeutics,ALL,"ADULT, OLDER_ADULT",PHASE2,155.0,INDUSTRY,INTERVENTIONAL,2009-08,2011-02,"Study Site, Chino, California, 91710, United States|Study Site, La Jolla, California, 92037, United States|Study Site, National City, California, 91950, United States|Study Site, Sacramento, California, 95821, United States|Study Site, San Diego, California, 92161, United States|Study Site, Valley Village, California, 91607, United States|Study Site, Longmont, Colorado, 80501, United States|Study Site, Pueblo, Colorado, 81001, United States|Study Site, Bradenton, Florida, 34203, United States|Study Site, Miami, Florida, 33143, United States|Study Site, Miami, Florida, 33169, United States|Study Site, Miami, Florida, 33183, United States|Study Site, Miramar, Florida, 33025, United States|Study Site, Pembroke Pines, Florida, 33026, United States|Study Site, St. Petersburg, Florida, 33709, United States|Study Site, Atlanta, Georgia, 30342, United States|Study Site, Sandy Springs, Georgia, 30328, United States|Study Site, Meridian, Idaho, 83642, United States|Study Site, Chicago, Illinois, 60607, United States|Study Site, Avon, Indiana, 46123, United States|Study Site, Wichita, Kansas, 67205, United States|Study Site, Lexington, Kentucky, 40503, United States|Study Site, New Orleans, Louisiana, 70112, United States|Study Site, Kalamazoo, Michigan, 49007, United States|Study Site, Traverse City, Michigan, 49684, United States|Study Site, Troy, Michigan, 48098, United States|Study Site, Ypsilanti, Michigan, 48197, United States|Study Site, Minneapolis, Minnesota, 55416, United States|Study Site, Las Vegas, Nevada, 89119, United States|Study Site, New Hyde Park, New York, 11042, United States|Study Site, Charlotte, North Carolina, 28209, United States|Study Site, Hickory, North Carolina, 28601, United States|Study Site, Cincinnati, Ohio, 45212, United States|Study Site, Cincinnati, Ohio, 45219, United States|Study Site, Franklin, Ohio, 45005, United States|Study Site, Kettering, Ohio, 45429, United States|Study Site, Norman, Oklahoma, 73069, United States|Study Site, Eugene, Oregon, 97404, United States|Study Site, Rapid City, South Dakota, 57702, United States|Study Site, Austin, Texas, 78749, United States|Study Site, Austin, Texas, 78752, United States|Study Site, Dallas, Texas, 75230, United States|Study Site, Dallas, Texas, 75251, United States|Study Site, Irving, Texas, 75039, United States|Study Site, San Antonio, Texas, 78205, United States|Study Site, San Antonio, Texas, 78229, United States|Study Site, West Jordan, Utah, 84088, United States|Study Site, Norfolk, Virginia, 23502, United States|Study Site, Olympia, Washington, 98502, United States|Study Site, Spokane, Washington, 99202, United States",True,False,2009.0,2011.0,True,False
NCT07467161,Relationship Between Insulin Resistance and Vitamin D in Type 2 Diabetes Mellitus (DM),NOT_YET_RECRUITING,Type 2 Diabetes,Assiut University,ALL,"CHILD, ADULT, OLDER_ADULT",,165.0,OTHER,OBSERVATIONAL,2026-03,2028-03,,True,True,2026.0,2028.0,True,False
NCT04001231,Study of Exenatide Once-Weekly Suspension in Chinese Patients With Type 2 Diabetes Mellitus,WITHDRAWN,Type 2 Diabetes,AstraZeneca,ALL,"ADULT, OLDER_ADULT",PHASE1,0.0,INDUSTRY,INTERVENTIONAL,2020-06-30,2021-07-02,,True,False,2020.0,2021.0,True,True
NCT07409714,SMART 2D: Study of Montelukast's Effects on Renal and Cardiovascular Health in Adolescents and Young Adults With Type 2 Diabetes,NOT_YET_RECRUITING,Type 2 Diabetes,"University of Colorado, Denver",ALL,"CHILD, ADULT",EARLY_PHASE1,50.0,OTHER,INTERVENTIONAL,2026-07,2030-02,,False,True,2026.0,2030.0,True,False
NCT05202470,Effectiveness of Telehealth Program in Patients With Type 2 Diabetes,COMPLETED,Type 2 Diabetes,Muğla Sıtkı Koçman University,ALL,"ADULT, OLDER_ADULT",,30.0,OTHER,INTERVENTIONAL,2022-01-06,2023-05-15,"Muğla Training and Research Hospital, Muğla, 48000, Turkey (Türkiye)",True,False,2022.0,2023.0,True,False
NCT04732611,Effects of Pilates Exercises Versus Walking on Mechanical and Vascular Variables of Individuals With Type 2 Diabetes Mellitus,UNKNOWN,"Diabetes Mellitus, Type 2",Federal University of Rio Grande do Sul,ALL,"ADULT, OLDER_ADULT",,60.0,OTHER,INTERVENTIONAL,2021-03,2022-08,,True,False,2021.0,2022.0,True,False
NCT06739044,Efficacy and Safety of Semaglutide Injection vs Ozempic® in Patients With Type 2 Diabetes,COMPLETED,Type 2 Diabetes,"Hangzhou Zhongmei Huadong Pharmaceutical Co., Ltd.",ALL,"ADULT, OLDER_ADULT",PHASE3,494.0,INDUSTRY,INTERVENTIONAL,2023-09-20,2025-02-21,"Beijing Hospital, Beijing, Beijing Municipality, China",True,False,2023.0,2025.0,True,False
NCT03840850,Type 2 Diabetes: Risk Perceptions and Self-management Behaviour,COMPLETED,Type 2 Diabetes Mellitus,University of Oxford,ALL,"ADULT, OLDER_ADULT",,40.0,OTHER,INTERVENTIONAL,2017-09-15,2018-02-09,"27 Beaumont Street Surgery Practice, Oxford, Oxfordshire, OX1 2NR, United Kingdom",True,False,2017.0,2018.0,True,False
NCT01488916,Vitamin D Inadequacy on Postprandial Glucose in Type 2 Diabetes Mellitus,UNKNOWN,Type 2 Diabetes,"Taipei Veterans General Hospital, Taiwan",ALL,"ADULT, OLDER_ADULT",,45.0,OTHER_GOV,OBSERVATIONAL,2011-08,2012-12,"Taipei Veterans General Hospital, Taipei, 112, Taiwan",True,False,2011.0,2012.0,True,False
NCT01095991,Investigate the Effect of AZD1656 on the Pharmacokinetics of Sitagliptin in Patients With Type 2 Diabetes Mellitus,COMPLETED,Type 2 Diabetes Mellitus,AstraZeneca,ALL,"ADULT, OLDER_ADULT",PHASE1,12.0,INDUSTRY,INTERVENTIONAL,2010-03,2010-05,"Research Site, Neuss, Germany",True,False,2010.0,2010.0,True,False
NCT04077216,Effect of Extra Virgin Olive Oil on Postprandial Blood Glucose in Type 2 Diabetes Mellitus Patients,COMPLETED,"Diabetes Mellitus, Type 2",Makati Medical Center,ALL,"ADULT, OLDER_ADULT",,14.0,OTHER,INTERVENTIONAL,2018-09-01,2018-11-30,"Makati Medical Center, Makati City, NCR, 1004, Philippines",True,False,2018.0,2018.0,True,False
NCT05466643,A Study to Investigate the Effect of DWP16001 as add-on Therapy to Drug A in Patients With Type 2 Diabetes Mellitus,UNKNOWN,Type 2 Diabetes Mellitus,Daewoong Pharmaceutical Co. LTD.,ALL,"ADULT, OLDER_ADULT",PHASE3,240.0,INDUSTRY,INTERVENTIONAL,2023-03-17,2024-09-30,"Samsung Medical Center, Seoul, 135-710, South Korea",True,False,2023.0,2024.0,True,False
NCT06887543,The Impact of Time Restricted Eating on Type 2 Diabetes,TERMINATED,Type 2 Diabetes,Rockefeller University,ALL,"ADULT, OLDER_ADULT",,2.0,OTHER,INTERVENTIONAL,2025-05-29,2025-08-04,"The Rockefeller University Hospital, New York, New York, 10065, United States",True,False,2025.0,2025.0,True,False
NCT07278115,Effects on Remission of Type 2 Diabetes Mellitus Following Gastric Bypass Alone vs Gastric Bypass Combined With Truncal Vagotomy,RECRUITING,Diabetes Mellitus Type 2,University Research Institute for the Study of Genetic & Malignant Disorders in Childhood,ALL,"ADULT, OLDER_ADULT",,40.0,OTHER,INTERVENTIONAL,2026-04-24,2028-12,"Diabetes Surgery, Athens, Attica, 11527, Greece|Diabetes Surgery, Athens, Attica, 11527, Greece",True,False,2026.0,2028.0,True,False
NCT03230786,Study to Evaluate the Efficacy and Safety of KBP-042 in Patients With Type 2 Diabetes,COMPLETED,Type 2 Diabetes Mellitus,KeyBioscience AG,ALL,"ADULT, OLDER_ADULT",PHASE2,255.0,INDUSTRY,INTERVENTIONAL,2017-08-23,2018-07-31,"Diabetologická a Obezitologická ambulance, České Budějovice, Czechia|Vdoviak Miroslav MUDr. - Interní Ambulance, Karlovy Vary, 360 17, Czechia|Interní a Diabetologická ambulance, Clintrial s.r.o, Prague, 100 00, Czechia|Endokrinologicky Ústav, Prague, 113 94, Czechia|General University Hospital, Prague, 128 00, Czechia|Institute for Clinical and experimental Medicine, Prague, 140 21, Czechia|Diabet2 s.r.o, Prague, Czechia|Interní a Diabetologická ambulance, Uherské Hradiště, 68 601, Czechia|Bispebjerg Hospital, Endokrinologisk Afdeling, Bispebjerg, Copenhagen NV, 2400, Denmark|Bioclinica, Ballerup Municipality, Copenhagen, 2750, Denmark|Bioclinica, Aalborg, Jutland, 9000, Denmark|Aarhus University Hospital, Endocrinlogy Department, Aarhus, Jutland, 8000, Denmark|Sydvestjysk Sygehus, Esbjerg, Jutland, 6700, Denmark|Bioclinica, Vejle, Jutland, 7100, Denmark|Holbæk Sygehus, Holbæk, 4300, Denmark|Rtl Sm Srl/Scr, Chisinau, MD2025, Moldova|Rtl Sm Srl, Chisinau, MD2025, Moldova|Centrum Badań Klinicznych PI-House sp. z o.o., Gdansk, 80-546, Poland|Specjalistyczna Praktyka Lekarska Piotr Kubalski, Grudziądz, 86-302, Poland|Medyczne Centrum Diabetologiczno Endokrynologiczno Metaboliczno, Krakow, 31-261, Poland|Prywatny Gabinet Lekarski i Wizyty Lekarskie Jan Ruxer, Lodz, 90-074, Poland|Prywatny Gabinet Lekarski M. Horodecki (budynek Medicus), Opole, 45-367, Poland|Centrum Medyczne Hygea, Tychy, 43-100, Poland|Centrum Medyczne AMED, Warsaw, 01-518, Poland|S.C. Policlinica CCBR S.R.L., Bucharest, 030463, Romania|Institutului Național de Diabet, Nutriție și Boli Metabolice ""Prof.Dr. N.C. Paulescu"", Bucharest, Romania|S.C Nicodiab S.R.L., Bucharest, Romania|S.C. Sfinx Medica S.R.L., Constanța, 900412, Romania|S.C. Mediab S.R.L., Târgu Mureş, Romania|St. Pancras, London, WC1X 8QD, United Kingdom",True,False,2017.0,2018.0,True,False
NCT07668388,A Research Study Comparing How Well Different Doses of the Medicine UBT251 Lower Blood Sugar in People With Type 2 Diabetes,RECRUITING,"Diabetes Mellitus, Type 2",Novo Nordisk A/S,ALL,"ADULT, OLDER_ADULT",PHASE2,300.0,INDUSTRY,INTERVENTIONAL,2026-06-22,2027-11-15,"Flourish Research, Birmingham, Alabama, 35205, United States|Ark Clinical Research, Fountain Valley, California, 92708, United States|Ark Clinical Research, Long Beach, California, 90815, United States|Los Angeles Institute for Metabolic Research, Los Angeles, California, 90015, United States|Catalina Research Institute, LLC, Montclair, California, 91763, United States|Encore Medical Research LLC, Hollywood, Florida, 33024, United States|South Broward Research LLC, Miramar, Florida, 33027, United States|Encore Medical Research of Weston, Weston, Florida, 33331, United States|Midwest Inst For Clin Res, Indianapolis, Indiana, 46260, United States|Cotton O'Neil Diabetes & Endocrinology, Topeka, Kansas, 66606, United States|MD Medical Research, Oxon Hill, Maryland, 20745, United States|PharmQuest, Greensboro, North Carolina, 27408, United States|KDCILM, LLC & Accellacare US, Inc., Wilmington, North Carolina, 28401, United States|Plains Clinical Research Center, LLC_Fargo, Fargo, North Dakota, 58104, United States|Preferred Primary Care Physicians, Inc., Uniontown, Pennsylvania, 15401, United States|Monroe Biomedical Research, LLC, North Charleston, South Carolina, 29406, United States|LifeDoc Health, Memphis, Tennessee, 38115, United States|IMA Clinical Research, Austin, Texas, 78745, United States|Private Practice - Dr. Laila A. Hassan, Houston, Texas, 77089, United States|Radiance Clinical Research, Lampasas, Texas, 76550, United States|Quality Research Inc, San Antonio, Texas, 78209, United States|Tekton Research Inc, San Antonio, Texas, 78258, United States|Consano Clin Res-Shavano Park, Shavano Park, Texas, 78231, United States|Chrysalis Clinical Research, St. George, Utah, 84790, United States|The Vancouver Clinic, Vancouver, Washington, 98664, United States|Castle Hill Medical Centre, Castle Hill, New South Wales, 2154, Australia|Novatrials, Charlestown, New South Wales, 2290, Australia|Hunter Medical Research Institute - Endocrinology and Diabetes, New Lambton Heights, New South Wales, 2305, Australia|Roger Chih Yu Chen, Sydney, New South Wales, 2148, Australia|Royal Adelaide Hospital - Cardiology Department, Adelaide, South Australia, 5000, Australia|Baker Heart and Diabetes Institute, Melbourne, Victoria, 3004, Australia|Versdias - Diabetologikum Amberg, Amberg, Bavaria, 92224, Germany|Herz- und Diabeteszentrum NRW - Bad Oeynhausen, Bad Oeynhausen, 32545, Germany|Medizinisches Versorgungszentrum Am Bahnhof Spandau GbR, Berlin, 13597, Germany|DSP Bochum, Diabetes- und Stoffwechselpraxis, Bochum, 44869, Germany|Studiengesellschaft Dres. Könemann/Steinmann GbR, Bünde, 32257, Germany|InnoDiab Forschung GmbH, Essen, 45136, Germany|Mesut Durmaz, Hof, Hof, 95030, Germany|CRS Clinical Research Mannheim GmbH (hVIVO Mannheim), Mannheim, 68167, Germany|Szegedi Tudomanyegyetem St Györgyi Albert Klinikai Központ, Szeged, Csongrád-Csanád, 6725, Hungary|Szent Margit Rendelőintézet Nonprofit Kft., Budapest, 1032, Hungary|Semmelweis Egyetem, Budapest, 1083, Hungary|PVN Kutató Kft., Budapest, 1102, Hungary|Pécsi Tudományegyetem ÁOK, Pécs, 7624, Hungary|1 Wojskowy Szpital Kliniczny z Poliklinika SPZOZ, Lublin, Lublin Voivodeship, 20-049, Poland|NZOZ Vita-Diabetica Malgorzata Buraczyk, Bialystok, Podlaskie Voivodeship, 15-879, Poland|Uniwersytecki Szpital Kliniczny w Bialymstoku, Bialystok, 15-276, Poland|Specjalistyczna Praktyka Lekarska Diabetologia, Leczenie Cukrzycy i Otyłości lek. Monika Piwowar, Kielce, 25-355, Poland|Clinical Best Solutions Sp. z o.o., Sp. k, Lublin, 20-011, Poland|Formed 2 Sp. z o.o., Oświęcim, 32-600, Poland|S.C. Top Diabet Srl, Craiova, Dolj, 200515, Romania|Mariodiab Clinic SRL, Brasov, 500101, Romania|SC Nutrilife SRL, Bucharest, 013764, Romania|S.C Milena Sante SRL, Galati, 800001, Romania|Clinica Korall S.R.L. Satu Mare, Satu Mare, 440055, Romania|Spitalul Clinic Judetean De Urgenta Pius Brinzeu Timisoara, Timișoara, 300723, Romania|MEDISPEKTRUM s.r.o., Bratislava, 851 01, Slovakia|IN-DIA s.r.o., Lučenec, 984 01, Slovakia|MEDI-DIA s.r.o., Sabinov, 08301, Slovakia|ARETEUS s.r.o., Trebišov, 075 01, Slovakia|Chosun University Hospital_Endocrinology, Gwangju, 61453, South Korea|Asan Medical Center_Endocrinology, Seoul, 05505, South Korea|The Catholic University of Korea, Seoul ST. Mary's Hospital_Endocrinology, Seoul, 06591, South Korea|Korea University Guro Hospital_Endocrinology, Seoul, 08308, South Korea|Equip D'assistencia Primaria Vic S.L.P., Vic, Barcelona, 08500, Spain|Hospital Vall d'Hebron, Barcelona, 08035, Spain|Eap Osona Sud Alt Congost S.L.P, Centelles (Barcelona), 08540, Spain|Hospital Universitario de la Princesa, Madrid, 28006, Spain|H. Univ. Marqués de Valdecilla_Endocrinología, Santander, 39008, Spain|H. Infanta Luisa_Endocrino y Obesidad, Seville, 41010, Spain",True,False,2026.0,2027.0,True,False
NCT06507475,Real World Effectiveness of Oral Semaglutide in Thailand Participants With Type 2 Diabetes,COMPLETED,"Diabetes Mellitus, Type 2",Novo Nordisk A/S,ALL,"ADULT, OLDER_ADULT",,209.0,INDUSTRY,OBSERVATIONAL,2024-09-07,2024-12-20,"Maharaj Nakorn Chiang Mai Hospital_Nephrology, Chiang Mai, 50200, Thailand",True,False,2024.0,2024.0,True,False
NCT01468181,A Study of LY2189265 in Japanese Participants With Type 2 Diabetes Mellitus,COMPLETED,Type 2 Diabetes Mellitus,Eli Lilly and Company,ALL,"ADULT, OLDER_ADULT",PHASE3,394.0,INDUSTRY,INTERVENTIONAL,2011-11,2013-12,"For additional information regarding investigative sites for this trial, contact 1-877-CTLILLY (1-877-285-4559, 1-317-615-4559) Mon - Fri from 9 AM to 5 PM Eastern Time (UTC/GMT - 5 hours, EST), or speak with your personal physician., Aichi, 466-0815, Japan|For additional information regarding investigative sites for this trial, contact 1-877-CTLILLY (1-877-285-4559, 1-317-615-4559) Mon - Fri from 9 AM to 5 PM Eastern Time (UTC/GMT - 5 hours, EST), or speak with your personal physician., Chiba, 277-0825, Japan|For additional information regarding investigative sites for this trial, contact 1-877-CTLILLY (1-877-285-4559, 1-317-615-4559) Mon - Fri from 9 AM to 5 PM Eastern Time (UTC/GMT - 5 hours, EST), or speak with your personal physician., Hokkaido, 050-0073, Japan|For additional information regarding investigative sites for this trial, contact 1-877-CTLILLY (1-877-285-4559, 1-317-615-4559) Mon - Fri from 9 AM to 5 PM Eastern Time (UTC/GMT - 5 hours, EST), or speak with your personal physician., Hyōgo, 662-0971, Japan|For additional information regarding investigative sites for this trial, contact 1-877-CTLILLY (1-877-285-4559, 1-317-615-4559) Mon - Fri from 9 AM to 5 PM Eastern Time (UTC/GMT - 5 hours, EST), or speak with your personal physician., Ibaraki, 300-0053, Japan|For additional information regarding investigative sites for this trial, contact 1-877-CTLILLY (1-877-285-4559, 1-317-615-4559) Mon - Fri from 9 AM to 5 PM Eastern Time (UTC/GMT - 5 hours, EST), or speak with your personal physician., Kanagawa, 231-0023, Japan|For additional information regarding investigative sites for this trial, contact 1-877-CTLILLY (1-877-285-4559, 1-317-615-4559) Mon - Fri from 9 AM to 5 PM Eastern Time (UTC/GMT - 5 hours, EST), or speak with your personal physician., Kyoto, 615-8125, Japan|For additional information regarding investigative sites for this trial, contact 1-877-CTLILLY (1-877-285-4559, 1-317-615-4559) Mon - Fri from 9 AM to 5 PM Eastern Time (UTC/GMT - 5 hours, EST), or speak with your personal physician., Nagano, 390-1401, Japan|For additional information regarding investigative sites for this trial, contact 1-877-CTLILLY (1-877-285-4559, 1-317-615-4559) Mon - Fri from 9 AM to 5 PM Eastern Time (UTC/GMT - 5 hours, EST), or speak with your personal physician., Okayama, 700-8558, Japan|For additional information regarding investigative sites for this trial, contact 1-877-CTLILLY (1-877-285-4559, 1-317-615-4559) Mon - Fri from 9 AM to 5 PM Eastern Time (UTC/GMT - 5 hours, EST), or speak with your personal physician., Osaka, 560-0082, Japan|For additional information regarding investigative sites for this trial, contact 1-877-CTLILLY (1-877-285-4559, 1-317-615-4559) Mon - Fri from 9 AM to 5 PM Eastern Time (UTC/GMT - 5 hours, EST), or speak with your personal physician., Saitama, 3438577, Japan|For additional information regarding investigative sites for this trial, contact 1-877-CTLILLY (1-877-285-4559, 1-317-615-4559) Mon - Fri from 9 AM to 5 PM Eastern Time (UTC/GMT - 5 hours, EST), or speak with your personal physician., Tokyo, 1030002, Japan|For additional information regarding investigative sites for this trial, contact 1-877-CTLILLY (1-877-285-4559, 1-317-615-4559) Mon - Fri from 9 AM to 5 PM Eastern Time (UTC/GMT - 5 hours, EST), or speak with your personal physician., Toyama, 930-0859, Japan|For additional information regarding investigative sites for this trial, contact 1-877-CTLILLY (1-877-285-4559, 1-317-615-4559) Mon - Fri from 9 AM to 5 PM Eastern Time (UTC/GMT - 5 hours, EST), or speak with your personal physician., Wakayama, 644-0011, Japan",True,False,2011.0,2013.0,True,False
NCT04195243,Dapagliflozin vs Empagliflozin on Flow Mediated Dilation in Type 2 Diabetes Mellitus,UNKNOWN,Type 2 Diabetes Mellitus,"Centro Universitario de Ciencias de la Salud, Mexico",ALL,"ADULT, OLDER_ADULT",PHASE3,24.0,OTHER,INTERVENTIONAL,2019-12-02,2020-12-30,"Institute of Experimental and Clinical Therapeutics (INTEC), CUCS, University of Guadalajara, Guadalajara, Jalisco, 44340, Mexico",True,False,2019.0,2020.0,True,False
NCT01498367,Life-long Tele-monitoring of Patients With Type 2 Diabetes Mellitus in Central Greece,COMPLETED,"Diabetes Mellitus, Type 2",Regional Health Authority of Sterea & Thessaly,ALL,"ADULT, OLDER_ADULT",,154.0,OTHER_GOV,INTERVENTIONAL,2011-03,2014-01,"Endocrinology and Metabolic Diseases Department - Regional University Hospital of Larisa, Larissa, Thessaly, 41110, Greece",True,False,2011.0,2014.0,True,False
NCT05535842,Diabetes Companion App for Adults With Diabetes and Their Carers,UNKNOWN,"Diabetes|Diabetes Mellitus, Type 2|Diabetes Mellitus|Diabetes Type 2",Nanyang Technological University,ALL,"ADULT, OLDER_ADULT",,224.0,OTHER,INTERVENTIONAL,2022-11-28,2023-09-30,"Nanyang Technological University, Center for Population Health Sciences, Lee Kong Chian School of Medicine, Singapore, 308232, Singapore|Tan Tock Seng Hospital, Singapore, 308433, Singapore",True,False,2022.0,2023.0,True,False
NCT00004572,Identification and Therapy Efficacy of Type 2 Diabetes in Hispanic Patients,UNKNOWN,"Diabetes Mellitus, Non-Insulin-Dependent",National Center for Research Resources (NCRR),ALL,"CHILD, ADULT",,,NIH,OBSERVATIONAL,,,,False,True,,,False,False
NCT05702073,To Compare the Efficacy and Safety of INS068 and Insulin Glargine in Subjects With Type 2 Diabetes Mellitus Treated With Basal Insulin.,COMPLETED,Type 2 Diabetes Mellitus,"Jiangsu HengRui Medicine Co., Ltd.",ALL,"ADULT, OLDER_ADULT",PHASE3,423.0,INDUSTRY,INTERVENTIONAL,2023-03-31,2024-06-11,"Zhongshan Hospital, Shanghai, Shanghai Municipality, 200032, China",True,False,2023.0,2024.0,True,False
NCT06136013,Exercise Timing and the Circadian Clock in Individuals With Type 2 Diabetes and Those at Risk,UNKNOWN,"Diabetes Mellitus, Type 2",Faculdade de Motricidade Humana,ALL,"ADULT, OLDER_ADULT",,34.0,OTHER,INTERVENTIONAL,2024-01,2024-12,"Faculdade de Motricidade Humana, Cruz Quebrada, Oeiras, 1409-002, Portugal",True,False,2024.0,2024.0,True,False
NCT05626842,The DR-EAM Type 2 Diabetes Study,UNKNOWN,Type 2 Diabetes,Oviva UK Ltd,ALL,"ADULT, OLDER_ADULT",,197.0,OTHER,INTERVENTIONAL,2021-01-20,2023-09-30,"Oviva UK ltd, London, SE1 9RS, United Kingdom",True,False,2021.0,2023.0,True,False
NCT06516640,Type 2 Continuous Glucose Monitoring Academy,RECRUITING,Type 2 Diabetes,Children's Hospital Los Angeles,ALL,"CHILD, ADULT",,60.0,OTHER,INTERVENTIONAL,2025-06-23,2026-12-30,"Children's Hospital Los Angeles, Los Angeles, California, 90027, United States",False,True,2025.0,2026.0,True,False
NCT06861062,Effects of Vitamin D3 and Yeast Beta-Glucan Supplementation on Glycemic Control and Cardiovascular Disease Risk in Patients With Type 2 Diabetes,RECRUITING,"Diabetes Mellitus, Type 2",Huazhong University of Science and Technology,ALL,"ADULT, OLDER_ADULT",,2500.0,OTHER,INTERVENTIONAL,2025-04-08,2032-12-31,"Guangxi Medical College, Nanning, Guangxi, China|Kailuan General Hospital, Tangshan, Hebei, China|Sinopharm Dongfeng General Hospital, Shiyan, Hubei, China|Huazhong University of Science and Technology, Wuhan, Hubei, 430000, China|Sichuan University, Chengdu, Sichuan, China",True,False,2025.0,2032.0,True,False
NCT07089784,Multiple Dose Study of MK-2828 in Participants With Type 2 Diabetes (MK-2828-003),COMPLETED,"Diabetes Mellitus, Type 2",Merck Sharp & Dohme LLC,ALL,"ADULT, OLDER_ADULT",PHASE1,46.0,INDUSTRY,INTERVENTIONAL,2025-09-22,2026-05-04,"ProSciento Inc. ( Site 0004), Chula Vista, California, 91911, United States|California Clinical Trials Medical Group managed by PAREXEL ( Site 0008), Glendale, California, 91206, United States|Velocity Clinical Research, Hallandale Beach ( Site 0010), Hallandale, Florida, 33009, United States|Jacksonville Center for Clinical Research ( Site 0002), Jacksonville, Florida, 32216, United States|Advanced Pharma CR, LLC ( Site 0001), Miami, Florida, 33147, United States|QPS Miami Research Associates ( Site 0005), South Miami, Florida, 33143, United States|AMR Lexington ( Site 0012), Lexington, Kentucky, 40509, United States|Alliance for Multispecialty Research, LLC ( Site 0013), Kansas City, Missouri, 64114, United States|Bio-Kinetic Clinical Applications, LLC dba QPS-MO ( Site 0009), Springfield, Missouri, 65802, United States|AMR Clinical ( Site 0003), Knoxville, Tennessee, 37920, United States|ICON Early Phase Services ( Site 0006), San Antonio, Texas, 78209, United States",True,False,2025.0,2026.0,True,False
NCT03551925,Effect of Occupational Therapy in Promoting Medication Adherence,COMPLETED,Hypertension|Diabete Type 2,University of Indianapolis,ALL,"ADULT, OLDER_ADULT",,32.0,OTHER,INTERVENTIONAL,2018-07-01,2019-06-01,"Jordan Valley Community Health Center, Springfield, Missouri, 65806, United States",True,False,2018.0,2019.0,True,False
NCT03861052,A Study of Tirzepatide (LY3298176) Compared to Dulaglutide in Participants With Type 2 Diabetes,COMPLETED,Type 2 Diabetes,Eli Lilly and Company,ALL,"ADULT, OLDER_ADULT",PHASE3,636.0,INDUSTRY,INTERVENTIONAL,2019-05-07,2021-03-31,"Akaicho Clinic, Chiba, Chiba, 260 0804, Japan|Medical corporation THY Tokuyama Clinic, Chiba Mihama-ku, Chiba, 261-0004, Japan|National Hospital Organization Kure Medical Center, Kure, Hiroshima, 737-0023, Japan|Hasegawa Medical Clinic, Chitose, Hokkaido, 066-0032, Japan|Yuri Ono Clinic, Sapporo, Hokkaido, 060-0001, Japan|Watanabe Naika Clinic, Nishinomiya, Hyōgo, 662-0971, Japan|Hayashi Clinic, Nishinomiya, Hyōgo, 663-8113, Japan|Naka Memorial Clinic, Naka, Ibaraki, 311-0113, Japan|Hayashi Diabetes Internal Medicine Clinic, Chigasaki-sh, Kanagawa, 253-0044, Japan|Matoba Diabetes Clinic, Ebina, Kanagawa, 243-0432, Japan|Takai Naika Clinic, Kamakura, Kanagawa, 247-0056, Japan|Kanto Rosai Hospital, Kawasaki, Kanagawa, 211-8510, Japan|H.E.C. Science Clinic, Yokohama, Kanagawa, 235-0045, Japan|Medical Corporation Heishinkai OCROM Clinic, Suita-shi, Osaka, 565-0853, Japan|Takatsuki Red Cross Hospital, Takatsuki, Osaka, 569-1096, Japan|Senrichuo Ekimae Clinic, Toyonaka, Osaka, 560-0082, Japan|Asano Clinic, Kawagoe, Saitama, 350 0581, Japan|Kawaguchi General Hospital, Kawaguchi, Saitama, 332-8558, Japan|Wakakusa Clinic, Shimotsuke, Tochigi, 329-0433, Japan|Seiwa Clinic, Adachi-ku, Tokyo, 123 0845, Japan|HDC Atlas Clinic, Chiyoda City, Tokyo, 102-0082, Japan|Meiwa Hospital, Chiyodaku, Tokyo, 101 0041, Japan|Asahi Life Foundation Adult Disease Research Center, Chuo-ku, Tokyo, 103 0002, Japan|Nihonbashi Sakura Clinic, Chuo-ku, Tokyo, 103-0025, Japan|Tokyo-Eki Center-building Clinic, Chuo-ku, Tokyo, 103-0027, Japan|Medical Corporation Chiseikai Tokyo Center Clinic, Chuo-ku, Tokyo, 103-0028, Japan|Tokyo aSBo Clinic, Chuo-ku, Tokyo, 104 0031, Japan|Fukuwa Clinic, Chuo-ku, Tokyo, 104-0031, Japan|IHL Shinagawa East One Medical Clinic, Minato-ku, Tokyo, 108-0075, Japan|Sato Medical Clinic, Ootaku, Tokyo, 143-0015, Japan|Shinjuku Research Park Clinic, Shinjuku, Tokyo, 169-0073, Japan|Medical Corporation Heishinkai ToCROM Clinic, Shinjuku-ku, Tokyo, 160 0008, Japan|Tomonaga Clinic, Shinjuku-ku, Tokyo, 160 0022, Japan|Shinei Clinic, Suginami, Tokyo, 166-0003, Japan|Ikebukuro Metropolitan Clinic, Toshima-ku, Tokyo, 171-0021, Japan|Futata Tetsuhiro Clinic, Fukuoka, 810-0006, Japan|JR Hiroshima Hospital, Hiroshima, 732-0057, Japan|Yoshimura Clinic, Kumamoto, 861-8039, Japan|Keiseikai Kajiyama Clinic, Kyoto, 6008898, Japan|OKAYAMA Medical Center, Okayama, 701-1192, Japan|AMC Nishiumeda Clinic, Osaka, 530-0001, Japan|Kitada Clinic, Osaka, 538-0044, Japan|Nanko Clinic, Osaka, 559-0011, Japan|Abe Clinic, Ōita, 870-0039, Japan|Suruga Clinic, Shizuoka, 424-0855, Japan|Yokohama Minoru Clinic, Yokohama, 232-0064, Japan",True,False,2019.0,2021.0,True,False
NCT06331338,Effects of Using Decision Cycle for Person-Centered Glycemic Management in Type 2 Diabetes,RECRUITING,Type 2 Diabetes,National Taiwan University Hospital,ALL,"ADULT, OLDER_ADULT",,130.0,OTHER,INTERVENTIONAL,2024-02-14,2025-12-31,"National Taiwan University Hospital, Hsinchu, 302, Taiwan",True,False,2024.0,2025.0,True,False
NCT04515576,A Study of LY3493269 in Participants With Type 2 Diabetes,COMPLETED,"Diabetes Mellitus, Type 2",Eli Lilly and Company,ALL,"ADULT, OLDER_ADULT",PHASE1,56.0,INDUSTRY,INTERVENTIONAL,2020-08-25,2021-03-09,"Anaheim Clinical Trials, LLC, Anaheim, California, 92801, United States|Miami Research Associates, Miami, Florida, 33143, United States|Clinical Trials of Texas, Inc., San Antonio, Texas, 78229, United States",True,False,2020.0,2021.0,True,False
NCT04924777,Effects of Moderate Physical Activity on Glycemic Control in Type 2 Diabetes Mellitus,COMPLETED,Type 2 Diabetes Mellitus,Riphah International University,ALL,"ADULT, OLDER_ADULT",,48.0,OTHER,INTERVENTIONAL,2021-04-01,2021-07-31,"Riphah Rehabilitation Center, Islamabad, 44000, Pakistan",True,False,2021.0,2021.0,True,False
NCT06847178,Efficacy and Safety of LC-Z300-01 in Chinese With Type 2 Diabetes,NOT_YET_RECRUITING,Diabetes|Type 2 Diabetes,Shanghai Changzheng Hospital,ALL,"ADULT, OLDER_ADULT",PHASE2|PHASE3,60.0,OTHER,INTERVENTIONAL,2025-03-01,2025-11-30,"Shanghai Changzheng Hospital, Shanghai, Shanghai Municipality, 20003, China",True,False,2025.0,2025.0,True,False
NCT03338010,A Study of LY2963016 Compared to Lantus® in Adult Chinese Participants With Type 2 Diabetes Mellitus,COMPLETED,Type 2 Diabetes,Eli Lilly and Company,ALL,"ADULT, OLDER_ADULT",PHASE3,536.0,INDUSTRY,INTERVENTIONAL,2018-03-22,2020-03-18,"Anhui Provincial Hospital, Hefei, Anhui, 230001, China|The First Affiliated Hospital of Lanzhou University, Lanzhou, Gansu, 730000, China|Guangdong Province People's Hospital, Guangzhou, Guangdong, 510080, China|The First Affiliated Hospital, Sun-Yat Sen University, Guangzhou, Guangdong, 510080, China|Sun Yat-Sen Memorial Hospital, Sun Yat-Sen University, Guangzhou, Guangdong, 510120, China|Shantou University Medical College No.2 Affiliated Hospital, Shantou, Guangdong, 515041, China|The 1st Affiliated Hospital of Henan Science and technology, Luoyang, Henan, 471003, China|Wuhan Central Hospital, Wuhan, Hubei, 430014, China|Tongji Hosp Tongji Med Col Huazhong Univ of Sci & Tech, Wuhan, Hubei, 430030, China|The First People Hospital of Yueyang, Yueyang, Hunan, 414000, China|Changzhou No.2 People's Hospital, Changzhou, Jiangsu, 213003, China|The Affliated Jiangyin Hospital of Southeast University Medical College, Jiangyin, Jiangsu, 214400, China|Nanjing Drum Tower Hosp Affiliated Hosp of Nanjing Univ Med, Nanjing, Jiangsu, 210008, China|The Second Affiliated Hospital of Nanjing Medical University, Nanjing, Jiangsu, 210011, China|Nanjing First Hospital, Nanjing, Jiangsu, 210012, China|Nanjing Jiangning Hospital, Nanjing, Jiangsu, 211199, China|Wuxi People's Hospital, Wuxi, Jiangsu, 214023, China|Xuzhou central Hospital, Xuzhou, Jiangsu, 221009, China|Affiliated Hospital of Jiangsu University, Zhenjiang, Jiangsu, 212001, China|No.2 Hospital Affiliated to Jilin University, Changchun, Jilin, 130041, China|Siping central people's hospital, Siping, Jilin, 136000, China|Dalian Med. Univ. No 2 Affiliate Hospital, Dalian, Liaoning, 116023, China|Shengjing Hospital of China Medical University, Shenyang, Liaoning, 110022, China|The First Affiliated Hospital with Nanjing Medical Universit, Nanjing, Nanjing, 210029, China|General Hospital of Ningxia Medical University, Yinchuan, Ningxia, 750004, China|Jinan Central Hospital, Jinan, Shandong, 250013, China|1st affiliated Hospital of Shanxi Medical University, Taiyuan, Shanxi, 030001, China|West China Hospital of Sichuan University, Chengdu, Sichuan, 610041, China|Peking Union Medical College Hospital, Beijing, 88798, China|Chongqing General Hospital, Chongqing, 400013, China|Shanghai Putuo District Center Hospital, Shanghai, 200062, China|Tianjin Medical University General Hospital, Tianjin, 300052, China",True,False,2018.0,2020.0,True,False
NCT07487103,Efficacy and Safety of QLG1091 vs Rybelsus as add-on to Metformin in Subjects With Type 2 Diabetes,NOT_YET_RECRUITING,Type 2 Diabetes,"Qilu Pharmaceutical Co., Ltd.",ALL,"ADULT, OLDER_ADULT",PHASE3,478.0,INDUSTRY,INTERVENTIONAL,2026-05-01,2027-05,,True,False,2026.0,2027.0,True,False
NCT06324669,The Effect of a Ketone Drink on Blood Glucose Levels in People With Type 2 Diabetes,COMPLETED,Type 2 Diabetes,University of Exeter,ALL,"ADULT, OLDER_ADULT",,15.0,OTHER,INTERVENTIONAL,2024-03-16,2025-01-26,"Sport & Health Sciences University of Exeter, Exeter, Devon, EX1 2LU, United Kingdom",True,False,2024.0,2025.0,True,False
NCT06382246,"The Acute Effect of ""Exercise Snacks"" on Glycemic Responses in Individuals With Type 2 Diabetes.",UNKNOWN,Type 2 Diabetes,University of British Columbia,ALL,"ADULT, OLDER_ADULT",,30.0,OTHER,INTERVENTIONAL,2024-04-20,2025-07-15,"University of British Columbia Okanagan, Kelowna, British Columbia, V1V 3G1, Canada",True,False,2024.0,2025.0,True,False
NCT03278704,Concurrent Training in Type 2 Diabetes,TERMINATED,Type 2 Diabetes Mellitus,University of Birmingham,MALE,"ADULT, OLDER_ADULT",,4.0,OTHER,INTERVENTIONAL,2017-12-06,2018-07-12,"School of Sport, Exercise and Rehabilitation Sciences, University of Birmingham, Birmingham, B15 2TT, United Kingdom",True,False,2017.0,2018.0,True,False
NCT03745937,A Study to Evaluate the Safety and Tolerability of MEDI0382 in Overweight and Obese Participants With Type 2 Diabetes Mellitus,COMPLETED,Type 2 Diabetes Mellitus,MedImmune LLC,ALL,"ADULT, OLDER_ADULT",PHASE2,20.0,INDUSTRY,INTERVENTIONAL,2019-01-07,2019-05-28,"Research Site, Neuss, 41460, Germany",True,False,2019.0,2019.0,True,False
NCT05633628,Periodic Continuous Glucose Monitoring in Patients With Type 2 Diabetes,RECRUITING,Type 2 Diabetes,Sophiahemmet University,ALL,"ADULT, OLDER_ADULT",,400.0,OTHER,INTERVENTIONAL,2023-02-01,2026-12,"Sophiahemmet University, Stockholm, Sweden",True,False,2023.0,2026.0,True,False
NCT00644241,Efficacy Of Autologous Bone Marrow Derived Stem Cell Transplantation In Patients With Type 2 Diabetes Mellitus,COMPLETED,Type 2 Diabetes Mellitus,"Post Graduate Institute of Medical Education and Research, Chandigarh",ALL,"ADULT, OLDER_ADULT",PHASE2,10.0,OTHER,INTERVENTIONAL,2008-01,2009-06,"Pgimer, Chandigarh, Chandigarh, India",True,False,2008.0,2009.0,True,False
NCT00065312,An Evaluation of an Oral Antidiabetic Agent for the Treatment of Type 2 Diabetes,COMPLETED,"Diabetes Mellitus, Non-Insulin-Dependent",Eli Lilly and Company,ALL,"ADULT, OLDER_ADULT",PHASE2,,INDUSTRY,INTERVENTIONAL,,,"For information on a site near you, call our call center at 1-877-CTLILLY (1-877-285-4559), Birmingham, Alabama, United States|For information on a site near you, call our call center at 1-877-CTLILLY (1-877-285-4559), Huntsville, Alabama, United States|For information on a site near you, call our call center at 1-877-CTLILLY (1-877-285-4559), Peoria, Arizona, United States|For information on a site near you, call our call center at 1-877-CTLILLY (1-877-285-4559), Tucson, Arizona, United States|For information on a site near you, call our call center at 1-877-CTLILLY (1-877-285-4559), Little Rock, Arkansas, United States|For information on a site near you, call our call center at 1-877-CTLILLY (1-877-285-4559), Bakersfield, California, United States|For information on a site near you, call our call center at 1-877-CTLILLY (1-877-285-4559), Pico Rivera, California, United States|For information on a site near you, call our call center at 1-877-CTLILLY (1-877-285-4559), San Diego, California, United States|For information on a site near you, call our call center at 1-877-CTLILLY (1-877-285-4559), Santa Ana, California, United States|For information on a site near you, call our call center at 1-877-CTLILLY (1-877-285-4559), Denver, Colorado, United States|For information on a site near you, call our call center at 1-877-CTLILLY (1-877-285-4559), Waterbury, Connecticut, United States|For information on a site near you, call our call center at 1-877-CTLILLY (1-877-285-4559), West Hartford, Connecticut, United States|For information on a site near you, call our call center at 1-877-CTLILLY (1-877-285-4559), Clearwater, Florida, United States|For information on a site near you, call our call center at 1-877-CTLILLY (1-877-285-4559), Kissimmee, Florida, United States|For information on a site near you, call our call center at 1-877-CTLILLY (1-877-285-4559), Ocala, Florida, United States|For information on a site near you, call our call center at 1-877-CTLILLY (1-877-285-4559), St. Petersburg, Florida, United States|For information on a site near you, call our call center at 1-877-CTLILLY (1-877-285-4559), Decatur, Georgia, United States|For information on a site near you, call our call center at 1-877-CTLILLY (1-877-285-4559), Honolulu, Hawaii, United States|For information on a site near you, call our call center at 1-877-CTLILLY (1-877-285-4559), Orland Park, Illinois, United States|For information on a site near you, call our call center at 1-877-CTLILLY (1-877-285-4559), Peoria, Illinois, United States|For information on a site near you, call our call center at 1-877-CTLILLY (1-877-285-4559), Evansville, Indiana, United States|For information on a site near you, call our call center at 1-877-CTLILLY (1-877-285-4559), Wichita, Kansas, United States|For information on a site near you, call our call center at 1-877-CTLILLY (1-877-285-4559), Louisville, Kentucky, United States|For information on a site near you, call our call center at 1-877-CTLILLY (1-877-285-4559), Baltimore, Maryland, United States|For information on a site near you, call our call center at 1-877-CTLILLY (1-877-285-4559), Edina, Minnesota, United States|For information on a site near you, call our call center at 1-877-CTLILLY (1-877-285-4559), Minneapolis, Minnesota, United States|For information on a site near you, call our call center at 1-877-CTLILLY (1-877-285-4559), Endwell, New York, United States|For information on a site near you, call our call center at 1-877-CTLILLY (1-877-285-4559), Great Neck, New York, United States|For information on a site near you, call our call center at 1-877-CTLILLY (1-877-285-4559), Charlotte, North Carolina, United States|For information on a site near you, call our call center at 1-877-CTLILLY (1-877-285-4559), Fayetteville, North Carolina, United States|For information on a site near you, call our call center at 1-877-CTLILLY (1-877-285-4559), Oklahoma City, Oklahoma, United States|For information on a site near you, call our call center at 1-877-CTLILLY (1-877-285-4559), Eugene, Oregon, United States|For information on a site near you, call our call center at 1-877-CTLILLY (1-877-285-4559), Allentown, Pennsylvania, United States|For information on a site near you, call our call center at 1-877-CTLILLY (1-877-285-4559), Fleetwood, Pennsylvania, United States|For information on a site near you, call our call center at 1-877-CTLILLY (1-877-285-4559), Lansdale, Pennsylvania, United States|For information on a site near you, call our call center at 1-877-CTLILLY (1-877-285-4559), Philadelphia, Pennsylvania, United States|For information on a site near you, call our call center at 1-877-CTLILLY (1-877-285-4559), Mt. Pleasant, South Carolina, United States|For information on a site near you, call our call center at 1-877-CTLILLY (1-877-285-4559), San Antonio, Texas, United States|For information on a site near you, call our call center at 1-877-CTLILLY (1-877-285-4559), Salt Lake City, Utah, United States|For information on a site near you, call our call center at 1-877-CTLILLY (1-877-285-4559), Lebanon, Virginia, United States|For information on a site near you, call our call center at 1-877-CTLILLY (1-877-285-4559), Renton, Washington, United States|For information on a site near you, call our call center at 1-877-CTLILLY (1-877-285-4559), Spokane, Washington, United States",True,False,,,False,False
NCT01250639,Type 2 Diabetes Mellitus Collaborative Genetic Study on Non-aboriginal Taiwanese,UNKNOWN,Type 2 Diabetes Mellitus,China Medical University Hospital,ALL,"ADULT, OLDER_ADULT",,5000.0,OTHER,OBSERVATIONAL,2010-08,2013-12,"China Medical University Hospital, Taichung, Taiwan, 40447, Taiwan",True,False,2010.0,2013.0,True,False
NCT03038789,XIGDUO Extended Release (XR) Post Marketing Surveillance,COMPLETED,Adult Patients With Type 2 Diabetes Mellitus,AstraZeneca,ALL,"CHILD, ADULT, OLDER_ADULT",,623.0,INDUSTRY,OBSERVATIONAL,2017-04-20,2019-08-30,"Research Site, Busan, South Korea|Research Site, ChungCheong, South Korea|Research Site, Daegu, South Korea|Research Site, Daejeon, South Korea|Research Site, Gyeonggi-do, South Korea|Research Site, Seoul, South Korea|Research Site, Suncheon, South Korea|Research Site, Wŏnju, South Korea",True,True,2017.0,2019.0,True,False
NCT07531108,"Effects of Empagliflozin-Metformin, Sitagliptin-Metformin, and Metformin on Adipokines in Type 2 Diabetes",COMPLETED,"Diabetes Mellitus, Type 2",Hawler Medical University,ALL,"ADULT, OLDER_ADULT",PHASE4,186.0,OTHER,INTERVENTIONAL,2024-11-15,2025-11-27,"Galyawa Teaching Center for Diabetes and Endocrinology, Erbil, 44001, Iraq",True,False,2024.0,2025.0,True,False
NCT04589533,MANAGEMENT OF PATIENTS WITH TYPE 2 DIABETES MELLITUS HOSPITALIZED IN INTERNAL MEDICINE UNITS (MINDER Study),UNKNOWN,"Diabetes Mellitus, Type 2","Fadoi Foundation, Italy",ALL,"ADULT, OLDER_ADULT",,4320.0,OTHER,OBSERVATIONAL,2019-09-19,2022-12-31,"Azienda Toscana Nord Ovest, Cecina, Cecina, Italy|Po Nord ""S. Maria Goretti"", Latina, Italy|ASST Sette Laghi, Ospedale Confalonieri di Luino, Luino, Italy|Ospedale Fatebenefratelli, Naples, Italy|Usl Toscana Sud Est, Petruccioli, Pitigliano, Italy|Presidio di Passirana ASST RHODENSE, Rho, Italy",True,False,2019.0,2022.0,True,False
NCT06813170,Diet With or Without Metarecod® in Obese Subjects With Type 2 Diabetes,NOT_YET_RECRUITING,Type 2 Diabetes,Fondazione Policlinico Universitario Agostino Gemelli IRCCS,ALL,"ADULT, OLDER_ADULT",,180.0,OTHER,INTERVENTIONAL,2025-02-01,2027-02-01,"Fondazione Policlinico Universitario A. Gemelli IRCCS; UOC Diabetologia, Rome, Lazio, 00168, Italy",True,False,2025.0,2027.0,True,False
NCT07032688,A Clinical Study to Evaluate the Pharmacokinetic and Pharmacodynamics Properties of of SHR-3167 in Subjects With Type 2 Diabetes,RECRUITING,Type 2 Diabetes,"Jiangsu HengRui Medicine Co., Ltd.",ALL,ADULT,PHASE1,55.0,INDUSTRY,INTERVENTIONAL,2025-08-11,2027-04,"West China Hospital of Sichuan University, Chengdu, Sichuan, 200433, China",False,False,2025.0,2027.0,True,False
NCT02549924,Effect of Administration of Resveratrol on Glycemic Variability in Individuals With Type 2 Diabetes Mellitus,TERMINATED,Type 2 Diabetes Mellitus,University of Guadalajara,ALL,ADULT,PHASE2,22.0,OTHER,INTERVENTIONAL,2016-09,2018-02-01,"Institute of Experimental and Clinical Therapeutics (INTEC), CUCS, University of Guadalajara, Guadalajara, Jalisco, 44340, Mexico",False,False,2016.0,2018.0,True,False
NCT03311724,A Study of Tirzepatide (LY3298176) in Participants With Type 2 Diabetes,COMPLETED,Type 2 Diabetes,Eli Lilly and Company,ALL,"ADULT, OLDER_ADULT",PHASE2,111.0,INDUSTRY,INTERVENTIONAL,2017-10-19,2018-04-24,"Valley Research, Fresno, California, 93720, United States|National Research Institute, Los Angeles, California, 90057, United States|Catalina Research Institute, LLC, Montclair, California, 91763, United States|University Clinical Investigators, Inc., Tustin, California, 92780, United States|Chase Medical Research, LLC, Waterbury, Connecticut, 06708, United States|Suncoast Research Group, LLC, Miami, Florida, 33135, United States|Solaris Clinical Research, Meridian, Idaho, 83646, United States|Cotton O'Neil Diabetes and Endocrinology Center, Topeka, Kansas, 66606, United States|Clinical Research Professionals, St Louis, Missouri, 63141, United States|Aventiv Research, Columbus, Ohio, 43213, United States|New Phase Research & Development, Knoxville, Tennessee, 37909, United States|Dallas Diabetes Endocrine Center, Dallas, Texas, 75230, United States|Consano Clinical Research, Shavano Park, Texas, 78231, United States",True,False,2017.0,2018.0,True,False
NCT00069784,The ORIGIN Trial (Outcome Reduction With Initial Glargine Intervention),COMPLETED,"Diabetes Mellitus, Non-Insulin-Dependent",Sanofi,ALL,"ADULT, OLDER_ADULT",PHASE3,12537.0,INDUSTRY,INTERVENTIONAL,2003-08,2011-12,"Sanofi-Aventis Administrative Office, Bridgewater, New Jersey, 08807, United States|Sanofi-Aventis Administrative Office, Buenos Aires, Argentina|Sanofi-Aventis Administrative Office, Cove, New South Wales, Australia|Sanofi-Aventis Administrative Office, Vienna, Austria|Sanofi-Aventis Administrative Office, Minsk, Belarus|Sanofi-Aventis Administrative Office, Hamilton, Bermuda|Sanofi-Aventis Administrative Office, São Paulo, Brazil|Sanofi-Aventis Administrative Office, Laval, Quebec, Canada|Sanofi-Aventis Administrative Office, Santiago, Chile|Sanofi-Aventis Administrative Office, Beijing, China|Sanofi-Aventis Administrative Office, Cali, Colombia|Sanofi-Aventis Administrative Office, Zagreb, Croatia|Sanofi-Aventis Administrative Office, Hørsholm, Denmark|Sanofi-Aventis Administrative Office, Tatari, Estonia|Sanofi-Aventis Administrative Office, Helsinki, Finland|Sanofi-Aventis Administrative Office, Paris, France|Sanofi-Aventis Administrative Office, Berlin, Germany|Sanofi-Aventis Administrative Office, Budapest, Hungary|Sanofi-Aventis Administrative Office, Mumbai, India|Makati City, Dublin, Ireland|Sanofi-Aventis Administrative Office, Netanya, Israel|Sanofi-Aventis Administrative Office, Milan, Italy|Sanofi-Aventis Administrative Office, Riga, Latvia|Sanofi-Aventis Administrative Office, Vilnius, Lithuania|Sanofi-Aventis Administrative Office, México, Mexico|Sanofi-Aventis Administrative Office, Gouda, Netherlands|Sanofi-Aventis Administrative Office, Lysaker, Norway|Sanofi-Aventis Administrative Office, Makati City, Philippines|Sanofi-Aventis Administrative Office, Warsaw, Poland|Sanofi-Aventis Administrative Office, Bucharest, Romania|Sanofi-Aventis Aministrative Office, Moscow, Russia|Sanofi-Aventis Administrative Office, Bratislava, Slovakia|Sanofi-Aventis Administrative Office, Midrand, South Africa|Sanofi-Aventis Administrative Office, Seoul, South Korea|Sanofi-Aventis Administrative Office, Barcelona, Spain|Sanofi-Aventis Administrative Office, Bromma, Sweden|Sanofi-Aventis Administrative Office, Geneva, Switzerland|Sanofi-Aventis Administrative Office, Istanbul, Turkey (Türkiye)|Sanofi-Aventis Administrative Office, Guildford, Surrey, United Kingdom|Makati City, Caracas, Venezuela",True,False,2003.0,2011.0,True,False
NCT00430742,An Investigational Drug Study to Assess Weight Loss in Patients With Type 2 Diabetes Mellitus (0364-011)(TERMINATED),TERMINATED,Obesity Type 2 Diabetes Mellitus|Type 2 Diabetes Mellitus,Merck Sharp & Dohme LLC,ALL,"ADULT, OLDER_ADULT",PHASE3,600.0,INDUSTRY,INTERVENTIONAL,2006-11,2008-11,,True,False,2006.0,2008.0,True,False
NCT00094796,Rosiglitazone to Reverse Metabolic Defects in Diabetes,COMPLETED,"Diabetes Mellitus, Type II|Insulin Resistance","National Heart, Lung, and Blood Institute (NHLBI)",ALL,"ADULT, OLDER_ADULT",PHASE2,70.0,NIH,INTERVENTIONAL,2004-10-20,2008-09-03,"National Institutes of Health Clinical Center, 9000 Rockville Pike, Bethesda, Maryland, 20892, United States|Medical College of Virginia, Richmond, Virginia, United States",True,False,2004.0,2008.0,True,False
NCT05063253,A Study of TG103 Injection in Overweight/Obese Subjects With Type 2 Diabetes,UNKNOWN,Type 2 Diabetes Mellitus,"CSPC Baike (Shandong) Biopharmaceutical Co., Ltd.",ALL,"ADULT, OLDER_ADULT",PHASE2,208.0,INDUSTRY,INTERVENTIONAL,2021-10,2024-03,,True,False,2021.0,2024.0,True,False
NCT00758069,Clinical Study on Sitagliptin for Assessment of Glucose-lowering Effects (0431-045),COMPLETED,"Diabetes Mellitus, Non-Insulin-Dependent",Merck Sharp & Dohme LLC,ALL,"ADULT, OLDER_ADULT",PHASE2,80.0,INDUSTRY,INTERVENTIONAL,2005-07-03,2006-02-13,,True,False,2005.0,2006.0,True,False
NCT05408234,Modified Foot Exercise to Improve Sensitivity and Perfussion on Type 2 Diabetes Patients,UNKNOWN,"Diabetes Mellitus, Type 2",Universitas Sebelas Maret,ALL,"ADULT, OLDER_ADULT",PHASE1|PHASE2,40.0,OTHER,INTERVENTIONAL,2022-06,2022-09,"RS UNS (Universitas Sebelas Maret Hospital), Surakarta, Central Java, 57145, Indonesia",True,False,2022.0,2022.0,True,False
NCT06517784,Insulin Initiation and Adherence Behaviours: a Cross Sectional Survey of Indian HCPs & Patients With Type 2 Diabetes,COMPLETED,Type 2 Diabetes,Novo Nordisk A/S,ALL,"ADULT, OLDER_ADULT",,752.0,INDUSTRY,OBSERVATIONAL,2024-07-05,2024-08-16,"Novo Nordisk India, Bangalore, India",True,False,2024.0,2024.0,True,False
NCT06410768,Economic Evaluation of a Multistage Shared Decision-making Program for Type 2 Diabetes: a Pilot Study,UNKNOWN,"Diabetes Mellitus, Type 2",Maastricht University Medical Center,ALL,"ADULT, OLDER_ADULT",,40.0,OTHER,INTERVENTIONAL,2024-02-01,2025-05-01,"Care group Huisarts & Zorg, Gorinchem, Netherlands",True,False,2024.0,2025.0,True,False
NCT07415954,A Research Study Comparing How Well Different Doses of the Medicine NNC0662-0419 Lower Blood Sugar in People With Type 2 Diabetes,RECRUITING,"Diabetes Mellitus, Type 2",Novo Nordisk A/S,ALL,"ADULT, OLDER_ADULT",PHASE2,270.0,INDUSTRY,INTERVENTIONAL,2026-04-17,2027-10-01,"First Valley Medical Group, Lancaster, California, 93534, United States|Torrance Clinical Research Institute, Inc., Lomita, California, 90717, United States|Ark Clinical Research, Long Beach, California, 90815, United States|Pacific Clinical Studies, Los Alamitos, California, 90720, United States|Wetlin Research Associates, Inc., San Diego, California, 92120, United States|Diablo Clinical Research, Inc., Walnut Creek, California, 94598, United States|Encore Medical Research LLC, Hollywood, Florida, 33024, United States|Bioclinical Research Alliance, Miami, Florida, 33155, United States|South Broward Research LLC, Miramar, Florida, 33027, United States|West Orange Endocrinology, Ocoee, Florida, 34761, United States|Encore Medical Research of Weston, Weston, Florida, 33331, United States|Elite Clinical Trials, Blackfoot, Idaho, 83221, United States|Cedar-Crosse Research Center, Chicago, Illinois, 60607, United States|Brigham & Women's Hospital, Boston, Massachusetts, 02115-5804, United States|Headlands Research, Springfield, Missouri, 65807, United States|PharmQuest, Greensboro, North Carolina, 27408, United States|Piedmont Healthcare Statesville, Statesville, North Carolina, 28625, United States|Providence Center for Clinical Research, Dayton, Ohio, 45439, United States|CNS Healthcare, Memphis, Tennessee, 38119, United States|University of Texas Southwestern Medical Center, Dallas, Texas, 75390-9302, United States|JCCT- Juno NW Houston, Houston, Texas, 77040, United States|Consano Clinical Research, LLC, Shavano Park, Texas, 78231, United States|Frontier Clinical Research - Kingwood, Kingwood, West Virginia, 26537, United States|Opca bolnica Karlovac, Karlovac, 47000, Croatia|Poliklinika SLAVONIJA OSIJEK, Osijek, 31000, Croatia|Opca bolnica Varazdin_Endocrinology, Varaždin, 42 000, Croatia|Poliklinika Solmed, Zagreb, 10000, Croatia|Szegedi Tudomanyegyetem St Györgyi Albert Klinikai Központ, Szeged, Csongrád-Csanád, 6725, Hungary|Debreceni Egyetem, Debrecen, Hajdú-Bihar, 4032, Hungary|Debreceni Egyetem, Debrecen, 4031, Hungary|Akaicho Clinic_Internal medicine, Chiba-shi, Chiba, 260-0804, Japan|Naka Kinen Clinic_Internal medicine, Ibaraki, 311-0113, Japan|Soka Sugiura Internal Medicine Clinic, Soka-shi, Saitama, 340-0015, Japan|Tokyo-Eki Center-building Clinic_Internal Medicine, Tokyo, 103-0027, Japan|ToCROM Clinic_Internal Medicine, Tokyo, 160-0008, Japan|""Zdrowie Osteo-Medic"" s.c. Lidia i Artur Racewicz, Agnieszka i Jerzy Supronik, Bialystok, Podlaskie Voivodeship, 15-351, Poland|Terpa Sp. z o.o. Sp. k., Lublin, 20-333, Poland|Formed 2 Sp. z o.o., Oświęcim, 32-600, Poland|PANSTWOWY INSTYTUT MEDYCZNY MSWiA, Warsaw, 02-507, Poland|Samodzielny Publiczny Szpital Kliniczny Nr 1 im. Prof. Szyszko, Zabrze, 41-800, Poland|Casa De Saúde De Santa Filomena S.A._Unidade de Ensaios Clínicos, Coimbra, 3000-150, Portugal|Cardiolima Centro Diagnostico Cardio-Pulmonar De Ponte De Lima Lda, Ponte de Lima, 4990-029, Portugal|Hospital Trofa Saude Senhor do Bonfim S.A_Unidade de Ensaios Clínicos, Vila do Conde, 4480-565, Portugal|Hospital da Luz Arrábida, S.A_Serviço de Endocrinologia, Vila Nova de Gaia, 4400-346, Portugal|DIADA, s.r.o., Bardejov, 08501, Slovakia|Metabol KLINIK s.r.o., Bratislava, 811 08, Slovakia|Diacrin s. r. o., Bratislava, 83101, Slovakia|SIN AZUCAR s.r.o., Malacky, 901 01, Slovakia|Korea University Ansan Hospital_Endocrinology, Ansan-si, Gyeonggi-do, 15355, South Korea|Pusan National University Yangsan Hospital_Family Medicine, Yangsan, Gyeongsangnam-do, 50612, South Korea|Nowon Eulji Medical Center, Eulji University_Endocrinology, Seoul, 01830, South Korea|Kangbuk Samsung Hospital_Endocrinology, Seoul, 03181, South Korea|ABS La Roca CAP Vicenç_Endocrino, La Roca Del Vallés, Barcelona, 08430, Spain|Centro de Salud A Estrada, A Estrada, 36680, Spain|Equip D´Atencio Primaria Barcelona Sardenya, Barcelona, 08025, Spain|Hospital Vithas Sevilla, Castilleja de la Cuesta, 41950, Spain|Clínica Bofill, Girona, 17002, Spain|Centro de Saúde Concepción Arenal, Santiago de Compostela, 15701, Spain|Ramathibodi Hospital, Bangkok, 10400, Thailand|Siriraj Hospital, Bangkok, 10700, Thailand|Maharaj Nakorn Chiang Mai, Chiang Mai, 50200, Thailand|Srinagarind Hospital, Khon Kaen, 40002, Thailand|Maharat Nakhon Ratchasima Hospital, Nakhon Ratchasima, 30000, Thailand",True,False,2026.0,2027.0,True,False
NCT03960424,Diabetes Management Program for Hispanic/Latino,COMPLETED,Type 2 Diabetes Mellitus|Type 2 Diabetes,Northwell Health,ALL,"ADULT, OLDER_ADULT",,240.0,OTHER,INTERVENTIONAL,2019-09-30,2023-09-08,"Feinstein Institute of Medical Research, Manhasset, New York, 11030, United States",True,False,2019.0,2023.0,True,False
NCT05824286,HbA1c Prediction Model in Patients With Type 2 Diabetes,UNKNOWN,"Diabetes Mellitus, Type 2",Peking University People's Hospital,ALL,"CHILD, ADULT, OLDER_ADULT",,150.0,OTHER,INTERVENTIONAL,2023-01-04,2024-12-30,"Peking University People's Hospital, Beijing, Ch, 100044, China",True,True,2023.0,2024.0,True,False
NCT04345120,Multiple Ascending Doses of SY-008 in Type 2 Diabetes Mellitus,COMPLETED,Type 2 Diabetes Mellitus,"Suzhou Yabao Pharmaceutical R&D Co., Ltd.",ALL,"ADULT, OLDER_ADULT",PHASE1,30.0,INDUSTRY,INTERVENTIONAL,2020-06-15,2021-12-15,"Nanjing Gulou Hospital, Nanjing, Jiangsu, 210093, China",True,False,2020.0,2021.0,True,False
NCT04345107,Multiple Ascending Doses of SY-009 in Type 2 Diabetes Mellitus,COMPLETED,Type 2 Diabetes Mellitus,"Suzhou Yabao Pharmaceutical R&D Co., Ltd.",ALL,"ADULT, OLDER_ADULT",PHASE1,50.0,INDUSTRY,INTERVENTIONAL,2020-05-01,2021-09-21,"The Second Affiliated Hospital of Anhui Medical University, Hefei, Anhui, 230601, China|Nanjing Drum Tower Hospital, Nanjing, Jiangsu, 210093, China|Affiliated Hospital of Qingdao University, Qingdao, Shandong, 266000, China|Yuncheng Central Hospital, Yuncheng, Shanxi, 044000, China",True,False,2020.0,2021.0,True,False
NCT04403841,Effect of Group Patient Education on Glycemic Control Among People Living With Type 2 Diabetes in Vietnam,COMPLETED,Type 2 Diabetes,Hanoi Medical University,ALL,"ADULT, OLDER_ADULT",,405.0,OTHER,INTERVENTIONAL,2017-08-01,2018-07-30,"Hanoi Medical University, Hanoi, 10000, Vietnam",True,False,2017.0,2018.0,True,False
NCT02128815,Evaluating the Effect of a Diabetes Health Coach in Individuals With Type 2 Diabetes,COMPLETED,Type 2 Diabetes,McMaster University,ALL,"ADULT, OLDER_ADULT",,366.0,OTHER,INTERVENTIONAL,2015-01,2018-01,"Langs Community Health Centre, Cambridge, Ontario, N3H 4L6, Canada|McMaster University, Hamilton, Ontario, L8S 4K1, Canada",True,False,2015.0,2018.0,True,False
NCT05516966,"Safety, Tolerability, Pharmacokinetics and Pharmacodynamics of Multiple Subcutaneous Injections of HRS9531 in Patients With Type 2 Diabetes Mellitus",COMPLETED,"Diabetes Mellitus, Type 2","Fujian Shengdi Pharmaceutical Co., Ltd.",ALL,"ADULT, OLDER_ADULT",PHASE1,64.0,INDUSTRY,INTERVENTIONAL,2022-10-12,2023-05-24,"Zhongshan Hospital Affiliated to Fudan University, Shanghai, Shanghai Municipality, 200000, China",True,False,2022.0,2023.0,True,False
NCT03280758,Muscle Strength Training for Older Adults With Type II Diabetes,UNKNOWN,Type 2 Diabetes Mellitus,The University of Hong Kong,ALL,"ADULT, OLDER_ADULT",,60.0,OTHER,INTERVENTIONAL,2017-10-01,2019-08-30,,True,False,2017.0,2019.0,True,False
NCT05248776,"Efficacy, Safety and Pharmacokinetics Study of CPL207280 After 2-weeks Administration in Subjects With Type 2 Diabetes",UNKNOWN,Type 2 Diabetes,Celon Pharma SA,ALL,"ADULT, OLDER_ADULT",PHASE2,80.0,INDUSTRY,INTERVENTIONAL,2022-01-21,2023-06-30,"BioResearch, Kajetany, Nadarzyn, 05-830, Poland",True,False,2022.0,2023.0,True,False
NCT07112872,A Study to Compare Different Doses of RO7795081 With a Placebo or Semaglutide in People With Type 2 Diabetes,ACTIVE_NOT_RECRUITING,Type 2 Diabetes Mellitus,Hoffmann-La Roche,ALL,"ADULT, OLDER_ADULT",PHASE2,240.0,INDUSTRY,INTERVENTIONAL,2025-08-19,2026-11-27,"Arizona Liver Health - Tucson, Tucson, Arizona, 85712, United States|Orange County Research Center, Lake Forest, California, 92630, United States|Prospective Research Innovations Inc., Rancho Cucamonga, California, 91730, United States|Encompass Clinical Research, Spring Valley, California, 91978, United States|Chase Medical Research, Waterbury, Connecticut, 06708-3346, United States|Emerson Clinical Research Institute, Washington D.C., District of Columbia, 20009, United States|K2 Medical Research South Orlando, LLC, Clermont, Florida, 34711, United States|Center for Diabetes, Obesity and Metabolism Inc, Pembroke Pines, Florida, 33024, United States|Rophe Adult and Pediatric Medicine/SKYCRNG, Union City, Georgia, 30291, United States|Accellacare of Duly Health and Care, Oak Lawn, Illinois, 60453, United States|Mercury Street Medical Group, PLLC, Butte, Montana, 59701, United States|Neurobehavioral Research, Inc., Cedarhurst, New York, 11516, United States|Accellacare of Piedmont Healthcare, Statesville, North Carolina, 28625, United States|Accellacare of Wilmington, LLC, Wilmington, North Carolina, 28401, United States|NexGen Research, Lima, Ohio, 45801, United States|Tristar Clinical Investigations, Philadelphia, Pennsylvania, 19114, United States|Alliance for Multispecialty Research. LLC, Knoxville, Tennessee, 37909, United States|Clinical Research Associates, Nashville, Tennessee, 37203, United States|Texas Diabetes & Endocrinology, P.A., Austin, Texas, 78731, United States|Apex Mobile Clinical Research, Bellaire, Texas, 77401, United States|Velocity Clinical Research, Dallas, Texas, 75230, United States|Velocity Clinical Research (Impact Research Institute), Waco, Texas, 76710, United States|Chrysalis Clinical Research, St. George, Utah, 84790, United States|Manassas Clinical Research Center, Manassas, Virginia, 20110, United States|Obudai Egeszsegugyi Centrum Kft., Budapest, 1036, Hungary|NZOZ Osteo-Medic s.c. A. Racewicz, J.Supronik, Bialystok, Podlaskie Voivodeship, 15-351, Poland|Centrum Badan Klinicznych PI-House sp. z o.o., Gdansk, Pomeranian Voivodeship, 80-546, Poland|Centrum Medyczne INTERCOR Sp. z o.o., Bydgoszcz, 85-605, Poland|Pro Familia Altera Sp z o.o., Katowice, 40-648, Poland|ETG Lublin, Lublin, 20-412, Poland|Ekamed sp. z o.o., Lublin, 20-718, Poland|NZOZ METABOLICA O?rodek Bada? Klinicznych, Tarnów, 33-100, Poland|ETG Warszawa, Warsaw, 02-677, Poland|Centrum Badan Klinicznych, Wroclaw, 51-162, Poland|ETG Zamosc, Zamość, 22-400, Poland|Universidad de Sevilla - Hospital Universitario Virgen Macarena, Seville, Barcelona, 41009, Spain|Instituto De Investigacion Marques De Valdecilla (IDIVAL), Santander, Cantabria, 39008, Spain|Hospital Vithas Nisa Sevilla, Castilleja de la Cuesta, Granada, 41950, Spain|Hospital Universitario A Coruna, A Coruña, LA Coruna, 15006, Spain|Complexo Hospitalario Universitario de Ferrol (CHUF), Ferrol, LA Coruna, 15405, Spain|Hospital Regional Universitario de Malaga, Malaga, Madrid, 29011, Spain|Hospital Universitario Virgen de la Victoria, Málaga, Malaga, 29010, Spain|Centro Medico Teknon, Barcelona, 08022, Spain|Hospital Universitario Vall d'Hebron, Barcelona, 08035, Spain|Hospital Clinic de Barcelona (Hospital Clinic i Provincial), Barcelona, 08036, Spain|Hospital General Universitario Gregorio Maranon (HGUGM), Madrid, 28007, Spain|Hospital Universitario Fundación Jimenez Díaz, Madrid, 28040, Spain|Nuevas Tecnologias en Diabetes y Endocrinologia, Seville, 41003, Spain|Hospital Quironsalud Infanta Luisa, Seville, 41010, Spain|Hospital Clinico Universitario de Valencia (Instituto de Investigacion Sanitaria INCLIVA), Valencia, 46010, Spain",True,False,2025.0,2026.0,True,False
NCT03252080,Effect of Holistic Management on the Patients With Type 2 Diabetes,UNKNOWN,Type 2 Diabetes Mellitus,Cheng Qing-feng,ALL,"ADULT, OLDER_ADULT",,200.0,OTHER,INTERVENTIONAL,2017-08,2018-07,,True,False,2017.0,2018.0,True,False
NCT05710900,DiEt ChoIce to Promote Type 2 Diabetes rEmission,ACTIVE_NOT_RECRUITING,Type 2 Diabetes,University of British Columbia,ALL,"ADULT, OLDER_ADULT",,100.0,OTHER,INTERVENTIONAL,2023-07-15,2026-10-01,"University of British Columbia Okanagan, Kelowna, British Columbia, V1V 3G1, Canada",True,False,2023.0,2026.0,True,False
NCT01554618,Safety and Efficacy Study of Exenatide Once Weekly in Adolescents With Type 2 Diabetes,COMPLETED,Children and Adolescent With Type 2 Diabetes,AstraZeneca,ALL,CHILD,PHASE3,84.0,INDUSTRY,INTERVENTIONAL,2011-12-02,2021-05-05,"Research Site, Los Angeles, California, 90078, United States|Research Site, New Haven, Connecticut, 06511, United States|Research Site, Iowa City, Iowa, 52242, United States|Research Site, Kansas City, Kansas, 64111, United States|Research Site, Louisville, Kentucky, 40202, United States|Research Site, Boston, Massachusetts, 02115, United States|Research Site, Jackson, Mississippi, 39216-4505, United States|Research Site, Buffalo, New York, 14222, United States|Research Site, Chapel Hill, North Carolina, 27599, United States|Research Site, Charlotte, North Carolina, 28205, United States|Research Site, Cleveland, Ohio, 44106, United States|Research Site, Oklahoma City, Oklahoma, 73104, United States|Research Site, Rapid City, South Dakota, 57701, United States|Research Site, Nashville, Tennessee, 37232, United States|Research Site, Dallas, Texas, 75390, United States|Research Site, Houston, Texas, 77030, United States|Research Site, Pleven, 5800, Bulgaria|Research Site, Sevlievo, 5400, Bulgaria|Research Site, Baja, 6500, Hungary|Research Site, Budapest, 1023, Hungary|Research Site, Budapest, 1083, Hungary|Research Site, Budapest, 1094, Hungary|Research Site, Szeged, 6725, Hungary|Research Site, Beersheba, 84101, Israel|Research Site, Haifa, 31096, Israel|Research Site, Ramat Gan, 5265601, Israel|Research Site, Kuwait City, 1180, Kuwait|Research Site, Aguascalientes, 20016, Mexico|Research Site, Durango, 34000, Mexico|Research Site, Guadalajara, 44130, Mexico|Research Site, Veracruz, 91910, Mexico|Research Site, Chernivts?, 58001, Ukraine|Research Site, Ivano-Frankivsk, 76014, Ukraine|Research Site, Kharkiv Region, 61002, Ukraine|Research Site, Odesa, 65031, Ukraine",False,True,2011.0,2021.0,True,False
NCT06906653,Population Health Management for KPNC Members With Newly Diagnosed Diabetes: A Randomized Trial of a Proactive and Augmented Initial Care Strategy,ENROLLING_BY_INVITATION,Type 2 Diabetes|Type 2 Diabetes Mellitus (T2DM)|Type 2 Diabetes (T2D),Kaiser Permanente,ALL,"ADULT, OLDER_ADULT",,204.0,OTHER,INTERVENTIONAL,2025-04,2027-06,"Kaiser Permanente Division of Research, Pleasanton, California, 94588, United States",True,False,2025.0,2027.0,True,False
NCT03793855,Nutritional Strategy for Glycemic Control in Patients With Type 2 Diabetes Mellitus (NUGLIC),COMPLETED,"Diabetes Mellitus, Type 2",Hospital do Coracao,ALL,"ADULT, OLDER_ADULT",,370.0,OTHER,INTERVENTIONAL,2019-05-06,2022-12-30,"Universidade Federal de Juiz de Fora, Governador Valadares, Brazil|Universidade Federal de Lavras, Lavras, Brazil|Hospital de Clínicas de Porto Alegre - Universidade Federal do Rio Grande do Sul, Porto Alegre, Brazil|Universidade Federal de Ciências da Saúde de Porto Alegre, Porto Alegre, Brazil|Instituto Estadual de Cardiologia Aloysio de Castro, Rio de Janeiro, Brazil|Universidade Federal da Bahia, Salvador, Brazil|Hospital do Coracao, São Paulo, 04004-030, Brazil|Universidade Federal de Viçosa, Viçosa, Brazil",True,False,2019.0,2022.0,True,False
NCT02683746,Safety and Efficacy Study of Albiglutide Liquid Drug Product in Type 2 Diabetes Mellitus,COMPLETED,"Diabetes Mellitus, Type 2",GlaxoSmithKline,ALL,"ADULT, OLDER_ADULT",PHASE3,308.0,INDUSTRY,INTERVENTIONAL,2016-03-16,2017-05-15,"GSK Investigational Site, Birmingham, Alabama, 35216, United States|GSK Investigational Site, Birmingham, Alabama, 35235, United States|GSK Investigational Site, Chandler, Arizona, 85224, United States|GSK Investigational Site, Glendale, Arizona, 85306, United States|GSK Investigational Site, Phoenix, Arizona, 85018, United States|GSK Investigational Site, Anaheim, California, 92801, United States|GSK Investigational Site, Canyon Country, California, 91351, United States|GSK Investigational Site, Chula Vista, California, 91911, United States|GSK Investigational Site, Fresno, California, 93720, United States|GSK Investigational Site, Lomita, California, 90717, United States|GSK Investigational Site, Oceanside, California, 92056, United States|GSK Investigational Site, Sacramento, California, 95821, United States|GSK Investigational Site, San Diego, California, 92120, United States|GSK Investigational Site, Spring Valley, California, 91978, United States|GSK Investigational Site, Tustin, California, 92780, United States|GSK Investigational Site, Van Nuys, California, 91405, United States|GSK Investigational Site, Walnut Creek, California, 94598, United States|GSK Investigational Site, Littleton, Colorado, 80128, United States|GSK Investigational Site, Bradenton, Florida, 34208, United States|GSK Investigational Site, Brooksville, Florida, 34601, United States|GSK Investigational Site, Clearwater, Florida, 33765-2616, United States|GSK Investigational Site, Fleming Island, Florida, 32003, United States|GSK Investigational Site, Hallandale, Florida, 33009, United States|GSK Investigational Site, Hialeah, Florida, 33016, United States|GSK Investigational Site, Miami, Florida, 33156, United States|GSK Investigational Site, Miami, Florida, 33176, United States|GSK Investigational Site, New Port Richey, Florida, 34652, United States|GSK Investigational Site, Orlando, Florida, 32825, United States|GSK Investigational Site, St. Petersburg, Florida, 33709, United States|GSK Investigational Site, Conyers, Georgia, 30094, United States|GSK Investigational Site, Snellville, Georgia, 30078, United States|GSK Investigational Site, Meridian, Idaho, 83642, United States|GSK Investigational Site, Chicago, Illinois, 60612, United States|GSK Investigational Site, Elgin, Illinois, 60124, United States|GSK Investigational Site, Evansville, Indiana, 47714, United States|GSK Investigational Site, Topeka, Kansas, 66606, United States|GSK Investigational Site, Lexington, Kentucky, 40503, United States|GSK Investigational Site, Lake Charles, Louisiana, 70601, United States|GSK Investigational Site, New Orleans, Louisiana, 70119, United States|GSK Investigational Site, Kalamazoo, Michigan, 49009, United States|GSK Investigational Site, Troy, Michigan, 48098, United States|GSK Investigational Site, Chesterfield, Missouri, 63017, United States|GSK Investigational Site, St Louis, Missouri, 63141, United States|GSK Investigational Site, Las Vegas, Nevada, 89123, United States|GSK Investigational Site, Albuquerque, New Mexico, 87102, United States|GSK Investigational Site, New Hyde Park, New York, 11042, United States|GSK Investigational Site, Greensboro, North Carolina, 27405, United States|GSK Investigational Site, Shelby, North Carolina, 28150, United States|GSK Investigational Site, Columbus, Ohio, 43201, United States|GSK Investigational Site, Maumee, Ohio, 43537-9402, United States|GSK Investigational Site, Norwood, Ohio, 45212, United States|GSK Investigational Site, Perrysburg, Ohio, 43551, United States|GSK Investigational Site, Altoona, Pennsylvania, 16602, United States|GSK Investigational Site, Anderson, South Carolina, 29621, United States|GSK Investigational Site, Columbia, South Carolina, 29204, United States|GSK Investigational Site, Arlington, Texas, 76012, United States|GSK Investigational Site, Dallas, Texas, 75230, United States|GSK Investigational Site, Houston, Texas, 77051, United States|GSK Investigational Site, Houston, Texas, 77058, United States|GSK Investigational Site, Houston, Texas, 77074, United States|GSK Investigational Site, Katy, Texas, 77079, United States|GSK Investigational Site, Pharr, Texas, 78577, United States|GSK Investigational Site, San Antonio, Texas, 78229, United States|GSK Investigational Site, San Antonio, Texas, 78231, United States|GSK Investigational Site, Schertz, Texas, 78154, United States|GSK Investigational Site, Spring, Texas, 77379, United States|GSK Investigational Site, Murray, Utah, 84123, United States|GSK Investigational Site, Federal Way, Washington, 98003, United States|GSK Investigational Site, Spokane, Washington, 99208, United States|GSK Investigational Site, Tacoma, Washington, 98405, United States",True,False,2016.0,2017.0,True,False
NCT00006432,Acute Glycemic Effects of a Very Low Fat Diet in Type 2 Diabetes,COMPLETED,"Diabetes Mellitus, Non-Insulin-Dependent",National Center for Research Resources (NCRR),ALL,"ADULT, OLDER_ADULT",,,NIH,INTERVENTIONAL,2000-01,,"Duke University Medical Center, Durham, North Carolina, 27710, United States",True,False,2000.0,,False,False
NCT00387972,Study Of Denagliptin In Subjects With Type 2 Diabetes Mellitus (T2DM),WITHDRAWN,Type 2 Diabetes Mellitus,GlaxoSmithKline,ALL,"ADULT, OLDER_ADULT",PHASE2|PHASE3,0.0,INDUSTRY,INTERVENTIONAL,2006-05,2007-10,"GSK Clinical Trials Call Center, Tallassee, Alabama, 36078, United States|GSK Clinical Trials Call Center, Phoenix, Arizona, 85016, United States|GSK Clinical Trials Call Center, Tucson, Arizona, 85710, United States|GSK Clinical Trials Call Center, Beverly Hills, California, 90211, United States|GSK Clinical Trials Call Center, Carmichael, California, 95608, United States|GSK Clinical Trials Call Center, Concord, California, 94520-2054, United States|GSK Clinical Trials Call Center, Torrance, California, 90505, United States|GSK Clinical Trials Call Center, Victorville, California, 92392, United States|GSK Clinical Trials Call Center, Wilmington, Delaware, 19805, United States|GSK Clinical Trials Call Center, Boynton Beach, Florida, 33435, United States|GSK Clinical Trials Call Center, Clearwater, Florida, 33765, United States|GSK Clinical Trials Call Center, Coral Gables, Florida, 33134, United States|GSK Clinical Trials Call Center, Hialeah, Florida, 33010, United States|GSK Clinical Trials Call Center, Hollywood, Florida, 33023, United States|GSK Clinical Trials Call Center, Melbourne, Florida, 32901, United States|GSK Clinical Trials Call Center, Miami, Florida, 33169, United States|GSK Clinical Trials Call Center, Opa-locka, Florida, 33054, United States|GSK Clinical Trials Call Center, Plantation, Florida, 33324, United States|GSK Clinical Trials Call Center, Tampa, Florida, 33609, United States|GSK Clinical Trials Call Center, Calhoun, Georgia, 30701, United States|GSK Clinical Trials Call Center, Roswell, Georgia, 30076, United States|GSK Clinical Trials Call Center, Hayden Lake, Idaho, 83835-2108, United States|GSK Clinical Trials Call Center, Chicago, Illinois, 60610, United States|GSK Clinical Trials Call Center, Chicago, Illinois, 60616, United States|GSK Clinical Trials Call Center, Lake Zurich, Illinois, 60047, United States|GSK Clinical Trials Call Center, Watseka, Illinois, 60970, United States|GSK Clinical Trials Call Center, Baton Rouge, Louisiana, 70809, United States|GSK Clinical Trials Call Center, Marrero, Louisiana, 70072, United States|GSK Clinical Trials Call Center, Oxon Hill, Maryland, 20745, United States|GSK Clinical Trials Call Center, Detroit, Michigan, 48235, United States|GSK Clinical Trials Call Center, City of Saint Peters, Missouri, 63376, United States|GSK Clinical Trials Call Center, Florissant, Missouri, 63031, United States|GSK Clinical Trials Call Center, St Louis, Missouri, 63128, United States|GSK Clinical Trials Call Center, Las Vegas, Nevada, 89128, United States|GSK Clinical Trials Call Center, Williamsville, New York, 14221, United States|GSK Clinical Trials Call Center, Charlotte, North Carolina, 28277, United States|GSK Clinical Trials Call Center, Morehead City, North Carolina, 28557, United States|GSK Clinical Trials Call Center, Fargo, North Dakota, 58103, United States|GSK Clinical Trials Call Center, Cincinnati, Ohio, 45219, United States|GSK Clinical Trials Call Center, Columbus, Ohio, 43207, United States|GSK Clinical Trials Call Center, Guthrie, Oklahoma, 73044, United States|GSK Clinical Trials Call Center, Norman, Oklahoma, 73069, United States|GSK Clinical Trials Call Center, Oklahoma City, Oklahoma, 73112-5550, United States|GSK Clinical Trials Call Center, Oklahoma City, Oklahoma, 73116, United States|GSK Clinical Trials Call Center, Yukon, Oklahoma, 73112, United States|GSK Clinical Trials Call Center, Eugene, Oregon, 97404, United States|GSK Clinical Trials Call Center, Medford, Oregon, 97504, United States|GSK Clinical Trials Call Center, Beaver Falls, Pennsylvania, 15010, United States|GSK Clinical Trials Call Center, Fleetwood, Pennsylvania, 19522, United States|GSK Clinical Trials Call Center, Warminster, Pennsylvania, 18974, United States|GSK Clinical Trials Call Center, Anderson, South Carolina, 29621, United States|GSK Clinical Trials Call Center, Chattanooga, Tennessee, 37404, United States|GSK Clinical Trials Call Center, Johnson City, Tennessee, 37601, United States|GSK Clinical Trials Call Center, Cleburne, Texas, 76033, United States|GSK Clinical Trials Call Center, San Antonio, Texas, 78205, United States|GSK Clinical Trials Call Center, Seguin, Texas, 78155, United States|GSK Clinical Trials Call Center, Weber City, Virginia, 24290, United States",True,False,2006.0,2007.0,True,True
NCT05606913,A Study of IBI362 in Participants With Type 2 Diabetes,COMPLETED,Type 2 Diabetes,Innovent Biologics (Suzhou) Co. Ltd.,ALL,"ADULT, OLDER_ADULT",PHASE3,731.0,INDUSTRY,INTERVENTIONAL,2023-01-06,2024-04-09,"China-Japan Friendship Hospital, Beijing, Beijin, 100029, China",True,False,2023.0,2024.0,True,False
NCT04426474,A Study of LY3502970 in Participants With Type 2 Diabetes,COMPLETED,"Diabetes Mellitus, Type 2",Eli Lilly and Company,ALL,"ADULT, OLDER_ADULT",PHASE1,68.0,INDUSTRY,INTERVENTIONAL,2020-10-08,2021-07-12,"Clinical Pharmacology of Miami, Hialeah, Florida, 33014, United States|Hassman Research Institute, Marlton, New Jersey, 08053, United States|Midwest Clinical Research Unit, Dayton, Ohio, 45417, United States|Endeavor Clinical Trials, San Antonio, Texas, 78229, United States|Profil Institut für Stoffwechselforschung, Neuss, North Rhine-Westphalia, 41460, Germany|Profil Mainz, Mainz, 55116, Germany",True,False,2020.0,2021.0,True,False
NCT01392898,Liraglutide and Insulin Therapy in Patients With Type 2 Diabetes,UNKNOWN,Type 2 Diabetes Mellitus,Radboud University Medical Center,ALL,"ADULT, OLDER_ADULT",,50.0,OTHER,INTERVENTIONAL,2012-02,2014-05,"Radboud University Nijmegen Medical Centre, Nijmegen, Netherlands",True,False,2012.0,2014.0,True,False
NCT03363386,Effects Of Resistive Exercise or Proprioceptive Exercise Training Among Patients With Type 2 Diabetes Mellitus,COMPLETED,Type 2 Diabetes Mellitus,Yeditepe University,ALL,ADULT,,33.0,OTHER,INTERVENTIONAL,2016-12,2017-03,,False,False,2016.0,2017.0,True,False
NCT01775059,Collection of Performance Data From the Integrated Sensor and Infusion Set. TRIAL 4,UNKNOWN,Diabetes Mellitus Type I|Diabetes Mellitus Type II,Medtronic Diabetes R&D Denmark,ALL,"ADULT, OLDER_ADULT",,50.0,INDUSTRY,INTERVENTIONAL,2013-03,,"Fredericia Hospital, Fredericia, 7000, Denmark|Hilleroed Hospital, Hilleroed, 3400, Denmark|Hvidovre Hospital, Hvidovre, 2650, Denmark",True,False,2013.0,,True,False
NCT06173804,Multilevel Lifestyle Intervention to Improve Physical Function in Older Adults With Type 2 Diabetes,COMPLETED,Type 2 Diabetes,The University of Texas Health Science Center at San Antonio,ALL,"ADULT, OLDER_ADULT",,20.0,OTHER,INTERVENTIONAL,2024-07-22,2025-08-01,"University Health System Texas Diabetic Institute, San Antonio, Texas, 78207, United States",True,False,2024.0,2025.0,True,False
NCT06351748,Real-world Study of CHina Ozempic cLinicAl pRactice in Patients With Type 2 Diabetes (SCHOLAR),COMPLETED,"Diabetes Mellitus, Type 2",Novo Nordisk A/S,ALL,"ADULT, OLDER_ADULT",,34238.0,INDUSTRY,OBSERVATIONAL,2024-01-02,2024-03-29,"Tianjin Medical University Chu Hsien-I Memorial Hospital, Tianjin, China",True,False,2024.0,2024.0,True,False
NCT00642798,"An Open-Label, Single- & Multiple-Dose Study to Investigate the Pharmacokinetics of Sitagliptin 100 mg in Healthy Chinese Adult Subjects (0431-108)(COMPLETED)",COMPLETED,Diabetes Mellitus Non-insulin-dependent,Merck Sharp & Dohme LLC,ALL,ADULT,PHASE1,16.0,INDUSTRY,INTERVENTIONAL,2008-03,2008-03,,False,False,2008.0,2008.0,True,False
NCT06703268,A Study on Switching From Daily DPP-4 Inhibitor to HSK7653 in Type 2 Diabetes Patients,COMPLETED,Type 2 Diabetes,"Haisco Pharmaceutical Group Co., Ltd.",ALL,"ADULT, OLDER_ADULT",PHASE2,64.0,INDUSTRY,INTERVENTIONAL,2024-01-15,2024-11-20,"Chu Hsien-I Memorial Hospital, Tianjin Medical University, Tianjin, China",True,False,2024.0,2024.0,True,False
NCT05754008,Care Navigator Support for Younger Latinx Adults With Type 2 Diabetes,UNKNOWN,"Diabetes Mellitus, Type 2",Kaiser Permanente,ALL,ADULT,,204.0,OTHER,INTERVENTIONAL,2023-03-31,2025-12,"Kaiser Permanente Northern California, Oakland, California, 94612, United States",False,False,2023.0,2025.0,True,False
NCT06161844,Efficacy and Safety of Semaglutide Injection (HD1916) in Patients With Type 2 Diabetes Mellitus,COMPLETED,Type 2 Diabetes Mellitus,"CSPC ZhongQi Pharmaceutical Technology Co., Ltd.",ALL,"ADULT, OLDER_ADULT",PHASE3,506.0,INDUSTRY,INTERVENTIONAL,2024-02-23,2025-05-14,"Sun Yat-sen Memorial Hospital, Sun Yat-sen University, Guangdong, Guangdong, 510235, China",True,False,2024.0,2025.0,True,False
NCT06020846,Effect of Soleus Pushup Exercise in Type 2 Diabetes Patients,COMPLETED,"Diabetes Mellitus, Type 2",Riphah International University,ALL,ADULT,,66.0,OTHER,INTERVENTIONAL,2023-09-01,2024-02-15,"Railway General Hospital, Rawalpindi, Punjab Province, 46000, Pakistan",False,False,2023.0,2024.0,True,False
NCT05418179,"Effect of Probiotic Supplementation on Fecal Microbiota, Nutritional Status, Metabolic and Inflammatory Parameters in Patients With Type 2 Diabetes Mellitus",UNKNOWN,Type 2 Diabetes Mellitus,Universidade Federal de Santa Catarina,ALL,"ADULT, OLDER_ADULT",,80.0,OTHER,INTERVENTIONAL,2021-12-01,2023-12-24,"Polydoro Ernani de São Thiago University Hospital, Florianópolis, Santa Catarina, 88036-800, Brazil",True,False,2021.0,2023.0,True,False
NCT06712615,Phase II Study of PG-102(MG12) Compared With Placebo in Obesity and Type 2 Diabetes,ACTIVE_NOT_RECRUITING,Type 2 Diabetes Mellitus (T2DM)|Obesity Type 2 Diabetes Mellitus,"ProGen. Co., Ltd.",ALL,"ADULT, OLDER_ADULT",PHASE2,144.0,OTHER,INTERVENTIONAL,2024-12-05,2025-10-30,"The Catholic University of KOREA, Bucheon St.Mary's Hostital, Bucheon-si, South Korea|Yeungnam University Medical Center, Daegu, South Korea|Daejeon Eul Ji Medical Center, Eul Ji University, Daejeon, South Korea|Seoul National University Bundang Hospital, Seongnam, South Korea|Kangbuk Samsung Hospital, Samsung Medical Center, Seoul, South Korea|KOREA University Anam Hospital, Seoul, South Korea|KOREA University Asan Hospital, Seoul, South Korea|Kyung Hee University Hospital at Gangdong, Seoul, South Korea|Kyung Hee University, Medical Center, Seoul, South Korea|Nowon Eul Ji Medical Center, Eul Ji University, Seoul, South Korea|Samsung Medical Center, Seoul, South Korea|Severance Hostital, Seoul, South Korea|The Catholic University of KOREA, Seoul St.Mary's Hostital, Seoul, South Korea|The Catholic University of KOREA, Yeouido St.Mary's Hostital in Korea, Seoul, South Korea",True,False,2024.0,2025.0,True,False
NCT02794792,A Study to Assess the Efficacy and Safety of Ipragliflozin in Subjects With Type 2 Diabetes Mellitus Who Have Inadequate Glycemic Control on Metformin,COMPLETED,Type 2 Diabetes Mellitus,Astellas Pharma Europe B.V.,ALL,"ADULT, OLDER_ADULT",PHASE3,268.0,INDUSTRY,INTERVENTIONAL,2016-05-11,2017-06-20,"Site RU70011, Moscow, 117036, Russia|Site RU70005, Moscow, 119034, Russia|Site RU70003, Moscow, 121374, Russia|Site RU70009, Moscow, 125315, Russia|Site RU70010, Nizhny Novgorod, 603018, Russia|Site RU70008, Saint Petersburg, 191119, Russia|Site RU70014, Saint Petersburg, 194354, Russia|Site RU70007, Saint Petersburg, 197022, Russia|Site RU70002, Saint Petersburg, 197706, Russia|Site RU70006, Samara, 443067, Russia|Site RU70004, Saratov, 410012, Russia|Site RU70015, Volgograd, 400001, Russia|Site RU70001, Yaroslavl, 150003, Russia|Site RU70013, Yaroslavl, 150062, Russia",True,False,2016.0,2017.0,True,False
NCT03334773,Nutrition Education Intervention for Adults With Type 2 Diabetes,COMPLETED,Type 2 Diabetes Mellitus,University of Pretoria,ALL,"ADULT, OLDER_ADULT",,77.0,OTHER,INTERVENTIONAL,2017-01-16,2018-12-31,"Steve Biko Academic Hospital, Pretoria, Gauteng, 0001, South Africa",True,False,2017.0,2018.0,True,False
NCT01240759,Safety and Efficacy of S-707106 in Subjects With Type 2 Diabetes Mellitus and Inadequate Glycemic Control With Metformin Therapy,COMPLETED,Type 2 Diabetes Mellitus,Shionogi,ALL,"ADULT, OLDER_ADULT",PHASE2,218.0,INDUSTRY,INTERVENTIONAL,2010-10,2012-01,"Juno Research, LLC, Houston, Texas, 77074, United States",True,False,2010.0,2012.0,True,False
NCT04867785,A Study of LY3437943 in Participants With Type 2 Diabetes,COMPLETED,Type 2 Diabetes,Eli Lilly and Company,ALL,"ADULT, OLDER_ADULT",PHASE2,281.0,INDUSTRY,INTERVENTIONAL,2021-05-13,2022-10-27,"Syed Research Consultants Llc, Sheffield, Alabama, 35660, United States|San Fernando Valley Health Institute, Canoga Park, California, 91304, United States|Valley Endocrine, Fresno, Fresno, California, 93720, United States|National Research Institute - Huntington Park, Huntington Park, California, 90255, United States|Catalina Research Institute, LLC, Montclair, California, 91763, United States|National Research Institute - Panorama City, Panorama City, California, 91402, United States|Anderson Clinical Research, Redlands, California, 92374, United States|Artemis Institute for Clinical Research, Riverside, California, 92503, United States|Artemis Institute for Clinical Research, San Diego, California, 92103, United States|National Research Institute (NRI) - Santa Ana, Santa Ana, California, 92704, United States|Diablo Clinical Research, Inc., Walnut Creek, California, 94598, United States|South Florida Clinical Research Institute, Margate, Florida, 33063, United States|ForCare Clinical Research, Tampa, Florida, 33613, United States|Encore Medical Research - Weston, Weston, Florida, 33331, United States|Elite Clinical Trials, Blackfoot, Idaho, 83221, United States|Humphreys Diabetes Center, Boise, Idaho, 83702, United States|Rocky Mountain Clinical Research, Idaho Falls, Idaho, 83404, United States|Elite Clinical Trials, Rexburg, Idaho, 83440, United States|Iowa Diabetes and Endocrinology Research Center, West Des Moines, Iowa, 50265, United States|Cotton O'Neil Clinic, Topeka, Kansas, 66606, United States|Centennial Medical Group, Elkridge, Maryland, 21075, United States|MediSync Clinical Research, Petal, Mississippi, 39465, United States|Clinvest Research LLC, Springfield, Missouri, 65810, United States|Logan Health Research, Kalispell, Montana, 59901, United States|Lillestol Research, Fargo, North Dakota, 58104, United States|Intend Research, LLC, Norman, Oklahoma, 73069, United States|Heritage Valley Medical Group, Inc., Beaver, Pennsylvania, 15009, United States|Preferred Primary Care Physicians, Pittsburgh, Pennsylvania, 15236, United States|Frontier Clinical Research, LLC, Smithfield, Pennsylvania, 15478, United States|Preferred Primary Care Physicians, Uniontown, Pennsylvania, 15401, United States|The Research Center of The Upstate, Greenville, South Carolina, 29607, United States|Dallas Diabetes Research Center, Dallas, Texas, 75230, United States|Diabetes and Thyroid Center of Fort Worth, Fort Worth, Texas, 76132, United States|Endocrine Ips, Pllc, Houston, Texas, 77079, United States|Laila A Hassan, MD, PA, Houston, Texas, 77089, United States|Southern Endocrinology Associates, Mesquite, Texas, 75149, United States|North Hills Family Medicine/North Hills Medical Research, North Richland Hills, Texas, 76180, United States|Rainier Clinical Research Center, Renton, Washington, 98057, United States|Universal Research Group, Tacoma, Washington, 98405, United States|The Vancouver Clinic, Vancouver, Washington, 98664, United States|Advanced Clinical Research, LLC, Bayamón, 00961, Puerto Rico|Manati Center for Clinical Research, Manati, 674, Puerto Rico|Latin Clinical Trial Center, San Juan, 909, Puerto Rico",True,False,2021.0,2022.0,True,False
NCT00694057,"Safety, Tolerance and Activity of HE3286 in Patients With Type 2 Diabetes Mellitus",COMPLETED,Type 2 Diabetes Mellitus,Harbor Therapeutics,ALL,"ADULT, OLDER_ADULT",PHASE2,164.0,INDUSTRY,INTERVENTIONAL,2008-06,2010-01,"Anaheim, California, 92801, United States|Anaheim, California, 92805, United States|Beverly Hills, California, 90211, United States|Buena Park, California, 90620, United States|Burbank, California, 91505, United States|Carmichael, California, 95608, United States|Escondido, California, 92025, United States|Fresno, California, 93726, United States|Huntington Park, California, 90255, United States|Long Beach, California, 90806, United States|Los Angeles, California, 90057, United States|National City, California, 91950, United States|Roseville, California, 95661, United States|Chicago, Illinois, 60616, United States|Baton Rouge, Louisiana, 70808, United States|St Louis, Missouri, 63141, United States|Las Vegas, Nevada, 89106, United States|Las Vegas, Nevada, 89148, United States|El Paso, Texas, 79905, United States|San Antonio, Texas, 78229, United States|Salt Lake City, Utah, 84107, United States|Kenosha, Wisconsin, 53142, United States",True,False,2008.0,2010.0,True,False
NCT05699408,To Compare the Efficacy and Safety of INS068 and Insulin Glargine in Subjects With Type 2 Diabetes Mellitus Not Adequately Controlled With Oral Antidiabetic Drugs,COMPLETED,Type 2 Diabetes,"Jiangsu HengRui Medicine Co., Ltd.",ALL,"ADULT, OLDER_ADULT",PHASE3,513.0,INDUSTRY,INTERVENTIONAL,2023-03-31,2024-11-23,"Peking University People's Hospital, Beijing, Beijing Municipality, 100044, China",True,False,2023.0,2024.0,True,False
NCT06438874,Type 2 Diabetes Post Exercise Arterial Stiffness,WITHDRAWN,Type 2 Diabetes,University of Illinois at Chicago,ALL,ADULT,,0.0,OTHER,INTERVENTIONAL,2024-07,2024-12,,False,False,2024.0,2024.0,True,True
NCT07653477,Phase III Study of UBT251 Injection in Patients With Type 2 Diabetes With Inadequate Glycemic Control on Metformin ± Sulfonylurea/SGLT2 Inhibitor Therapy (UNIGUIDE-2),NOT_YET_RECRUITING,Type 2 Diabetes,"The United Bio-Technology (Hengqin) Co., Ltd.",ALL,"ADULT, OLDER_ADULT",PHASE3,956.0,INDUSTRY,INTERVENTIONAL,2026-07-30,2028-02-29,,True,False,2026.0,2028.0,True,False
NCT06268743,Effects of a Combined Exercise Intervention on the Gut Microbiome of People With Type 2 Diabetes,COMPLETED,Type 2 Diabetes,University of New Brunswick,ALL,ADULT,,40.0,OTHER,INTERVENTIONAL,2024-02-29,2026-04-07,"Cardiometabolic Exercise & Lifestyle Laboratory, Fredericton, New Brunswick, E3B5A3, Canada",False,False,2024.0,2026.0,True,False
NCT07198932,Cofrogliptin and Linagliptin as add-on Therapy to Insulin in Type 2 Diabetes,NOT_YET_RECRUITING,Type 2 Diabetes,Yanbing Li,ALL,"ADULT, OLDER_ADULT",,594.0,OTHER,OBSERVATIONAL,2025-10-01,2027-12-31,"Sir Run Run Shaw Hospital, School of Medicine, Zhejiang University, Hangzhou, Zhejiang, China|Affiliated Hospital of Hebei University, Baoding, China|Beijing Luhe Hospital Affiliated to Capital Medical University, Beijing, China|the First Medical Center of Chinese PLA General Hospital, Beijing, China|Qingpu Branch of Zhongshan Hospital Affiliated to Fudan University, Shanghai, China|Shanghai Changzheng Hospital, Shanghai, China|Xi'an International Medical Center Hospital, Xi'an, China",True,False,2025.0,2027.0,True,False
NCT05478252,A Research Study to Compare Two Semaglutide Medicines in People With Type 2 Diabetes,COMPLETED,"Diabetes Mellitus, Type 2",Novo Nordisk A/S,ALL,ADULT,PHASE3,388.0,INDUSTRY,INTERVENTIONAL,2022-08-03,2023-09-18,"Prime Medical Group, LLC, Gilbert, Arizona, 85296, United States|FDRC, Costa Mesa, California, 92627, United States|Velocity Clinical Research San Diego, La Mesa, California, 91942, United States|Velocity Clin Res Los Angeles, Los Angeles, California, 90017, United States|LCGK Research, San Carlos, California, 94070, United States|San Diego Family Care_San Diego, San Diego, California, 92111, United States|Encompass Clinical Research_Spring Valley, Spring Valley, California, 91978, United States|Med Partners, Inc., Toluca Lake, California, 91602, United States|University Clin Investigators, Tustin, California, 92780, United States|Diablo Clinical Research, Inc., Walnut Creek, California, 94598, United States|Innovative Research of W Florida Inc., Clearwater, Florida, 33756, United States|Innovative Research of W FL, Clearwater, Florida, 33756, United States|Alliance for Multispec Res, Coral Gables, Florida, 33134, United States|Encore Medical Research LLC, Hollywood, Florida, 33024, United States|New Horizon Research Center, Miami, Florida, 33165, United States|Reyes Clinical Research, Inc, Miami, Florida, 33175, United States|International Research Associates, LLC_Miami, Miami, Florida, 33183, United States|South Broward Research LLC, Miramar, Florida, 33027, United States|Adult Medicine of Lake County, Inc., Mt. Dora, Florida, 32757, United States|Omega Research Consultants LLC, Orlando, Florida, 32806, United States|South Broward Research LLC, Pembroke Pines, Florida, 33027, United States|Progressive Medical Research, Port Orange, Florida, 32127, United States|CVS Store Number: 7689, Atlanta, Georgia, 30329-4015, United States|CVS Store Number: 05520, Savannah, Georgia, 31405-6901, United States|Elite Clinical Trials, Blackfoot, Idaho, 83221, United States|Solaris Clinical Research, Meridian, Idaho, 83646, United States|Macoupin Research Group, Gillespie, Illinois, 62033, United States|Clin Invest Spec, Inc, Wauconda, Illinois, 60084, United States|The Research Group of Lexington LLC, Lexington, Kentucky, 40503, United States|MD Medical Research, Oxon Hill, Maryland, 20745, United States|BTC of New Bedford, LLC, New Bedford, Massachusetts, 02740, United States|Elite Research Center, Flint, Michigan, 48532, United States|Arcturus Healthcare, PLC., Troy, Michigan, 48098, United States|Montana Medical Research, Missoula, Montana, 59808, United States|N.Y. Family Practice Physicians, Woodhaven, New York, 11421, United States|PharmQuest Life Sciences LLC, Greensboro, North Carolina, 27408, United States|Whiteville Medical Assoc, PA, Whiteville, North Carolina, 28472, United States|Albert J Weisbrot, Mason, Ohio, 45040-6815, United States|Advanced Med Res Maumee, Maumee, Ohio, 43537, United States|Tristar Clin Investigations, PC, Philadelphia, Pennsylvania, 19114, United States|Spartanburg Medical Research, Spartanburg, South Carolina, 29303, United States|Elligo Clin Res Centre, Austin, Texas, 78704, United States|Velocity Clinical Res-Dallas, Dallas, Texas, 75230, United States|UT Southwestern Med Cntr, Dallas, Texas, 75390-9302, United States|Southwest Clinical Trials, Houston, Texas, 77081, United States|Tapia Internal Medicine Clinic, Paris, Texas, 75462, United States|Univ Of Texas Hlth Science Cntr, San Antonio, Texas, 78229, United States|VIP Trials_San Antonio, San Antonio, Texas, 78230, United States|VIP Trials, San Antonio, Texas, 78230, United States|Dwayne O. Williams, M.D., P.A., Sugar Land, Texas, 77479, United States|Sugar Lakes Family Practice PA, Sugar Land, Texas, 77479, United States|Martin Diagnostic Clinic, Tomball, Texas, 77375, United States|CVS Store Number: 01396, Reston, Virginia, 20191-4327, United States|CVS Store Number: 1537, Richmond, Virginia, 23230-3005, United States|Wenatchee Valley Hospital and Clinics, Wenatchee, Washington, 98801-2028, United States|Care Clinic, Red Deer, Alberta, T4P 1K4, Canada|Ocean West Research Clinic, Surrey, British Columbia, V3Z 2N6, Canada|G.A. Research Associates Ltd., Moncton, New Brunswick, E1G 1A7, Canada|Nova Scotia Hlth Halifax, Halifax, Nova Scotia, B3H 2Y9, Canada|Centricity Research New Minas, New Minas, Nova Scotia, B4N 3R7, Canada|Centricity Research Brampton, Brampton, Ontario, L6S 0C6, Canada|LMC Clin Res Inc. Thornhill, Concord, Ontario, L4K 4M2, Canada|Medical Trust Clinics, Inc., Courtice, Ontario, L1E2J5, Canada|Centricity Research Etobicoke, Etobicoke, Ontario, M9R 4E1, Canada|Wharton Med Clin Trials, Hamilton, Ontario, L8L 5G8, Canada|Milestone Research, London, Ontario, N5W 6A2, Canada|Bluewater Clin Res Group,Inc, Sarnia, Ontario, N7T 4X3, Canada|Canadian Centre for Research on Diabetes_Smiths Falls, Smiths Falls, Ontario, K7A 4W8, Canada|LMC Endo Centres Ltd.(Bayview), Toronto, Ontario, M4G 3E8, Canada|LMC Manna Research, Toronto, Ontario, M4G 3E8, Canada|Manna Research Quebec, Lévis, Quebec, G6W 0M5, Canada|Recherche GCP Research, Montreal, Quebec, H1Y 3H5, Canada|LMC Clin Rsrch Inc. (Montreal), Montreal, Quebec, H4T 1Z9, Canada|Centricity Res Pointe-Claire, Pointe-Claire, Quebec, H9R 4S3, Canada|Manna Research Inc., Pointe-Claire, Quebec, H9R 4S3, Canada|Centricity Research Ville St. Laurent VSL, Saint-Laurent, Quebec, H4T 1Z9, Canada|Beata Miklaszewicz&Dariusz Dabrowski ""CARDIAMED"" s.j., Legnica, Lower Silesian Voivodeship, 59-220, Poland|ETG Lublin, Lublin, Lublin Voivodeship, 20-412, Poland|Osteo Medic s.c. Artur Racewicz Jerzy Supronik, Bialystok, 15-351, Poland|NZOZ Specjalistyczny Osrodek Internistyczno-Diabetologiczny Małgorzata Arciszewska, Bialystok, 15-435, Poland|M2M Badania Kliniczne, Chorzów, 41-500, Poland|NZOZ Gdanska Poradnia Cukrzycowa Sp.z o.o., Gdansk, 80-858, Poland|Krakowskie Centrum Medyczne Sp. z o.o., Krakow, 31-501, Poland|FutureMeds Sp. z o.o. Lodz, Lodz, 91-363, Poland|ETG Lublin, Lublin, 20-412, Poland|Centrum Medyczne ""Diabetika"", Radom, 26-600, Poland|PANSTWOWY INSTYTUT MEDYCZNY MSWiA, Warsaw, 02-507, Poland|FutureMeds Sp. z o.o., Wroclaw, 50-088, Poland|Diabetologicka ambulancia DIASTYLE s.r.o., Banská Bystrica, 97401, Slovakia|Diabetologicka ambulancia DIAMO s.r.o., Kežmarok, 06001, Slovakia|IVAMEDIC s.r.o., Košice, 040 11, Slovakia|DIA - SANTMART, s.r.o., Ambulancia diabetologie a poruch latkovej premeny a vyzivy, Martin, 036 01, Slovakia|Diabetologicka ambulancia MUDr. Iveta Markova s.r.o, Nitra, 94911, Slovakia|MUDr. Jan Culak, s.r.o., Prievidza, 97101, Slovakia|MEDI-DIA s.r.o., Sabinov, 08301, Slovakia|Medi-Clinic Bloemfontein, Bloemfontein, Free State, 9301, South Africa|Moriana Clinical Research, Winnie Mandela, Free State, 9400, South Africa|Shop#1 Health Emporium, Midrand, Gauteng, 1685, South Africa|Prinshof Medical Campus, Pretoria, Gauteng, 0002, South Africa|Jongaie Research, Pretoria, Gauteng, 0183, South Africa|Clinical Trial Systems (CTC), Pretoria, Gauteng, 0186, South Africa|Dr A Amod, Durban, KwaZulu-Natal, 4092, South Africa|Precise Clinical Solutions (Pty) Ltd, Durban, KwaZulu-Natal, 4092, South Africa|Dr Pillay's Rooms, Durban, KwaZulu-Natal, 4450, South Africa",False,False,2022.0,2023.0,True,False
NCT00004983,Education and Group Support for Diabetic Hispanics,COMPLETED,"Diabetes Mellitus, Non-Insulin-Dependent",National Institute of Diabetes and Digestive and Kidney Diseases (NIDDK),ALL,"ADULT, OLDER_ADULT",,,NIH,INTERVENTIONAL,1999-09,2006-12,"The University of Texas at Austin, Austin, Texas, 78701, United States",True,False,1999.0,2006.0,False,False
NCT04208620,Safety and Tolerability Study of Cotadutide in Japanese Obese Subjects With Type 2 Diabetes Melitus,COMPLETED,Type 2 Diabetes,AstraZeneca,ALL,"ADULT, OLDER_ADULT",PHASE1,16.0,INDUSTRY,INTERVENTIONAL,2020-01-21,2020-07-08,"Research Site, Shinjuku-ku, 160-0008, Japan|Research Site, Shinjuku-ku, 162-0053, Japan|Research Site, Suita-shi, 565-0853, Japan",True,False,2020.0,2020.0,True,False
NCT03390959,"Effectiveness of Proprioceptive Training on Plantar Pressure, Balance, Posture and Gait in Individuals With Diabetes Mellitus Type 2",UNKNOWN,"Diabetes Mellitus, Type 2",Kelly Antunes e Silva Oliveira,ALL,"ADULT, OLDER_ADULT",,14.0,OTHER,INTERVENTIONAL,2017-05-10,2018-03-30,"Maria das Graças Araujo, Recife, Pernambuco, 50670-901, Brazil",True,False,2017.0,2018.0,True,False
NCT07678671,Glycemic Control and the Ask Me 3® Educational Program,ENROLLING_BY_INVITATION,Diabetes Mellitus Type 2,Maria Elena Romero Ibarguengoitia,ALL,"ADULT, OLDER_ADULT",,250.0,OTHER,INTERVENTIONAL,2025-06-05,2027-02-28,"Hospital Clinica Nova de Monterrey, San Nicolás de los Garza, Nuevo León, 66450, Mexico",True,False,2025.0,2027.0,True,False
NCT01029704,Safety and Efficacy Study of EGT0001442 in Subjects With Type 2 Diabetes Mellitus,COMPLETED,Diabetes Mellitus Type 2,Theracos,ALL,"ADULT, OLDER_ADULT",PHASE2,151.0,INDUSTRY,INTERVENTIONAL,2009-12,2010-07,"Research Site #10, Birmingham, Alabama, United States|Research Site #04, National City, California, United States|Research Site #12, Denver, Colorado, United States|Research Site #07, Miami, Florida, United States|Research Site #08, Miami, Florida, United States|Research Site #06, Reading, Pennsylvania, United States|Research Site #11, DeSoto, Texas, United States|Research Site #01, San Antonio, Texas, United States|Research Site #15, San Antonio, Texas, United States|Research Site #03, Brampton, Ontario, Canada|Research Site #13, London, Ontario, Canada|Research Site #02, Mississauga, Ontario, Canada",True,False,2009.0,2010.0,True,False
NCT00835861,Effectiveness of Metformin Compared to Insulin in Pregnant Women With Mild Preexisting or Early Gestational Diabetes,COMPLETED,Non Insulin Dependent Diabetes|Pregnancy,"University of North Carolina, Chapel Hill",FEMALE,"ADULT, OLDER_ADULT",PHASE2,31.0,OTHER,INTERVENTIONAL,2008-08,2010-04,"University of North Carolina Hospitals Obstetric Clinics, Chapel Hill, North Carolina, 27599, United States",True,False,2008.0,2010.0,True,False
NCT02452632,A Study to Assess the Efficacy and Safety of ASP1941 in Subjects With Type 2 Diabetes Mellitus Who Have Inadequate Glycemic Control on Metformin and Sitagliptin,COMPLETED,Type 2 Diabetes Mellitus,"Astellas Pharma Korea, Inc.",ALL,"ADULT, OLDER_ADULT",PHASE3,143.0,INDUSTRY,INTERVENTIONAL,2015-06-22,2017-01-05,"Site KR00019, Dong Gu Gwangju, Dong Gu Gwangju, South Korea|Site KR00008, Gangwon-do, Gangwon-do, South Korea|Site KR00020, Jeollabuk-do, Jeollabuk-do, South Korea|Site KR00021, Kyungsangnam-do, Kyungsangnam-do, South Korea|Site KR00002, Busan, South Korea|Site KR00003, Busan, South Korea|Site KR00007, Daegu, South Korea|Site KR00011, Daegu, South Korea|Site KR00018, Gyeonggi-do, South Korea|Site KR00022, Gyeonggi-do, South Korea|Site KR00014, Incheon, South Korea|Site KR00001, Seoul, South Korea|Site KR00004, Seoul, South Korea|Site KR00005, Seoul, South Korea|Site KR00006, Seoul, South Korea|Site KR00009, Seoul, South Korea|Site KR00010, Seoul, South Korea|Site KR00012, Seoul, South Korea|Site KR00013, Seoul, South Korea|Site KR00016, Seoul, South Korea|Site KR00017, Seoul, South Korea|Site KR00015, Suwon, South Korea",True,False,2015.0,2017.0,True,False
NCT03766308,The Clinical Study of the Effect of Highland Barley Diet on Blood Glucose in Patients With Type 2 Diabetes Mellitus,COMPLETED,Type 2 Diabetes Mellitus,Xuefeng Yu,ALL,"ADULT, OLDER_ADULT",,40.0,OTHER,INTERVENTIONAL,2017-11-01,2020-12-31,"Tongji Hospital, Tongji Medical College, Huazhong University of Science and technology, Wuhan, Hubei, China",True,False,2017.0,2020.0,True,False
NCT01933256,Study of Subcutaneous Doses of HIP2B in Subjects With Type 2 Diabetes Mellitus Treated With Metformin,COMPLETED,Type 2 Diabetes Mellitus,CureDM,ALL,"ADULT, OLDER_ADULT",PHASE1,32.0,INDUSTRY,INTERVENTIONAL,2013-08,2014-12,"Profil Institute for Clinical Research, Inc., Chula Vista, California, 91911, United States",True,False,2013.0,2014.0,True,False
NCT06428968,Investigating the Insulin Resistance in Individuals With Type 2 Diabetes,RECRUITING,Type 2 Diabetes,Central South University,ALL,"ADULT, OLDER_ADULT",,30.0,OTHER,INTERVENTIONAL,2024-09-06,2025-06-30,"Department of Psychiatry, National Clinical Research Center for Mental Disorders, and National Center for Mental Disorders, The Second Xiangya Hospital of Central South University, Changsha, Hunan, 410011, China",True,False,2024.0,2025.0,True,False
NCT07754461,A Study to Test Whether Survodutide Helps People With Type 2 Diabetes Control Their Blood Sugar,NOT_YET_RECRUITING,Type 2 Diabetes,Boehringer Ingelheim,ALL,"ADULT, OLDER_ADULT",PHASE3,600.0,INDUSTRY,INTERVENTIONAL,2026-08-24,2028-05-01,"Cahaba Research, Inc. - Trussville Location, Birmingham, Alabama, 35235, United States|Gilbert Center for Family Medicine, Gilbert, Arizona, 85296, United States|Helios Clinical Research - Paradise Valley, Paradise Valley, Arizona, 85253, United States|Arizona Liver Health - Peoria 85381, Peoria, Arizona, 85381, United States|Helios Clinical Research - Phoenix, Phoenix, Arizona, 85028, United States|Woodland International Research Group, Inc., Little Rock, Arkansas, 72211, United States|San Fernando Valley Health, Canoga Park, California, 91304, United States|John Muir Physician Network Clinical Research Center, Concord, California, 94520, United States|Neighborhood Healthcare - Escondido, Escondido, California, 92025, United States|Clinical Trials Research - Lincoln, Lincoln, California, 95648, United States|ARK Clinical Research, Long Beach, California, 90815, United States|Infinity Clinical Research, Norco, California, 92860, United States|Valley Clinical Trials, Inc., Northridge, California, 91325, United States|Fomat Medical Research, Oxnard, California, 93030, United States|Encompass Clinical Research, Spring Valley, Spring Valley, California, 91978, United States|University Clinical Investigators, Inc., Tustin, California, 92780, United States|Diablo Clinical Research, Walnut Creek, California, 94598, United States|Focus Clinical Research, West Hills, California, 91307, United States|Clinical Research of West Florida, Inc., Clearwater, Florida, 33765, United States|Northeast Research Institute, Fleming Island, Florida, 32003, United States|Covenant Metabolic Specialists, LLC - Fort Myers, Fort Myers, Florida, 33912, United States|Encore Medical Research, Hollywood, Florida, 33024, United States|Northeast Research Institute, Jacksonville, Florida, 32204, United States|Accel Research Sites - Lakeland, Lakeland, Florida, 33803, United States|Clinical Research of Central Florida - Lakeland, Lakeland, Florida, 33805, United States|Tampa Bay Medical Research - Largo, Largo, Florida, 33777, United States|New Horizon Research Center-Miami-69732, Miami, Florida, 33165, United States|South Broward Research, Miramar, Florida, 33027, United States|Covenant Metabolic Specialists, LLC - Brandon, Riverview, Florida, 33578, United States|Covenant Metabolic Specialists, LLC - Sarasota, University Park, Florida, 34201, United States|Metabolic Research Institute, Inc., West Palm Beach, Florida, 33401, United States|Encore Medical Research - Weston, Weston, Florida, 33331, United States|Conquest Research, Winter Park, Florida, 32789, United States|Centricity Research, Endocrine Consultants, Columbus, Georgia, 31904, United States|Javara-Fayetteville-67354, Fayetteville, Georgia, 30214, United States|Balanced Life Health Care Solutions, Lawrenceville, Georgia, 30046, United States|Rophe Adult and Pediatric Medicine, Union City, Georgia, 30291, United States|Pacific Diabetes & Endocrine Center, Honolulu, Hawaii, 96817, United States|Elite Clinical Trials - Blackfoot, Blackfoot, Idaho, 83221, United States|Family First Clinical Research, Idaho Falls, Idaho, 83404, United States|Solaris Clinical Research, Meridian, Idaho, 83646, United States|Evanston Premier Healthcare Research LLC, Skokie, Illinois, 60077, United States|Cotton O'Neil Mulvane, Topeka, Kansas, 66606, United States|AMR Lexington, Lexington, Kentucky, 40509, United States|Endocrine and Metabolic Consultants, Rockville, Maryland, 20852, United States|Northern Pines Health Center - Buckley, Buckley, Michigan, 49620, United States|Revival Research Institute, LLC - Dearborn, Dearborn, Michigan, 48126, United States|Arcturus Healthcare - Troy Internal Medicine Research Division, Troy, Michigan, 48098, United States|International Diabetes Center, Minneapolis, Minnesota, 55416, United States|Olive Branch Family Medical Center, Olive Branch, Mississippi, 38654, United States|SKY Clinical Research Network Group - Ridgeland, Ridgeland, Mississippi, 39157, United States|StudyMetrix Research, LLC, City of Saint Peters, Missouri, 63303, United States|Logan Health Research - Kalispell, Kalispell, Montana, 59901, United States|Boeson Research - Missoula, Missoula, Montana, 59804, United States|Palm Research Center, Las Vegas, Nevada, 89128, United States|Albuquerque Clinical Trials, Albuquerque, New Mexico, 87102, United States|Ellipsis Research Group - Brooklyn, Brooklyn, New York, 11215, United States|Cape Fear Valley Medical Center, Fayetteville, North Carolina, 28304, United States|PharmQuest Life Sciences, Greensboro, North Carolina, 27408, United States|Centricity Research - Morehead City, Morehead City, North Carolina, 28557, United States|Diabetes & Endocrinology Associates of Stark County, Canton, Ohio, 44718, United States|Advanced Medical Research - Maumee, Maumee, Ohio, 43537, United States|New Venture Medical Research, Wadsworth, Ohio, 44281, United States|Tekton Research-Edmond-68875, Edmond, Oklahoma, 73013, United States|Heritage Valley Medical Group, Beaver, Pennsylvania, 15009, United States|Preferred Primary Care Physicians-Pittsburgh-63932, Pittsburgh, Pennsylvania, 15236, United States|Preferred Primary Care Physicians, Pittsburgh, Pennsylvania, 15243, United States|Preferred Primary Care Physicians - Matthew Drive, Uniontown, Pennsylvania, 15401, United States|PanAmerican Clinical Research - Bluffton, Bluffton, South Carolina, 29910, United States|Spartanburg Medical Research, Spartanburg, South Carolina, 29303, United States|University Diabetes & Endocrine Consultants, Chattanooga, Tennessee, 37411, United States|LifeDoc Research, PLLC, Memphis, Tennessee, 38115, United States|Texas Diabetes and Endocrinology, Austin, Texas, 78731, United States|South Texas Research Institute - Brownsville, Brownsville, Texas, 78520, United States|Privia Medical Group Gulf Coast, PLLC, Conroe, Texas, 77384, United States|University of Texas Southwestern Medical Center, Dallas, Texas, 75390-8837, United States|Pinnacle Clinical Research - Georgetown, Georgetown, Texas, 78626, United States|Juno Research, LLC, Houston, Texas, 77040, United States|Biopharma Informatic, Inc. Research Center, Houston, Texas, 77084, United States|Research Physicians Network, Houston, Texas, 77089, United States|Southern Endocrinology Associates, Mesquite, Texas, 75149, United States|Pinnacle Clinical Research - San Antonio, San Antonio, Texas, 78222, United States|Pinnacle Clinical Research, LLC, San Antonio, Texas, 78229, United States|Consano Clinical Research, Shavano Park, Texas, 78231, United States|Texas Valley Clinical Research, Weslaco, Texas, 78596, United States|Olympus Family Medicine, Salt Lake City, Utah, 84117, United States|Tidewater Physicians Multispecialty Group, Newport News, Virginia, 23606, United States|ERA Health Research - Redmond, Redmond, Washington, 98052, United States|Clinical Investigation Specialists, Inc.-Kenosha-69111, Kenosha, Wisconsin, 53144, United States|Royal Prince Alfred Hospital, Camperdown, New South Wales, 2050, Australia|Logan Hospital, Meadowbrook, Queensland, 4131, Australia|Southern Adelaide Diabetes & Endocrine services, Oaklands Park, South Australia, 5046, Australia|Baker Heart and Diabetes Institute, Melbourne, Victoria, 3004, Australia|Fraser Clinical Trials, New Westminster, British Columbia, V3L 3W4, Canada|Centricity Research (Brampton), Brampton, Ontario, L6S 0C6, Canada|Centricity Research (Vaughan), Concord, Ontario, L4K 4M2, Canada|Centricity Research (Nepean), Nepean, Ontario, K2J 0V2, Canada|Diabetes Heart Research Centre, Toronto, Ontario, M6G 1M2, Canada|Albion Finch Medical Centre, Toronto, Ontario, M9V 4B4, Canada|Applied Medical Informatics Research Inc., Montreal, Quebec, H4A 3T2, Canada|Endocrinologie Oasis Inc, Montreal, Quebec, H4J 1E3, Canada|Recherche Clinique Sigma Inc., Québec, G1G 5X1, Canada|Gujarat Endocrine Centre, Ahmedabad, 380006, India|AIIMS Bhubaneshwar, Bhubaneswar, 751019, India|Osmania Medical College & Hospital, Hyderabad, Afzalgunj, 500012, India|Diabetes Care and Research Centre, Nagpur, 440010, India|Supe Heart & Diabetes Hospital & Research Centre, Nashik, 422002, India|AIIMS, New Delhi, New Delhi, 110029, India|Deenanath Mangeshkar Hospital and Research Centre, Pune, 411004, India|Jothydev's Diabetes Research Centre, Trivandrum, 695032, India|New Zealand Clinical Research (NZCR) Christchurch, Christchurch Central City, Christchurch, 8011, New Zealand|Momentum Clinical Research Dunedin, Dunedin, Otago, 9016, New Zealand|Waitemata Clinical Research, Auckland, 0626, New Zealand|Clinical Trials New Zealand Ltd, Hamilton, 3204, New Zealand|Isis Clinical Research Center, Guaynabo, 00968, Puerto Rico",True,False,2026.0,2028.0,True,False
NCT05347862,Remote and Intensive Program for Physical Activity Promotion for People With Type 2 Diabetes (The PRACTICE Trial),UNKNOWN,Type 2 Diabetes,Hospital de Clinicas de Porto Alegre,ALL,"ADULT, OLDER_ADULT",,344.0,OTHER,INTERVENTIONAL,2022-12-02,2025-12-30,"Hospital de Clínicas de Porto Alegre, Porto Alegre, Rio Grande do Sul, 90035-007, Brazil",True,False,2022.0,2025.0,True,False
NCT05944432,CGM Use in Adults With Type 2 Diabetes on Basal Insulin,ACTIVE_NOT_RECRUITING,"Diabetes Mellitus, Type 2",Abbott Diabetes Care,ALL,"ADULT, OLDER_ADULT",,470.0,INDUSTRY,INTERVENTIONAL,2023-07-14,2027-11-30,"Tameside General Hospital, Ashton-under-Lyne, United Kingdom|Royal United Hospital, Bath, United Kingdom|Queen Elizabeth Hospital, Birmingham, United Kingdom|Cambridge University Hospital (Addenbrookes), Cambridge, United Kingdom|Darlington Memorial Hospital, Darlington, United Kingdom|Royal Derby Hospital, Derby, DE22 3NE, United Kingdom|Ninewells Hospital, Dundee, United Kingdom|Princess Alexandra Hospital, Harlow, United Kingdom|Northwick Park Hospital, Harrow, United Kingdom|Hull Royal Infirmary, Hull, United Kingdom|Ipswich Hospital, Ipswich, United Kingdom|St James University Hospital, Leeds, United Kingdom|Leicester General Hospital, Leicester, United Kingdom|King's College Hospital, London, United Kingdom|St Mary's Hospital, London, United Kingdom|Manchester Royal Infirmary, Manchester, M13 9WU, United Kingdom|Norfolk and Norwich University Hospital, Norwich, United Kingdom|Churchill Hospital, Oxford, United Kingdom|Derriford Hospital, Plymouth, United Kingdom|The Adam Practice, Poole, United Kingdom|Queen Alexandra Hospital, Portsmouth, United Kingdom|Northern General Hospital, Sheffield, United Kingdom|Moorgreen Hospital, Southampton, United Kingdom|Singleton Hospital, Swansea, United Kingdom|Wishaw Hospital, Wishaw, United Kingdom",True,False,2023.0,2027.0,True,False
NCT00013910,"NNC 90-1170 Mechanism of Action: A Double-Blind, Randomized, Single-Center, Placebo-Controlled, Crossover Study to Examine Beta-Cell Responsiveness to Graded Glucose Infusion in Subjects With Type 2 Diabetes",COMPLETED,"Diabetes Mellitus, Non-Insulin-Dependent",National Center for Research Resources (NCRR),ALL,"ADULT, OLDER_ADULT",PHASE1,30.0,NIH,INTERVENTIONAL,,,"University of Michigan, Ann Arbor, Michigan, 48109, United States",True,False,,,True,False
NCT06759922,"Glimepiride, Empagliflozin, and Sitagliptin With Metformin for Type 2 Diabetes",COMPLETED,Type 2 Diabetes Mellitus,Bahria University,ALL,ADULT,PHASE4,172.0,OTHER,INTERVENTIONAL,2025-01-01,2025-06-30,"National Medical Center, Karachi, Sindh, 75500, Pakistan",False,False,2025.0,2025.0,True,False
NCT06959797,Insulin Pump Versus Full Closed-loop for Type 2 Diabetes,RECRUITING,Type 2 Diabetes,"University Hospital, Caen",ALL,"ADULT, OLDER_ADULT",,80.0,OTHER,INTERVENTIONAL,2025-05-05,2028-12-31,"Caen University Hospital, Caen, France",True,False,2025.0,2028.0,True,False
NCT04529317,Beneficial Effects of Quinoa (Chenopodium Quinoa Willd) in the Prevention of Type 2 Diabetes Mellitus,COMPLETED,Type 2 Diabetes,Institut d'Investigacions Biomèdiques August Pi i Sunyer,ALL,OLDER_ADULT,,9.0,OTHER,INTERVENTIONAL,2016-05,2016-09,"Diana A. Díaz Rizzolo, Barcelona, 08036, Spain",True,False,2016.0,2016.0,True,False
NCT06382259,The Acute Effect of Low-intensity Movement Breaks on Glycemic Responses in Individuals With Type 2 Diabetes.,UNKNOWN,Type 2 Diabetes,University of British Columbia,ALL,"ADULT, OLDER_ADULT",,30.0,OTHER,INTERVENTIONAL,2024-04-25,2025-07-15,"University of British Columbia Okanagan, Kelowna, British Columbia, V1V 3G1, Canada",True,False,2024.0,2025.0,True,False
NCT03138746,Insulin Sensitivity During Hyperbaric Oxygen Compared to Hyperbaric Air,COMPLETED,"Diabetes Mellitus, Type II|Insulin Resistance",University of Adelaide,MALE,"ADULT, OLDER_ADULT",,25.0,OTHER,OBSERVATIONAL,2018-08-13,2020-01-15,"Hyperbaric Medicine Unit, Royal Adelaide Hospital, Adelaide, South Australia, 5000, Australia",True,False,2018.0,2020.0,True,False
NCT01719640,MSC and MC in Type 2 Diabetes Mellitus,COMPLETED,"Diabetes Mellitus, Type 2",Fuzhou General Hospital,ALL,"ADULT, OLDER_ADULT",PHASE1|PHASE2,22.0,OTHER,INTERVENTIONAL,2011-01,2020-01,"Fuzhou General Hospital, Xiamen Univ, Fuzhou, Fujian, 350025, China",True,False,2011.0,2020.0,True,False
NCT03314246,Development and Implementation of Ramadan Fasting Algorithm for Singaporeans With Type 2 Diabetes,COMPLETED,"Diabetes Mellitus, Type 2",Joyce Lee,ALL,"ADULT, OLDER_ADULT",,111.0,OTHER,INTERVENTIONAL,2017-04-03,2019-02-06,"Tan Tock Seng Hospital, Singapore, 308433, Singapore|National Healthcare Group Polyclinic (Bukit Batok), Singapore, 659164, Singapore",True,False,2017.0,2019.0,True,False
NCT06089070,Continuous Glucose Monitoring System Feasibility in Youth With T2D,ACTIVE_NOT_RECRUITING,Type 2 Diabetes,"University of California, San Francisco",ALL,"CHILD, ADULT",,20.0,OTHER,INTERVENTIONAL,2024-01-03,2027-12-01,"University of California San Francisco (UCSF), San Francisco, California, 94158, United States",False,True,2024.0,2027.0,True,False
NCT05533632,Safety Study of Weekly Semaglutide in Chilean Participants With Type 2 Diabetes,COMPLETED,"Diabetes Mellitus, Type 2",Novo Nordisk A/S,ALL,"ADULT, OLDER_ADULT",PHASE4,104.0,INDUSTRY,INTERVENTIONAL,2022-04-25,2024-01-18,"Servicios Médicos Godoy Limitada, Santiago, Región Metropolitana, 7500710, Chile|Hospital San Juan de Dios_Santiago, Región Metropolitana, Santiago, Región Metropolitana, 8350429, Chile|Hospital Padre Hurtado, Santiago, Región Metropolitana, 8880465, Chile",True,False,2022.0,2024.0,True,False
NCT03015519,"A Study to Evaluate Pharmacokinetics, Safety and Efficacy of Albiglutide in Pediatric Subjects With Type 2 Diabetes Mellitus",WITHDRAWN,"Diabetes Mellitus, Type 2",GlaxoSmithKline,ALL,CHILD,PHASE3,0.0,INDUSTRY,INTERVENTIONAL,2017-08-14,2020-04-20,"GSK Investigational Site, Chicago, Illinois, 60634, United States|GSK Investigational Site, Morehead City, North Carolina, 28557, United States|GSK Investigational Site, El Paso, Texas, 79935, United States",False,True,2017.0,2020.0,True,True
NCT02229227,Safety and Efficacy of Albiglutide + Insulin Glargine Versus Insulin Lispro + Insulin Glargine Subjects With Type 2 Diabetes Mellitus,COMPLETED,"Diabetes Mellitus, Type 2",GlaxoSmithKline,ALL,"ADULT, OLDER_ADULT",PHASE3,814.0,INDUSTRY,INTERVENTIONAL,2014-11-21,2017-07-24,"GSK Investigational Site, Searcy, Arkansas, 72143, United States|GSK Investigational Site, Huntington Beach, California, 92648, United States|GSK Investigational Site, Long Beach, California, 90807, United States|GSK Investigational Site, Los Angeles, California, 90017, United States|GSK Investigational Site, Tustin, California, 92780, United States|GSK Investigational Site, West Hills, California, 91307, United States|GSK Investigational Site, Colorado Springs, Colorado, 80909, United States|GSK Investigational Site, Brooksville, Florida, 34601, United States|GSK Investigational Site, Clearwater, Florida, 33765, United States|GSK Investigational Site, Hialeah, Florida, 33012, United States|GSK Investigational Site, Miami, Florida, 33156, United States|GSK Investigational Site, Orlando, Florida, 32825, United States|GSK Investigational Site, Pembroke Pines, Florida, 33027, United States|GSK Investigational Site, Tampa, Florida, 33634, United States|GSK Investigational Site, West Palm Beach, Florida, 33401, United States|GSK Investigational Site, Chicago, Illinois, 60612, United States|GSK Investigational Site, Paducah, Kentucky, 42003, United States|GSK Investigational Site, Lake Charles, Louisiana, 70601, United States|GSK Investigational Site, Shreveport, Louisiana, 71105, United States|GSK Investigational Site, Kalamazoo, Michigan, 49009, United States|GSK Investigational Site, Springfield, Missouri, 65807, United States|GSK Investigational Site, Las Vegas, Nevada, 89119, United States|GSK Investigational Site, Staten Island, New York, 10301, United States|GSK Investigational Site, Shelby, North Carolina, 28150, United States|GSK Investigational Site, Wilmington, North Carolina, 28401, United States|GSK Investigational Site, Columbus, Ohio, 43213, United States|GSK Investigational Site, Dayton, Ohio, 45439, United States|GSK Investigational Site, Kettering, Ohio, 45429, United States|GSK Investigational Site, Austin, Texas, 78749, United States|GSK Investigational Site, Austin, Texas, 78756, United States|GSK Investigational Site, Dallas, Texas, 75230, United States|GSK Investigational Site, Houston, Texas, 77058, United States|GSK Investigational Site, Houston, Texas, 77099, United States|GSK Investigational Site, Pharr, Texas, 78577, United States|GSK Investigational Site, Round Rock, Texas, 78681, United States|GSK Investigational Site, Sugar Land, Texas, 77479, United States|GSK Investigational Site, Hampton, Virginia, 23666, United States|GSK Investigational Site, Renton, Washington, 98057, United States|GSK Investigational Site, Tacoma, Washington, 98405, United States|GSK Investigational Site, Fortaleza, Ceará, 60115-282, Brazil|GSK Investigational Site, Fortaleza - CE, Ceará, 60430-350, Brazil|GSK Investigational Site, Goiânia, Goiás, 74110-010, Brazil|GSK Investigational Site, Uberlândia, Minas Gerais, 38411-186, Brazil|GSK Investigational Site, Porto Alegre, Rio Grande do Sul, 90035-170, Brazil|GSK Investigational Site, Porto Alegre, Rio Grande do Sul, 90035001, Brazil|GSK Investigational Site, Campinas, São Paulo, 13010-001, Brazil|GSK Investigational Site, Marília, São Paulo, 17519-000, Brazil|GSK Investigational Site, Pará, 66073-000, Brazil|GSK Investigational Site, São Paulo, 01223-001, Brazil|GSK Investigational Site, São Paulo, 04038-002, Brazil|GSK Investigational Site, Penticton, British Columbia, V2A 5C8, Canada|GSK Investigational Site, Brampton, Ontario, L6S 0C9, Canada|GSK Investigational Site, Oakville, Ontario, L6M 1M1, Canada|GSK Investigational Site, Thornhill, Ontario, L4J 8L7, Canada|GSK Investigational Site, Toronto, Ontario, M4G 3E8, Canada|GSK Investigational Site, Saint-Laurent, Quebec, H4T 1Z9, Canada|GSK Investigational Site, Corbeil-Essonnes, 91106, France|GSK Investigational Site, Nantes, 44093, France|GSK Investigational Site, Valenciennes, 59322, France|GSK Investigational Site, Vandœuvre-lès-Nancy, 54501, France|GSK Investigational Site, Vénissieux, 69200, France|GSK Investigational Site, Bad Mergentheim, Baden-Wurttemberg, 97980, Germany|GSK Investigational Site, Heidelberg, Baden-Wurttemberg, 69115, Germany|GSK Investigational Site, Wangen, Baden-Wurttemberg, 88239, Germany|GSK Investigational Site, Aschaffenburg, Bavaria, 63739, Germany|GSK Investigational Site, Sulzbach-Rosenberg, Bavaria, 92237, Germany|GSK Investigational Site, Aßlar, Hesse, 35614, Germany|GSK Investigational Site, Schwerin, Mecklenburg-Vorpommern, 19059, Germany|GSK Investigational Site, Essen, North Rhine-Westphalia, 45355, Germany|GSK Investigational Site, Ludwigshafen am Rhein, Rhineland-Palatinate, 67059, Germany|GSK Investigational Site, Rhaunen, Rhineland-Palatinate, 55624, Germany|GSK Investigational Site, Saarlouis, Saarland, 66740, Germany|GSK Investigational Site, Sankt Ingbert, Saarland, 66386, Germany|GSK Investigational Site, Dresden, Saxony, 01307, Germany|GSK Investigational Site, Pirna, Saxony, 01796, Germany|GSK Investigational Site, Berlin, 10115, Germany|GSK Investigational Site, Baja, 6500, Hungary|GSK Investigational Site, Balatonfüred, 8230, Hungary|GSK Investigational Site, Budaörs, 2040, Hungary|GSK Investigational Site, Budapest, 1036, Hungary|GSK Investigational Site, Budapest, 1158, Hungary|GSK Investigational Site, Debrecen, 4031, Hungary|GSK Investigational Site, Pécs, 7643, Hungary|GSK Investigational Site, Zalaegerszeg, 8900, Hungary|GSK Investigational Site, Naples, Campania, 80131, Italy|GSK Investigational Site, Bologna, Emilia-Romagna, 40138, Italy|GSK Investigational Site, Rome, Lazio, 00128, Italy|GSK Investigational Site, Milan, Lombardy, 20122, Italy|GSK Investigational Site, Milan, Lombardy, 20132, Italy|GSK Investigational Site, Pavia, Lombardy, 27100, Italy|GSK Investigational Site, Pachuca, Hidalgo, 42084, Mexico|GSK Investigational Site, Guadalajara, Jalisco, 44570, Mexico|GSK Investigational Site, Guadalajara, Jalisco, 44657, Mexico|GSK Investigational Site, Guadalajara, Jalisco, 44670, Mexico|GSK Investigational Site, Monterrey, Nuevo León, 64020, Mexico|GSK Investigational Site, Monterrey, Nuevo León, 64460, Mexico|GSK Investigational Site, Monterrey NL, Nuevo León, 64718, Mexico|GSK Investigational Site, Mérida, Yucatán, 97070, Mexico|GSK Investigational Site, Aguascalientes, 20129, Mexico|GSK Investigational Site, Aguascalientes, 20230, Mexico|GSK Investigational Site, Chihuahua City, 31217, Mexico|GSK Investigational Site, Durango, 34000, Mexico|GSK Investigational Site, Durango, 34080, Mexico|GSK Investigational Site, Guadalajara, 44600, Mexico|GSK Investigational Site, Mexico City, 03300, Mexico|GSK Investigational Site, México, 07760, Mexico|GSK Investigational Site, México, 14000, Mexico|GSK Investigational Site, Veracruz, 91020, Mexico|GSK Investigational Site, Davao City, 8000, Philippines|GSK Investigational Site, Manila, 1000, Philippines|GSK Investigational Site, Marikina City, 1810, Philippines|GSK Investigational Site, Quezon City, 2000, Philippines|GSK Investigational Site, Bialystok, 15-435, Poland|GSK Investigational Site, Kamieniec Ząbkowicki, 57-230, Poland|GSK Investigational Site, Lodz, 90-132, Poland|GSK Investigational Site, Oświęcim, 32-600, Poland|GSK Investigational Site, Puławy, 24-100, Poland|GSK Investigational Site, Radom, 26-610, Poland|GSK Investigational Site, Ruda Śląska, 41-709, Poland|GSK Investigational Site, Zamość, 22-400, Poland|GSK Investigational Site, Bloemfontein, Free State, 9301, South Africa|GSK Investigational Site, Johannesburg, Gauteng, 1685, South Africa|GSK Investigational Site, Johannesburg, Gauteng, 2013, South Africa|GSK Investigational Site, Durban, KwaZulu-Natal, 4067, South Africa|GSK Investigational Site, Johannesburg, 2193, South Africa|GSK Investigational Site, Krugersdorp, 1724, South Africa|GSK Investigational Site, Worcester, 6850, South Africa|GSK Investigational Site, Gyeonggido, 420-717, South Korea|GSK Investigational Site, Seoul, 135-710, South Korea|GSK Investigational Site, A Coruña, 15006, Spain|GSK Investigational Site, Alcalá de Henares, 28805, Spain|GSK Investigational Site, Alzira/Valencia, 46600, Spain|GSK Investigational Site, Badalona, 08916, Spain|GSK Investigational Site, Barakaldo (Vizcaya), 48903, Spain|GSK Investigational Site, Barcelona, 08036, Spain|GSK Investigational Site, Barcelona, 8041, Spain|GSK Investigational Site, Ferrol. La Coruña, 15405, Spain|GSK Investigational Site, Granada, 18012, Spain|GSK Investigational Site, Granada, 18014, Spain|GSK Investigational Site, León, 24071, Spain|GSK Investigational Site, Lleida, 25198, Spain|GSK Investigational Site, Madrid, 28006, Spain|GSK Investigational Site, Madrid, 28046, Spain|GSK Investigational Site, Majadahonda, 28220, Spain|GSK Investigational Site, Málaga, 29010, Spain|GSK Investigational Site, Mérida, 6800, Spain|GSK Investigational Site, Palma de Mallorca, 07120, Spain|GSK Investigational Site, Palma de Mallorca, 07198, Spain|GSK Investigational Site, Pozuelo de Alarcón/Madrid, 28223, Spain|GSK Investigational Site, Santiago de Compostela, 15706, Spain|GSK Investigational Site, Valencia, 46014, Spain|GSK Investigational Site, Valencia, 46026, Spain|GSK Investigational Site, Welwyn Garden City, Hertfordshire, AL7 4HQ, United Kingdom|GSK Investigational Site, Bath, Somerset, BA1 3NG, United Kingdom|GSK Investigational Site, Hull, HU3 2JZ, United Kingdom|GSK Investigational Site, Lancashire, BL9 7TD, United Kingdom|GSK Investigational Site, Sidcup, DA14 6LT, United Kingdom",True,False,2014.0,2017.0,True,False
NCT05863611,The Impact of Frailty in Type 2 Diabetes,UNKNOWN,Type 2 Diabetes Mellitus,Kırıkkale University,ALL,OLDER_ADULT,,50.0,OTHER,OBSERVATIONAL,2023-05-20,2023-06-10,"Gulsah Turanoglu, Kirikkale, Merkez, 71000, Turkey (Türkiye)",True,False,2023.0,2023.0,True,False
NCT01792635,A 6-Week Study Of PF-05175157 In Type 2 Diabetes Mellitus,TERMINATED,"Diabetes Mellitus, Type 2",Pfizer,ALL,"ADULT, OLDER_ADULT",PHASE2,19.0,INDUSTRY,INTERVENTIONAL,2012-12,2014-05,"Profil Institute for Clinical Research, Inc., Chula Vista, California, 91911, United States",True,False,2012.0,2014.0,True,False
NCT06144788,Evaluation of Efficacy and Safety When Administered JP-2266 in Type 2 Diabetes Patients,COMPLETED,Type 2 Diabetes Mellitus,"Jeil Pharmaceutical Co., Ltd.",ALL,"ADULT, OLDER_ADULT",PHASE2,161.0,INDUSTRY,INTERVENTIONAL,2023-11-03,2024-12-23,"Severance Hospital, Seoul, Seodaemun-gu, 03722, South Korea",True,False,2023.0,2024.0,True,False
NCT06936670,Effects of High-Resistance Inspiratory Muscle Strength Training on Cardiorenal and Vascular Function in Youth and Young Adults With Type 2 Diabetes,RECRUITING,Diabetes Mellitus Type 2,Seattle Children's Hospital,ALL,"CHILD, ADULT",,90.0,OTHER,INTERVENTIONAL,2025-04-30,2026-02-28,"Seattle Children's Hospital, Seattle, Washington, 98102, United States|University of Washington Medicine Diabetes Institute, Seattle, Washington, 98109, United States",False,True,2025.0,2026.0,True,False
NCT07336329,Continuous Glucose Monitoring in Non-Insulin Treated Type 2 Diabetes: Continuous vs. Periodic Use,RECRUITING,"Diabetes Mellitus, Type 2",Kangbuk Samsung Hospital,ALL,"ADULT, OLDER_ADULT",,150.0,OTHER,INTERVENTIONAL,2026-01-02,2027-06-30,"Kangbuk Samsung Hospital, Seoul, South Korea, 03181, South Korea",True,False,2026.0,2027.0,True,False
NCT07053319,"SGLT2i, Pioglitazone, and Ketone Production in T2D",RECRUITING,Type 2 Diabetes,The University of Texas Health Science Center at San Antonio,ALL,"ADULT, OLDER_ADULT",PHASE1,64.0,OTHER,INTERVENTIONAL,2026-05-11,2027-06-30,"Texas Diabetes Institute/UH, San Antonio, Texas, 78229-3900, United States",True,False,2026.0,2027.0,True,False
NCT05749029,"An Online, Compassion Intervention for Adults with Type 1 and Type 2 Diabetes Mellitus (T1DM; T2DM).",COMPLETED,Type 1 Diabetes|Type 2 Diabetes,Canterbury Christ Church University,ALL,"ADULT, OLDER_ADULT",,157.0,OTHER,INTERVENTIONAL,2023-05-01,2023-12-12,"Salomons Institute for Applied Psychology, Canterbury Christ Church University, 1 Meadow Road, Royal Tunbridge Wells, Tunbridge Wells, TN1 2YG, United Kingdom",True,False,2023.0,2023.0,True,False
NCT01669473,"A Primary Care, EHR- Based Strategy to Promote Safe and Appropriate Drug Use",COMPLETED,Diabetes Mellitus Type I|Diabetes Mellitus Type II,Northwestern University,ALL,"ADULT, OLDER_ADULT",,541.0,OTHER,INTERVENTIONAL,2013-06,2016-09,"Northwestern University, Chicago, Illinois, 60611, United States|University of Illinois at Chicago, Chicago, Illinois, 60654, United States",True,False,2013.0,2016.0,True,False
NCT05580536,Project Dulce for Arab Americans With Type 2 Diabetes,RECRUITING,"Diabetes Mellitus, Type 2",Scripps Whittier Diabetes Institute,ALL,"ADULT, OLDER_ADULT",,48.0,OTHER,INTERVENTIONAL,2023-02-17,2026-12-31,"San Ysidro Health, El Cajon, California, 92020, United States|Metro Caring, Denver, Colorado, 80218, United States",True,False,2023.0,2026.0,True,False
NCT01435616,A Study in Patients With Type 2 Diabetes Mellitus,COMPLETED,"Diabetes Mellitus, Type 2",Eli Lilly and Company,ALL,"ADULT, OLDER_ADULT",PHASE3,1538.0,INDUSTRY,INTERVENTIONAL,2011-11,2014-01,"For additional information regarding investigative sites for this trial, contact 1-877-CTLILLY (1-877-285-4559, 1-317-615-4559) Mon - Fri from 9 AM to 5 PM Eastern Time (UTC/GMT - 5 hours, EST), or speak with your personal physician., Anniston, Alabama, 36207, United States|For additional information regarding investigative sites for this trial, contact 1-877-CTLILLY (1-877-285-4559, 1-317-615-4559) Mon - Fri from 9 AM to 5 PM Eastern Time (UTC/GMT - 5 hours, EST), or speak with your personal physician., Mobile, Alabama, 36608, United States|For additional information regarding investigative sites for this trial, contact 1-877-CTLILLY (1-877-285-4559, 1-317-615-4559) Mon - Fri from 9 AM to 5 PM Eastern Time (UTC/GMT - 5 hours, EST), or speak with your personal physician., Chandler, Arizona, 85224, United States|For additional information regarding investigative sites for this trial, contact 1-877-CTLILLY (1-877-285-4559, 1-317-615-4559) Mon - Fri from 9 AM to 5 PM Eastern Time (UTC/GMT - 5 hours, EST), or speak with your personal physician., Mesa, Arizona, 85206, United States|For additional information regarding investigative sites for this trial, contact 1-877-CTLILLY (1-877-285-4559, 1-317-615-4559) Mon - Fri from 9 AM to 5 PM Eastern Time (UTC/GMT - 5 hours, EST), or speak with your personal physician., Tempe, Arizona, 85283, United States|For additional information regarding investigative sites for this trial, contact 1-877-CTLILLY (1-877-285-4559, 1-317-615-4559) Mon - Fri from 9 AM to 5 PM Eastern Time (UTC/GMT - 5 hours, EST), or speak with your personal physician., Tucson, Arizona, 85704, United States|For additional information regarding investigative sites for this trial, contact 1-877-CTLILLY (1-877-285-4559, 1-317-615-4559) Mon - Fri from 9 AM to 5 PM Eastern Time (UTC/GMT - 5 hours, EST), or speak with your personal physician., Concord, California, 94520, United States|For additional information regarding investigative sites for this trial, contact 1-877-CTLILLY (1-877-285-4559, 1-317-615-4559) Mon - Fri from 9 AM to 5 PM Eastern Time (UTC/GMT - 5 hours, EST), or speak with your personal physician., Escondido, California, 92026, United States|For additional information regarding investigative sites for this trial, contact 1-877-CTLILLY (1-877-285-4559, 1-317-615-4559) Mon - Fri from 9 AM to 5 PM Eastern Time (UTC/GMT - 5 hours, EST), or speak with your personal physician., Fresno, California, 93720, United States|For additional information regarding investigative sites for this trial, contact 1-877-CTLILLY (1-877-285-4559, 1-317-615-4559) Mon - Fri from 9 AM to 5 PM Eastern Time (UTC/GMT - 5 hours, EST), or speak with your personal physician., Greenbrae, California, 94904, United States|For additional information regarding investigative sites for this trial, contact 1-877-CTLILLY (1-877-285-4559, 1-317-615-4559) Mon - Fri from 9 AM to 5 PM Eastern Time (UTC/GMT - 5 hours, EST), or speak with your personal physician., Huntington Beach, California, 92648, United States|For additional information regarding investigative sites for this trial, contact 1-877-CTLILLY (1-877-285-4559, 1-317-615-4559) Mon - Fri from 9 AM to 5 PM Eastern Time (UTC/GMT - 5 hours, EST), or speak with your personal physician., Lancaster, California, 93534, United States|For additional information regarding investigative sites for this trial, contact 1-877-CTLILLY (1-877-285-4559, 1-317-615-4559) Mon - Fri from 9 AM to 5 PM Eastern Time (UTC/GMT - 5 hours, EST), or speak with your personal physician., Los Angeles, California, 90057, United States|For additional information regarding investigative sites for this trial, contact 1-877-CTLILLY (1-877-285-4559, 1-317-615-4559) Mon - Fri from 9 AM to 5 PM Eastern Time (UTC/GMT - 5 hours, EST), or speak with your personal physician., Mission Viejo, California, 92691, United States|For additional information regarding investigative sites for this trial, contact 1-877-CTLILLY (1-877-285-4559, 1-317-615-4559) Mon - Fri from 9 AM to 5 PM Eastern Time (UTC/GMT - 5 hours, EST), or speak with your personal physician., Northridge, California, 91324, United States|For additional information regarding investigative sites for this trial, contact 1-877-CTLILLY (1-877-285-4559, 1-317-615-4559) Mon - Fri from 9 AM to 5 PM Eastern Time (UTC/GMT - 5 hours, EST), or speak with your personal physician., Palm Springs, California, 92262, United States|For additional information regarding investigative sites for this trial, contact 1-877-CTLILLY (1-877-285-4559, 1-317-615-4559) Mon - Fri from 9 AM to 5 PM Eastern Time (UTC/GMT - 5 hours, EST), or speak with your personal physician., San Mateo, California, 94401, United States|For additional information regarding investigative sites for this trial, contact 1-877-CTLILLY (1-877-285-4559, 1-317-615-4559) Mon - Fri from 9 AM to 5 PM Eastern Time (UTC/GMT - 5 hours, EST), or speak with your personal physician., Tustin, California, 92780, United States|For additional information regarding investigative sites for this trial, contact 1-877-CTLILLY (1-877-285-4559, 1-317-615-4559) Mon - Fri from 9 AM to 5 PM Eastern Time (UTC/GMT - 5 hours, EST), or speak with your personal physician., Denver, Colorado, 80246, United States|For additional information regarding investigative sites for this trial, contact 1-877-CTLILLY (1-877-285-4559, 1-317-615-4559) Mon - Fri from 9 AM to 5 PM Eastern Time (UTC/GMT - 5 hours, EST), or speak with your personal physician., Daytona Beach, Florida, 32117, United States|For additional information regarding investigative sites for this trial, contact 1-877-CTLILLY (1-877-285-4559, 1-317-615-4559) Mon - Fri from 9 AM to 5 PM Eastern Time (UTC/GMT - 5 hours, EST), or speak with your personal physician., Jacksonville, Florida, 32258, United States|For additional information regarding investigative sites for this trial, contact 1-877-CTLILLY (1-877-285-4559, 1-317-615-4559) Mon - Fri from 9 AM to 5 PM Eastern Time (UTC/GMT - 5 hours, EST), or speak with your personal physician., Tampa, Florida, 33619, United States|For additional information regarding investigative sites for this trial, contact 1-877-CTLILLY (1-877-285-4559, 1-317-615-4559) Mon - Fri from 9 AM to 5 PM Eastern Time (UTC/GMT - 5 hours, EST), or speak with your personal physician., Winter Haven, Florida, 33880, United States|For additional information regarding investigative sites for this trial, contact 1-877-CTLILLY (1-877-285-4559, 1-317-615-4559) Mon - Fri from 9 AM to 5 PM Eastern Time (UTC/GMT - 5 hours, EST), or speak with your personal physician., Athens, Georgia, 30606, United States|For additional information regarding investigative sites for this trial, contact 1-877-CTLILLY (1-877-285-4559, 1-317-615-4559) Mon - Fri from 9 AM to 5 PM Eastern Time (UTC/GMT - 5 hours, EST), or speak with your personal physician., Atlanta, Georgia, 30338, United States|For additional information regarding investigative sites for this trial, contact 1-877-CTLILLY (1-877-285-4559, 1-317-615-4559) Mon - Fri from 9 AM to 5 PM Eastern Time (UTC/GMT - 5 hours, EST), or speak with your personal physician., Decatur, Georgia, 30033, United States|For additional information regarding investigative sites for this trial, contact 1-877-CTLILLY (1-877-285-4559, 1-317-615-4559) Mon - Fri from 9 AM to 5 PM Eastern Time (UTC/GMT - 5 hours, EST), or speak with your personal physician., Honolulu, Hawaii, 96814, United States|For additional information regarding investigative sites for this trial, contact 1-877-CTLILLY (1-877-285-4559, 1-317-615-4559) Mon - Fri from 9 AM to 5 PM Eastern Time (UTC/GMT - 5 hours, EST), or speak with your personal physician., Idaho Falls, Idaho, 83404, United States|For additional information regarding investigative sites for this trial, contact 1-877-CTLILLY (1-877-285-4559, 1-317-615-4559) Mon - Fri from 9 AM to 5 PM Eastern Time (UTC/GMT - 5 hours, EST), or speak with your personal physician., Meridian, Idaho, 83646, United States|For additional information regarding investigative sites for this trial, contact 1-877-CTLILLY (1-877-285-4559, 1-317-615-4559) Mon - Fri from 9 AM to 5 PM Eastern Time (UTC/GMT - 5 hours, EST), or speak with your personal physician., Chicago, Illinois, 60607, United States|For additional information regarding investigative sites for this trial, contact 1-877-CTLILLY (1-877-285-4559, 1-317-615-4559) Mon - Fri from 9 AM to 5 PM Eastern Time (UTC/GMT - 5 hours, EST), or speak with your personal physician., Springfield, Illinois, 62704, United States|For additional information regarding investigative sites for this trial, contact 1-877-CTLILLY (1-877-285-4559, 1-317-615-4559) Mon - Fri from 9 AM to 5 PM Eastern Time (UTC/GMT - 5 hours, EST), or speak with your personal physician., West Des Moines, Iowa, 50266, United States|For additional information regarding investigative sites for this trial, contact 1-877-CTLILLY (1-877-285-4559, 1-317-615-4559) Mon - Fri from 9 AM to 5 PM Eastern Time (UTC/GMT - 5 hours, EST), or speak with your personal physician., Topeka, Kansas, 66606, United States|For additional information regarding investigative sites for this trial, contact 1-877-CTLILLY (1-877-285-4559, 1-317-615-4559) Mon - Fri from 9 AM to 5 PM Eastern Time (UTC/GMT - 5 hours, EST), or speak with your personal physician., Shreveport, Louisiana, 71103, United States|For additional information regarding investigative sites for this trial, contact 1-877-CTLILLY (1-877-285-4559, 1-317-615-4559) Mon - Fri from 9 AM to 5 PM Eastern Time (UTC/GMT - 5 hours, EST), or speak with your personal physician., Bangor, Maine, 04401, United States|For additional information regarding investigative sites for this trial, contact 1-877-CTLILLY (1-877-285-4559, 1-317-615-4559) Mon - Fri from 9 AM to 5 PM Eastern Time (UTC/GMT - 5 hours, EST), or speak with your personal physician., Haverhill, Massachusetts, 01830, United States|For additional information regarding investigative sites for this trial, contact 1-877-CTLILLY (1-877-285-4559, 1-317-615-4559) Mon - Fri from 9 AM to 5 PM Eastern Time (UTC/GMT - 5 hours, EST), or speak with your personal physician., St Louis, Missouri, 63141, United States|For additional information regarding investigative sites for this trial, contact 1-877-CTLILLY (1-877-285-4559, 1-317-615-4559) Mon - Fri from 9 AM to 5 PM Eastern Time (UTC/GMT - 5 hours, EST), or speak with your personal physician., Billings, Montana, 59102, United States|For additional information regarding investigative sites for this trial, contact 1-877-CTLILLY (1-877-285-4559, 1-317-615-4559) Mon - Fri from 9 AM to 5 PM Eastern Time (UTC/GMT - 5 hours, EST), or speak with your personal physician., Nashua, New Hampshire, 03063, United States|For additional information regarding investigative sites for this trial, contact 1-877-CTLILLY (1-877-285-4559, 1-317-615-4559) Mon - Fri from 9 AM to 5 PM Eastern Time (UTC/GMT - 5 hours, EST), or speak with your personal physician., Toms River, New Jersey, 08753, United States|For additional information regarding investigative sites for this trial, contact 1-877-CTLILLY (1-877-285-4559, 1-317-615-4559) Mon - Fri from 9 AM to 5 PM Eastern Time (UTC/GMT - 5 hours, EST), or speak with your personal physician., Cincinnati, Ohio, 45236, United States|For additional information regarding investigative sites for this trial, contact 1-877-CTLILLY (1-877-285-4559, 1-317-615-4559) Mon - Fri from 9 AM to 5 PM Eastern Time (UTC/GMT - 5 hours, EST), or speak with your personal physician., Gallipolis, Ohio, 45631, United States|For additional information regarding investigative sites for this trial, contact 1-877-CTLILLY (1-877-285-4559, 1-317-615-4559) Mon - Fri from 9 AM to 5 PM Eastern Time (UTC/GMT - 5 hours, EST), or speak with your personal physician., Perrysburg, Ohio, 43551, United States|For additional information regarding investigative sites for this trial, contact 1-877-CTLILLY (1-877-285-4559, 1-317-615-4559) Mon - Fri from 9 AM to 5 PM Eastern Time (UTC/GMT - 5 hours, EST), or speak with your personal physician., Corvallis, Oregon, 97330, United States|For additional information regarding investigative sites for this trial, contact 1-877-CTLILLY (1-877-285-4559, 1-317-615-4559) Mon - Fri from 9 AM to 5 PM Eastern Time (UTC/GMT - 5 hours, EST), or speak with your personal physician., Springfield, Oregon, 97477, United States|For additional information regarding investigative sites for this trial, contact 1-877-CTLILLY (1-877-285-4559, 1-317-615-4559) Mon - Fri from 9 AM to 5 PM Eastern Time (UTC/GMT - 5 hours, EST), or speak with your personal physician., Beaver, Pennsylvania, 15009, United States|For additional information regarding investigative sites for this trial, contact 1-877-CTLILLY (1-877-285-4559, 1-317-615-4559) Mon - Fri from 9 AM to 5 PM Eastern Time (UTC/GMT - 5 hours, EST), or speak with your personal physician., Downingtown, Pennsylvania, 19335, United States|For additional information regarding investigative sites for this trial, contact 1-877-CTLILLY (1-877-285-4559, 1-317-615-4559) Mon - Fri from 9 AM to 5 PM Eastern Time (UTC/GMT - 5 hours, EST), or speak with your personal physician., Lansdale, Pennsylvania, 19446, United States|For additional information regarding investigative sites for this trial, contact 1-877-CTLILLY (1-877-285-4559, 1-317-615-4559) Mon - Fri from 9 AM to 5 PM Eastern Time (UTC/GMT - 5 hours, EST), or speak with your personal physician., Levittown, Pennsylvania, 19056, United States|For additional information regarding investigative sites for this trial, contact 1-877-CTLILLY (1-877-285-4559, 1-317-615-4559) Mon - Fri from 9 AM to 5 PM Eastern Time (UTC/GMT - 5 hours, EST), or speak with your personal physician., Philadelphia, Pennsylvania, 19107, United States|For additional information regarding investigative sites for this trial, contact 1-877-CTLILLY (1-877-285-4559, 1-317-615-4559) Mon - Fri from 9 AM to 5 PM Eastern Time (UTC/GMT - 5 hours, EST), or speak with your personal physician., Pottstown, Pennsylvania, 19464, United States|For additional information regarding investigative sites for this trial, contact 1-877-CTLILLY (1-877-285-4559, 1-317-615-4559) Mon - Fri from 9 AM to 5 PM Eastern Time (UTC/GMT - 5 hours, EST), or speak with your personal physician., Greer, South Carolina, 29651, United States|For additional information regarding investigative sites for this trial, contact 1-877-CTLILLY (1-877-285-4559, 1-317-615-4559) Mon - Fri from 9 AM to 5 PM Eastern Time (UTC/GMT - 5 hours, EST), or speak with your personal physician., Myrtle Beach, South Carolina, 29572, United States|For additional information regarding investigative sites for this trial, contact 1-877-CTLILLY (1-877-285-4559, 1-317-615-4559) Mon - Fri from 9 AM to 5 PM Eastern Time (UTC/GMT - 5 hours, EST), or speak with your personal physician., Bristol, Tennessee, 37620, United States|For additional information regarding investigative sites for this trial, contact 1-877-CTLILLY (1-877-285-4559, 1-317-615-4559) Mon - Fri from 9 AM to 5 PM Eastern Time (UTC/GMT - 5 hours, EST), or speak with your personal physician., Knoxville, Tennessee, 37912, United States|For additional information regarding investigative sites for this trial, contact 1-877-CTLILLY (1-877-285-4559, 1-317-615-4559) Mon - Fri from 9 AM to 5 PM Eastern Time (UTC/GMT - 5 hours, EST), or speak with your personal physician., Memphis, Tennessee, 38119, United States|For additional information regarding investigative sites for this trial, contact 1-877-CTLILLY (1-877-285-4559, 1-317-615-4559) Mon - Fri from 9 AM to 5 PM Eastern Time (UTC/GMT - 5 hours, EST), or speak with your personal physician., Spring Hill, Tennessee, 37174, United States|For additional information regarding investigative sites for this trial, contact 1-877-CTLILLY (1-877-285-4559, 1-317-615-4559) Mon - Fri from 9 AM to 5 PM Eastern Time (UTC/GMT - 5 hours, EST), or speak with your personal physician., Austin, Texas, 78758, United States|For additional information regarding investigative sites for this trial, contact 1-877-CTLILLY (1-877-285-4559, 1-317-615-4559) Mon - Fri from 9 AM to 5 PM Eastern Time (UTC/GMT - 5 hours, EST), or speak with your personal physician., Marshall, Texas, 75670, United States|For additional information regarding investigative sites for this trial, contact 1-877-CTLILLY (1-877-285-4559, 1-317-615-4559) Mon - Fri from 9 AM to 5 PM Eastern Time (UTC/GMT - 5 hours, EST), or speak with your personal physician., Sugar Land, Texas, 77478, United States|For additional information regarding investigative sites for this trial, contact 1-877-CTLILLY (1-877-285-4559, 1-317-615-4559) Mon - Fri from 9 AM to 5 PM Eastern Time (UTC/GMT - 5 hours, EST), or speak with your personal physician., Bountiful, Utah, 84010, United States|For additional information regarding investigative sites for this trial, contact 1-877-CTLILLY (1-877-285-4559, 1-317-615-4559) Mon - Fri from 9 AM to 5 PM Eastern Time (UTC/GMT - 5 hours, EST), or speak with your personal physician., Clinton, Utah, 84015, United States|For additional information regarding investigative sites for this trial, contact 1-877-CTLILLY (1-877-285-4559, 1-317-615-4559) Mon - Fri from 9 AM to 5 PM Eastern Time (UTC/GMT - 5 hours, EST), or speak with your personal physician., Ogden, Utah, 84403, United States|For additional information regarding investigative sites for this trial, contact 1-877-CTLILLY (1-877-285-4559, 1-317-615-4559) Mon - Fri from 9 AM to 5 PM Eastern Time (UTC/GMT - 5 hours, EST), or speak with your personal physician., Olympia, Washington, 98502, United States|For additional information regarding investigative sites for this trial, contact 1-877-CTLILLY (1-877-285-4559, 1-317-615-4559) Mon - Fri from 9 AM to 5 PM Eastern Time (UTC/GMT - 5 hours, EST), or speak with your personal physician., Port Orchard, Washington, 98366, United States|For additional information regarding investigative sites for this trial, contact 1-877-CTLILLY (1-877-285-4559, 1-317-615-4559) Mon - Fri from 9 AM to 5 PM Eastern Time (UTC/GMT - 5 hours, EST), or speak with your personal physician., Spokane, Washington, 99220, United States|For additional information regarding investigative sites for this trial, contact 1-877-CTLILLY (1-877-285-4559, 1-317-615-4559) Mon - Fri from 9 AM to 5 PM Eastern Time (UTC/GMT - 5 hours, EST), or speak with your personal physician., Buenos Aires, C1188AAF, Argentina|For additional information regarding investigative sites for this trial, contact 1-877-CTLILLY (1-877-285-4559, 1-317-615-4559) Mon - Fri from 9 AM to 5 PM Eastern Time (UTC/GMT - 5 hours, EST), or speak with your personal physician., Caba, 2000, Argentina|For additional information regarding investigative sites for this trial, contact 1-877-CTLILLY (1-877-285-4559, 1-317-615-4559) Mon - Fri from 9 AM to 5 PM Eastern Time (UTC/GMT - 5 hours, EST), or speak with your personal physician., Córdoba, X5000BNB, Argentina|For additional information regarding investigative sites for this trial, contact 1-877-CTLILLY (1-877-285-4559, 1-317-615-4559) Mon - Fri from 9 AM to 5 PM Eastern Time (UTC/GMT - 5 hours, EST), or speak with your personal physician., Mar del Plata, B7600GNY, Argentina|For additional information regarding investigative sites for this trial, contact 1-877-CTLILLY (1-877-285-4559, 1-317-615-4559) Mon - Fri from 9 AM to 5 PM Eastern Time (UTC/GMT - 5 hours, EST), or speak with your personal physician., Merewether, New South Wales, 2291, Australia|For additional information regarding investigative sites for this trial, contact 1-877-CTLILLY (1-877-285-4559, 1-317-615-4559) Mon - Fri from 9 AM to 5 PM Eastern Time (UTC/GMT - 5 hours, EST), or speak with your personal physician., Keswick, South Australia, 5035, Australia|For additional information regarding investigative sites for this trial, contact 1-877-CTLILLY (1-877-285-4559, 1-317-615-4559) Mon - Fri from 9 AM to 5 PM Eastern Time (UTC/GMT - 5 hours, EST), or speak with your personal physician., Box Hill, Victoria, 3128, Australia|For additional information regarding investigative sites for this trial, contact 1-877-CTLILLY (1-877-285-4559, 1-317-615-4559) Mon - Fri from 9 AM to 5 PM Eastern Time (UTC/GMT - 5 hours, EST), or speak with your personal physician., Fremantle, Western Australia, 6160, Australia|For additional information regarding investigative sites for this trial, contact 1-877-CTLILLY (1-877-285-4559, 1-317-615-4559) Mon - Fri from 9 AM to 5 PM Eastern Time (UTC/GMT - 5 hours, EST), or speak with your personal physician., Marília, 17519-000, Brazil|For additional information regarding investigative sites for this trial, contact 1-877-CTLILLY (1-877-285-4559, 1-317-615-4559) Mon - Fri from 9 AM to 5 PM Eastern Time (UTC/GMT - 5 hours, EST), or speak with your personal physician., Rio de Janeiro, 22271-100, Brazil|For additional information regarding investigative sites for this trial, contact 1-877-CTLILLY (1-877-285-4559, 1-317-615-4559) Mon - Fri from 9 AM to 5 PM Eastern Time (UTC/GMT - 5 hours, EST), or speak with your personal physician., São Paulo, 04266-010, Brazil|For additional information regarding investigative sites for this trial, contact 1-877-CTLILLY (1-877-285-4559, 1-317-615-4559) Mon - Fri from 9 AM to 5 PM Eastern Time (UTC/GMT - 5 hours, EST), or speak with your personal physician., Setor Oeste/Goiania, 74100-120, Brazil|For additional information regarding investigative sites for this trial, contact 1-877-CTLILLY (1-877-285-4559, 1-317-615-4559) Mon - Fri from 9 AM to 5 PM Eastern Time (UTC/GMT - 5 hours, EST), or speak with your personal physician., Edmonton, Alberta, T5J 3N4, Canada|For additional information regarding investigative sites for this trial, contact 1-877-CTLILLY (1-877-285-4559, 1-317-615-4559) Mon - Fri from 9 AM to 5 PM Eastern Time (UTC/GMT - 5 hours, EST), or speak with your personal physician., Kelowna, British Columbia, V1Y 1Z9, Canada|For additional information regarding investigative sites for this trial, contact 1-877-CTLILLY (1-877-285-4559, 1-317-615-4559) Mon - Fri from 9 AM to 5 PM Eastern Time (UTC/GMT - 5 hours, EST), or speak with your personal physician., Victoria, British Columbia, V8V 3N7, Canada|For additional information regarding investigative sites for this trial, contact 1-877-CTLILLY (1-877-285-4559, 1-317-615-4559) Mon - Fri from 9 AM to 5 PM Eastern Time (UTC/GMT - 5 hours, EST), or speak with your personal physician., Winnipeg, Manitoba, R3P 3P4, Canada|For additional information regarding investigative sites for this trial, contact 1-877-CTLILLY (1-877-285-4559, 1-317-615-4559) Mon - Fri from 9 AM to 5 PM Eastern Time (UTC/GMT - 5 hours, EST), or speak with your personal physician., Etobicoke, Ontario, M9R 4E1, Canada|For additional information regarding investigative sites for this trial, contact 1-877-CTLILLY (1-877-285-4559, 1-317-615-4559) Mon - Fri from 9 AM to 5 PM Eastern Time (UTC/GMT - 5 hours, EST), or speak with your personal physician., Markham, Ontario, L6B 0P9, Canada|For additional information regarding investigative sites for this trial, contact 1-877-CTLILLY (1-877-285-4559, 1-317-615-4559) Mon - Fri from 9 AM to 5 PM Eastern Time (UTC/GMT - 5 hours, EST), or speak with your personal physician., Toronto, Ontario, M9W 4L6, Canada|For additional information regarding investigative sites for this trial, contact 1-877-CTLILLY (1-877-285-4559, 1-317-615-4559) Mon - Fri from 9 AM to 5 PM Eastern Time (UTC/GMT - 5 hours, EST), or speak with your personal physician., Laval, Quebec, H7T 2P5, Canada|For additional information regarding investigative sites for this trial, contact 1-877-CTLILLY (1-877-285-4559, 1-317-615-4559) Mon - Fri from 9 AM to 5 PM Eastern Time (UTC/GMT - 5 hours, EST), or speak with your personal physician., Pointe-Claire, Quebec, H9R 4S3, Canada|For additional information regarding investigative sites for this trial, contact 1-877-CTLILLY (1-877-285-4559, 1-317-615-4559) Mon - Fri from 9 AM to 5 PM Eastern Time (UTC/GMT - 5 hours, EST), or speak with your personal physician., Sherbrooke, Quebec, J1G 5K2, Canada|For additional information regarding investigative sites for this trial, contact 1-877-CTLILLY (1-877-285-4559, 1-317-615-4559) Mon - Fri from 9 AM to 5 PM Eastern Time (UTC/GMT - 5 hours, EST), or speak with your personal physician., Oulu, 90100, Finland|For additional information regarding investigative sites for this trial, contact 1-877-CTLILLY (1-877-285-4559, 1-317-615-4559) Mon - Fri from 9 AM to 5 PM Eastern Time (UTC/GMT - 5 hours, EST), or speak with your personal physician., Seinäjoki, 60220, Finland|For additional information regarding investigative sites for this trial, contact 1-877-CTLILLY (1-877-285-4559, 1-317-615-4559) Mon - Fri from 9 AM to 5 PM Eastern Time (UTC/GMT - 5 hours, EST), or speak with your personal physician., Dippoldiswalde, 01744, Germany|For additional information regarding investigative sites for this trial, contact 1-877-CTLILLY (1-877-285-4559, 1-317-615-4559) Mon - Fri from 9 AM to 5 PM Eastern Time (UTC/GMT - 5 hours, EST), or speak with your personal physician., Dresden, 01307, Germany|For additional information regarding investigative sites for this trial, contact 1-877-CTLILLY (1-877-285-4559, 1-317-615-4559) Mon - Fri from 9 AM to 5 PM Eastern Time (UTC/GMT - 5 hours, EST), or speak with your personal physician., Friedrichsthal, 66299, Germany|For additional information regarding investigative sites for this trial, contact 1-877-CTLILLY (1-877-285-4559, 1-317-615-4559) Mon - Fri from 9 AM to 5 PM Eastern Time (UTC/GMT - 5 hours, EST), or speak with your personal physician., Furth im Wald, 93437, Germany|For additional information regarding investigative sites for this trial, contact 1-877-CTLILLY (1-877-285-4559, 1-317-615-4559) Mon - Fri from 9 AM to 5 PM Eastern Time (UTC/GMT - 5 hours, EST), or speak with your personal physician., Goch, 47574, Germany|For additional information regarding investigative sites for this trial, contact 1-877-CTLILLY (1-877-285-4559, 1-317-615-4559) Mon - Fri from 9 AM to 5 PM Eastern Time (UTC/GMT - 5 hours, EST), or speak with your personal physician., Hamburg, D-22587, Germany|For additional information regarding investigative sites for this trial, contact 1-877-CTLILLY (1-877-285-4559, 1-317-615-4559) Mon - Fri from 9 AM to 5 PM Eastern Time (UTC/GMT - 5 hours, EST), or speak with your personal physician., Ludwigshafen, 67059, Germany|For additional information regarding investigative sites for this trial, contact 1-877-CTLILLY (1-877-285-4559, 1-317-615-4559) Mon - Fri from 9 AM to 5 PM Eastern Time (UTC/GMT - 5 hours, EST), or speak with your personal physician., Münster, 48143, Germany|For additional information regarding investigative sites for this trial, contact 1-877-CTLILLY (1-877-285-4559, 1-317-615-4559) Mon - Fri from 9 AM to 5 PM Eastern Time (UTC/GMT - 5 hours, EST), or speak with your personal physician., Saarbrücken, 66121, Germany|For additional information regarding investigative sites for this trial, contact 1-877-CTLILLY (1-877-285-4559, 1-317-615-4559) Mon - Fri from 9 AM to 5 PM Eastern Time (UTC/GMT - 5 hours, EST), or speak with your personal physician., Schweinfurt, 97421, Germany|For additional information regarding investigative sites for this trial, contact 1-877-CTLILLY (1-877-285-4559, 1-317-615-4559) Mon - Fri from 9 AM to 5 PM Eastern Time (UTC/GMT - 5 hours, EST), or speak with your personal physician., Sulzbach, 92237, Germany|For additional information regarding investigative sites for this trial, contact 1-877-CTLILLY (1-877-285-4559, 1-317-615-4559) Mon - Fri from 9 AM to 5 PM Eastern Time (UTC/GMT - 5 hours, EST), or speak with your personal physician., Ampelokipoi, 11527, Greece|For additional information regarding investigative sites for this trial, contact 1-877-CTLILLY (1-877-285-4559, 1-317-615-4559) Mon - Fri from 9 AM to 5 PM Eastern Time (UTC/GMT - 5 hours, EST), or speak with your personal physician., Athens, 11527, Greece|For additional information regarding investigative sites for this trial, contact 1-877-CTLILLY (1-877-285-4559, 1-317-615-4559) Mon - Fri from 9 AM to 5 PM Eastern Time (UTC/GMT - 5 hours, EST), or speak with your personal physician., Thessaloniki, 56429, Greece|For additional information regarding investigative sites for this trial, contact 1-877-CTLILLY (1-877-285-4559, 1-317-615-4559) Mon - Fri from 9 AM to 5 PM Eastern Time (UTC/GMT - 5 hours, EST), or speak with your personal physician., Budapest, H-1139, Hungary|For additional information regarding investigative sites for this trial, contact 1-877-CTLILLY (1-877-285-4559, 1-317-615-4559) Mon - Fri from 9 AM to 5 PM Eastern Time (UTC/GMT - 5 hours, EST), or speak with your personal physician., Debrecen, 4032, Hungary|For additional information regarding investigative sites for this trial, contact 1-877-CTLILLY (1-877-285-4559, 1-317-615-4559) Mon - Fri from 9 AM to 5 PM Eastern Time (UTC/GMT - 5 hours, EST), or speak with your personal physician., Makó, 6900, Hungary|For additional information regarding investigative sites for this trial, contact 1-877-CTLILLY (1-877-285-4559, 1-317-615-4559) Mon - Fri from 9 AM to 5 PM Eastern Time (UTC/GMT - 5 hours, EST), or speak with your personal physician., Salgótarján, 3100, Hungary|For additional information regarding investigative sites for this trial, contact 1-877-CTLILLY (1-877-285-4559, 1-317-615-4559) Mon - Fri from 9 AM to 5 PM Eastern Time (UTC/GMT - 5 hours, EST), or speak with your personal physician., Sopron, 9400, Hungary|For additional information regarding investigative sites for this trial, contact 1-877-CTLILLY (1-877-285-4559, 1-317-615-4559) Mon - Fri from 9 AM to 5 PM Eastern Time (UTC/GMT - 5 hours, EST), or speak with your personal physician., Beersheba, 84350, Israel|For additional information regarding investigative sites for this trial, contact 1-877-CTLILLY (1-877-285-4559, 1-317-615-4559) Mon - Fri from 9 AM to 5 PM Eastern Time (UTC/GMT - 5 hours, EST), or speak with your personal physician., Haifa, 35251, Israel|For additional information regarding investigative sites for this trial, contact 1-877-CTLILLY (1-877-285-4559, 1-317-615-4559) Mon - Fri from 9 AM to 5 PM Eastern Time (UTC/GMT - 5 hours, EST), or speak with your personal physician., Raanana, 43452, Israel|For additional information regarding investigative sites for this trial, contact 1-877-CTLILLY (1-877-285-4559, 1-317-615-4559) Mon - Fri from 9 AM to 5 PM Eastern Time (UTC/GMT - 5 hours, EST), or speak with your personal physician., Carpi, 41012, Italy|For additional information regarding investigative sites for this trial, contact 1-877-CTLILLY (1-877-285-4559, 1-317-615-4559) Mon - Fri from 9 AM to 5 PM Eastern Time (UTC/GMT - 5 hours, EST), or speak with your personal physician., Castellanza, 21053, Italy|For additional information regarding investigative sites for this trial, contact 1-877-CTLILLY (1-877-285-4559, 1-317-615-4559) Mon - Fri from 9 AM to 5 PM Eastern Time (UTC/GMT - 5 hours, EST), or speak with your personal physician., Foggia, 71100, Italy|For additional information regarding investigative sites for this trial, contact 1-877-CTLILLY (1-877-285-4559, 1-317-615-4559) Mon - Fri from 9 AM to 5 PM Eastern Time (UTC/GMT - 5 hours, EST), or speak with your personal physician., Forlì, 47100, Italy|For additional information regarding investigative sites for this trial, contact 1-877-CTLILLY (1-877-285-4559, 1-317-615-4559) Mon - Fri from 9 AM to 5 PM Eastern Time (UTC/GMT - 5 hours, EST), or speak with your personal physician., Rome, 00133, Italy|For additional information regarding investigative sites for this trial, contact 1-877-CTLILLY (1-877-285-4559, 1-317-615-4559) Mon - Fri from 9 AM to 5 PM Eastern Time (UTC/GMT - 5 hours, EST), or speak with your personal physician., Sesto San Giovanni, 20099, Italy|For additional information regarding investigative sites for this trial, contact 1-877-CTLILLY (1-877-285-4559, 1-317-615-4559) Mon - Fri from 9 AM to 5 PM Eastern Time (UTC/GMT - 5 hours, EST), or speak with your personal physician., Utena, 28151, Lithuania|For additional information regarding investigative sites for this trial, contact 1-877-CTLILLY (1-877-285-4559, 1-317-615-4559) Mon - Fri from 9 AM to 5 PM Eastern Time (UTC/GMT - 5 hours, EST), or speak with your personal physician., Vilnius, LT-08661, Lithuania|For additional information regarding investigative sites for this trial, contact 1-877-CTLILLY (1-877-285-4559, 1-317-615-4559) Mon - Fri from 9 AM to 5 PM Eastern Time (UTC/GMT - 5 hours, EST), or speak with your personal physician., Coatzacoalcos, 96400, Mexico|For additional information regarding investigative sites for this trial, contact 1-877-CTLILLY (1-877-285-4559, 1-317-615-4559) Mon - Fri from 9 AM to 5 PM Eastern Time (UTC/GMT - 5 hours, EST), or speak with your personal physician., Mexico City, 11550, Mexico|For additional information regarding investigative sites for this trial, contact 1-877-CTLILLY (1-877-285-4559, 1-317-615-4559) Mon - Fri from 9 AM to 5 PM Eastern Time (UTC/GMT - 5 hours, EST), or speak with your personal physician., Monterrey, 64620, Mexico|For additional information regarding investigative sites for this trial, contact 1-877-CTLILLY (1-877-285-4559, 1-317-615-4559) Mon - Fri from 9 AM to 5 PM Eastern Time (UTC/GMT - 5 hours, EST), or speak with your personal physician., Auckland, 1640, New Zealand|For additional information regarding investigative sites for this trial, contact 1-877-CTLILLY (1-877-285-4559, 1-317-615-4559) Mon - Fri from 9 AM to 5 PM Eastern Time (UTC/GMT - 5 hours, EST), or speak with your personal physician., Kamieniec Ząbkowicki, 57-230, Poland|For additional information regarding investigative sites for this trial, contact 1-877-CTLILLY (1-877-285-4559, 1-317-615-4559) Mon - Fri from 9 AM to 5 PM Eastern Time (UTC/GMT - 5 hours, EST), or speak with your personal physician., Katowice, 40-772, Poland|For additional information regarding investigative sites for this trial, contact 1-877-CTLILLY (1-877-285-4559, 1-317-615-4559) Mon - Fri from 9 AM to 5 PM Eastern Time (UTC/GMT - 5 hours, EST), or speak with your personal physician., Krakow, 31-455, Poland|For additional information regarding investigative sites for this trial, contact 1-877-CTLILLY (1-877-285-4559, 1-317-615-4559) Mon - Fri from 9 AM to 5 PM Eastern Time (UTC/GMT - 5 hours, EST), or speak with your personal physician., Lodz, 93-338, Poland|For additional information regarding investigative sites for this trial, contact 1-877-CTLILLY (1-877-285-4559, 1-317-615-4559) Mon - Fri from 9 AM to 5 PM Eastern Time (UTC/GMT - 5 hours, EST), or speak with your personal physician., Ruda Śląska, 41-709, Poland|For additional information regarding investigative sites for this trial, contact 1-877-CTLILLY (1-877-285-4559, 1-317-615-4559) Mon - Fri from 9 AM to 5 PM Eastern Time (UTC/GMT - 5 hours, EST), or speak with your personal physician., Szczecin, 70-506, Poland|For additional information regarding investigative sites for this trial, contact 1-877-CTLILLY (1-877-285-4559, 1-317-615-4559) Mon - Fri from 9 AM to 5 PM Eastern Time (UTC/GMT - 5 hours, EST), or speak with your personal physician., Tychy, 43-100, Poland|For additional information regarding investigative sites for this trial, contact 1-877-CTLILLY (1-877-285-4559, 1-317-615-4559) Mon - Fri from 9 AM to 5 PM Eastern Time (UTC/GMT - 5 hours, EST), or speak with your personal physician., Warsaw, 01-192, Poland|For additional information regarding investigative sites for this trial, contact 1-877-CTLILLY (1-877-285-4559, 1-317-615-4559) Mon - Fri from 9 AM to 5 PM Eastern Time (UTC/GMT - 5 hours, EST), or speak with your personal physician., Hato Rey, 00917, Puerto Rico|For additional information regarding investigative sites for this trial, contact 1-877-CTLILLY (1-877-285-4559, 1-317-615-4559) Mon - Fri from 9 AM to 5 PM Eastern Time (UTC/GMT - 5 hours, EST), or speak with your personal physician., Manati, 00674, Puerto Rico|For additional information regarding investigative sites for this trial, contact 1-877-CTLILLY (1-877-285-4559, 1-317-615-4559) Mon - Fri from 9 AM to 5 PM Eastern Time (UTC/GMT - 5 hours, EST), or speak with your personal physician., San Juan, 00917-3104, Puerto Rico|For additional information regarding investigative sites for this trial, contact 1-877-CTLILLY (1-877-285-4559, 1-317-615-4559) Mon - Fri from 9 AM to 5 PM Eastern Time (UTC/GMT - 5 hours, EST), or speak with your personal physician., Bucharest, 011234, Romania|For additional information regarding investigative sites for this trial, contact 1-877-CTLILLY (1-877-285-4559, 1-317-615-4559) Mon - Fri from 9 AM to 5 PM Eastern Time (UTC/GMT - 5 hours, EST), or speak with your personal physician., Cluj-Napoca, 400006, Romania|For additional information regarding investigative sites for this trial, contact 1-877-CTLILLY (1-877-285-4559, 1-317-615-4559) Mon - Fri from 9 AM to 5 PM Eastern Time (UTC/GMT - 5 hours, EST), or speak with your personal physician., Iași, 700547, Romania|For additional information regarding investigative sites for this trial, contact 1-877-CTLILLY (1-877-285-4559, 1-317-615-4559) Mon - Fri from 9 AM to 5 PM Eastern Time (UTC/GMT - 5 hours, EST), or speak with your personal physician., Oradea, 410169, Romania|For additional information regarding investigative sites for this trial, contact 1-877-CTLILLY (1-877-285-4559, 1-317-615-4559) Mon - Fri from 9 AM to 5 PM Eastern Time (UTC/GMT - 5 hours, EST), or speak with your personal physician., Ploieşti, 100342, Romania|For additional information regarding investigative sites for this trial, contact 1-877-CTLILLY (1-877-285-4559, 1-317-615-4559) Mon - Fri from 9 AM to 5 PM Eastern Time (UTC/GMT - 5 hours, EST), or speak with your personal physician., Reşiţa, 320076, Romania|For additional information regarding investigative sites for this trial, contact 1-877-CTLILLY (1-877-285-4559, 1-317-615-4559) Mon - Fri from 9 AM to 5 PM Eastern Time (UTC/GMT - 5 hours, EST), or speak with your personal physician., Târgu Mureş, 540098, Romania|For additional information regarding investigative sites for this trial, contact 1-877-CTLILLY (1-877-285-4559, 1-317-615-4559) Mon - Fri from 9 AM to 5 PM Eastern Time (UTC/GMT - 5 hours, EST), or speak with your personal physician., Cheboksary, 428000, Russia|For additional information regarding investigative sites for this trial, contact 1-877-CTLILLY (1-877-285-4559, 1-317-615-4559) Mon - Fri from 9 AM to 5 PM Eastern Time (UTC/GMT - 5 hours, EST), or speak with your personal physician., Kazan', 420012, Russia|For additional information regarding investigative sites for this trial, contact 1-877-CTLILLY (1-877-285-4559, 1-317-615-4559) Mon - Fri from 9 AM to 5 PM Eastern Time (UTC/GMT - 5 hours, EST), or speak with your personal physician., Kursk, 303035, Russia|For additional information regarding investigative sites for this trial, contact 1-877-CTLILLY (1-877-285-4559, 1-317-615-4559) Mon - Fri from 9 AM to 5 PM Eastern Time (UTC/GMT - 5 hours, EST), or speak with your personal physician., Novosibirsk, 630091, Russia|For additional information regarding investigative sites for this trial, contact 1-877-CTLILLY (1-877-285-4559, 1-317-615-4559) Mon - Fri from 9 AM to 5 PM Eastern Time (UTC/GMT - 5 hours, EST), or speak with your personal physician., Saint Petersburg, 193257, Russia|For additional information regarding investigative sites for this trial, contact 1-877-CTLILLY (1-877-285-4559, 1-317-615-4559) Mon - Fri from 9 AM to 5 PM Eastern Time (UTC/GMT - 5 hours, EST), or speak with your personal physician., Bratislava, 82102, Slovakia|For additional information regarding investigative sites for this trial, contact 1-877-CTLILLY (1-877-285-4559, 1-317-615-4559) Mon - Fri from 9 AM to 5 PM Eastern Time (UTC/GMT - 5 hours, EST), or speak with your personal physician., Šaľa, 92701, Slovakia|For additional information regarding investigative sites for this trial, contact 1-877-CTLILLY (1-877-285-4559, 1-317-615-4559) Mon - Fri from 9 AM to 5 PM Eastern Time (UTC/GMT - 5 hours, EST), or speak with your personal physician., Vranov nad Topľou, 09301, Slovakia|For additional information regarding investigative sites for this trial, contact 1-877-CTLILLY (1-877-285-4559, 1-317-615-4559) Mon - Fri from 9 AM to 5 PM Eastern Time (UTC/GMT - 5 hours, EST), or speak with your personal physician., Paarl, 7646, South Africa|For additional information regarding investigative sites for this trial, contact 1-877-CTLILLY (1-877-285-4559, 1-317-615-4559) Mon - Fri from 9 AM to 5 PM Eastern Time (UTC/GMT - 5 hours, EST), or speak with your personal physician., Parow, 7505, South Africa|For additional information regarding investigative sites for this trial, contact 1-877-CTLILLY (1-877-285-4559, 1-317-615-4559) Mon - Fri from 9 AM to 5 PM Eastern Time (UTC/GMT - 5 hours, EST), or speak with your personal physician., Somerset West, 7130, South Africa|For additional information regarding investigative sites for this trial, contact 1-877-CTLILLY (1-877-285-4559, 1-317-615-4559) Mon - Fri from 9 AM to 5 PM Eastern Time (UTC/GMT - 5 hours, EST), or speak with your personal physician., Alicante, 03114, Spain|For additional information regarding investigative sites for this trial, contact 1-877-CTLILLY (1-877-285-4559, 1-317-615-4559) Mon - Fri from 9 AM to 5 PM Eastern Time (UTC/GMT - 5 hours, EST), or speak with your personal physician., Córdoba, 14004, Spain|For additional information regarding investigative sites for this trial, contact 1-877-CTLILLY (1-877-285-4559, 1-317-615-4559) Mon - Fri from 9 AM to 5 PM Eastern Time (UTC/GMT - 5 hours, EST), or speak with your personal physician., Pozuelo de Alarcón, 28223, Spain|For additional information regarding investigative sites for this trial, contact 1-877-CTLILLY (1-877-285-4559, 1-317-615-4559) Mon - Fri from 9 AM to 5 PM Eastern Time (UTC/GMT - 5 hours, EST), or speak with your personal physician., Requena, 46340, Spain|For additional information regarding investigative sites for this trial, contact 1-877-CTLILLY (1-877-285-4559, 1-317-615-4559) Mon - Fri from 9 AM to 5 PM Eastern Time (UTC/GMT - 5 hours, EST), or speak with your personal physician., Seville, 41003, Spain|For additional information regarding investigative sites for this trial, contact 1-877-CTLILLY (1-877-285-4559, 1-317-615-4559) Mon - Fri from 9 AM to 5 PM Eastern Time (UTC/GMT - 5 hours, EST), or speak with your personal physician., Toledo, 45004, Spain|For additional information regarding investigative sites for this trial, contact 1-877-CTLILLY (1-877-285-4559, 1-317-615-4559) Mon - Fri from 9 AM to 5 PM Eastern Time (UTC/GMT - 5 hours, EST), or speak with your personal physician., Gaziantep, 27070, Turkey (Türkiye)|For additional information regarding investigative sites for this trial, contact 1-877-CTLILLY (1-877-285-4559, 1-317-615-4559) Mon - Fri from 9 AM to 5 PM Eastern Time (UTC/GMT - 5 hours, EST), or speak with your personal physician., Hatay, 31040, Turkey (Türkiye)|For additional information regarding investigative sites for this trial, contact 1-877-CTLILLY (1-877-285-4559, 1-317-615-4559) Mon - Fri from 9 AM to 5 PM Eastern Time (UTC/GMT - 5 hours, EST), or speak with your personal physician., Izmir, 35340, Turkey (Türkiye)|For additional information regarding investigative sites for this trial, contact 1-877-CTLILLY (1-877-285-4559, 1-317-615-4559) Mon - Fri from 9 AM to 5 PM Eastern Time (UTC/GMT - 5 hours, EST), or speak with your personal physician., Kayseri, 38039, Turkey (Türkiye)|For additional information regarding investigative sites for this trial, contact 1-877-CTLILLY (1-877-285-4559, 1-317-615-4559) Mon - Fri from 9 AM to 5 PM Eastern Time (UTC/GMT - 5 hours, EST), or speak with your personal physician., Mortimer, Berks, RG7 3SQ, United Kingdom|For additional information regarding investigative sites for this trial, contact 1-877-CTLILLY (1-877-285-4559, 1-317-615-4559) Mon - Fri from 9 AM to 5 PM Eastern Time (UTC/GMT - 5 hours, EST), or speak with your personal physician., Leicester, Leicestershire, LE5 4PW, United Kingdom|For additional information regarding investigative sites for this trial, contact 1-877-CTLILLY (1-877-285-4559, 1-317-615-4559) Mon - Fri from 9 AM to 5 PM Eastern Time (UTC/GMT - 5 hours, EST), or speak with your personal physician., Guildford, Surrey, GU2 7XX, United Kingdom|For additional information regarding investigative sites for this trial, contact 1-877-CTLILLY (1-877-285-4559, 1-317-615-4559) Mon - Fri from 9 AM to 5 PM Eastern Time (UTC/GMT - 5 hours, EST), or speak with your personal physician., Swansea, Wales, SA6 6NL, United Kingdom",True,False,2011.0,2014.0,True,False
NCT02152371,A Study of Dulaglutide (LY2189265) in Participants With Type II Diabetes,COMPLETED,"Diabetes Mellitus, Type 2",Eli Lilly and Company,ALL,"ADULT, OLDER_ADULT",PHASE3,300.0,INDUSTRY,INTERVENTIONAL,2014-05,2015-10,"Valley Endocrine, Fresno, Fresno, California, 93720, United States|Mills-Peninsula Diabetes Research Insitute, San Mateo, California, 94401, United States|University Clinical Investigators, Inc., Tustin, California, 92780, United States|Rocky Mountain Diabetes and Osteoporosis Center, Idaho Falls, Idaho, 83404, United States|Northwest Endo Diabetes Research, LLC, Arlington Heights, Illinois, 60005, United States|Cotton O'Neil Clinic, Topeka, Kansas, 66606, United States|Kentucky Diabetes Endocrinology Center, Lexington, Kentucky, 40503, United States|AB Clinical Trials, Las Vegas, Nevada, 89119, United States|SHS Clinical Research Group, Toms River, New Jersey, 08753, United States|Bland Clinic, PA, Greensboro, North Carolina, 27401, United States|PMG Research of Knoxville, Knoxville, Tennessee, 37912, United States|Rainier Clinical Research Center, Renton, Washington, 98057, United States|Polyclinic, Seattle, Washington, 98104, United States|For additional information regarding investigative sites for this trial, contact 1-877-CTLILLY (1-877-285-4559, 1-317-615-4559) Mon - Fri from 9 AM to 5 PM Eastern Time (UTC/GMT - 5 hours, EST), or speak with your personal physician., Beroun, 26601, Czechia|For additional information regarding investigative sites for this trial, contact 1-877-CTLILLY (1-877-285-4559, 1-317-615-4559) Mon - Fri from 9 AM to 5 PM Eastern Time (UTC/GMT - 5 hours, EST), or speak with your personal physician., Brandys Nad Labem-Stara Bolesl, 25001, Czechia|For additional information regarding investigative sites for this trial, contact 1-877-CTLILLY (1-877-285-4559, 1-317-615-4559) Mon - Fri from 9 AM to 5 PM Eastern Time (UTC/GMT - 5 hours, EST), or speak with your personal physician., České Budějovice, 370 01, Czechia|For additional information regarding investigative sites for this trial, contact 1-877-CTLILLY (1-877-285-4559, 1-317-615-4559) Mon - Fri from 9 AM to 5 PM Eastern Time (UTC/GMT - 5 hours, EST), or speak with your personal physician., Krnov, 79401, Czechia|For additional information regarding investigative sites for this trial, contact 1-877-CTLILLY (1-877-285-4559, 1-317-615-4559) Mon - Fri from 9 AM to 5 PM Eastern Time (UTC/GMT - 5 hours, EST), or speak with your personal physician., Prague, 149 00, Czechia|For additional information regarding investigative sites for this trial, contact 1-877-CTLILLY (1-877-285-4559, 1-317-615-4559) Mon - Fri from 9 AM to 5 PM Eastern Time (UTC/GMT - 5 hours, EST), or speak with your personal physician., Budapest, 1139, Hungary|For additional information regarding investigative sites for this trial, contact 1-877-CTLILLY (1-877-285-4559, 1-317-615-4559) Mon - Fri from 9 AM to 5 PM Eastern Time (UTC/GMT - 5 hours, EST), or speak with your personal physician., Debrecen, 4043, Hungary|For additional information regarding investigative sites for this trial, contact 1-877-CTLILLY (1-877-285-4559, 1-317-615-4559) Mon - Fri from 9 AM to 5 PM Eastern Time (UTC/GMT - 5 hours, EST), or speak with your personal physician., Nagykanizsa, 8800, Hungary|For additional information regarding investigative sites for this trial, contact 1-877-CTLILLY (1-877-285-4559, 1-317-615-4559) Mon - Fri from 9 AM to 5 PM Eastern Time (UTC/GMT - 5 hours, EST), or speak with your personal physician., Monza, 20900, Italy|For additional information regarding investigative sites for this trial, contact 1-877-CTLILLY (1-877-285-4559, 1-317-615-4559) Mon - Fri from 9 AM to 5 PM Eastern Time (UTC/GMT - 5 hours, EST), or speak with your personal physician., Olbia, 07026, Italy|For additional information regarding investigative sites for this trial, contact 1-877-CTLILLY (1-877-285-4559, 1-317-615-4559) Mon - Fri from 9 AM to 5 PM Eastern Time (UTC/GMT - 5 hours, EST), or speak with your personal physician., Pisa, 56126, Italy|For additional information regarding investigative sites for this trial, contact 1-877-CTLILLY (1-877-285-4559, 1-317-615-4559) Mon - Fri from 9 AM to 5 PM Eastern Time (UTC/GMT - 5 hours, EST), or speak with your personal physician., Rome, 00128, Italy|Centro de Endocrinologia y Nutricion del Turabo, Caguas, 00726, Puerto Rico|Manati Center for Clinical Research Inc, Manati, 00674, Puerto Rico|Ponce School of Medicine CAIMED Center, Ponce, 00716, Puerto Rico|Endocrine Lipid Diabetes Research Institute, Ponce, 00717-2075, Puerto Rico|GCM Medical Group PSC, San Juan, 00909, Puerto Rico|American Telemedicine Center, San Juan, 00917-3104, Puerto Rico|For additional information regarding investigative sites for this trial, contact 1-877-CTLILLY (1-877-285-4559, 1-317-615-4559) Mon - Fri from 9 AM to 5 PM Eastern Time (UTC/GMT - 5 hours, EST), or speak with your personal physician., Alzira, 46600, Spain|For additional information regarding investigative sites for this trial, contact 1-877-CTLILLY (1-877-285-4559, 1-317-615-4559) Mon - Fri from 9 AM to 5 PM Eastern Time (UTC/GMT - 5 hours, EST), or speak with your personal physician., Cadiz, 11540, Spain|For additional information regarding investigative sites for this trial, contact 1-877-CTLILLY (1-877-285-4559, 1-317-615-4559) Mon - Fri from 9 AM to 5 PM Eastern Time (UTC/GMT - 5 hours, EST), or speak with your personal physician., Madrid, 28223, Spain|For additional information regarding investigative sites for this trial, contact 1-877-CTLILLY (1-877-285-4559, 1-317-615-4559) Mon - Fri from 9 AM to 5 PM Eastern Time (UTC/GMT - 5 hours, EST), or speak with your personal physician., Seville, 41010, Spain|For additional information regarding investigative sites for this trial, contact 1-877-CTLILLY (1-877-285-4559, 1-317-615-4559) Mon - Fri from 9 AM to 5 PM Eastern Time (UTC/GMT - 5 hours, EST), or speak with your personal physician., Teruel, 44002, Spain|For additional information regarding investigative sites for this trial, contact 1-877-CTLILLY (1-877-285-4559, 1-317-615-4559) Mon - Fri from 9 AM to 5 PM Eastern Time (UTC/GMT - 5 hours, EST), or speak with your personal physician., Mortimer, Berks, RG7 3SQ, United Kingdom|For additional information regarding investigative sites for this trial, contact 1-877-CTLILLY (1-877-285-4559, 1-317-615-4559) Mon - Fri from 9 AM to 5 PM Eastern Time (UTC/GMT - 5 hours, EST), or speak with your personal physician., Leicester, Leicestershire, LE5 4PW, United Kingdom|For additional information regarding investigative sites for this trial, contact 1-877-CTLILLY (1-877-285-4559, 1-317-615-4559) Mon - Fri from 9 AM to 5 PM Eastern Time (UTC/GMT - 5 hours, EST), or speak with your personal physician., Guildford, Surrey, GU2 7XX, United Kingdom|For additional information regarding investigative sites for this trial, contact 1-877-CTLILLY (1-877-285-4559, 1-317-615-4559) Mon - Fri from 9 AM to 5 PM Eastern Time (UTC/GMT - 5 hours, EST), or speak with your personal physician., Swansea, Wales, SA6 6NL, United Kingdom",True,False,2014.0,2015.0,True,False
NCT00923962,Endothelial and Metabolic Effects of Glucagon-like Peptide-1 (GLP-1) in Coronary Circulation in Patients With Type 2 Diabetes Mellitus,COMPLETED,Type 2 Diabetes Mellitus,"University Hospital, Gentofte, Copenhagen",ALL,"ADULT, OLDER_ADULT",,35.0,OTHER,INTERVENTIONAL,2009-06,2012-01,"University Hospital Gentofte, Department of Cardiology, Gentofte Municipality, 2900, Denmark",True,False,2009.0,2012.0,True,False
NCT03387787,Evaluation of Glycaemic Control Using GlucoTab® With Insulin Degludec in Hospitalized Patients With Diabetes Mellitus Type 2,COMPLETED,Type 2 Diabetes Mellitus,"Insel Gruppe AG, University Hospital Bern",ALL,"ADULT, OLDER_ADULT",PHASE2|PHASE3,15.0,OTHER,INTERVENTIONAL,2018-01-30,2020-01-30,"Division of Endocrinology, Diabetes, Clinical Nutrition & Metabolism, University Hospital Berne, Switzerland, Bern, 3010, Switzerland",True,False,2018.0,2020.0,True,False
NCT04993482,24-hour Movement Behaviors Among Type 2 Diabetes Mellitus Patients,RECRUITING,"Diabetes Mellitus, Type 2","University Hospital, Ghent",ALL,"ADULT, OLDER_ADULT",,248.0,OTHER,OBSERVATIONAL,2021-08-29,2026-12-01,"Ghent University Hospital, Dept. of Endocrinology, Ghent, 9000, Belgium",True,False,2021.0,2026.0,True,False
NCT03231709,Treatment Preference for Weekly Dipeptidyl Peptidase-4 (DPP-4) Inhibitors Versus Daily DPP-4 Inhibitors in Participants With Type 2 Diabetes Mellitus,COMPLETED,Type 2 Diabetes Mellitus,Takeda,ALL,"ADULT, OLDER_ADULT",PHASE4,60.0,INDUSTRY,INTERVENTIONAL,2017-08-18,2018-02-09,"OCROM Clinic, Suita, Osaka, Japan|ToCROM Clinic, Shinjuku, Tokyo, Japan",True,False,2017.0,2018.0,True,False
NCT00790660,A Study to Assess the Safety and Tolerability of ASP1941 in Adults With Type 2 Diabetes Mellitus.,COMPLETED,"Diabetes Mellitus, Type 2",Astellas Pharma Inc,ALL,"ADULT, OLDER_ADULT",PHASE2,61.0,INDUSTRY,INTERVENTIONAL,2008-10-23,2009-03-06,"San Antonio, Texas, 78229, United States",True,False,2008.0,2009.0,True,False
NCT02636192,Study on Incidence of Diabetic Ketoacidosis Among Participants With Type 2 Diabetes Mellitus Treated With Sodium-glucose Co-transporter 2 (SGLT2) Inhibitors or Other Antihyperglycemic Agents,COMPLETED,"Diabetes Mellitus, Type 2","Janssen Research & Development, LLC",ALL,"ADULT, OLDER_ADULT",,200000.0,INDUSTRY,OBSERVATIONAL,2015-07-31,2017-04-07,,True,False,2015.0,2017.0,True,False
NCT01038648,Sitagliptin in Prevention of Type 2 Diabetes Mellitus,WITHDRAWN,Type 2 Diabetes,India Diabetes Research Foundation & Dr. A. Ramachandran's Diabetes Hospitals,ALL,ADULT,PHASE3,0.0,OTHER,INTERVENTIONAL,2011-12,2014-12,"Dr.Ambady Ramachandran, Chennai, Tamil Nadu, 600 008, India",False,False,2011.0,2014.0,True,True
NCT06251323,"Implementing Scalable, PAtient-centered, Team-based, Technology-enabled Care for Adults With Type 2 Diabetes (iPATH)",RECRUITING,"Diabetes Mellitus, Type 2",Stanford University,ALL,"ADULT, OLDER_ADULT",,119680.0,OTHER,INTERVENTIONAL,2025-09-30,2028-01-31,"Board of Trustees of the Leland Stanford Junior University, Stanford, California, 94305, United States|President and Fellows of Harvard College, T.H. Chan School, Boston, Massachusetts, 02115, United States|The Ohio State University, Columbus, Ohio, 43210, United States|Impactivo, LLC., San Juan, Puerto Rico, 00907, Puerto Rico",True,False,2025.0,2028.0,True,False
NCT03318913,"Vascular Function, Fish Protein Hydrolysates and Type 2 Diabetes Mellitus",COMPLETED,"Diabetes Mellitus, Type 2",Universidade Federal do Rio de Janeiro,ALL,"ADULT, OLDER_ADULT",,22.0,OTHER,INTERVENTIONAL,2017-10-23,2018-03-28,"Federal University of Rio de Janeiro, Macaé, Rio de Janeiro, 27979000, Brazil",True,False,2017.0,2018.0,True,False
NCT02077452,"Safety, Tolerability, Pharmacokinetics and Pharmacodynamics of HMS5552 in Patients With Type 2 Diabetes",COMPLETED,Type 2 Diabetes Mellitus,Hua Medicine Limited,ALL,"ADULT, OLDER_ADULT",PHASE1,53.0,INDUSTRY,INTERVENTIONAL,2014-03,2014-10,,True,False,2014.0,2014.0,True,False
NCT04874012,"Taurine Effect on Glycemic, Lipidic and Inflammatory Profile in Individuals With Type 2 Diabetes",RECRUITING,"Diabetes Mellitus, Type 2",Hospital de Clinicas de Porto Alegre,ALL,"ADULT, OLDER_ADULT",PHASE2,94.0,OTHER,INTERVENTIONAL,2021-06-12,2025-12,"Hospital de Clínicas, Porto Alegre, Rio Grande do Sul, 90630090, Brazil",True,False,2021.0,2025.0,True,False
NCT01258075,Colesevelam for Children With Type 2 Diabetes,COMPLETED,Type 2 Diabetes Mellitus,Daiichi Sankyo,ALL,CHILD,PHASE4,236.0,INDUSTRY,INTERVENTIONAL,2011-02-24,2020-04-21,"Tucson, Arizona, 85724, United States|Little Rock, Arkansas, 72202, United States|Los Angeles, California, 90027, United States|Oakland, California, 94609, United States|San Diego, California, 92123, United States|Aurora, Colorado, 80045, United States|Hartford, Connecticut, 06106, United States|Tampa, Florida, 33612, United States|Atlanta, Georgia, 30322, United States|Chicago, Illinois, 60637, United States|Kansas City, Kansas, 66160, United States|Baltimore, Maryland, 21229, United States|Springfield, Massachusetts, 01199, United States|New York, New York, 10032, United States|Raleigh, North Carolina, 27610, United States|Cincinnati, Ohio, 45229, United States|Oklahoma City, Oklahoma, 73104, United States|Oklahoma City, Oklahoma, 73112, United States|Philadelphia, Pennsylvania, 19104, United States|Greenville, South Carolina, 29615, United States|Nashville, Tennessee, 37232, United States|Dallas, Texas, 75235, United States|Houston, Texas, 77030, United States|San Antonio, Texas, 78207, United States",False,True,2011.0,2020.0,True,False
NCT02371239,SIT LESS 2: Effect of Sitting Less on Glucose Regulation in People With Diabetes Mellitus Type 2,COMPLETED,Type 2 Diabetes,Maastricht University Medical Center,ALL,"ADULT, OLDER_ADULT",,19.0,OTHER,INTERVENTIONAL,2015-02,2015-05,"Human Movement Science, Maastricht University, Maastricht, Limburg, 6200 MD, Netherlands",True,False,2015.0,2015.0,True,False
NCT05542420,"A Research Study, Looking at the Characterization of Treatment Intensified (Add on to Metformin) Real-world Adult Population With Type 2 Diabetes Mellitus in India, Pakistan and Thailand.",COMPLETED,"Diabetes Mellitus, Type 2",Novo Nordisk A/S,ALL,"ADULT, OLDER_ADULT",,3000.0,INDUSTRY,OBSERVATIONAL,2022-10-19,2023-04-20,"Novo Nordisk Investigational Site, Bengaluru, India|Novo Nordisk Investigational Site, Karachi, Pakistan|Novo Nordisk Investigational Site, Bangkok, Thailand",True,False,2022.0,2023.0,True,False
NCT06734546,The Effect of Exercise on the Brain in Type 2 Diabetes,RECRUITING,Type 2 Diabetes,Hasselt University,ALL,"ADULT, OLDER_ADULT",,75.0,OTHER,INTERVENTIONAL,2024-11-08,2027-08,"Hasselt University, Hasselt, Limburg, 3500, Belgium",True,False,2024.0,2027.0,True,False
NCT06517576,Using Remote Monitoring to Address Health Disparities in Type 2 Diabetes,ENROLLING_BY_INVITATION,"Diabetes Mellitus, Type 2",Lawndale Christian Health Center,ALL,"ADULT, OLDER_ADULT",,150.0,OTHER,INTERVENTIONAL,2024-12-01,2025-09-30,"Lawndale Christian Health Center, Chicago, Illinois, 60623, United States",True,False,2024.0,2025.0,True,False
NCT01137695,Efficacy Study of High Dose Symlin to Treat Type 2 Diabetes Mellitus,UNKNOWN,Type 2 Diabetes Mellitus,"Cheryl Rosenfeld, DO",ALL,"ADULT, OLDER_ADULT",PHASE3,40.0,OTHER,INTERVENTIONAL,2010-05,2012-04,"North Jersey Endocrine Consultants, Denville, New Jersey, 07834, United States|University Physicians Group, Staten Island, New York, 10301, United States|St. Mary Medical Center, Langhorne, Pennsylvania, 19047, United States",True,False,2010.0,2012.0,True,False
NCT01387334,The Effectiveness of Resistance Exercise for Glycemic Control in Type 2 Diabetes Mellitus Patients,COMPLETED,Type 2 Diabetes,Prince of Songkla University,ALL,"ADULT, OLDER_ADULT",PHASE2,60.0,OTHER,INTERVENTIONAL,2007-02,2011-04,"Prince of Songkla University, Hat Yai, Changwat Songkhla, 90110, Thailand",True,False,2007.0,2011.0,True,False
NCT04166760,Metabolic Effects of Whey Compounds in Patients With Diabetes Mellitus Type 2.,COMPLETED,"Diabetes Mellitus, Type 2",University of Aarhus,ALL,"ADULT, OLDER_ADULT",,16.0,OTHER,INTERVENTIONAL,2020-01-06,2020-06-24,"Medicinsk forskningslaboratorium for Diabetes og Hormonsygdomme og Steno Diabetes Center Aarhus (M-lab), Aarhus universitetshospital, Aarhus, Denmark",True,False,2020.0,2020.0,True,False
NCT00361946,The Role of Amylin and Incretins on Postprandial Metabolisms in Adolescents With Type 2 Diabetes Mellitus (T2DM).,COMPLETED,Type 2 Diabetes,Baylor College of Medicine,ALL,"CHILD, ADULT",,45.0,OTHER,OBSERVATIONAL,2006-08,2010-07,"Baylor College of Medicine, Houston, Texas, 77030, United States",False,True,2006.0,2010.0,True,False
NCT01381887,A Study to Evaluate the Effect of JNJ-28431754 (Canagliflozin) on Post-Meal Glucose in Patients With Type 2 Diabetes Mellitus,COMPLETED,"Diabetes Mellitus, Type 2","Johnson & Johnson Pharmaceutical Research & Development, L.L.C.",ALL,"ADULT, OLDER_ADULT",PHASE1,37.0,INDUSTRY,INTERVENTIONAL,2011-06,2011-11,"Chula Vista, California, United States|Miramar, Florida, United States|Cincinnati, Ohio, United States|Dallas, Texas, United States|San Antonio, Texas, United States",True,False,2011.0,2011.0,True,False
NCT03944616,Study Of Drinks With Artificial Sweeteners in People With Type 2 Diabetes,COMPLETED,Type 2 Diabetes,"University of California, Irvine",ALL,"ADULT, OLDER_ADULT",,181.0,OTHER,INTERVENTIONAL,2019-06-06,2024-03-21,"University of California, Irvine, Irvine, California, 92697, United States|University of Minnesota, Minneapolis, Minnesota, 55454, United States",True,False,2019.0,2024.0,True,False
NCT06403761,"Investigating How CagriSema, Semaglutide and Cagrilintide Regulate Insulin Effects in the Body of People With Type 2 Diabetes",COMPLETED,"Diabetes Mellitus, Type 2",Novo Nordisk A/S,ALL,"ADULT, OLDER_ADULT",PHASE1,158.0,INDUSTRY,INTERVENTIONAL,2024-05-06,2026-02-02,"Profil Institut für Stoffwechselforschung GmbH, Neuss, 41460, Germany",True,False,2024.0,2026.0,True,False
NCT05297045,A Study of Oral GLP1RA RGT001-075 in Adults With Type 2 Diabetes,TERMINATED,Type 2 Diabetes Mellitus,Regor Pharmaceuticals Inc.,ALL,"ADULT, OLDER_ADULT",PHASE2,17.0,INDUSTRY,INTERVENTIONAL,2022-03-29,2023-05-30,"Axon Clinical Research, Doral, Florida, 33166, United States",True,False,2022.0,2023.0,True,False
NCT00506298,Study of CRx-401 on Glucose Levels in Subjects With Type II Diabetes,COMPLETED,Type 2 Diabetes,Zalicus,ALL,"ADULT, OLDER_ADULT",PHASE2,150.0,INDUSTRY,INTERVENTIONAL,2007-07,2009-05,"Chilliwack, British Columbia, Canada|Vancouver, British Columbia, Canada|Winnipeg, Manitoba, Canada|Bay Roberts, Newfoundland and Labrador, Canada|Holyroad, Newfoundland and Labrador, Canada|St. John's, Newfoundland and Labrador, Canada|Aylmer, Ontario, Canada|Burlington, Ontario, Canada|Collingwood, Ontario, Canada|Corunna, Ontario, Canada|Greater Sudbury, Ontario, Canada|Robarts Research Institute, London, Ontario, Canada|London, Ontario, Canada|Newmarket, Ontario, Canada|Sarnia, Ontario, Canada|Toronto, Ontario, Canada|Montreal, Quebec, Canada|Saskatoon, Saskatchewan, Canada",True,False,2007.0,2009.0,True,False
NCT00501592,Study of INT-747 in Patients With Diabetes and Presumed NAFLD,COMPLETED,"Diabetes Mellitus, Type II|Fatty Liver",Intercept Pharmaceuticals,ALL,"ADULT, OLDER_ADULT",PHASE2,64.0,INDUSTRY,INTERVENTIONAL,2007-07,2009-04,"Profil Institute for Clinical Research, Inc., Chula Vista, California, 91911, United States|UC San Diego VAMC, San Diego, California, 92161, United States|Diabetes & Glandular Disease Research Associates, Inc., San Antonio, Texas, 78229, United States|Virginia Commonwelath University, Richmond, Virginia, 23298, United States",True,False,2007.0,2009.0,True,False
NCT06837103,Real-world Effects of Using Intermittently Scanned Continuous Glucose Monitoring and Pharmacist-led Coaching on the Management of Type 2 Diabetes Among Adults Not Using Insulin (REAL isCGM T2D),RECRUITING,Type 2 Diabetes,LMC Diabetes & Endocrinology Ltd.,ALL,"ADULT, OLDER_ADULT",,250.0,OTHER,OBSERVATIONAL,2025-04-09,2026-05,"LMC Diabetes & Endocrinology Ltd., Toronto, Ontario, M4G 3E8, Canada",True,False,2025.0,2026.0,True,False
NCT05679115,Evaluation of Lifestyle Tool in Type 2 Diabetes,ACTIVE_NOT_RECRUITING,"Diabetes Mellitus, Type 2",Region Skane,ALL,"ADULT, OLDER_ADULT",,200.0,OTHER,INTERVENTIONAL,2023-01-10,2026-12-01,"Clinical Research Center, Malmö, 20502, Sweden",True,False,2023.0,2026.0,True,False
NCT05937737,Serum FGF21 Levels and Dietary Total Antioxidant Capacity in Type 2 Diabetes,COMPLETED,Type 2 Diabetes,Hacettepe University,ALL,ADULT,,76.0,OTHER,INTERVENTIONAL,2020-04-20,2022-04-15,"Hacettepe University Internal Medicine Department, Ankara, 06100, Turkey (Türkiye)|Hacettepe University Nutrition and Dietetics Department, Ankara, 06100, Turkey (Türkiye)",False,False,2020.0,2022.0,True,False
NCT07215312,A Study of LY3938577 in Participants With Type 2 Diabetes Previously Treated With Basal Insulin,ACTIVE_NOT_RECRUITING,"Diabetes Mellitus, Type 2",Eli Lilly and Company,ALL,"ADULT, OLDER_ADULT",PHASE2,100.0,INDUSTRY,INTERVENTIONAL,2025-10-13,2026-12,"Tucson Clinical Research Institute, Tucson, Arizona, 85712, United States|Encompass Clinical Research, Spring Valley, California, 91978, United States|University Clinical Investigators, Inc., Tustin, California, 92780, United States|Tampa Bay Medical Research, Clearwater, Florida, 33761, United States|Encore Medical Research, Hollywood, Florida, 33024, United States|Clinical Research of Central Florida, Lakeland, Florida, 33805, United States|Encore Medical Research - Weston, Weston, Florida, 33331, United States|Iowa Diabetes and Endocrinology Research Center, West Des Moines, Iowa, 50266, United States|Washington University School of Medicine, St Louis, Missouri, 63110, United States|Accellacare - Wilmington, Wilmington, North Carolina, 28401, United States|AMR Clinical, Norman, Oklahoma, 73069, United States|Tribe Clinical Research, LLC, Greenville, South Carolina, 29607, United States|Holston Medical Group, Bristol, Tennessee, 37620, United States|Texas Diabetes & Endocrinology, P.A., Austin, Texas, 78749, United States|Velocity Clinical Research, Dallas, Dallas, Texas, 75230, United States|Juno Research, Houston, Texas, 77040, United States|Southern Endocrinology Associates, Mesquite, Texas, 75149, United States|Consano Clinical Research, LLC, Shavano Park, Texas, 78231, United States|Texas Valley Clinical Research, Weslaco, Texas, 78596, United States|Chrysalis Clinical Research, St. George, Utah, 84790, United States|Cicemo Srl, Buenos Aires, 1424, Argentina|CIPREC, Buenos Aires, C1119ACN, Argentina|Mautalen Salud e Investigación, Buenos Aires, C1128AAF, Argentina|Centro Medico Dra. Laura Maffei- Investigacion Clinica Aplicada, Buenos Aires, C1425AGC, Argentina|Instituto Centenario, CABA, 1204, Argentina|Instituto Médico Catamarca IMEC, Rosario, 2000, Argentina",True,False,2025.0,2026.0,True,False
NCT07422831,T2D Intermittent Nonprescription Sensors for Informed Glucose Health Tracking,ENROLLING_BY_INVITATION,Type 2 Diabetes|Non Insulin Dependent Diabetes,"University of Colorado, Denver",ALL,"ADULT, OLDER_ADULT",,188.0,OTHER,INTERVENTIONAL,2026-04-02,2028-06,"University of Colorado Denver Anschutz Medical Campus, Aurora, Colorado, 80045, United States",True,False,2026.0,2028.0,True,False
NCT04303754,Diabetes-Specific Formula in Individuals With Type 2 Diabetes,COMPLETED,"Diabetes Mellitus, Type 2",Abbott Nutrition,ALL,"ADULT, OLDER_ADULT",,100.0,INDUSTRY,INTERVENTIONAL,2020-06-24,2022-10-19,"Hospital Universiti Kebangsaan Malaysia, Kuala Lumpur, 56000, Malaysia",True,False,2020.0,2022.0,True,False
NCT04657939,Targeting Beta-cell Failure in Lean Patients With Type 2 Diabetes,COMPLETED,"Diabetes Mellitus, Type 2",University of Leeds,ALL,"ADULT, OLDER_ADULT",PHASE4,57.0,OTHER,INTERVENTIONAL,2020-12-01,2022-10-31,"Leeds Teaching Hospitals Trust, Leeds, West Yorkshire, LS1 3EX, United Kingdom",True,False,2020.0,2022.0,True,False
NCT04271631,"Integration of Education Based-Application and ""CARE Coaching Model"" in Management of Type 2 Diabetes Mellitus Patients Using Insulin",UNKNOWN,"Diabetes Mellitus, Type 2",Indonesia University,ALL,"ADULT, OLDER_ADULT",,105.0,OTHER,INTERVENTIONAL,2019-06-12,2020-05-31,"Faculty of Medicine, Universitas Indonesia, Jakarta Pusat, DKI Jakarta, 10430, Indonesia",True,False,2019.0,2020.0,True,False
NCT02180646,Impact of Breakfast Composition on Glycemic and Incretin Responses in Individuals With Type 2 Diabetes,COMPLETED,Type 2 Diabetes,University of Missouri-Columbia,ALL,ADULT,,12.0,OTHER,INTERVENTIONAL,2011-12,2013-04,,False,False,2011.0,2013.0,True,False
NCT02639988,Impact of Rheumatoid Arthritis on the Course of Type 2 Diabetes During a Longitudinal Follow-up of 5 Years,TERMINATED,Type 2 Diabetes,Assistance Publique - Hôpitaux de Paris,ALL,"ADULT, OLDER_ADULT",,176.0,OTHER,OBSERVATIONAL,2016-04-13,2022-05-30,"AP-HP, Cochin hospital, Paris, Paris, 75014, France",True,False,2016.0,2022.0,True,False
