NCT Number,location_site,country
NCT07290231,"Foundation University College of Physical Therapy, Islamabad, 44000, Islamabad, Pakistan",Pakistan
NCT02326129,"Pennington Biomedical Research center, Baton Rouge, Louisiana, 70803, United States",United States
NCT02326129,"UNC Chapel Hill, Chapel Hill, North Carolina, 27514, United States",United States
NCT02326129,"Duke University, Durham, North Carolina, 27710, United States",United States
NCT06864546,"Istituti Clinici Scientifici Maugeri di Pavia, Pavia, Pavia, 27100, Italy",Italy
NCT04501341,"Faculty of Medicine, Universitas Indonesia, Jakarta Pusat, DKI Jakarta, 10430, Indonesia",Indonesia
NCT02361489,"Geisinger, Wilkes-Barre, Pennsylvania, 18702, United States",United States
NCT01713764,"Osher Center for Integrative Medicine, San Francisco, California, 94143, United States",United States
NCT01121315,"Research Site, Uppsala, Sweden",Sweden
NCT05767372,"Faculty of physical therapy outpatient clinic, Cairo, Giza Governorate, 12613, Egypt",Egypt
NCT07670897,"Gan & Lee Pharmaceuticals Shandong Co., Ltd.,, Linyi, Shandong, 276000, China",China
NCT04790526,"Rehabilitation Department, PSRD Hospital, Lahore, Punjab Province, 54000, Pakistan",Pakistan
NCT07084350,"Department of Gastroenterology, General Hospital of Northern Theater Command (formerly called General Hospital of Shenyang Military Area), Shenyang, Liaoning, 110840, China",China
NCT02446054,"NTUH, Taipei, Taiwan",Taiwan
NCT04011904,"Department of Exercise, Nutrition and Sports, Faculty of Sciences, University of Copenhagen, Copenhagen, Denmark",Denmark
NCT07282743,"Lynn Institute of the Ozarks, Little Rock, Arkansas, 72204, United States",United States
NCT07282743,"Family First Medical Research Center, Hialeah Gardens, Florida, 33175, United States",United States
NCT07282743,"Alliance for Multispecialty Research (AMR Clinical) - Wichita East, Lakeland, Florida, 33803, United States",United States
NCT07282743,"CNS Healthcare - Memphis (Clinical Neuroscience Solutions - Memphis), Lakeland, Florida, 33803, United States",United States
NCT07282743,"GTL Medical & Research Group, Miami, Florida, 33173, United States",United States
NCT07282743,"Florida Institute for Clinical Research LLC, Orlando, Florida, 32835, United States",United States
NCT07282743,"AMR Clinical, El Dorado, El Dorado, Kansas, 67042, United States",United States
NCT07282743,"AMR Clinical - Newton, Newton, Kansas, 67114, United States",United States
NCT07282743,"Lynn Health Science Institute - Oklahoma City, Oklahoma City, Oklahoma, 73112, United States",United States
NCT07282743,"Endolife Specialty Hospitals Pvt. Ltd., Guntur, Andhra Pradesh, 522001, India",India
NCT07282743,"Life Care Hospital and Research Centre, Bangalore, Karnataka, 560092, India",India
NCT07282743,"Government Medical College, Kozhikode, Kerala, 673008, India",India
NCT07282743,"Jothydevs Diabetes Research Centre, Trivandrum, Kerala, 695032, India",India
NCT07282743,"Nirmal Hospital Private Limited, Kolhāpur, Maharashtra, 416008, India",India
NCT07282743,"Topiwala National Medical College & BYL Nair Hospital, Mumbai, Maharashtra, 400008, India",India
NCT07282743,"Seth G. S. medical college and KEM hospital, Mumbai, Maharashtra, 400012, India",India
NCT07282743,"BSES Municipal General Hospital, Mumbai, Maharashtra, 400058, India",India
NCT07282743,"LMMF's Deenanath Mangeshkar Hospital and Research Center, Pune, Maharashtra, 411004, India",India
NCT07282743,"Lady Hardinge Medical College and S.S.K. Hospital, New Delhi, National Capital Territory of Delhi, 110001, India",India
NCT07282743,"All India Institute of Medical Sciences, New Delhi, National Capital Territory of Delhi, 110029, India",India
NCT07282743,"Madras Diabetes Research Foundation (MDRF), Chennai, Tamil Nadu, 600086, India",India
NCT06387550,"Foundation University College of Physical Therapy, Rawalpindi, Punjab Province, 46000, Pakistan",Pakistan
NCT03194152,"Liang Sun, Shanghai, 200040, China",China
NCT04665284,"Balochistan Medical Center, Quetta, Balochistan, Pakistan",Pakistan
NCT04665284,"Lady Reading Hospital, Peshawar, Khyber Pakhtunkhwa, Pakistan",Pakistan
NCT04665284,"Post Graduate Medical Institute, Peshawar, Khyber Pakhtunkhwa, Pakistan",Pakistan
NCT04665284,"Hanif Medical Center, Islamabad, Punjab Province, Pakistan",Pakistan
NCT04665284,"Shifa International Hospital, Islamabad, Punjab Province, Pakistan",Pakistan
NCT04665284,"Diabetes Institute of Pakistan, Lahore, Punjab Province, Pakistan",Pakistan
NCT04665284,"Jinnah Hospital, Lahore, Punjab Province, Pakistan",Pakistan
NCT04665284,"National Defence Center, Lahore, Punjab Province, Pakistan",Pakistan
NCT04665284,"Al-Khaliq Hospital, Multan Khurd, Punjab Province, Pakistan",Pakistan
NCT04665284,"Fatimiyah Hospital, Karachi, Sindh, Pakistan",Pakistan
NCT04665284,"National Institute of Cardiovascular Disease, Karachi, Sindh, Pakistan",Pakistan
NCT07495956,"Shenzhen Geno-immune Medical Institute, Shenzhen, Guangdong, 518000, China",China
NCT00540462,"MinSheng Genral Hospital, Taoyuan, Taiwan",Taiwan
NCT01868646,"State Healthcare Institution of Moscow ""Central research institute of gastroenterology"" of Department of health care of Moscow, Moscow, 111123, Russia",Russia
NCT01868646,"State Educational Institution of Higher Professional Education ""Moscow State Medical Academy named after I.M. Sechenov"", Moscow, 119991, Russia",Russia
NCT01868646,"Nonstate Health Care Institution ""Central Clinical Hospital №2 named after N.A. Semashko of Public Limited Company ""Russian Railways"", Moscow, 129128, Russia",Russia
NCT01868646,"Municipal budgetary authority ""Khimki Central Clinical Hospital"", Moscow Region, 141400, Russia",Russia
NCT01868646,"Nizhny Novgorod regional State Budgetary Health Institution "" Nizhny Novgorod regional Clinical Hospital named after N.A. Semashko "", Nizhny Novgorod Region, 603126, Russia",Russia
NCT01868646,"State Budgetary Educational Institution of High Professional Training ""Rostov State Medical University"" of Ministry of Health of Russian Federation, Department of Endocrinology, Rostov-on-Don, 344022, Russia",Russia
NCT01868646,"St. Petersburg State Budgetary Health Care Institution ""City Polyclinic №6"", Saint Petersburg, 191482, Russia",Russia
NCT01868646,"St. Petersburg State Budgetary Health Care Institution ""City Polyclinic №77 of Nevsky District"", The City Diabetes Center №4, Saint Petersburg, 192177, Russia",Russia
NCT01868646,"St. Petersburg State Budgetary Health Care Institution ""Saint Venerable Martyr Elizaveta Municipal Hospital"", Saint Petersburg, 195257, Russia",Russia
NCT01868646,"State Budgetary Educational Institution of High Professional Training ""St. Petersburg State Medical University named after academician I.P. Pavlov"" of Ministry of Health of Russian Federation, Therapy Faculty Board, Saint Petersburg, 197022, Russia",Russia
NCT01868646,"St. Petersburg Sate Budgetary Institution ""Consultative-Diagnostic Polyclinic №1 of Coastal Area"", Saint Petersburg, 197183, Russia",Russia
NCT01868646,"St. Petersburg State Budgetary Health Care Institution ""Consultative-Diagnostic Center № 85"", Diabetes Center №2, Saint Petersburg, 198260, Russia",Russia
NCT01868646,"Co.Ltd "" Diabet Center"", Samara, 443067, Russia",Russia
NCT01868646,"The State Budgetary Educational Institution of Higher Professional Education ""Smolensk National Research Medical University"" Ministry of Health of the Russian Federation, Smolensk, 214019, Russia",Russia
NCT01868646,"Vladimir region State budgetary institution of health care ""Regional clinical hospital"", Vladimir, 600023, Russia",Russia
NCT01868646,"Independent Health Care Institution of Voronezh Region ""Voronezh Regional Clinical Consultative-Diagnostic Center"", Voronezh, 394018, Russia",Russia
NCT01868646,"State Budgetary Health Care Institution of Yaroslavl Region ""Regional Сlinical Hospital"", Yaroslavl, 150062, Russia",Russia
NCT05252728,"Institute of Metabolism and Endocrinology, Second Xiangya Hospital, Central South University, Changsha, Hunan, 410011, China",China
NCT00726505,"University Of Texas Health Center At San Antonio, San Antonio, Texas, 78229, United States",United States
NCT02879383,"Hopital Erasme, Brussels, 1070, Belgium",Belgium
NCT02879383,"UZ Leuven, Leuven, Belgium",Belgium
NCT02879383,"ABC Hospital, São Paulo, Brazil",Brazil
NCT02879383,"Hospital das Clinicas da Faculdade de medicina da Universidade de São Paulo, São Paulo, Brazil",Brazil
NCT02879383,"Policlinico Gemelli (Sacro Cuore), Rome, Lazio, Italy",Italy
NCT02879383,"Humanitas Research Hospital & Humanitas University Via Manzoni 56, Rozzano, Milan, 20089, Italy",Italy
NCT02879383,"Amsterdam University Medical Center, Amsterdam, 1105 AZ, Netherlands",Netherlands
NCT02879383,"Glasgow Royal Infirmary, Glasgow, G4 0SF, United Kingdom",United Kingdom
NCT02879383,"University College London Hospitals, London, NW1 2BU, United Kingdom",United Kingdom
NCT02879383,"King's College, Denmark Hill, London, United Kingdom",United Kingdom
NCT02879383,"Queens Medical Centre campus, Nottingham University Hospitals NHS Trust, Derby Road, Nottingham, NG7 2UH, United Kingdom",United Kingdom
NCT06570057,"Baqai Institute of Diabetology and Endocrinology (BIDE), Karachi, Sindh, 74600, Pakistan",Pakistan
NCT07340320,"Central Research Associates - Flourish - PPDS, Birmingham, Alabama, 35205-1605, United States",United States
NCT07340320,"AES - DRS - Synexus Clinical Research US, Inc. - Birmingham, Birmingham, Alabama, 35211-1320, United States",United States
NCT07340320,"AES - DRS - Optimal Research Alabama - Huntsville, Huntsville, Alabama, 35802-2569, United States",United States
NCT07340320,"Ark Clinical Research - Long Beach, Long Beach, California, 90815-2521, United States",United States
NCT07340320,"Flourish Research - Walnut Creek - PPDS, Walnut Creek, California, 94598-3343, United States",United States
NCT07340320,"AES - DRS - Optimal Research Florida - Melbourne, Melbourne, Florida, 32934-8172, United States",United States
NCT07340320,"Tampa General Hospital, Tampa, Florida, 33606-3571, United States",United States
NCT07340320,"Conquest Research LLC - Winter Park, Winter Park, Florida, 32789-1857, United States",United States
NCT07340320,"Privia Medical Group Georgia, LLC - Albany - Javara - PPDS, Albany, Georgia, 31707-0205, United States",United States
NCT07340320,"Javara Inc. - Fayetteville, Fayetteville, Georgia, 30214, United States",United States
NCT07340320,"Privia Medical Group Georgia, LLC - Savannah - Javara - PPDS, Savannah, Georgia, 31406-3928, United States",United States
NCT07340320,"Privia Medical Group Georgia, LLC - Thomasville - Javara - PPDS, Thomasville, Georgia, 31792-6618, United States",United States
NCT07340320,"AES - DRS - Synexus Clinical Research US, Inc. - Chicago, Chicago, Illinois, 60602-3960, United States",United States
NCT07340320,"AES - DRS - Synexus Clinical Research US, Inc. - Evansville, Evansville, Indiana, 47714-7513, United States",United States
NCT07340320,"Privia Medical Group, LLC - Kelly's Collaborative Care - Javara - PPDS, Silver Spring, Maryland, 20901-1586, United States",United States
NCT07340320,"Elixia Health - Springfield - Elixia - PPDS, Springfield, Massachusetts, 01103, United States",United States
NCT07340320,"Elixia Health - Michigan Kidney Consultants, LLC - Elixia - PPDS, Pontiac, Michigan, 48341, United States",United States
NCT07340320,"AES - DRS - Synexus Clinical Research US, Inc. - Edina - Minneapolis, Edina, Minnesota, 55435-4305, United States",United States
NCT07340320,"Mankato Clinic - East Main Street - Javara - PPDS, Mankato, Minnesota, 56001, United States",United States
NCT07340320,"Hassman Research Institute - Berlin - CenExel - PPDS, Berlin, New Jersey, 08009, United States",United States
NCT07340320,"Albuquerque Clinical Trials Inc, Albuquerque, New Mexico, 87102-2619, United States",United States
NCT07340320,"M3 Wake Research, Inc - M3 WR, Raleigh, North Carolina, 27612-8106, United States",United States
NCT07340320,"Unity Clinical Research, Oklahoma City, Oklahoma, 73118-2872, United States",United States
NCT07340320,"Monroe Biomedical Research Charleston, North Charleston, South Carolina, 29406, United States",United States
NCT07340320,"M3 Wake Research - Dallas, Dallas, Texas, 75246, United States",United States
NCT07340320,"University of Texas Southwestern Medical Center, Dallas, Texas, 75390-7202, United States",United States
NCT07340320,"SMS Clinical Research, LLC - 400 W. Kearney St, Mesquite, Texas, 751497, United States",United States
NCT07340320,"AES - DRS - Synexus Clinical Research US, Inc. - San Antonio, San Antonio, Texas, 78229-3272, United States",United States
NCT07340320,"Flourish Research - San Antonio - PPDS, San Antonio, Texas, 78229-3539, United States",United States
NCT07340320,"Privia Medical Group- North Texas - Stephenville - Javara - PPDS, Stephenville, Texas, 76401-1860, United States",United States
NCT07340320,"Conquest Research - Arlington, Vienna, Virginia, 22182, United States",United States
NCT07340320,"AES - DRS - Synexus Polska Sp. z o.o. Oddzial w Poznaniu, Poznan, Greater Poland Voivodeship, 60-702, Poland",Poland
NCT07340320,"Centrum Medyczne Pratia Bydgoszcz - PPDS, Bydgoszcz, Kuyavian-Pomeranian Voivodeship, 85 001, Poland",Poland
NCT07340320,"Medyczne Centrum Diabetologiczno-Endokrynologiczno-Metaboliczne, Krakow, Lesser Poland Voivodeship, 31-261, Poland",Poland
NCT07340320,"FutureMeds - Krakow - PPDS, Krakow, Lesser Poland Voivodeship, 31-501, Poland",Poland
NCT07340320,"METABOLICA Sp. z o.o, Tarnów, Lesser Poland Voivodeship, 33-100, Poland",Poland
NCT07340320,"AES - DRS - Synexus Polska Sp. z o.o. Oddzial we Wroclawiu, Wroclaw, Lower Silesian Voivodeship, 50-381, Poland",Poland
NCT07340320,"AES - DRS - Synexus Polska Sp. Z o.o. Oddzial w Lodzi, Lodz, Lódzkie, 90-127, Poland",Poland
NCT07340320,"FutureMeds - Lodz - PPDS, Lodz, Lódzkie, 91-363, Poland",Poland
NCT07340320,"FutureMeds - Warszawa Centrum - PPDS, Warsaw, Masovian Voivodeship, 00-215, Poland",Poland
NCT07340320,"AES - DRS - Synexus Polska Sp. z o.o. Oddzial w Warszawie, Warsaw, Masovian Voivodeship, 02-672, Poland",Poland
NCT07340320,"ETG Warszawa - PPDS, Warsaw, Masovian Voivodeship, 02-677, Poland",Poland
NCT07340320,"AES - DRS - Synexus Polska Sp. z o.o. Oddzial w Gdansku, Gdansk, Pomeranian Voivodeship, 80-382, Poland",Poland
NCT07340320,"AES - DRS - Synexus Polska Sp. z o.o. Oddzial w Gdyni, Gdynia, Pomeranian Voivodeship, 81-537, Poland",Poland
NCT07340320,"AES - DRS - Synexus Polska Sp. z o.o. Oddzial w Czestochowie, Częstochowa, Silesian Voivodeship, 42-202, Poland",Poland
NCT07047248,"Dr, Granada, Spain",Spain
NCT00960791,"Research Site, San Diego, California, United States",United States
NCT00960791,"Research Site, San Antonio, Texas, United States",United States
NCT06869018,"Hakata Clinic, Fukuoka, 812-0025, Japan",Japan
NCT06869018,"P-One Clinic, Hachiōji, 192-0071, Japan",Japan
NCT06869018,"Medical Corporation Heishinkai OPHAC Hospital, Osaka, 532-0003, Japan",Japan
NCT06869018,"Clinical Research Hospital Tokyo, Shinjuku-ku, 160-0004, Japan",Japan
NCT00737152,"MedCenter, East Brunswick, New Jersey, 08816, United States",United States
NCT00737152,"Robertwood Johnson Hospital, New Brunswick, New Jersey, 08901, United States",United States
NCT00737152,"Raritan Bay Medical Center, Perth Amboy, New Jersey, 08861, United States",United States
NCT00737152,"Sri Ramachandra University, Porur, Chennai, India",India
NCT00737152,"Dr. JL Rohatagi Hospital, Sarvoday Nagar, Kanpur, Uttar Pradesh, India",India
NCT01252524,"East Carolina University Family Medicine Center, Greenville, North Carolina, 27834, United States",United States
NCT02091193,"Danbury Hospital, Danbury, Connecticut, 06810, United States",United States
NCT02805361,"Research Site, Kuwait City, Kuwait",Kuwait
NCT02805361,"Research Site, Abu Dhabi, United Arab Emirates",United Arab Emirates
NCT02805361,"Research Site, Ajman, United Arab Emirates",United Arab Emirates
NCT02805361,"Research Site, Dubai, United Arab Emirates",United Arab Emirates
NCT06498284,"Clinical Pharmacology of Miami, Hialeah, Florida, 33014, United States",United States
NCT02065674,",Father Muller Homoeopathic Medical College, Prasanth Nivas Ashram Nmpt Hospital, Mangalore, Karnataka, 575002, India",India
NCT03258840,"Tehran University of Medical Sciences (TUMS), School of Nutritional Sciences and Dietetics, Department of Cellular and Molecular Nutrition, Tehran, 1471613151, Iran",Iran
NCT06645418,"Kz hospital, Cairo, Elgharbia, 31611, Egypt",Egypt
NCT06645418,"Kz Hospital, Cairo, Egypt",Egypt
NCT01020123,"Research Site, Temuco, Araucania, Chile",Chile
NCT01020123,"Research Site, Brentwood, TN, Chile",Chile
NCT01020123,"Research Site, Santiago, Chile",Chile
NCT01020123,"Research Site, Temuco, Chile",Chile
NCT01020123,"Research Site, Dresden, Saxony, Germany",Germany
NCT01020123,"Research Site, Brentwood, TN, Germany",Germany
NCT01020123,"Research Site, Aschaffenburg, Germany",Germany
NCT01020123,"Research Site, Berlin, Germany",Germany
NCT01020123,"Research Site, Bochum, Germany",Germany
NCT01020123,"Research Site, Dortmund, Germany",Germany
NCT01020123,"Research Site, Frankfurt, Germany",Germany
NCT01020123,"Research Site, Görlitz, Germany",Germany
NCT01020123,"Research Site, Hamburg, Germany",Germany
NCT01020123,"Research Site, Lübeck, Germany",Germany
NCT01020123,"Research Site, Magdeburg, Germany",Germany
NCT01020123,"Research Site, Saint Laurent, QC, Hungary",Hungary
NCT01020123,"Research Site, Balatonfüred, Hungary",Hungary
NCT01020123,"Research Site, Békéscsaba, Hungary",Hungary
NCT01020123,"Research Site, Dunaújváros, Hungary",Hungary
NCT01020123,"Research Site, Eger, Hungary",Hungary
NCT01020123,"Research Site, Gyula, Hungary",Hungary
NCT01020123,"Research Site, Kaposvár, Hungary",Hungary
NCT01020123,"Research Site, Nyíregyháza, Hungary",Hungary
NCT01020123,"Research Site, Szekszárd, Hungary",Hungary
NCT01020123,"Research Site, Szigetvár, Hungary",Hungary
NCT01020123,"Research Site, Zalaegerszeg, Hungary",Hungary
NCT01020123,"Research Site, Brentwood, TN, Latvia",Latvia
NCT01020123,"Research Site, Daugavpils, Latvia",Latvia
NCT01020123,"Research Site, Jelgava, Latvia",Latvia
NCT01020123,"Research Site, Jēkabpils, Latvia",Latvia
NCT01020123,"Research Site, Limbaži, Latvia",Latvia
NCT01020123,"Research Site, Riga, Latvia",Latvia
NCT01020123,"Research Site, Talsi, Latvia",Latvia
NCT01020123,"Research Site, Valmiera, Latvia",Latvia
NCT01020123,"Research Site, Brentwood, TN, Lithuania",Lithuania
NCT01020123,"Research Site, Kaunas, Lithuania",Lithuania
NCT01020123,"Research Site, Aguascalientes, Aguascalientes, Mexico",Mexico
NCT01020123,"Research Site, Zapopan, Jalisco, Mexico",Mexico
NCT01020123,"Research Site, Monterrey, Mexico, Mexico",Mexico
NCT01020123,"Research Site, Cuernavaca, Morelos, Mexico",Mexico
NCT01020123,"Research Site, Monterrey, Nuevo León, Mexico",Mexico
NCT01020123,"Research Site, Brentwood, TN, Mexico",Mexico
NCT01020123,"Research Site, Meridas, Yucatán, Mexico",Mexico
NCT01020123,"Research Site, Mérida, Yucatán, Mexico",Mexico
NCT01020123,"Research Site, Chiuahua, Mexico",Mexico
NCT01020123,"Research Site, San Luis Potosí City, Mexico",Mexico
NCT01020123,"Research Site, Lima, Lima Province, Peru",Peru
NCT01020123,"Research Site, Brentwood, TN, Peru",Peru
NCT01020123,"Research Site, Callao, Peru",Peru
NCT01020123,"Research Site, Lambayeque, Peru",Peru
NCT01020123,"Research Site, Lima, Peru",Peru
NCT01020123,"Research Site, Piura, Peru",Peru
NCT01020123,"Research Site, Trujillo, Peru",Peru
NCT01020123,"Research Site, Brentwood, TN, Poland",Poland
NCT01020123,"Research Site, Gdansk, Poland",Poland
NCT01020123,"Research Site, Krakow, Poland",Poland
NCT01020123,"Research Site, Kutno, Poland",Poland
NCT01020123,"Research Site, Wroclaw, Poland",Poland
NCT01020123,"Research Site, Alba Iulia, Alba, Romania",Romania
NCT01020123,"Research Site, Tg Mures, Mureș County, Romania",Romania
NCT01020123,"Research Site, Brentwood, TN, Romania",Romania
NCT01020123,"Research Site, Galati, Romania",Romania
NCT01020123,"Research Site, Ploieşti, Romania",Romania
NCT01020123,"Research Site, Sibiu, Romania",Romania
NCT01020123,"Research Site, Timișoara, Romania",Romania
NCT01020123,"Research Site, Brentwood, TN, Sweden",Sweden
NCT01020123,"Research Site, Huddinge, Sweden",Sweden
NCT01020123,"Research Site, Lund, Sweden",Sweden
NCT01020123,"Research Site, Paignton, Devon, United Kingdom",United Kingdom
NCT01020123,"Research Site, Liverpool, Merseyside, United Kingdom",United Kingdom
NCT01020123,"Research Site, Saint Laurent, QC, United Kingdom",United Kingdom
NCT01020123,"Research Site, Cardiff, United Kingdom",United Kingdom
NCT01020123,"Research Site, Chorley, United Kingdom",United Kingdom
NCT01020123,"Research Site, Glasgow, United Kingdom",United Kingdom
NCT01020123,"Research Site, Stevenage, United Kingdom",United Kingdom
NCT01020123,"Research Site, West Bromwich, United Kingdom",United Kingdom
NCT01020123,"Research Site, West Lothian, United Kingdom",United Kingdom
NCT01546844,"Coalville Health Center, Coalville, Utah, 84017, United States",United States
NCT01546844,"Pioneer Comprehensive Medical, Draper, Utah, 84020, United States",United States
NCT01546844,"Holladay Family Practice, Holladay, Utah, 84117, United States",United States
NCT01546844,"Olympus Clinic, Holladay, Utah, 84117, United States",United States
NCT01546844,"Exodus Healthcare - Main Office - Magna, Magna, Utah, 84044, United States",United States
NCT01546844,"Community Health Centers Inc. - 72nd Street Clinic, Midvale, Utah, 84115, United States",United States
NCT01546844,"Park City Healthcare, Inc., Park City, Utah, 84068, United States",United States
NCT01546844,"Riverton Family Health Center, Riverton, Utah, 84065, United States",United States
NCT01546844,"Granger Medical-Riverton, Riverton, Utah, 84096, United States",United States
NCT01546844,"Wasatch Homeless Health Care - 4th Street Clinic, Salt Lake City, Utah, 84101, United States",United States
NCT01546844,"Alpine Internal Medicine, Salt Lake City, Utah, 84102, United States",United States
NCT01546844,"HealthInsight, Salt Lake City, Utah, 84107, United States",United States
NCT01546844,"Central City Community Health Center Health First Family Medicine, Salt Lake City, Utah, 84111, United States",United States
NCT01546844,"Evolutionary Healthcare, Llc, Salt Lake City, Utah, 84111, United States",United States
NCT01546844,"Health Clinic Of Utah - SLC, Salt Lake City, Utah, 84115, United States",United States
NCT01546844,"Stephen D. Ratcliffe Community Health Center, Salt Lake City, Utah, 84116, United States",United States
NCT01546844,"Jordan Ridge Family Medicine, Salt Lake City, Utah, 84123, United States",United States
NCT01546844,"Utah Healthcare Institute - St. Mark's Family Medicine, Salt Lake City, Utah, 84124, United States",United States
NCT01546844,"Utah Physicians Care Centers - St Mark's Internal Medicine, Salt Lake City, Utah, 84124, United States",United States
NCT01546844,"Wasatch Internal Medicine, Salt Lake City, Utah, 84124, United States",United States
NCT01546844,"Barbara E. Rizzardi, M.D., Sandy City, Utah, 84093, United States",United States
NCT01546844,"Copperview Medical Center, Llc, South Jordan, Utah, 84095, United States",United States
NCT01546844,"Community Health Centers Inc. - Oquirrh View, Taylorsville, Utah, 84118, United States",United States
NCT01546844,"Advanced Practice Medical Clinic, Tooele, Utah, 84074, United States",United States
NCT01546844,"Valley Family Medicine, Tooele, Utah, 84074, United States",United States
NCT01546844,"Granger Medical - Jordan Medical Arts, West Jordan, Utah, 84088, United States",United States
NCT01546844,"Jordan Meadows Medical Center, West Jordan, Utah, 84088, United States",United States
NCT01546844,"Granger Medical Clinic Inc. - Main Office, West Valley City, Utah, 84120, United States",United States
NCT01546844,"Kathryn Allen, MD, West Valley City, Utah, 84120, United States",United States
NCT01546844,"West Valley Family And Preventive Medicine, West Valley City, Utah, 84120, United States",United States
NCT05028140,"EMS, Hortolândia, São Paulo, Brazil",Brazil
NCT06851858,"Research Site, Birmingham, Alabama, 35205, United States",United States
NCT06851858,"Research Site, Mobile, Alabama, 36608, United States",United States
NCT06851858,"Research Site, Doral, Florida, 33166, United States",United States
NCT06851858,"Research Site, Jacksonville, Florida, 32216, United States",United States
NCT06851858,"Research Site, Miami, Florida, 33135, United States",United States
NCT06851858,"Research Site, Miami, Florida, 33136, United States",United States
NCT06851858,"Research Site, Winter Park, Florida, 32789, United States",United States
NCT06851858,"Research Site, Canton, Georgia, 30114, United States",United States
NCT06851858,"Research Site, Fayetteville, Georgia, 30214, United States",United States
NCT06851858,"Research Site, Chicago, Illinois, 60640, United States",United States
NCT06851858,"Research Site, Oak Brook, Illinois, 60523, United States",United States
NCT06851858,"Research Site, Newton, Kansas, 67114, United States",United States
NCT06851858,"Research Site, Lexington, Kentucky, 40509, United States",United States
NCT06851858,"Research Site, Kansas City, Missouri, 64114, United States",United States
NCT06851858,"Research Site, Las Vegas, Nevada, 89119, United States",United States
NCT06851858,"Research Site, Norman, Oklahoma, 73069, United States",United States
NCT06851858,"Research Site, Knoxville, Tennessee, 37909, United States",United States
NCT06851858,"Research Site, San Antonio, Texas, 78229, United States",United States
NCT03084965,"Research Site, Changhua, Taiwan",Taiwan
NCT03084965,"Research Site, Chiayi City, Taiwan",Taiwan
NCT03084965,"Research Site, Kaohsiung City, Taiwan",Taiwan
NCT03084965,"Research Site, New Taipei City, Taiwan",Taiwan
NCT03084965,"Research Site, Taichung, Taiwan",Taiwan
NCT03084965,"Research Site, Tainan, Taiwan",Taiwan
NCT03084965,"Research Site, Taipei, Taiwan",Taiwan
NCT03084965,"Research Site, Taoyuan, Taiwan",Taiwan
NCT03059719,"No.1 Hospital of Peking University, Beijing, Beijing Municipality, 100191, China",China
NCT02749435,"Research Site, Dundee, Angus, United Kingdom",United Kingdom
NCT02749435,"Research Site, Cardiff, Cardiff [Caerdydd Gb-crd], United Kingdom",United Kingdom
NCT02749435,"Research Site, Muirhead, Dundee City, United Kingdom",United Kingdom
NCT02749435,"Research Site, Flintshire, Flintshire [Sir Y Fflint Gb-ff, United Kingdom",United Kingdom
NCT02749435,"Research Site, London, Harrow, United Kingdom",United Kingdom
NCT02749435,"Research Site, Manchester, Lancashire, United Kingdom",United Kingdom
NCT02749435,"Research Site, Oldham, Manchester, United Kingdom",United Kingdom
NCT02749435,"Research Site, Mid Glamorgan, Mid Glamorgan, United Kingdom",United Kingdom
NCT02749435,"Research Site, Bonnyrigg, Midlothian, United Kingdom",United Kingdom
NCT02749435,"Research Site, Edinburgh, Midlothian, United Kingdom",United Kingdom
NCT02749435,"Research Site, Fife, United Kingdom",United Kingdom
NCT02749435,"Research Site, Leicester, United Kingdom",United Kingdom
NCT02749435,"Research Site, London, United Kingdom",United Kingdom
NCT02749435,"Research Site, Stockport, United Kingdom",United Kingdom
NCT01671189,"San Mateo Medical Center, San Mateo, California, 94403, United States",United States
NCT00995787,"Research Site, San Diego, California, United States",United States
NCT04092738,"IDIAP Jordi Gol, Barcelona, 08007, Spain",Spain
NCT03047486,"Endocrinology Unit and Clinical Research Center Basse Normandie, University Hospital of Caen, Caen, 14000, France",France
NCT07355738,"The Second Affiliated Hospital of Soochow University, Suzhou, Suzhou, China",China
NCT07385547,"Syneos Miami, Miami, Florida, 33136, United States",United States
NCT07385547,"Panax Clinical Research, Miami Lakes, Florida, 33014, United States",United States
NCT07385547,"Orlando Clinical Research Center (OCRC), Orlando, Florida, 32809, United States",United States
NCT05364476,"EVYD Technology Limited, Singapore, 078994, Singapore",Singapore
NCT02144948,"Carus-Hausarztpraxis, Dresden, 01307, Germany",Germany
NCT06652971,"Bumin Hospital, Gangseo-gu, Seoul, 07590, South Korea",South Korea
NCT01197092,"CFI Centrum für Integrative Medizin, Speyer, D-67346, Germany",Germany
NCT03907202,"Profil Institut für Stoffwechselforschung GmbH, Neuss, D-41460, Germany",Germany
NCT06386328,"Gimpo Woori hospital, Gimpo-si, Gyeonggi-do, 10099, South Korea",South Korea
NCT01261494,"Site n°12, Banja Luka, 78000, Bosnia and Herzegovina",Bosnia and Herzegovina
NCT01261494,"Site n°11, Sarajevo, 71000, Bosnia and Herzegovina",Bosnia and Herzegovina
NCT01261494,"Site n°22, Riga, LV 1002, Latvia",Latvia
NCT01261494,"Site n°21, Riga, LV 1004, Latvia",Latvia
NCT01261494,"Site n°23, Valmiera, LV4201, Latvia",Latvia
NCT01261494,"Site n°41, Bălţi, 3112, Moldova",Moldova
NCT01261494,"Site n°42, Chisinau, 2025, Moldova",Moldova
NCT01261494,"Site n°43, Chisinau, 2068, Moldova",Moldova
NCT01261494,"Site n°33, Bitola, 7000, North Macedonia",North Macedonia
NCT01261494,"Site n°31, Skopje, 1000, North Macedonia",North Macedonia
NCT01261494,"Site n°32, Skopje, 1000, North Macedonia",North Macedonia
NCT01261494,"Site n°72, Oradea, Bihor County, 410167, Romania",Romania
NCT01261494,"Site n°66, Buzău, Buzău, 120203, Romania",Romania
NCT01261494,"Site n°64, Cluj-Napoca, Cluj, 400006, Romania",Romania
NCT01261494,"Site n°65, Baia Mare, Maramureş, 430123, Romania",Romania
NCT01261494,"Site n°63, Târgu Mureş, Mureș County, 540098, Romania",Romania
NCT01261494,"Site n°62, Târgu Mureş, Mureș County, 540142, Romania",Romania
NCT01261494,"Site n°71, Ploieşti, Prahova, 100163, Romania",Romania
NCT01261494,"Site n°70, Ploieşti, Prahova, 100342, Romania",Romania
NCT01261494,"Site n°61, Sibiu, Sibiu County, 550245, Romania",Romania
NCT01261494,"Site n°67, Bucharest, 020045, Romania",Romania
NCT01261494,"Site n°69, Bucharest, 020045, Romania",Romania
NCT01261494,"Site n°68, Bucharest, 020475, Romania",Romania
NCT01261494,"Site n°52, Belgrade, 11000, Serbia",Serbia
NCT01261494,"Site n°53, Belgrade, 11000, Serbia",Serbia
NCT01261494,"Site n°56, Belgrade, 11000, Serbia",Serbia
NCT01261494,"Site n°54, Kragujevac, 34000, Serbia",Serbia
NCT01261494,"Site n°51, Niš, 18000, Serbia",Serbia
NCT07361341,"Wake Forest University Health Sciences, Winston-Salem, North Carolina, 27157, United States",United States
NCT06671587,"Investigational Site Number: 1560001, Beijing, 100730, China",China
NCT05952219,"Chonbuk National University Hospital, Jeonju, South Korea",South Korea
NCT00306176,"AHEPA University Hospital of Thessaloniki, Thessaloniki, Thessaloniki, 54454, Greece",Greece
NCT03478202,"Buynak Clinical Research, Valparaiso, Indiana, 46385, United States",United States
NCT01514838,"Busan, South Korea",South Korea
NCT01514838,"Daegu, South Korea",South Korea
NCT01514838,"Daejeon, South Korea",South Korea
NCT01514838,"Gwangju, South Korea",South Korea
NCT01514838,"Incheon, South Korea",South Korea
NCT01514838,"Seongnam, South Korea",South Korea
NCT01514838,"Seoul, South Korea",South Korea
NCT01514838,"Wŏnju, South Korea",South Korea
NCT01514838,"Changha, Taiwan",Taiwan
NCT01514838,"Chiayi City, Taiwan",Taiwan
NCT01514838,"Kaohsiung City, Taiwan",Taiwan
NCT01514838,"Taichung, Taiwan",Taiwan
NCT01514838,"Tainan, Taiwan",Taiwan
NCT01514838,"Taipei, Taiwan",Taiwan
NCT01514838,"Taoyuan, Taiwan",Taiwan
NCT05719155,"Seoul National University Hospital, Seoul, Jongno-gu, 03080, South Korea",South Korea
NCT01523405,"Research Site, Vijayawada, Andhara Pradesh, India",India
NCT01523405,"Research Site, Hanamkoda, Andhra Pradesh, India",India
NCT01523405,"Research Site, Hyderabad, Andhra Pradesh, India",India
NCT01523405,"Research Site, Kammam, Andhra Pradesh, India",India
NCT01523405,"Research Site, Khammam, Andhra Pradesh, India",India
NCT01523405,"Research Site, Kurnool, Andhra Pradesh, India",India
NCT01523405,"Research Site, Nellore, Andhra Pradesh, India",India
NCT01523405,"Research Site, Vijayawada, Andhra Pradesh, India",India
NCT01523405,"Research Site, Visakhapatnam, Andhra Pradesh, India",India
NCT01523405,"Research Site, Guwahati, Assam, India",India
NCT01523405,"Research Site, Mysore, Bangalore, India",India
NCT01523405,"Research Site, Bilāspur, Chhattisgarh, India",India
NCT01523405,"Research Site, Raipur, Chhattisgarh, India",India
NCT01523405,"Research Site, Mapusa, Goa, India",India
NCT01523405,"Research Site, Ahemdabad, Gujarat, India",India
NCT01523405,"Research Site, Ahmedabad, Gujarat, India",India
NCT01523405,"Research Site, Anand, Gujarat, India",India
NCT01523405,"Research Site, Chennai, Gujarat, India",India
NCT01523405,"Research Site, Nadiād, Gujarat, India",India
NCT01523405,"Research Site, Vadodara, Gujarat, India",India
NCT01523405,"Research Site, Karnāl, Haryana, India",India
NCT01523405,"Research Site, Panchkula, Haryana, India",India
NCT01523405,"Research Site, Dhanbad, Jharkhand, India",India
NCT01523405,"Research Site, Ranchi, Jharkhand, India",India
NCT01523405,"Research Site, Bangalore, Karnataka, India",India
NCT01523405,"Research Site, Kanpur, Karnataka, India",India
NCT01523405,"Research Site, Mangalore, Karnataka, India",India
NCT01523405,"Research Site, Mysore, Karnataka, India",India
NCT01523405,"Research Site, Trichy, Karnataka, India",India
NCT01523405,"Research Site, Hubli, Karnatka, India",India
NCT01523405,"Research Site, Mangalore, Karnatka, India",India
NCT01523405,"Research Site, Mysore, Karnatka, India",India
NCT01523405,"Research Site, Kannur, Kerala, India",India
NCT01523405,"Research Site, Bhopal, Madhya Pradesh, India",India
NCT01523405,"Research Site, Gwalior, Madhya Pradesh, India",India
NCT01523405,"Research Site, Indore, Madhya Pradesh, India",India
NCT01523405,"Research Site, Indore(MP), Madhya Pradesh, India",India
NCT01523405,"Research Site, Ujjain, Madhya Pradesh, India",India
NCT01523405,"Research Site, Mumbai, Maharashtra, India",India
NCT01523405,"Research Site, Pune, Maharashtra, India",India
NCT01523405,"Research Site, Pune, Mahrastra, India",India
NCT01523405,"Research Site, Delhi, National Capital Territory of Delhi, India",India
NCT01523405,"Research Site, Delhi, New Delhi, India",India
NCT01523405,"Research Site, New Delhi, New Delhi, India",India
NCT01523405,"Research Site, New Delh, New Delhi, India",India
NCT01523405,"Research Site, Bhubaneswar, Odisha, India",India
NCT01523405,"Research Site, Puducherry, Puducherry, India",India
NCT01523405,"Research Site, Ludhiana, Punjab, India",India
NCT01523405,"Research Site, Jaipur, Rajasthan, India",India
NCT01523405,"Research Site, Jodhpur, Rajasthan, India",India
NCT01523405,"Research Site, Kota, Rajasthan, India",India
NCT01523405,"Research Site, Pushkar, Rajasthan, India",India
NCT01523405,"Research Site, Chennai, Tamil Nadu, India",India
NCT01523405,"Research Site, Coimbatore, Tamil Nadu, India",India
NCT01523405,"Research Site, Cuddlore, Tamil Nadu, India",India
NCT01523405,"Research Site, Kanchipuram, Tamil Nadu, India",India
NCT01523405,"Research Site, Karaikal, Tamil Nadu, India",India
NCT01523405,"Research Site, Madurai, Tamil Nadu, India",India
NCT01523405,"Research Site, Thuckalay, Tamil Nadu, India",India
NCT01523405,"Research Site, Trichy, Tamil Nadu, India",India
NCT01523405,"Research Site, Vellore, Tamil Nadu, India",India
NCT01523405,"Research Site, Bhilāi, Uttar Pradesh, India",India
NCT01523405,"Research Site, Fatepur, Uttar Pradesh, India",India
NCT01523405,"Research Site, Ghaziabad, Uttar Pradesh, India",India
NCT01523405,"Research Site, Gorakhpur, Uttar Pradesh, India",India
NCT01523405,"Research Site, Kanpur, Uttar Pradesh, India",India
NCT01523405,"Research Site, Lucknow, Uttar Pradesh, India",India
NCT01523405,"Research Site, Noida, Uttar Pradesh, India",India
NCT01523405,"Research Site, Kolkata, West Bangal, India",India
NCT01523405,"Research Site, Kolkata, West Bengal, India",India
NCT01972724,"Chagwon, South Korea",South Korea
NCT01972724,"Daegu, South Korea",South Korea
NCT01972724,"Daejeon, South Korea",South Korea
NCT01972724,"Gwangju, South Korea",South Korea
NCT01972724,"Gyeonggi-do, South Korea",South Korea
NCT01972724,"Jeonju, South Korea",South Korea
NCT01972724,"Seoul, South Korea",South Korea
NCT01972724,"Ulsan, South Korea",South Korea
NCT01972724,"Wŏnju, South Korea",South Korea
NCT00131287,"Chung-Hua Hsu, Taipei, 886, Taiwan",Taiwan
NCT05743387,"SolidarMed Lesotho, Maseru, Lesotho",Lesotho
NCT05743387,"University of Basel, Division of Clinical Epidemiology, Basel, 4051, Switzerland",Switzerland
NCT05544214,"Korea University Anam Hospital, Seoul, South Korea",South Korea
NCT05452525,"Seoul National University Hospital, Seoul, Jongno-gu, 03080, South Korea",South Korea
NCT05274880,"Korea University Guro Hospital, Seoul, South Korea",South Korea
NCT01969084,"Beth Israel Deaconess Medical Center, Boston, Massachusetts, 02215, United States",United States
NCT01262586,"Novartis Investigative Site, Mainz, Germany",Germany
NCT00863954,"pico-tesla Magnetic Therapies, Littleton, Colorado, 80120, United States",United States
NCT01311401,"Ziv Medical Center, Safed, 13110, Israel",Israel
NCT02036372,"Academic Medical Center Amsterdam, Amsterdam, Please Select, 1105AZ, Netherlands",Netherlands
NCT02036372,"Onze Lieve Vrouwe Gasthuis, Amsterdam, Netherlands",Netherlands
NCT02036372,"Diakonessenhuis, Utrecht, 3582 KE, Netherlands",Netherlands
NCT07029009,"Cincinnati Children's Hospital Medical Center, Cincinnati, Ohio, 45229, United States",United States
NCT01453751,"Ageless Regenerative Institute LLC, Aventura, Florida, 33180, United States",United States
NCT03601910,"The Catholic University of Korea, Seoul ST. Mary's Hospital, Seoul, South Korea",South Korea
NCT00309751,"CCBR Aalborg, Aalborg, Denmark",Denmark
NCT00309751,"CCBR A/S, Ballerup Municipality, Denmark",Denmark
NCT00309751,"CCBR Vejle, Vejle, Denmark",Denmark
NCT00309751,"Gemeinschaftspraxis am Bahnhof, Berlin-Spandau, Germany",Germany
NCT00309751,"Pharmakologisches Studienzentum Chemnitz, Chemnitz, Germany",Germany
NCT00309751,"Internistische Diabetische Schwerpunktpraxis Dr., Frankfurt am Main, Germany",Germany
NCT00309751,"Internistische Gemeinschaftspraxis, Mainz, Germany",Germany
NCT00309751,"Gemeinschaftspraxis Dr. Senftleber, Dr. Kohler, Messkirch, Germany",Germany
NCT00309751,"Bhagwan Mahaveer Jain Heart Centre, Bangalore, India",India
NCT00309751,"Sri Ramachandra Medical College Hospital, Chennai, India",India
NCT00309751,"Apollo Hospitals, Hyderabaad, India",India
NCT00309751,"CARE Group of Hospitals, Hyderabaad, India",India
NCT00309751,"PD Hinduja Hospital, Mumbai, India",India
NCT00309751,"Andromed Breda, Breda, Netherlands",Netherlands
NCT00309751,"Andromed Eindhoven, Eindhoven, Netherlands",Netherlands
NCT00309751,"Andromed Noord, Groningen, Netherlands",Netherlands
NCT00309751,"Andromed Leiden, Leiden, Netherlands",Netherlands
NCT00309751,"Andromed Nijmegen, Nijmegen, Netherlands",Netherlands
NCT00309751,"Andromed Rotterdam, Rotterdam, Netherlands",Netherlands
NCT00309751,"Andromed Oost, Velp, Netherlands",Netherlands
NCT00309751,"Andromed Zoetermeer, Zoetermeer, Netherlands",Netherlands
NCT00309751,"Podlaski Osrodek Kardiologii, Bialystok, Poland",Poland
NCT00309751,"NZOZ GCP Dobra Praktyka Lekaska, Gruziadz, Poland",Poland
NCT00309751,"NZOZ Terapia Optima, Katowice, Poland",Poland
NCT00309751,"NZOZ Centrum, Poradnia Kardiologiczna, Siedlce, Poland",Poland
NCT00309751,"Spec. Gab. Lek. Internistyczno-Kardiologicznly, Tarnów, Poland",Poland
NCT00309751,"Woj.Szp.Spec.Nr 1 im. Prof. J. Gasinskiego, Tychy, Poland",Poland
NCT00309751,"Instytut Zywnosci i Zywienia, Warsaw, Poland",Poland
NCT00309751,"Lecznica PROSEN SMO, Warsaw, Poland",Poland
NCT00309751,"Szpital Wolski,im. Dr A. Gostynskiej, Warsaw, Poland",Poland
NCT00309751,"NZOZ Esculap, Przychodnia Lekary Rodzinnych, Łosice, Poland",Poland
NCT00309751,"Synexus Reading Clinical Research Centre, Berkshire, United Kingdom",United Kingdom
NCT00309751,"Synexus Lancashire Clinical Research Centre, Lancashire, United Kingdom",United Kingdom
NCT00309751,"Synexus Merseyside Clinical Research Centre, Liverpool, United Kingdom",United Kingdom
NCT00309751,"Synexus Manchester Clinical Research Centre, Manchester, United Kingdom",United Kingdom
NCT03616392,"Chonbuk National University Hospital, Jeonju, South Korea",South Korea
NCT01566981,"Department of family medicine in Ljubljana, Ljubljana, 1000, Slovenia",Slovenia
NCT01566981,"Department of Family medicine, Medical Faculty, Ljubljana, 1000, Slovenia",Slovenia
NCT01076829,"David Geffen School of Medicine, UCLA Center for Human Nutrtiion, Los Angeles, California, 90095, United States",United States
NCT03025919,"Department of Endocrinology, Zhongda Hospital, Institute of Diabetes, Southeast University, Nanjing, Jiangsu, China",China
NCT06912737,"The Ohio State University Wexner Medical Center, Columbus, Ohio, 43210, United States",United States
NCT02175121,"Anaheim Clinical Trials, LLC, Anaheim, California, 92801, United States",United States
NCT02175121,"Profil Institute for Clinical Research, Inc., Chula Vista, California, 91911, United States",United States
NCT02175121,"Diablo Clinical Research, Inc., Walnut Creek, California, 94598, United States",United States
NCT02175121,"Avail Clinical Research, LLC, DeLand, Florida, 32720, United States",United States
NCT02175121,"SeaView Research, Inc., Miami, Florida, 33125, United States",United States
NCT02175121,"SeaView Research, Inc., Miami, Florida, 33126, United States",United States
NCT02175121,"Compass Research, LLC, Orlando, Florida, 32806, United States",United States
NCT02175121,"Miami Research Associates, Inc., South Miami, Florida, 33143, United States",United States
NCT02175121,"MRA Clinical Research, LLC, South Miami, Florida, 33143, United States",United States
NCT02175121,"MRA Clinical Research, South Miami, Florida, 33143, United States",United States
NCT02175121,"Louisville Metabolic and Atherosclerosis Research Center, Louisville, Kentucky, 40213, United States",United States
NCT02175121,"DaVita Clinical Research, Minneapolis, Minnesota, 55404, United States",United States
NCT02175121,"Clinilabs, Inc., Eatontown, New Jersey, 07724, United States",United States
NCT02175121,"PRA International, Marlton, New Jersey, 08053, United States",United States
NCT02175121,"Buffalo Clinical Research Center, LLC, Buffalo, New York, 14202, United States",United States
NCT02175121,"High Point Clinical Trials Center, LLC, High Point, North Carolina, 27265, United States",United States
NCT02175121,"Community Research, Cincinnati, Ohio, 45255, United States",United States
NCT02175121,"Clinical Trials of Texas, Inc., San Antonio, Texas, 78229, United States",United States
NCT02175121,"Rainier Clinical Research Center, Inc., Renton, Washington, 98057, United States",United States
NCT02761018,"Mike O'Callaghan Federal Medical Center, Nellis Air Force Base, Nevada, 89191, United States",United States
NCT01505426,"Busan, South Korea",South Korea
NCT01505426,"Daegu, South Korea",South Korea
NCT01505426,"Daejeon, South Korea",South Korea
NCT01505426,"Gwangju, South Korea",South Korea
NCT01505426,"Incheon, South Korea",South Korea
NCT01505426,"Jeonju, South Korea",South Korea
NCT01505426,"Seoul, South Korea",South Korea
NCT01505426,"Wŏnju, South Korea",South Korea
NCT01505426,"Kaohsiung City, Taiwan",Taiwan
NCT01505426,"Taichung, Taiwan",Taiwan
NCT01505426,"Tainan, Taiwan",Taiwan
NCT01505426,"Taipei, Taiwan",Taiwan
NCT02592421,"University of Texas Health Science Center at San Antonio, San Antonio, Texas, 78229, United States",United States
NCT00952445,"Whittier Diabetes Institute, La Jolla, California, United States",United States
NCT00952445,"Charles R. Drew University, Los Angeles, California, United States",United States
NCT00952445,"National Research Institute, Los Angeles, California, United States",United States
NCT00952445,"Lovelace Research Institute, Santa Ana, California, United States",United States
NCT00952445,"University of Miami, Miami, Florida, United States",United States
NCT00952445,"GFI Research Center, Evansville, Indiana, United States",United States
NCT00952445,"Joslin Diabetes Center, Boston, Massachusetts, United States",United States
NCT00952445,"Radiant Research, Edina, Minnesota, United States",United States
NCT00952445,"Radiant Research, St Louis, Missouri, United States",United States
NCT00952445,"St Louis Center for Clinical Research, St Louis, Missouri, United States",United States
NCT00952445,"Kaleida Health Diabetes Center, Buffalo, New York, United States",United States
NCT00952445,"Rochester Clinical Research, Rochester, New York, United States",United States
NCT00952445,"Duke University Medical Center, Durham, North Carolina, United States",United States
NCT00952445,"Radiant Research, Portland, Oregon, United States",United States
NCT00952445,"Radiant Research, Anderson, South Carolina, United States",United States
NCT00952445,"Baylor University Endocrine Center, Dallas, Texas, United States",United States
NCT00952445,"Dallas Diabetes and Endocrine Research Center, Dallas, Texas, United States",United States
NCT00952445,"Endocrine Associates of Dallas, Dallas, Texas, United States",United States
NCT00952445,"Diabetes and Grandular Disease Clinic and Reseach Center, San Antonio, Texas, United States",United States
NCT00952445,"Endocrine Research Specialists, Ogden, Utah, United States",United States
NCT00952445,"Salem VA Medical Center, Salem, Virginia, United States",United States
NCT00344370,"CCBR Aalborg, Aalborg, Denmark",Denmark
NCT00344370,"CCBR A/S, Vejle, Denmark",Denmark
NCT00344370,"CCBR Vejle, Vejle, Denmark",Denmark
NCT00344370,"Gemeinschaftspraxis am Bahnhof, Berlin-Spandau, Germany",Germany
NCT00344370,"Pharmakologisches Studienzentum Chemnitz, Chemnitz, Germany",Germany
NCT00344370,"Internistische Diabetische Schwerpunktpraxis Dr., Frankfurt am Main, Germany",Germany
NCT00344370,"Internistische Gemeinschaftspraxis, Mainz, Germany",Germany
NCT00344370,"Gemeinschaftspraxis Dr. Senftleber, Dr. Kohler, Messkirch, Germany",Germany
NCT00344370,"Bhagwan Mahaveer Jain Heart Centre, Bangalore, India",India
NCT00344370,"Sri Ramachandra Medical College Hospital, Chennai, India",India
NCT00344370,"Apollo Hospitals, Hyderabaad, India",India
NCT00344370,"CARE Group of Hospitals, Hyderabaad, India",India
NCT00344370,"PD Hinduja Hospital, Mumbai, India",India
NCT00344370,"Andromed Breda, Breda, Netherlands",Netherlands
NCT00344370,"Andromed Eindhoven, Eindhoven, Netherlands",Netherlands
NCT00344370,"Andromed Noord, Groningen, Netherlands",Netherlands
NCT00344370,"Andromed Leiden, Leiden, Netherlands",Netherlands
NCT00344370,"Andromed Nijmegen, Nijmegen, Netherlands",Netherlands
NCT00344370,"Andromed Rotterdam, Rotterdam, Netherlands",Netherlands
NCT00344370,"Andromed Oost, Velp, Netherlands",Netherlands
NCT00344370,"Andromed Zoetermeer, Zoetermeer, Netherlands",Netherlands
NCT00344370,"Podlaski Osrodek Kardiologii, Bialystok, Poland",Poland
NCT00344370,"NZOZ GCP Dobra Praktyka Lekaska, Gruziadz, Poland",Poland
NCT00344370,"NZOZ Terapia Optima, Katowice, Poland",Poland
NCT00344370,"NZOZ Centrum, Poradnia Kardiologiczna, Siedlce, Poland",Poland
NCT00344370,"Spec. Gab. Lek. Internistyczno-Kardiologicznly, Tarnów, Poland",Poland
NCT00344370,"Woj.Szp.Spec.Nr 1 im. Prof. J. Gasinskiego, Tychy, Poland",Poland
NCT00344370,"Instytut Zywnosci i Zywienia, Warsaw, Poland",Poland
NCT00344370,"Lecznica PROSEN SMO, Warsaw, Poland",Poland
NCT00344370,"Szpital Wolski,im. Dr A. Gostynskiej, Warsaw, Poland",Poland
NCT00344370,"NZOZ Esculap, Przychodnia Lekary Rodzinnych, Łosice, Poland",Poland
NCT00344370,"Synexus Reading Clinical Research Centre, Berkshire, United Kingdom",United Kingdom
NCT00344370,"Synexus Lancashire Clinical Research Centre, Lancashire, United Kingdom",United Kingdom
NCT00344370,"Synexus Merseyside Clinical Research Centre, Liverpool, United Kingdom",United Kingdom
NCT00344370,"Synexus Manchester Clinical Research Centre, Manchester, United Kingdom",United Kingdom
NCT03112382,"theoutpatient clinics, department of internal medicine, Cairo University teaching hospitals,, Cairo, Egypt",Egypt
NCT02156349,"Private Practice, Altenstadt, 63674, Germany",Germany
NCT02156349,"Internistische Gemeinschaftspraxis, Augsburg, 86179, Germany",Germany
NCT02156349,"Forschungsinstitut der Diabetes Akademie Mergentheim (FIDAM), Bad Mergentheim, 97980, Germany",Germany
NCT02156349,"Private Practice, Bad Säckingen, 79713, Germany",Germany
NCT02156349,"Private Practice, Berlin, 01627, Germany",Germany
NCT02156349,"MVZ am Bahnhof Spandau, Berlin, 13597, Germany",Germany
NCT02156349,"Gemeinschaftspraxis, Bitburg, 54634, Germany",Germany
NCT02156349,"Private Practice, Buxtehude, 21614, Germany",Germany
NCT02156349,"Praxis Kugler, Cologne, 50858, Germany",Germany
NCT02156349,"Private Practice, Cuxhaven, 27474, Germany",Germany
NCT02156349,"Diabetologicum Dresden, Dresden, 01219, Germany",Germany
NCT02156349,"Universitätsklinikum Carl Gustav Carus, Dresden, 01307, Germany",Germany
NCT02156349,"Gemeinschaftspraxis Schaden, Düsseldorf, 40212, Germany",Germany
NCT02156349,"Private Practice, Essen, 45329, Germany",Germany
NCT02156349,"Schwerpunktpraxis für Diabetes, Gefäß- und Ernährungsmedizin, Falkensee, 14612, Germany",Germany
NCT02156349,"Private Practice, Frankfurt am Main, 60326, Germany",Germany
NCT02156349,"Gemeinschaftspraxis, Fulda, 36039, Germany",Germany
NCT02156349,"Private Practice, Gelnhausen, 63571, Germany",Germany
NCT02156349,"Hausärztliche internistische Gemeinschaftspraxis Giessen, Giessen, 35390, Germany",Germany
NCT02156349,"Diabetes- und Gesundheitszentrum Göttingen, Göttingen, 37073, Germany",Germany
NCT02156349,"Private Practice, Gummersbach, 51645, Germany",Germany
NCT02156349,"Private Practice, Hamburg, 21109, Germany",Germany
NCT02156349,"Diabeteszentrum, Hamburg, 22119, Germany",Germany
NCT02156349,"Private Practice, Hanau, 63450, Germany",Germany
NCT02156349,"Integriertes Diabetiker-Zentrum Hannover, Hanover, 30159, Germany",Germany
NCT02156349,"Gemeinschaftspraxis, Herne, 44653, Germany",Germany
NCT02156349,"Gemeinschaftspraxis im Altstadt-Carree, Hessen, 36037, Germany",Germany
NCT02156349,"Private Practice, Immenhausen, 34376, Germany",Germany
NCT02156349,"Universitätsklinikum Jena, Klinik für Innere Medizin III, Jena, 07743, Germany",Germany
NCT02156349,"Diabeteszentrum Kassel, Kassel, 34117, Germany",Germany
NCT02156349,"Internistische Praxis Lampertheim, Lampertheim, 68623, Germany",Germany
NCT02156349,"Private Practice, Lauf (Pegnitz), 91207, Germany",Germany
NCT02156349,"Private Practice, Laupheim, 88471, Germany",Germany
NCT02156349,"Private Practice, Lingen, 49808, Germany",Germany
NCT02156349,"Diabetes-Zentrum Neustadt, Neustadt am Rübenberge, 31535, Germany",Germany
NCT02156349,"Diabetologische Schwerpunktpraxis, Nordrhein-Westfalen, 46537, Germany",Germany
NCT02156349,"Private Practice, Offenbach, 63065, Germany",Germany
NCT02156349,"Diabetes Praxis Oranienburg, Oranienburg, 16515, Germany",Germany
NCT02156349,"Arztpraxis fur Allg-Med, Pirna, 01796, Germany",Germany
NCT02156349,"Private Practice, Porta Westfalica, 32457, Germany",Germany
NCT02156349,"Private Practice, Rehburg-Loccum, 31547, Germany",Germany
NCT02156349,"Gemeinschaftspraxis, Rhaunen, 55624, Germany",Germany
NCT02156349,"Pivate Practice, Rüsselsheim am Main, 65428, Germany",Germany
NCT02156349,"Ambulanzzentrum Schweinfurt, Schweinfurt, 97421, Germany",Germany
NCT02156349,"Versdias Gmbh, Sulzbach-Rosenberg, 92237, Germany",Germany
NCT02156349,"Private Practice, Trier, 54292, Germany",Germany
NCT02156349,"Gemeinschaftspraxis am Bärenplatz, Villingen-Schwenningen, 78054, Germany",Germany
NCT02156349,"Diabetolog. Schwerpunktpraxis, Wiesbaden, 65183, Germany",Germany
NCT02156349,"Internistische Praxis, Zierenberg, 34289, Germany",Germany
NCT02156349,"Arztpraxis Zossen / Dabendorf, Zossen, 15806, Germany",Germany
NCT00970424,"Forest Investigative Site 064, Birmingham, Alabama, 35205, United States",United States
NCT00970424,"Forest Investigative Site 020, Birmingham, Alabama, 35235, United States",United States
NCT00970424,"Forest Investigative Site 059, Chandler, Arizona, 85225, United States",United States
NCT00970424,"Forest Investigative Site 096, Litchfield, Arizona, 85340, United States",United States
NCT00970424,"Forest Investigative Site 098, Phoenix, Arizona, 85020, United States",United States
NCT00970424,"Forest Investigative Site 044, Scottsdale, Arizona, 85254, United States",United States
NCT00970424,"Forest Investigative Site 087, Tucson, Arizona, 85741, United States",United States
NCT00970424,"Forest Investigative Site 061, Anaheim, California, 92801, United States",United States
NCT00970424,"Forest Investigative Site 041, Chula Vista, California, 91911, United States",United States
NCT00970424,"Forest Investigative Site 049, Encinitas, California, 92024, United States",United States
NCT00970424,"Forest Investigative Site 022, Greenbrae, California, 94904, United States",United States
NCT00970424,"Forest Investigative Site 047, Harbor City, California, 90710, United States",United States
NCT00970424,"Forest Investigative Site 010, Huntington Park, California, 90255, United States",United States
NCT00970424,"Forest Investigative Site 111, Northridge, California, 91325, United States",United States
NCT00970424,"Forest Investigative Site 031, Riverside, California, 92506, United States",United States
NCT00970424,"Forest Investigative Site 091, Roseville, California, 95661, United States",United States
NCT00970424,"Forest Investigative Site 067, Sacramento, California, 95821, United States",United States
NCT00970424,"Forest Investigative Site 112, Santa Ana, California, 92701, United States",United States
NCT00970424,"Forest Investigative Site 011, Walnut Creek, California, 94598, United States",United States
NCT00970424,"Forest Investigative Site 063, West Hills, California, 91307, United States",United States
NCT00970424,"Forest Investigative Site 115, Colorado Springs, Colorado, 80910, United States",United States
NCT00970424,"Forest Investigative Site 073, Clearwater, Florida, 33765, United States",United States
NCT00970424,"Forest Investigative Site 004, Daytona Beach, Florida, 32117, United States",United States
NCT00970424,"Forest Investigative Site 052, DeLand, Florida, 32720, United States",United States
NCT00970424,"Forest Investigative Site 062, Jacksonville, Florida, 32205, United States",United States
NCT00970424,"Forest Investigative Site 021, Miami, Florida, 33169, United States",United States
NCT00970424,"Forest Investigative Site 050, Miami, Florida, 33183, United States",United States
NCT00970424,"Forest Investigative Site 122, Miami, Florida, 33186, United States",United States
NCT00970424,"Forest Investigative Site 015, Orlando, Florida, 32806, United States",United States
NCT00970424,"Forest Investigative Site 018, Sarasota, Florida, 34239, United States",United States
NCT00970424,"Forest Investigative Site 075, St. Petersburg, Florida, 33716, United States",United States
NCT00970424,"Forest Investigative Site 026, West Palm Beach, Florida, 33401, United States",United States
NCT00970424,"Forest Investigative Site 045, Atlanta, Georgia, 30338, United States",United States
NCT00970424,"Forest Investigative Site 079, Augusta, Georgia, 30909, United States",United States
NCT00970424,"Forest Investigative Site 009, Meridian, Idaho, 83646, United States",United States
NCT00970424,"Forest Investigative Site 60, Melrose Park, Illinois, 60160, United States",United States
NCT00970424,"Forest Investigative Site 030, Peoria, Illinois, 61614, United States",United States
NCT00970424,"Forest Investigative Site 100, Evansville, Indiana, 47710, United States",United States
NCT00970424,"Forest Investigative Site 097, Evansville, Indiana, 47713, United States",United States
NCT00970424,"Forest Investigative Site 053, Kansas City, Kansas, 66160, United States",United States
NCT00970424,"Forest Investigative Site 008, Wichita, Kansas, 67203, United States",United States
NCT00970424,"Forest Investigative Site 078, Erlanger, Kentucky, 41018, United States",United States
NCT00970424,"Forest Investigative Site 024, Madisonville, Kentucky, 42431, United States",United States
NCT00970424,"Forest Investigative Site 034, Covington, Louisiana, 70433, United States",United States
NCT00970424,"Forest Investigative Site 035, Baltimore, Maryland, 21204, United States",United States
NCT00970424,"Forest Investigative Site 046, Oxon Hill, Maryland, 20745, United States",United States
NCT00970424,"Forest Investigative Site 118, New Bedford, Massachusetts, 02740, United States",United States
NCT00970424,"Forest Investigative Site 007, Waltham, Massachusetts, 02453, United States",United States
NCT00970424,"Forest Investigative Site 002, Dearborn, Michigan, 48126, United States",United States
NCT00970424,"Forest Investigative Site 029, Saint Clair Shores, Michigan, 48081, United States",United States
NCT00970424,"Forest Investigative Site 054, Edina, Minnesota, 55435, United States",United States
NCT00970424,"Forest Investigative Site 013, Grand Island, Nebraska, 68803, United States",United States
NCT00970424,"Forest Investigative Site 072, Las Vegas, Nevada, 89101, United States",United States
NCT00970424,"Forest Investigative Site 065, Las Vegas, Nevada, 89117, United States",United States
NCT00970424,"Forest Investigative Site 081, New Hyde Park, New York, 11042, United States",United States
NCT00970424,"Forest Investigative Site 016, New York, New York, 10019, United States",United States
NCT00970424,"Forest Investigative Site 094, Charlotte, North Carolina, 28204, United States",United States
NCT00970424,"Forest Investigative Site 051, Charlotte, North Carolina, 28209, United States",United States
NCT00970424,"Forest Investigative Site 117, Charlotte, North Carolina, 28277, United States",United States
NCT00970424,"Forest Investigative Site 058, Lenoir, North Carolina, 28645, United States",United States
NCT00970424,"Forest Investigative Site 038, Morehead City, North Carolina, 28557, United States",United States
NCT00970424,"Forest Investigative Site 040, Salisbury, North Carolina, 28144, United States",United States
NCT00970424,"Forest Investigative Site 039, Akron, Ohio, 44311, United States",United States
NCT00970424,"Forest Investigative Site 023, Cincinnati, Ohio, 45242, United States",United States
NCT00970424,"Forest Investigative Site 043, Columbus, Ohio, 43201, United States",United States
NCT00970424,"Forest Investigative Site 057, Dayton, Ohio, 45406, United States",United States
NCT00970424,"Forest Investigative Site 032, Kettering, Ohio, 45429, United States",United States
NCT00970424,"Forest Investigative Site 149, Norman, Oklahoma, 73069, United States",United States
NCT00970424,"Forest Investigative Site 102, Ashland, Oregon, 97520, United States",United States
NCT00970424,"Forest Investigative Site 005, Eugene, Oregon, 97404, United States",United States
NCT00970424,"Forest Investigative Site 037, Harleysville, Pennsylvania, 19438, United States",United States
NCT00970424,"Forest Investigative Site 066, Philadelphia, Pennsylvania, 19152, United States",United States
NCT00970424,"Forest Investigative Site 036, Tipton, Pennsylvania, 16684, United States",United States
NCT00970424,"Forest Investigative Site 103, Greer, South Carolina, 29651, United States",United States
NCT00970424,"Forest Investigative Site 090, Manning, South Carolina, 29102, United States",United States
NCT00970424,"Forest Investigative Site 033, Pelzer, South Carolina, 29669, United States",United States
NCT00970424,"Forest Investigative Site 114, Chattanooga, Tennessee, 37404, United States",United States
NCT00970424,"Forest Investigative Site 104, Chattanooga, Tennessee, 37421, United States",United States
NCT00970424,"Forest Investigative Site 099, Arlington, Texas, 76014, United States",United States
NCT00970424,"Forest Investigative Site 056, Corpus Christi, Texas, 78404, United States",United States
NCT00970424,"Forest Investigative Site 017, Dallas, Texas, 75235, United States",United States
NCT00970424,"Forest Investigative Site 124, Dallas, Texas, 75251, United States",United States
NCT00970424,"Forest Investigative Site 106, Houston, Texas, 77079, United States",United States
NCT00970424,"Forest Investigative Site 014, Irving, Texas, 75039, United States",United States
NCT00970424,"Forest Investigative Site 109, San Antonio, Texas, 78229, United States",United States
NCT00970424,"Forest Investigative Site 076, Salt Lake City, Utah, 84107, United States",United States
NCT00970424,"Forest Investigative Site 028, Virginia Beach, Virginia, 23454, United States",United States
NCT00970424,"Forest Investigative Site 092, Spokane, Washington, 99207, United States",United States
NCT00970424,"Forest Investigative Site 027, Milwaukee, Wisconsin, 53209, United States",United States
NCT00970424,"Forest Investigative Site 209, Mogilev, Belarus, 212030, Belarus",Belarus
NCT00970424,"Forest Investigative Site 401, Dresden, Germany, 01099, Germany",Germany
NCT00970424,"Forest Investigative Site 402, Dresden, Germany, 01307, Germany",Germany
NCT00970424,"Forest Investigative Site 403, Mainz, Germany, 55116, Germany",Germany
NCT00970424,"Forest Investigative Site 614, Vijayawada, Andhra Pradesh, 520002, India",India
NCT00970424,"Forest Investigative Site 618, Ahmedabad, Gujarat, 380015, India",India
NCT00970424,"Forest Investigative Site 620, Haryāna, Karnal, 132001, India",India
NCT00970424,"Forest Investigative Site 607, Bangalore, Karnataka, 560003, India",India
NCT00970424,"Forest Investigative Site 606, Bangalore, Karnataka, 560010, India",India
NCT00970424,"Forest Investigative Site 602, Bangalore, Karnataka, 560043, India",India
NCT00970424,"Forest Investigative Site 604, Bangalore, Karnataka, 560092, India",India
NCT00970424,"Forest Investigative Site 601, Mangalore, Karnataka, 575003, India",India
NCT00970424,"Forest Investigative Site 616, Nagpur, Maharashtra, 440012, India",India
NCT00970424,"Forest Investigative Site 617, Nashik, Maharashtra, 380015, India",India
NCT00970424,"Forest Investigative Site 612, Pune, Maharashtra, 411037, India",India
NCT00970424,"Forest Investigative Site 603, Channi, Tamil Nadu, 600020, India",India
NCT00970424,"Forest Investigative Site 613, Chennai, Tamil Nadu, 600013, India",India
NCT00970424,"Forest Investigative Site 615, Vellore, Tamil Nadu, 632009, India",India
NCT00970424,"Forest Investigative Site 702, Kaunas, Lithunia, 48259, Lithuania",Lithuania
NCT00970424,"Forest Investigative Site 703, Kaunas, Lithunia, 49456, Lithuania",Lithuania
NCT00970424,"Forest Investigative Site 704, Klaipėda, Lithunia, 92288, Lithuania",Lithuania
NCT00970424,"Forest Investigative Site 705, Vilnius, Lithunia, 09112, Lithuania",Lithuania
NCT00970424,"Forest Investigative Site 909, Bacau, Romania, 600164, Romania",Romania
NCT00970424,"Forest Investigative Site 906, Bucharest, Romania, 010584, Romania",Romania
NCT00970424,"Forest Investigative Site 908, Bucharest, Romania, 020725, Romania",Romania
NCT00970424,"Forest Investigative Site 903, Satu Mare, Romania, 440055, Romania",Romania
NCT00970424,"Forest Investigative Site 901, Sibiu, Romania, 550245, Romania",Romania
NCT00970424,"Forest Investigative Site 905 Romania, Tg Mures, Romania, 540142, Romania",Romania
NCT00970424,"Forest Investigative Site 902, Timișoara, Romania, 300736, Romania",Romania
NCT04843592,"Cairo University, Cairo, Egypt",Egypt
NCT02012478,"University of Pennsylvania Hospital, Philadelphia, Pennsylvania, 19104, United States",United States
NCT01648244,"Walter Reed National Military Medical Center, Bethesda, Maryland, 20889, United States",United States
NCT01952535,"Hua Medicine Limited, Shanghai, Shanghai Municipality, 201203, China",China
NCT03829514,"Medical University of South Carolina, Charleston, South Carolina, 29425, United States",United States
NCT00947557,"Forest Investigative Site 064, Birmingham, Alabama, 35205, United States",United States
NCT00947557,"Forest Investigative Site 020, Birmingham, Alabama, 35235, United States",United States
NCT00947557,"Forest Investigative Site 025, Muscle Shoals, Alabama, 35661, United States",United States
NCT00947557,"Forest Investigative Site 059, Chandler, Arizona, 85225, United States",United States
NCT00947557,"Forest Investigative Site 113, Gilbert, Arizona, 85295, United States",United States
NCT00947557,"Forest Investigative Site 096, Litchfield, Arizona, 85340, United States",United States
NCT00947557,"Forest Investigative Site 080, Peoria, Arizona, 85381, United States",United States
NCT00947557,"Forest Investigative Site 098, Phoenix, Arizona, 85020, United States",United States
NCT00947557,"Forest Investigative Site 044, Scottsdale, Arizona, 85254, United States",United States
NCT00947557,"Forest Investigative Site 061, Anaheim, California, 92801, United States",United States
NCT00947557,"Forest Investigative Site 041, Chula Vista, California, 91911, United States",United States
NCT00947557,"Forest Investigative Site 049, Encinitas, California, 92024, United States",United States
NCT00947557,"Forest Investigative Site 022, Greenbrae, California, 94904, United States",United States
NCT00947557,"Forest Investigative Site 047, Harbor City, California, 90710, United States",United States
NCT00947557,"Forest Investigative Site 010, Huntington Park, California, 90255, United States",United States
NCT00947557,"Forest Investigative Site 070, Los Angeles, California, 90057, United States",United States
NCT00947557,"Forest Investigative Site 111, Northridge, California, 91325, United States",United States
NCT00947557,"Forest Investigative Site 031, Riverside, California, 92506, United States",United States
NCT00947557,"Forest Investigative Site 091, Roseville, California, 95661, United States",United States
NCT00947557,"Forest Investigative Site 067, Sacramento, California, 95821, United States",United States
NCT00947557,"Forest Investigative Site 112, Santa Ana, California, 92701, United States",United States
NCT00947557,"Forest Investigative Site 011, Walnut Creek, California, 94598, United States",United States
NCT00947557,"Forest Investigative Site 063, West Hills, California, 91307, United States",United States
NCT00947557,"Forest Investigative Site 088, Denver, Colorado, 80239, United States",United States
NCT00947557,"Forest Investigative Site 156, Boca Raton, Florida, 33432, United States",United States
NCT00947557,"Forest Investigative Site 004, Daytona Beach, Florida, 32117, United States",United States
NCT00947557,"Forest Investigative Site 052, DeLand, Florida, 32720, United States",United States
NCT00947557,"Forest Investigative Site 129, Hollywood, Florida, 33021, United States",United States
NCT00947557,"Forest Investigative Site 062, Jacksonville, Florida, 32205, United States",United States
NCT00947557,"Forest Investigative Site 050, Miami, Florida, 33156, United States",United States
NCT00947557,"Forest Investigative Site 021, Miami, Florida, 33169, United States",United States
NCT00947557,"Forest Investigative Site 122, Miami, Florida, 33186, United States",United States
NCT00947557,"Forest Investigative Site 125, Miami Lakes, Florida, 33014, United States",United States
NCT00947557,"Forest Investigative Site 069, New Port Richey, Florida, 34652, United States",United States
NCT00947557,"Forest Investigative Site 012, Ocala, Florida, 34471, United States",United States
NCT00947557,"Forest Investigative Site 015, Orlando, Florida, 32806, United States",United States
NCT00947557,"Forest Investigative Site 131, Ormond Beach, Florida, 32174, United States",United States
NCT00947557,"Forest Investigative Site 127, Pembroke Pines, Florida, 33028, United States",United States
NCT00947557,"Forest Investigative Site 018, Sarasota, Florida, 34239, United States",United States
NCT00947557,"Forest Investigative Site 075, St. Petersburg, Florida, 33716, United States",United States
NCT00947557,"Forest Investigative Site 026, West Palm Beach, Florida, 33401, United States",United States
NCT00947557,"Forest Investigative Site 045, Atlanta, Georgia, 30338, United States",United States
NCT00947557,"Forest Investigative Site 079, Augusta, Georgia, 30909, United States",United States
NCT00947557,"Forest Investigative Site 084, Roswell, Georgia, 30076, United States",United States
NCT00947557,"Forest Investigative Site 132, Roswell, Georgia, 30076, United States",United States
NCT00947557,"Forest Investigative Site 009, Meridian, Idaho, 83646, United States",United States
NCT00947557,"Forest Investigative Site 030, Peoria, Illinois, 61614, United States",United States
NCT00947557,"Forest Investigative Site 100, Evansville, Indiana, 47710, United States",United States
NCT00947557,"Forest Investigative Site 097, Evansville, Indiana, 47713, United States",United States
NCT00947557,"Forest Investigative Site 053, Kansas City, Kansas, 66160, United States",United States
NCT00947557,"Forest Investigative Site 008, Wichita, Kansas, 67203, United States",United States
NCT00947557,"Forest Investigative Site 107, Lexington, Kentucky, 40504, United States",United States
NCT00947557,"Forest Investigative Site 034, Covington, Louisiana, 70433, United States",United States
NCT00947557,"Forest Investigative Site 035, Baltimore, Maryland, 21204, United States",United States
NCT00947557,"Forest Investigative Site 046, Oxon Hill, Maryland, 20745, United States",United States
NCT00947557,"Forest Investigative Site 003, Brockton, Massachusetts, 02301, United States",United States
NCT00947557,"Forest Investigative Site 055, Brockton, Massachusetts, 23301, United States",United States
NCT00947557,"Forest Investigative Site 118, New Bedford, Massachusetts, 02740, United States",United States
NCT00947557,"Forest Investigative Site 007, Waltham, Massachusetts, 24453, United States",United States
NCT00947557,"Forest Investigative Site 002, Dearborn, Michigan, 48126, United States",United States
NCT00947557,"Forest Investigative Site 029, Saint Clair Shores, Michigan, 48081, United States",United States
NCT00947557,"Forest Investigative Site 054, Edina, Minnesota, 55435, United States",United States
NCT00947557,"Forest Investigative Site 072, Las Vegas, Nevada, 89101, United States",United States
NCT00947557,"Forest Investigative Site 065, Las Vegas, Nevada, 89117, United States",United States
NCT00947557,"Forest Investigative Site 101, Albuquerque, New Mexico, 87108, United States",United States
NCT00947557,"Forest Investigative Site 081, New Hyde Park, New York, 11042, United States",United States
NCT00947557,"Forest Investigative Site 016, New York, New York, 10019, United States",United States
NCT00947557,"Forest Investigative Site 094, Charlotte, North Carolina, 28204, United States",United States
NCT00947557,"Forest Investigative Site 051, Charlotte, North Carolina, 28209, United States",United States
NCT00947557,"Forest Investigative Site 058, Lenoir, North Carolina, 28645, United States",United States
NCT00947557,"Forest Investigative Site 038, Morehead City, North Carolina, 28557, United States",United States
NCT00947557,"Forest Investigative Site 040, Salisbury, North Carolina, 28144, United States",United States
NCT00947557,"Forest Investigative Site 082, Winston-Salem, North Carolina, 27103, United States",United States
NCT00947557,"Forest Investigative Site 039, Akron, Ohio, 44311, United States",United States
NCT00947557,"Forest Investigative Site 023, Cincinnati, Ohio, 45242, United States",United States
NCT00947557,"Forest Investigative Site 043, Columbus, Ohio, 43201, United States",United States
NCT00947557,"Forest Investigative Site 057, Dayton, Ohio, 45406, United States",United States
NCT00947557,"Forest Investigative Site 032, Kettering, Ohio, 45429, United States",United States
NCT00947557,"Forest Investigative Site 083, Bethany, Oklahoma, 73008, United States",United States
NCT00947557,"Forest Investigative Site 005, Eugene, Oregon, 97404, United States",United States
NCT00947557,"Forest Investigative Site 001, Medford, Oregon, 97504, United States",United States
NCT00947557,"Forest Investigative Site 126, Jenkintown, Pennsylvania, 19046, United States",United States
NCT00947557,"Forest Investigative Site 066, Philadelphia, Pennsylvania, 19152, United States",United States
NCT00947557,"Forest Investigative Site 036, Tipton, Pennsylvania, 16684, United States",United States
NCT00947557,"Forest Investigative Site 103, Greer, South Carolina, 29651, United States",United States
NCT00947557,"Forest Investigative Site 033, Pelzer, South Carolina, 29669, United States",United States
NCT00947557,"Forest Investigative Site 114, Chattanooga, Tennessee, 37404, United States",United States
NCT00947557,"Forest Investigative Site 104, Chattanooga, Tennessee, 37421, United States",United States
NCT00947557,"Forest Investigative Site 099, Arlington, Texas, 76014, United States",United States
NCT00947557,"Forest Investigative Site 056, Corpus Christi, Texas, 78404, United States",United States
NCT00947557,"Forest Investigative Site 071, Dallas, Texas, 75230, United States",United States
NCT00947557,"Forest Investigative Site 017, Dallas, Texas, 75235, United States",United States
NCT00947557,"Forest Investigative Site 014, Irving, Texas, 75039, United States",United States
NCT00947557,"Forest Investigative Site 109, San Antonio, Texas, 78229, United States",United States
NCT00947557,"Forest Investigative Site 119, San Antonio, Texas, 78258, United States",United States
NCT00947557,"Forest Investigative Site 076, Salt Lake City, Utah, 84107, United States",United States
NCT00947557,"Forest Investigative Site 028, Virginia Beach, Virginia, 23454, United States",United States
NCT00947557,"Forest Investigative Site 068, Renton, Washington, 98057, United States",United States
NCT00947557,"Forest Investigative Site 208, Grodno, Belarus, 230015, Belarus",Belarus
NCT00947557,"Forest Investigative Site 202, Homyel, Belarus, 236029, Belarus",Belarus
NCT00947557,"Forest Investigative Site 207, Minsk, Belarus, 220114, Belarus",Belarus
NCT00947557,"Forest Investigative Site 209, Mogilev, Belarus, 212030, Belarus",Belarus
NCT00947557,"Forest Investigative Site 206, Vitebsk, Belarus, 210037, Belarus",Belarus
NCT00947557,"Forest Investigative Site 302, Medellín, Antioquia, Colombia",Colombia
NCT00947557,"Forest Investigative Site 506, Budapest, Hungary, H-1083, Hungary",Hungary
NCT00947557,"Forest Investigative Site 504, Szentes, Hungary, H-6600, Hungary",Hungary
NCT00947557,"Forest Investigative Site 621, Hyderabad, Andhra Pradesh, 500034, India",India
NCT00947557,"Forest Investigative Site 614, Vijayawada, Andhra Pradesh, 520002, India",India
NCT00947557,"Forest Investigative Site 610, Visakhapatanam, Andhra Pradesh, 530002, India",India
NCT00947557,"Forest Investigative Site 609, Mapusa, Goa, 403507, India",India
NCT00947557,"Forest Investigative Site 618, Ahmedabad, Gujarat, 380015, India",India
NCT00947557,"Forest Investigative Site 620, Haryāna, Karnal, 132001, India",India
NCT00947557,"Forest Investigative Site 607, Bangalore, Karnataka, 560003, India",India
NCT00947557,"Forest Investigative Site 606, Bangalore, Karnataka, 560010, India",India
NCT00947557,"Forest Investigative Site 602, Bangalore, Karnataka, 560043, India",India
NCT00947557,"Forest Investigative Site 604, Bangalore, Karnataka, 560092, India",India
NCT00947557,"Forest Investigative Site 601, Mangalore, Karnataka, 575003, India",India
NCT00947557,"Forest Investigative Site 619, Palakkad, Kerala, 678013, India",India
NCT00947557,"Forest Investigative Site 616, Nagpur, Maharashtra, 440012, India",India
NCT00947557,"Forest Investigative Site 617, Nashik, Maharashtra, 380015, India",India
NCT00947557,"Forest Investigative Site 612, Pune, Maharashtra, 411037, India",India
NCT00947557,"Forest Investigative Site 603, Channi, Tamil Nadu, 600020, India",India
NCT00947557,"Forest Investigative Site 613, Chennai, Tamil Nadu, 600013, India",India
NCT00947557,"Forest Investigative Site 615, Vellore, Tamil Nadu, 632009, India",India
NCT00947557,"Forest Investigative Site 702, Kaunas, Lithuania, 48259, Lithuania",Lithuania
NCT00947557,"Forest Investigative Site 703, Kaunas, Lithuania, 49456, Lithuania",Lithuania
NCT00947557,"Forest Investigative Site 701, Kaunas, Lithuania, 51270, Lithuania",Lithuania
NCT00947557,"Forest Investigative Site 704, Klaipėda, Lithuania, 92288, Lithuania",Lithuania
NCT00947557,"Forest Investigative Site 705, Vilnius, Lithuania, 09112, Lithuania",Lithuania
NCT00947557,"Forest Investigative Site 804, Arequipa, Arequipa, 804, Peru",Peru
NCT00947557,"Forest Investigative Site 803, Arequipa, Arequipa, Peru",Peru
NCT00947557,"Forest Investigative Site 812, Trujillo, La Libertad, Peru",Peru
NCT00947557,"Forest Investigative Site 811, Chiclayo, Lambayeque, Peru",Peru
NCT00947557,"Forest Investigative Site 805, Lima, Lima Province, Lima 14, Peru",Peru
NCT00947557,"Forest Investigative Site 813, Lima, Lima Province, Lima 17, Peru",Peru
NCT00947557,"Forest Investigative Site 801, Lima, Lima Province, Lima 27, Peru",Peru
NCT00947557,"Forest Investigative Site 807, Lima, Lima Province, Lima 27, Peru",Peru
NCT00947557,"Forest Investigative Site 809, Lima, Lima Province, Lima 33, Peru",Peru
NCT00947557,"Forest Investigative Site 808, Lima, Lima Province, Lima 41, Peru",Peru
NCT00947557,"Forest Investigative Site 802, Piura, Piura, Peru",Peru
NCT00947557,"Forest Investigative Site 909, Bacau, Romania, 600164, Romania",Romania
NCT00947557,"Forest Investigative Site 906, Bucharest, Romania, 010584, Romania",Romania
NCT00947557,"Forest Investigative Site 908, Bucharest, Romania, 020725, Romania",Romania
NCT00947557,"Forest Investigative Site 903, Satu Mare, Romania, 440055, Romania",Romania
NCT00947557,"Forest Investigative Site 901, Sibiu, Romania, 550245, Romania",Romania
NCT00947557,"Forest Investigative Site 905, Tg Mures, Romania, 540142, Romania",Romania
NCT00947557,"Forest Investigative Site 902, Timișoara, Romania, 300736, Romania",Romania
NCT02184455,"Queen Elizabeth II Health Sciences Center, Halifax, Nova Scotia, B3H3A7, Canada",Canada
NCT02184455,"St. Michael's Hospital, Toronto, Ontario, M5B 1W8, Canada",Canada
NCT00577590,"Washington University in St. Louis, St Louis, Missouri, 63110, United States",United States
NCT01196728,"Parexel International GmbH, Berlin, State of Berlin, 14050, Germany",Germany
NCT06224803,"Global Preventive Medicine Biotech Co., Ltd., New Taipei City, NEW TAIPEI, 221416, Taiwan",Taiwan
NCT00997152,"Birmingham, Alabama, United States",United States
NCT00997152,"Chandler, Arizona, United States",United States
NCT00997152,"Phoenix, Arizona, United States",United States
NCT00997152,"Tempe, Arizona, United States",United States
NCT00997152,"Chino, California, United States",United States
NCT00997152,"Greenbrae, California, United States",United States
NCT00997152,"Huntington Park, California, United States",United States
NCT00997152,"Los Angeles, California, United States",United States
NCT00997152,"Paramount, California, United States",United States
NCT00997152,"Sacramento, California, United States",United States
NCT00997152,"Walnut Creek, California, United States",United States
NCT00997152,"West Covina, California, United States",United States
NCT00997152,"DeLand, Florida, United States",United States
NCT00997152,"Hialeah, Florida, United States",United States
NCT00997152,"Hollywood, Florida, United States",United States
NCT00997152,"Jacksonville, Florida, United States",United States
NCT00997152,"Miami, Florida, United States",United States
NCT00997152,"Port Orange, Florida, United States",United States
NCT00997152,"Marietta, Georgia, United States",United States
NCT00997152,"Addison, Illinois, United States",United States
NCT00997152,"Chicago, Illinois, United States",United States
NCT00997152,"Indianapolis, Indiana, United States",United States
NCT00997152,"Oxon Hill, Maryland, United States",United States
NCT00997152,"New Bedford, Massachusetts, United States",United States
NCT00997152,"Great Falls, Montana, United States",United States
NCT00997152,"Charlotte, North Carolina, United States",United States
NCT00997152,"Morehead City, North Carolina, United States",United States
NCT00997152,"Cincinnati, Ohio, United States",United States
NCT00997152,"Marion, Ohio, United States",United States
NCT00997152,"Oklahoma City, Oklahoma, United States",United States
NCT00997152,"Lansdale, Pennsylvania, United States",United States
NCT00997152,"Bristol, Tennessee, United States",United States
NCT00997152,"Carrollton, Texas, United States",United States
NCT00997152,"Corpus Christi, Texas, United States",United States
NCT00997152,"Dallas, Texas, United States",United States
NCT00997152,"Houston, Texas, United States",United States
NCT00997152,"Katy, Texas, United States",United States
NCT00997152,"San Antonio, Texas, United States",United States
NCT00997152,"Sugar Land, Texas, United States",United States
NCT00997152,"Norfolk, Virginia, United States",United States
NCT00997152,"Richmond, Virginia, United States",United States
NCT00997152,"Virginia Beach, Virginia, United States",United States
NCT01165190,"Clinical Research Unit, Tempe, Arizona, 85287, United States",United States
NCT01165190,"Tempe, Arizona, United States",United States
NCT00929539,"Birmingham, Alabama, United States",United States
NCT00929539,"Muscle Shoals, Alabama, United States",United States
NCT00929539,"Scottsboro, Alabama, United States",United States
NCT00929539,"Tucson, Arizona, United States",United States
NCT00929539,"Encino, California, United States",United States
NCT00929539,"Los Angeles, California, United States",United States
NCT00929539,"Sacramento, California, United States",United States
NCT00929539,"Spring Valley, California, United States",United States
NCT00929539,"Valley Village, California, United States",United States
NCT00929539,"Walnut Creek, California, United States",United States
NCT00929539,"Waterbury, Connecticut, United States",United States
NCT00929539,"Delray Beach, Florida, United States",United States
NCT00929539,"Hialeah, Florida, United States",United States
NCT00929539,"Miami, Florida, United States",United States
NCT00929539,"New Port Richey, Florida, United States",United States
NCT00929539,"Ocala, Florida, United States",United States
NCT00929539,"Sandy Springs, Georgia, United States",United States
NCT00929539,"Chicago, Illinois, United States",United States
NCT00929539,"Indianapolis, Indiana, United States",United States
NCT00929539,"Erlanger, Kentucky, United States",United States
NCT00929539,"Lexington, Kentucky, United States",United States
NCT00929539,"Louisville, Kentucky, United States",United States
NCT00929539,"Madisonville, Kentucky, United States",United States
NCT00929539,"Paducah, Kentucky, United States",United States
NCT00929539,"New Hyde Park, New York, United States",United States
NCT00929539,"Greensboro, North Carolina, United States",United States
NCT00929539,"Morehead City, North Carolina, United States",United States
NCT00929539,"Statesville, North Carolina, United States",United States
NCT00929539,"Cincinnati, Ohio, United States",United States
NCT00929539,"Marion, Ohio, United States",United States
NCT00929539,"Tulsa, Oklahoma, United States",United States
NCT00929539,"Eugene, Oregon, United States",United States
NCT00929539,"Portland, Oregon, United States",United States
NCT00929539,"Charleston, South Carolina, United States",United States
NCT00929539,"Greer, South Carolina, United States",United States
NCT00929539,"North Charleston, South Carolina, United States",United States
NCT00929539,"Bristol, Tennessee, United States",United States
NCT00929539,"Austin, Texas, United States",United States
NCT00929539,"Corpus Christi, Texas, United States",United States
NCT00929539,"Dallas, Texas, United States",United States
NCT00929539,"Houston, Texas, United States",United States
NCT00929539,"San Antonio, Texas, United States",United States
NCT00929539,"Salt Lake City, Utah, United States",United States
NCT00929539,"Manassas, Virginia, United States",United States
NCT00929539,"Richmond, Virginia, United States",United States
NCT00929539,"Bellevue, Washington, United States",United States
NCT00929539,"Olympia, Washington, United States",United States
NCT00929539,"Oregon, Wisconsin, United States",United States
NCT00929539,"Beroun, Czechia",Czechia
NCT00929539,"Brno, Czechia",Czechia
NCT00929539,"Ostrava, Czechia",Czechia
NCT00929539,"Pardubice, Czechia",Czechia
NCT00929539,"Prague, Czechia",Czechia
NCT00929539,"Velké Hoštice, Czechia",Czechia
NCT00929539,"Sátoraljaújhely, Hungary",Hungary
NCT00929539,"Szikszó, Hungary",Hungary
NCT00929539,"Eindhoven, Netherlands",Netherlands
NCT00929539,"Groningen, Netherlands",Netherlands
NCT00929539,"Arkhangelsk, Russia",Russia
NCT00929539,"Moscow, Russia",Russia
NCT00929539,"Nizhny Novgorod, Russia",Russia
NCT00929539,"Saint Petersburg, Russia",Russia
NCT06245252,"Badr university, Cairo, Egypt",Egypt
NCT06245252,"Mona Mohamed Abdelkhalek, Cairo, Egypt",Egypt
NCT00162175,"Local Institution, Anniston, Alabama, United States",United States
NCT00162175,"Local Institution, Hoover, Alabama, United States",United States
NCT00162175,"Local Institution, Huntsville, Alabama, United States",United States
NCT00162175,"Local Institution, Mobile, Alabama, United States",United States
NCT00162175,"Local Institution, Mesa, Arizona, United States",United States
NCT00162175,"Local Institution, Phoenix, Arizona, United States",United States
NCT00162175,"Local Institution, Tucson, Arizona, United States",United States
NCT00162175,"Local Institution, Little Rock, Arkansas, United States",United States
NCT00162175,"Local Institution, Encinitas, California, United States",United States
NCT00162175,"Local Institution, Long Beach, California, United States",United States
NCT00162175,"Local Institution, Los Angeles, California, United States",United States
NCT00162175,"Local Institution, Mission Viejo, California, United States",United States
NCT00162175,"Local Institution, Pasadena, California, United States",United States
NCT00162175,"Local Institution, San Diego, California, United States",United States
NCT00162175,"Local Institution, Walnut Creek, California, United States",United States
NCT00162175,"Local Institution, Westlake Village, California, United States",United States
NCT00162175,"Local Institution, Colorado Springs, Colorado, United States",United States
NCT00162175,"Local Institution, Denver, Colorado, United States",United States
NCT00162175,"Local Institution, Loveland, Colorado, United States",United States
NCT00162175,"Local Institution, Wheat Ridge, Colorado, United States",United States
NCT00162175,"Local Institution, Chipley, Florida, United States",United States
NCT00162175,"Local Institution, Miami, Florida, United States",United States
NCT00162175,"Local Institution, New Port Richey, Florida, United States",United States
NCT00162175,"Local Institution, Pinellas Park, Florida, United States",United States
NCT00162175,"Local Institution, Vero Beach, Florida, United States",United States
NCT00162175,"Local Institution, Winter Park, Florida, United States",United States
NCT00162175,"Local Institution, Dunwoody, Georgia, United States",United States
NCT00162175,"Local Institution, Chicago, Illinois, United States",United States
NCT00162175,"Local Institution, Overland Park, Kansas, United States",United States
NCT00162175,"Local Institution, Lexington, Kentucky, United States",United States
NCT00162175,"Local Institution, Slidell, Louisiana, United States",United States
NCT00162175,"Local Institution, Chester, Maryland, United States",United States
NCT00162175,"Local Institution, Silver Springs, Maryland, United States",United States
NCT00162175,"Local Institution, Springfield, Massachusetts, United States",United States
NCT00162175,"Local Institution, Berkley, Michigan, United States",United States
NCT00162175,"Local Institution, Detroit, Michigan, United States",United States
NCT00162175,"Local Institution, Arden Hills, Minnesota, United States",United States
NCT00162175,"Local Institution, Gulfport, Mississippi, United States",United States
NCT00162175,"Local Institution, Excelsior Springs, Missouri, United States",United States
NCT00162175,"Local Institution, Kansas City, Missouri, United States",United States
NCT00162175,"Local Institution, St Louis, Missouri, United States",United States
NCT00162175,"Local Institution, East Syracuse, New York, United States",United States
NCT00162175,"Local Institution, Charlotte, North Carolina, United States",United States
NCT00162175,"Local Institution, Greensboro, North Carolina, United States",United States
NCT00162175,"Local Institution, Hickory, North Carolina, United States",United States
NCT00162175,"Local Institution, Huntersville, North Carolina, United States",United States
NCT00162175,"Local Institution, Morehead City, North Carolina, United States",United States
NCT00162175,"Local Institution, Wilmington, North Carolina, United States",United States
NCT00162175,"Local Institution, Cincinnati, Ohio, United States",United States
NCT00162175,"Local Institution, Oklahoma City, Oklahoma, United States",United States
NCT00162175,"Local Institution, Tulsa, Oklahoma, United States",United States
NCT00162175,"Local Institution, Corvallis, Oregon, United States",United States
NCT00162175,"Local Institution, Eugene, Oregon, United States",United States
NCT00162175,"Local Institution, Portland, Oregon, United States",United States
NCT00162175,"Local Institution, Altoona, Pennsylvania, United States",United States
NCT00162175,"Local Institution, Philadelphia, Pennsylvania, United States",United States
NCT00162175,"Local Institution, Cranston, Rhode Island, United States",United States
NCT00162175,"Local Institution, Anderson, South Carolina, United States",United States
NCT00162175,"Local Institution, Duncan, South Carolina, United States",United States
NCT00162175,"Local Institution, Simpsonville, South Carolina, United States",United States
NCT00162175,"Local Institution, Summerville, South Carolina, United States",United States
NCT00162175,"Local Institution, Bristol, Tennessee, United States",United States
NCT00162175,"Local Institution, Kingsport, Tennessee, United States",United States
NCT00162175,"Local Institution, Knoxville, Tennessee, United States",United States
NCT00162175,"Local Institution, Memphis, Tennessee, United States",United States
NCT00162175,"Local Institution, Dallas, Texas, United States",United States
NCT00162175,"Local Institution, Houston, Texas, United States",United States
NCT00162175,"Local Institution, Irving, Texas, United States",United States
NCT00162175,"Local Institution, Lake Jackson, Texas, United States",United States
NCT00162175,"Local Institution, San Antonio, Texas, United States",United States
NCT00162175,"Local Institution, The Colony, Texas, United States",United States
NCT00162175,"Local Institution, Olympia, Washington, United States",United States
NCT00162175,"Local Institution, Bluefield, West Virginia, United States",United States
NCT00162175,"Local Institution, Marshfield, Wisconsin, United States",United States
NCT00162175,"Local Institution, Bahía Blanca, Buenas Aires, Argentina",Argentina
NCT00162175,"Local Institution, Buenos Aires, Buenos Aires, Argentina",Argentina
NCT00162175,"Local Institution, Capital Federal, Buenos Aires, Argentina",Argentina
NCT00162175,"Local Institution, Córdoba, Córdoba Province, Argentina",Argentina
NCT00162175,"Local Institution, Mendoza, Mendoza Province, Argentina",Argentina
NCT00162175,"Local Institution, Canberra, New South Wales, Australia",Australia
NCT00162175,"Local Institution, Wollongong, New South Wales, Australia",Australia
NCT00162175,"Local Institution, Brisbane, Queensland, Australia",Australia
NCT00162175,"Local Institution, Curitiba, Paraná, Brazil",Brazil
NCT00162175,"Local Institution, Belém, Pará, Brazil",Brazil
NCT00162175,"Local Institution, Porto Alegre, Rio Grande do Sul, Brazil",Brazil
NCT00162175,"Local Institution, Marília, São Paulo, Brazil",Brazil
NCT00162175,"Local Institution, Corunna, Ontario, Canada",Canada
NCT00162175,"Local Institution, Hawksbury, Ontario, Canada",Canada
NCT00162175,"Local Institution, Sarnia, Ontario, Canada",Canada
NCT00162175,"Local Institution, Gatineau, Quebec, Canada",Canada
NCT00162175,"Local Institution, Laval, Quebec, Canada",Canada
NCT00162175,"Local Institution, Saint-Jérôme, Quebec, Canada",Canada
NCT00162175,"Local Institution, St. John's, Canada",Canada
NCT00162175,"Local Institution, Rosiers, D'Egletons, France",France
NCT00162175,"Local Institution, Labarthe, Sur Leze, France",France
NCT00162175,"Local Institution, Husseren-Wesserling, Wesserling, France",France
NCT00162175,"Local Institution, Broglie, France",France
NCT00162175,"Local Institution, Chartres, France",France
NCT00162175,"Local Institution, Gémenos, France",France
NCT00162175,"Local Institution, Viernheim, Schwenningen, Germany",Germany
NCT00162175,"Local Institution, Dresden, Germany",Germany
NCT00162175,"Local Institution, Hamburg, Germany",Germany
NCT00162175,"Local Institution, Nuremberg, Germany",Germany
NCT00162175,"Local Institution, Ravenna, Italy",Italy
NCT00162175,"Local Institution, Durango, Durango, Mexico",Mexico
NCT00162175,"Local Institution, Tijuana, Estado de Baja California, Mexico",Mexico
NCT00162175,"Local Institution, León, Guanajuato, Mexico",Mexico
NCT00162175,"Local Institution, Mexico City, Mexico City, Mexico",Mexico
NCT00162175,"Local Institution, Alburquerque, New Mexico, Mexico",Mexico
NCT00162175,"Local Institution, Monterrey, Nuevo León, Mexico",Mexico
NCT00162175,"Local Institution, Mérida, Yucatán, Mexico",Mexico
NCT00162175,"Local Institution, Deurne, Netherlands",Netherlands
NCT00162175,"Local Institution, Ewyk, Netherlands",Netherlands
NCT00162175,"Local Institution, Hoogvliet, Netherlands",Netherlands
NCT00162175,"Local Institution, Rijswijk, Netherlands",Netherlands
NCT00162175,"Local Institution, The Hague, Netherlands",Netherlands
NCT00162175,"Local Institution, Zwijndrecht, Netherlands",Netherlands
NCT00162175,"Local Institution, Arequipa, Arequipa, Peru",Peru
NCT00162175,"Local Institution, Lima, Lima Province, Peru",Peru
NCT00162175,"Local Institution, Carolina, Puerto Rico",Puerto Rico
NCT00162175,"Local Institution, Guaynabo, Puerto Rico",Puerto Rico
NCT00162175,"Local Institution, Ponce, Puerto Rico",Puerto Rico
NCT00162175,"Local Institution, Rio Piedras, Puerto Rico",Puerto Rico
NCT00162175,"Local Institution, Moscow, Russia",Russia
NCT00162175,"Local Institution, Saint Petersburg, Russia",Russia
NCT00162175,"Local Institution, Saratov, Russia",Russia
NCT00162175,"Local Institution, Smolensk, Russia",Russia
NCT00162175,"Local Institution, Santiago, De Compostela, Spain",Spain
NCT00162175,"Local Institution, Las Palmas, DE, Spain",Spain
NCT00162175,"Local Institution, A Coruña, Spain",Spain
NCT00162175,"Local Institution, Alicante, Spain",Spain
NCT00162175,"Local Institution, Cadiz, Spain",Spain
NCT00162175,"Local Institution, Granada, Spain",Spain
NCT00162175,"Local Institution, Madrid, Spain",Spain
NCT00162175,"Local Institution, Oviedo, Spain",Spain
NCT00162175,"Local Institution, Santa Cruz de Tenerife, Spain",Spain
NCT00162175,"Local Institution, Teruel, Spain",Spain
NCT00162175,"Local Institution, Zaragoza, Spain",Spain
NCT00162175,"Local Institution, Soham, Cambridgeshire, United Kingdom",United Kingdom
NCT00162175,"Local Institution, Bexhill-on-Sea, East Sussex, United Kingdom",United Kingdom
NCT00162175,"Local Institution, Sunbury-on-Thames, Greater London, United Kingdom",United Kingdom
NCT00162175,"Local Institution, Aldershot, Hampshire, United Kingdom",United Kingdom
NCT00162175,"Local Institution, Glasgow, Lanarkshire, United Kingdom",United Kingdom
NCT00162175,"Local Institution, Blackpool, Lancashire, United Kingdom",United Kingdom
NCT00162175,"Local Institution, Harrow, Middlesex, United Kingdom",United Kingdom
NCT00162175,"Local Institution, Hastings, Sussex, United Kingdom",United Kingdom
NCT00162175,"Local Institution, Bath, Wiltshire, United Kingdom",United Kingdom
NCT00162175,"Local Institution, Inkberrow, Worcestershire, United Kingdom",United Kingdom
NCT00162175,"Local Institution, Swan Lane, United Kingdom",United Kingdom
NCT01194258,"John Muir Physician Network Clinical Research Center, Concord, California, 94520, United States",United States
NCT01194258,"Medical Group of Encino, Encino, California, 91436, United States",United States
NCT01194258,"AMCR Institute, Inc., Escondido, California, 92026, United States",United States
NCT01194258,"Marin Endocrine Care and Research, Greenbrae, California, 94904, United States",United States
NCT01194258,"Mills-Peninsula Health Services, San Mateo, California, 94401, United States",United States
NCT01194258,"Center for Diabetes and Endocrine Care, Hollywood, Florida, 33021, United States",United States
NCT01194258,"Diabetes Research Institute, Miami, Florida, 33136, United States",United States
NCT01194258,"Baptist Diabetes Associates, Miami, Florida, 33156, United States",United States
NCT01194258,"Rocky Mountain Diabetes and Osteoporosis Center, Idaho Falls, Idaho, 83404, United States",United States
NCT01194258,"Mid-America Diabetes Associates, Wichita, Kansas, 67211, United States",United States
NCT01194258,"Tulane University Health Sciences Center, New Orleans, Louisiana, 70112, United States",United States
NCT01194258,"Medstar Research Institute, Hyattsville, Maryland, 20782, United States",United States
NCT01194258,"Henry Ford Health System, Detroit, Michigan, 48202, United States",United States
NCT01194258,"International Diabetes Center, Minneapolis, Minnesota, 55416, United States",United States
NCT01194258,"Mercury Street Medical, Butte, Montana, 59701, United States",United States
NCT01194258,"Desert Endocrinology, Henderson, Nevada, 89052, United States",United States
NCT01194258,"Diabetes and Endocrinology Associates, PC, Rudd, North Carolina, 28557, United States",United States
NCT01194258,"UT Southwestern Medical Center at Dallas, Dallas, Texas, 75390, United States",United States
NCT01194258,"Texas Diabetes and Endocrinology, Round Rock, Texas, 78681, United States",United States
NCT01194258,"Cetero Research-San Antonio, San Antonio, Texas, 78229, United States",United States
NCT01194258,"West Olympia Internal Medicine, Olympia, Washington, 98502, United States",United States
NCT01194258,"University of Washington School of Medicine, Seattle, Washington, 98105, United States",United States
NCT00660790,"Department of Internal Medicine, Medical University of Graz, Graz, 8036, Austria",Austria
NCT00081328,"Children's Hospital Los Angeles, Los Angeles, California, 90027, United States",United States
NCT00081328,"University of Colorado Health Sciences Center, The Children's Hospital, Denver, Colorado, 80262, United States",United States
NCT00081328,"Yale University, New Haven, Connecticut, 06520, United States",United States
NCT00081328,"George Washington University Biostatistics Center, Rockville, Maryland, 20852, United States",United States
NCT00081328,"Massachusetts General Hospital Diabetes Center, Boston, Massachusetts, 02114, United States",United States
NCT00081328,"Joslin Diabetes Center, Boston, Massachusetts, 02215, United States",United States
NCT00081328,"Saint Louis University Health Sciences Center, St Louis, Missouri, 63104, United States",United States
NCT00081328,"Washington University Department of Pediatrics, St Louis, Missouri, 63110, United States",United States
NCT00081328,"Columbia University Medical Center, New York, New York, 10032, United States",United States
NCT00081328,"State University of New York Upstate Medical University, Syracuse, New York, 13210, United States",United States
NCT00081328,"Case Western Reserve, Cleveland, Ohio, 44106, United States",United States
NCT00081328,"University of Oklahoma, Oklahoma City, Oklahoma, 93104, United States",United States
NCT00081328,"Children's Hospital of Philadelphia, Philadelphia, Pennsylvania, 19104, United States",United States
NCT00081328,"Children's Hospital of Pittsburgh, Pittsburgh, Pennsylvania, 15213, United States",United States
NCT00081328,"Baylor College of Medicine, Houston, Texas, 77030, United States",United States
NCT00081328,"University of Texas Health Science Center at San Antonio, San Antonio, Texas, 78229, United States",United States
NCT02946632,"Korea University Anam Hospital, Seoul, South Korea",South Korea
NCT06542874,"Uni of Alabama at Birmingham, Birmingham, Alabama, 35294, United States",United States
NCT06542874,"Velocity Clin Research LA, Los Angeles, California, 90057, United States",United States
NCT06542874,"Southern Cal Clinical Research, Santa Ana, California, 92701, United States",United States
NCT06542874,"Chase Medical Research LLC, Waterbury, Connecticut, 06708, United States",United States
NCT06542874,"Fleming Island Ctr for Clin Res, Fleming Island, Florida, 32003, United States",United States
NCT06542874,"Encore Medical Research LLC, Hollywood, Florida, 33024, United States",United States
NCT06542874,"South Broward Research LLC, Miramar, Florida, 33027, United States",United States
NCT06542874,"Florida Inst For Clin Res, Orlando, Florida, 32825, United States",United States
NCT06542874,"Florida Institute for Clinical research, Orlando, Florida, 32825, United States",United States
NCT06542874,"Cedar-Crosse Research Center, Chicago, Illinois, 60607, United States",United States
NCT06542874,"Cotton O'Neil Clinical Research Center, Topeka, Kansas, 66606, United States",United States
NCT06542874,"Advanced Internal Medicine, PLLC, Paducah, Kentucky, 42001, United States",United States
NCT06542874,"Medstar Research Institute_Hyattsville, Hyattsville, Maryland, 20782, United States",United States
NCT06542874,"MD Medical Research, Oxon Hill, Maryland, 20745, United States",United States
NCT06542874,"Brigham & Women's Hospital, Boston, Massachusetts, 02115, United States",United States
NCT06542874,"ActivMed Practice & Research LLC, Methuen, Massachusetts, 01844, United States",United States
NCT06542874,"Arcturus HC PLC Troy Med Res, Troy, Michigan, 48098, United States",United States
NCT06542874,"Arcturus Healthcare, PLC, Troy, Michigan, 48098, United States",United States
NCT06542874,"Clinical Research Professionals, Chesterfield, Missouri, 63005, United States",United States
NCT06542874,"StudyMetrix Research LLC, City of Saint Peters, Missouri, 63303, United States",United States
NCT06542874,"AMC Community Endocrinology, Albany, New York, 12203, United States",United States
NCT06542874,"Centricity Rsrch MHCity Multi, Morehead City, North Carolina, 28557, United States",United States
NCT06542874,"Piedmont Healthcare/Research, Statesville, North Carolina, 28625, United States",United States
NCT06542874,"Lillestol Research LLC, Fargo, North Dakota, 58104, United States",United States
NCT06542874,"Plains Clinical Research Center, LLC_Fargo, Fargo, North Dakota, 58104, United States",United States
NCT06542874,"Alliance for Multispec Res, Norman, Oklahoma, 73069, United States",United States
NCT06542874,"Jefferson Endocrinology Assocs, Philadelphia, Pennsylvania, 19107-6810, United States",United States
NCT06542874,"Preferred Primary Care Physicians_Pittsburgh, Pittsburgh, Pennsylvania, 15236, United States",United States
NCT06542874,"Health Concepts, Rapid City, South Dakota, 57702, United States",United States
NCT06542874,"Holston Medical Group, Kingsport, Tennessee, 37660, United States",United States
NCT06542874,"Clinical Research Associates, Nashville, Tennessee, 37203, United States",United States
NCT06542874,"MidState Endocrine Associates, Nashville, Tennessee, 37203, United States",United States
NCT06542874,"Velocity Clinical Res-Dallas, Dallas, Texas, 75230, United States",United States
NCT06542874,"Victorium Clinical Research, Houston, Texas, 77024, United States",United States
NCT06542874,"Synergy Groups Medical, Houston, Texas, 77061, United States",United States
NCT06542874,"PlanIt Research, PLLC, Houston, Texas, 77079, United States",United States
NCT06542874,"Radiance Clinical Research, Lampasas, Texas, 76550, United States",United States
NCT06542874,"Tekton Research, McKinney, Texas, 75069, United States",United States
NCT06542874,"Hillcrest Family Health Center, Waco, Texas, 76708, United States",United States
NCT06542874,"Individual Practice For Specialized Outpatient Medical Care Doctor Miglena Rizova Ltd., Kyustendil, 2500, Bulgaria",Bulgaria
NCT06542874,"IPSOMC Dr. Miglena Rizova Ltd., Kyustendil, 2500, Bulgaria",Bulgaria
NCT06542874,"UMHAT ""Kaspela"", Depart. Endocrinology and Metab. Diseases, Plovdiv, 4001, Bulgaria",Bulgaria
NCT06542874,"UMHAT Kaspela EOOD, Endocrinology and Metabolic Diseases Clinic, Plovdiv, 4001, Bulgaria",Bulgaria
NCT06542874,"DCC Sveti Georgi EOOD, Plovdiv, 4002, Bulgaria",Bulgaria
NCT06542874,"Diagnostic-Consultative Centre ""Sveti Georgi"" Eood, Plovdiv, 4002, Bulgaria",Bulgaria
NCT06542874,"Medical centre Regina Life Clinic EOOD, Sofia, 1000, Bulgaria",Bulgaria
NCT06542874,"UMHAT ""Aleksandrovska"", Sofia, 1431, Bulgaria",Bulgaria
NCT06542874,"UMHAT Aleksandrovska EAD, Densitometry and Bone Metabolic Diseases, Sofia, 1431, Bulgaria",Bulgaria
NCT06542874,"USHATE ""Akad. Ivan Penchev"" Second Clinic of Endocrinology, Sofia, 1431, Bulgaria",Bulgaria
NCT06542874,"USHATE Akad. Ivan Penchev EAD, Second Clinic of Endocrinology, Sofia, 1431, Bulgaria",Bulgaria
NCT06542874,"AIPSMC Dr. Artin Magardichyan EOOD, Varna, 9020, Bulgaria",Bulgaria
NCT06542874,"Poliklinika Solmed, Zagreb, City of Zagreb, 10000, Croatia",Croatia
NCT06542874,"Clinical Hospital Centre Rijeka_Endocrinology, Rijeka, Primorje-Gorski Kotar County, 51 000, Croatia",Croatia
NCT06542874,"KBC Rijeka, Endokrinologija, Rijeka, Primorje-Gorski Kotar County, 51 000, Croatia",Croatia
NCT06542874,"Opca bolnica Karlovac, Karlovac, 47000, Croatia",Croatia
NCT06542874,"Specijalna bolnica Krapinske Toplice - Endokrinologija, Krapinske Toplice, 49217, Croatia",Croatia
NCT06542874,"Specijalna Bolnica za medicinsku rehabilitaciju Krapinske Toplice_Endocrinology, Krapinske Toplice, 49217, Croatia",Croatia
NCT06542874,"Klinicki bolnicki centar Osijek_Endocrinology, Osijek, 31 000, Croatia",Croatia
NCT06542874,"Klinicki bolnicki centar Osijek, Osijek, 31 000, Croatia",Croatia
NCT06542874,"Opca bolnica Varazdin_Endocrinology, Varaždin, 42 000, Croatia",Croatia
NCT06542874,"Opca bolnica Varazdin, Varaždin, 42 000, Croatia",Croatia
NCT06542874,"Zentrum fuer klinische Studien Suedbrandenburg GmbH, Elsterwerda, 04910, Germany",Germany
NCT06542874,"Zentrum für klinische Studien Südbrandenburg GmbH, Elsterwerda, 04910, Germany",Germany
NCT06542874,"InnoDiab Forschung GmbH, Essen, 45136, Germany",Germany
NCT06542874,"Wendisch - Dahl Hamburg - DZHW, Hamburg, 22607, Germany",Germany
NCT06542874,"Wendisch/Dahl Hamburg, Hamburg, 22607, Germany",Germany
NCT06542874,"Institut für Diabetesforschung GmbH Münster - Dr. med. Rose, Münster, 48145, Germany",Germany
NCT06542874,"RED-Institut für medizinische Forschung und Fortbildung GmbH, Oldenburg in Holstein, 23758, Germany",Germany
NCT06542874,"Iatriko Psychicou Private Clinic, Athens, 115 25, Greece",Greece
NCT06542874,"U.G.H of Athens ""Attikon"", Athens, 12462, Greece",Greece
NCT06542874,"""Laiko"" General Hospital of Athens, Goudi/Athens, 11527, Greece",Greece
NCT06542874,"EUROMEDICA Gen Clinic The/ki, Endocrin,Metabolism,Diabetes, Thessaloniki, 54645, Greece",Greece
NCT06542874,"424 Military General Training Hospital - 2nd Department of Internal Medicine, Thessaloniki, 564 29, Greece",Greece
NCT06542874,"424 Military General Training Hospital, Thessaloniki, 564 29, Greece",Greece
NCT06542874,"""Thermi"" Private Hosital, Thessaloniki, 57001, Greece",Greece
NCT06542874,"EUROMEDICA Gen Clinic The/ki, Endocrin,Metabolism,Diabetes, Thessaloniki, GR-54643, Greece",Greece
NCT06542874,"""Thermi"" Private Hosital, Thessaloniki, GR-57001, Greece",Greece
NCT06542874,"Debreceni Egyetem, Debrecen, Hajdú-Bihar, 4032, Hungary",Hungary
NCT06542874,"Bajcsy-Zsilinszky Kórház, Budapest, 1106, Hungary",Hungary
NCT06542874,"MH Egészségügyi Központ, Budapest, 1134, Hungary",Hungary
NCT06542874,"Debreceni Egyetem, Debrecen, 4031, Hungary",Hungary
NCT06542874,"Debreceni Egyetem, Debrecen, H-4031, Hungary",Hungary
NCT06542874,"Debreceni Egyetem, Debrecen, H-4032, Hungary",Hungary
NCT06542874,"Békés Megyei Központi Kórház, Gyula, 5700, Hungary",Hungary
NCT06542874,"Somogy Vármegyei Kaposi Mór Oktató Kórház, Kaposvár, 7400, Hungary",Hungary
NCT06542874,"Somogy Vármegyei Kaposi Mór Oktató Kórház, Kaposvár, H-7400, Hungary",Hungary
NCT06542874,"Heiwadai Hospital_Internal Medicine, Miyazaki, Miyazaki, 880-0034, Japan",Japan
NCT06542874,"Heiwadai Hospital, Miyazaki, Miyazaki, 880-0034, Japan",Japan
NCT06542874,"TOSAKI Clinic for Diabetes and Endocrinology_Diabetes and Endocrinology, Aichi, 468-0009, Japan",Japan
NCT06542874,"Tokuyama clinic_Diabetic internal medicine, Chiba, 261-0004, Japan",Japan
NCT06542874,"Tokuyama clinic, Chiba, 261-0004, Japan",Japan
NCT06542874,"Akaicho Clinic, Chiba-shi, Chiba, 260-0804, Japan",Japan
NCT06542874,"Naka Kinen Clinic_Internal medicine, Ibaraki, 311-0113, Japan",Japan
NCT06542874,"Naka Kinen Clinic, Ibaraki, 311-0113, Japan",Japan
NCT06542874,"Tokyo-Eki Center-building Clinic_Internal Medicine, Tokyo, 103-0027, Japan",Japan
NCT06542874,"Tokyo-Eki Center-building Clinic, Tokyo, 103-0027, Japan",Japan
NCT06542874,"Fukuwa Clinic_Internal Medicine, Tokyo, 104-0031, Japan",Japan
NCT06542874,"Fukuwa Clinic, Tokyo, 104-0031, Japan",Japan
NCT06542874,"Niepubliczny Zaklad Opieki Zdrowotnej Przychodnia Specjalistyczna A Wittek H Rudzki Sp. j., Ruda Śląska, Gornoslaskie, 41-709, Poland",Poland
NCT06542874,"Med. Cent. Diabet. Endo. Metabol. DIAB-ENDO-MET, Krakow, Lesser Poland Voivodeship, 31-261, Poland",Poland
NCT06542874,"Formed 2 Sp. z o.o., Oświęcim, Lesser Poland Voivodeship, 32-600, Poland",Poland
NCT06542874,"Beata Miklaszewicz & Dariusz Dabrowski ""CARDIAMED"" s.j., Legnica, Lower Silesian Voivodeship, 59-220, Poland",Poland
NCT06542874,"Beata Mikłaszewicz & Dariusz Dąbrowski ""CARDIAMED"" s.j., Legnica, Lower Silesian Voivodeship, 59-220, Poland",Poland
NCT06542874,"EKAMED sp. z o.o., Lublin, Lublin Voivodeship, 20-718, Poland",Poland
NCT06542874,"ETG Siedlce, Siedlce, Masovian Voivodeship, 08-110, Poland",Poland
NCT06542874,"Specderm Poznanska Sp. j., Bialystok, Podlaskie Voivodeship, 15-375, Poland",Poland
NCT06542874,"NZOZ Vita-Diabetica Malgorzata Buraczyk, Bialystok, Podlaskie Voivodeship, 15-879, Poland",Poland
NCT06542874,"Specderm Poznańska Spółka Jawna, Bialystok, 15-375, Poland",Poland
NCT06542874,"EKAMED sp. z o.o., Lublin, 20-718, Poland",Poland
NCT06542874,"Niepubliczny Zaklad Opieki Zdrowotnej Przychodnia Specjalistyczna A Wittek H Rudzki Sp. j., Ruda Śląska, 41-709, Poland",Poland
NCT06542874,"PANSTWOWY INSTYTUT MEDYCZNY MSWiA, Warsaw, 02-507, Poland",Poland
NCT06542874,"Santa Sp. z o.o, Santa Familia Centrum Badan, Profilaktyki i Leczenia, Lodz, Łódź Voivodeship, 90-302, Poland",Poland
NCT06542874,"SC Grand Med SRL, Oradea, Bihor County, 410025, Romania",Romania
NCT06542874,"Grandmed SRL, Oradea, Bihor County, 410159, Romania",Romania
NCT06542874,"Institutul National De Diabet Nutritie Si Boli Metabolice Prof.Dr.N.Paulescu Bucuresti- Ion Movila, Bucharest, Bucharest, 020475, Romania",Romania
NCT06542874,"Institutul National De Diabet Nutritie Si Boli Metabolice Prof.Dr.N.Paulescu Bucuresti- Ion Movila, Bucharest, Bucurestii, 020475, Romania",Romania
NCT06542874,"Spitalul Clinic Judetean Urgenta Cluj-Napoca, Cluj-Napoca, Cluj, 400006, Romania",Romania
NCT06542874,"Sc Mediab Srl, Târgu Mureş, Mureș County, 540142, Romania",Romania
NCT06542874,"Novus Medical Clinica SRL, Ploieşti, Prahova, 100018, Romania",Romania
NCT06542874,"Mariodiab Clinic SRL, Brasov, 500101, Romania",Romania
NCT06542874,"Cabinet Medical Dr Geru SRL, Timișoara, 300288, Romania",Romania
NCT06542874,"Spitalul Clinic Judetean De Urgenta Pius Brinzeu Timisoara, Timișoara, 300723, Romania",Romania
NCT06542874,"Peter Farkas MD, s.r.o., Šahy, Slovak Republic, 93601, Slovakia",Slovakia
NCT06542874,"DENTAVIA s.r.o., Poprad, 05801, Slovakia",Slovakia
NCT06542874,"DIABETOL, s.r.o., Prešov, 080 01, Slovakia",Slovakia
NCT06542874,"OLIVER - MED s.r.o., Rimavská Sobota, 979 01, Slovakia",Slovakia
NCT06542874,"MEDIVASA, s.r.o., Diabetologicka ambulancia, Žilina, 010 01, Slovakia",Slovakia
NCT06542874,"Complejo Hospitalario Universitario A Coruña, A Coruña, 15006, Spain",Spain
NCT06542874,"Hospital Clinic i Provincial, Barcelona, 08036, Spain",Spain
NCT06542874,"Hospital Vithas Sevilla, Castilleja de la Cuesta, 41950, Spain",Spain
NCT06542874,"Hospital Gregorio Marañón, Madrid, 28007, Spain",Spain
NCT06542874,"Complejo Hospitalario de Pontevedra - Hospital de Montecelo, Pontevedra, Spain",Spain
NCT06542874,"Hospital Universitario Marqués de Valdecilla, Santander, 39008, Spain",Spain
NCT06542874,"Clínica Nuevas Tecnologías en Diabetes y Endocrinología, Seville, 41003, Spain",Spain
NCT06542874,"H. Infanta Luisa_Endocrino y Obesidad, Seville, 41010, Spain",Spain
NCT06542874,"Hospital Infanta Luisa, Seville, 41010, Spain",Spain
NCT06542874,"Hospital Nisa Sevilla Aljarafe, Seville, 41950, Spain",Spain
NCT01654120,"Mountain Diabetes and Endocrine Center, Asheville, North Carolina, 28803, United States",United States
NCT01596244,"Ein El-Basha Ministry of Health Center, Amman, Jordan",Jordan
NCT01596244,"Jabl Nasr Ministry of Health Center, Amman, Jordan",Jordan
NCT02985242,"Hannover Medical School, University Eye Hospital and CRC Core Facility Hannover, Hanover, Lower Saxony, 30625, Germany",Germany
NCT00151697,"Rijnstate Hospital, Arnhem, 6800 TA, Netherlands",Netherlands
NCT03012074,"Duke University School of Nursing, Durham, North Carolina, 27710, United States",United States
NCT02824874,"Chonbuk National University Hospital, Jeonju, South Korea",South Korea
NCT02854748,"Dong A University Hospital, Seo-gu, Busan, 49201, South Korea",South Korea
NCT02685774,"Chonbuk National University Hospital, Jeonju, Jeollabuk-do, South Korea",South Korea
NCT02648854,"Chonbuk National University Hospital, Deokjin-gu, Jeonju-si, Jeollabuk-do, 561-712, South Korea",South Korea
NCT02627027,"Chonbuk National University Hospital, Jeonju, Jeollabuk-do, South Korea",South Korea
NCT01582282,"University of Miami, Diabetes Unit D-1, Miami, Florida, 33136, United States",United States
NCT01582282,"International Diabetes Center, Minneapolis, Minnesota, 55416, United States",United States
NCT02565368,"Chonbuk National University Hospital, Jeonju, Jeollabuk-do, South Korea",South Korea
NCT07321678,"Ascletis Clinical Site, Riverside, California, 92506, United States",United States
NCT07321678,"Ascletis Clinical Site, San Jose, California, 95128, United States",United States
NCT07321678,"Ascletis Clinical Site, Denver, Colorado, 80246, United States",United States
NCT07321678,"Ascletis Clinical Site, Miami, Florida, 33143, United States",United States
NCT07321678,"Ascletis Clinical Site, Miami, Florida, 33172, United States",United States
NCT07321678,"Ascletis Clinical Site, Decatur, Georgia, 30030, United States",United States
NCT07321678,"Ascletis Clinical Site, Springfield, Missouri, 65802, United States",United States
NCT07321678,"Ascletis Clinical Site, San Antonio, Texas, 78240, United States",United States
NCT07195188,"Uşak Eğitim Ve Araştırma Hastanesi, Uşak, Turkey (Türkiye)",Turkey (Türkiye)
NCT05662332,"Cahaba Research, Birmingham, Alabama, 35242, United States",United States
NCT05662332,"Syed Research Consultants Llc, Sheffield, Alabama, 35660, United States",United States
NCT05662332,"AMCR Institute, Escondido, California, 92025, United States",United States
NCT05662332,"Velocity Clinical Research, Gardena, Gardena, California, 90247, United States",United States
NCT05662332,"National Research Institute - Huntington Park, Huntington Park, California, 90255, United States",United States
NCT05662332,"National Research Institute - Wilshire, Los Angeles, California, 90057, United States",United States
NCT05662332,"Diabetes Associates Medical Group, Orange, California, 92868, United States",United States
NCT05662332,"Encompass Clinical Research, Spring Valley, California, 91978, United States",United States
NCT05662332,"Millennium Clinical Trials, Thousand Oaks, California, 93065, United States",United States
NCT05662332,"University Clinical Investigators, Inc., Tustin, California, 92780, United States",United States
NCT05662332,"Diablo Clinical Research, Inc., Walnut Creek, California, 94598, United States",United States
NCT05662332,"University of Colorado Anschutz Medical Campus, Aurora, Colorado, 80045, United States",United States
NCT05662332,"Chase Medical Research, LLC, Waterbury, Connecticut, 06708, United States",United States
NCT05662332,"Clinical Research of West Florida, Inc. (Clearwater), Clearwater, Florida, 33765, United States",United States
NCT05662332,"Suncoast Research Group, Miami, Florida, 33135, United States",United States
NCT05662332,"Clinical Research of West Florida, Tampa, Florida, 33606, United States",United States
NCT05662332,"Center for Advanced Research & Education, Gainesville, Georgia, 30501, United States",United States
NCT05662332,"Pacific Diabetes & Endocrine Center, Honolulu, Hawaii, 96813, United States",United States
NCT05662332,"Central Illinois Diabetes and Clinical Research a Division of Prairie Education and Research Cooperative, Springfield, Illinois, 62711, United States",United States
NCT05662332,"American Health Network of Indiana, LLC - Franklin, Franklin, Indiana, 46131, United States",United States
NCT05662332,"American Health Network of Indiana, LLC - Muncie, Muncie, Indiana, 47304, United States",United States
NCT05662332,"Iowa Diabetes and Endocrinology Research Center, West Des Moines, Iowa, 50265, United States",United States
NCT05662332,"Arcturus Healthcare , PLC, Troy Internal Medicine Research Division, Troy, Michigan, 48098, United States",United States
NCT05662332,"Clinvest Research LLC, Springfield, Missouri, 65807, United States",United States
NCT05662332,"University Of Nebraska Medical Center, Omaha, Nebraska, 68198-4130, United States",United States
NCT05662332,"Mid Hudson Medical Research, New Windsor, New York, 12553, United States",United States
NCT05662332,"Meridian Clinical Research, LLC, Vestal, New York, 13850, United States",United States
NCT05662332,"Intend Research, LLC, Norman, Oklahoma, 73069, United States",United States
NCT05662332,"Decpa, Llc, Feasterville-Trevose, Pennsylvania, 19053, United States",United States
NCT05662332,"Office 18, Pittsburgh, Pennsylvania, 15236, United States",United States
NCT05662332,"WR-Clinsearch, LLC, Chattanooga, Tennessee, 37421, United States",United States
NCT05662332,"Private Practice - Dr. Osvaldo A. Brusco, Corpus Christi, Texas, 78414, United States",United States
NCT05662332,"Dallas Diabetes Research Center, Dallas, Texas, 75230, United States",United States
NCT05662332,"Prime Revival Research Institute, Flower Mound, Texas, 75028, United States",United States
NCT05662332,"Endocrine Associates, Houston, Texas, 77004, United States",United States
NCT05662332,"Endocrine Ips, Pllc, Houston, Texas, 77079, United States",United States
NCT05662332,"North Hills Family Medicine/North Hills Medical Research, North Richland Hills, Texas, 76180, United States",United States
NCT05662332,"Texas Valley Clinical Research, Weslaco, Texas, 78596, United States",United States
NCT05662332,"Eastside Research Associates, Redmond, Washington, 98052, United States",United States
NCT05662332,"Centro de Investigaciones Metabólicas (CINME), Ciudad Autónoma de Buenos Aire, Buenos Aires, 1056, Argentina",Argentina
NCT05662332,"Instituto de Investigaciones Clínicas Mar del Plata, Mar del Plata, Buenos Aires, 7600, Argentina",Argentina
NCT05662332,"DIM Clínica Privada, Ramos Mejía, Buenos Aires, 1704, Argentina",Argentina
NCT05662332,"Go Centro Medico San Nicolás, San Nicolás de los Arroyos, Buenos Aires, 2900, Argentina",Argentina
NCT05662332,"Asociación de Beneficencia Hospital Sirio Libanés, Buenos Aires, Buenos Air, C1419AHN, Argentina",Argentina
NCT05662332,"Stat Research S.A., Buenos Aires, Ciudad Aut, C1023AAB, Argentina",Argentina
NCT05662332,"Centro Médico Viamonte, Buenos Aires, Ciudad Aut, C1120AAC, Argentina",Argentina
NCT05662332,"Glenny Corp, Buenos Aires, Ciudad Aut, C1430CKE, Argentina",Argentina
NCT05662332,"CEMEDIAB, C.a.b.a., Ciudad Aut, C1205AAO, Argentina",Argentina
NCT05662332,"Investigaciones Medicas Imoba Srl, Buenos Aires, Ciudad Autónoma de Buenos Aire, C1056ABH, Argentina",Argentina
NCT05662332,"CIPREC, Buenos Aires, Ciudad Autónoma de Buenos Aire, C1061AAS, Argentina",Argentina
NCT05662332,"Centro Medico Dra. Laura Maffei- Investigacion Clinica Aplicada, Ciudad Autonoma de Buenos Aire, Ciudad Autónoma de Buenos Aire, C1425AGC, Argentina",Argentina
NCT05662332,"Centro Medico Privado San Vicente Diabetes, Córdoba, Córdoba Province, 5006, Argentina",Argentina
NCT05662332,"Instituto Médico Río Cuarto, Río Cuarto, Córdoba Province, 5800, Argentina",Argentina
NCT05662332,"CIPADI - Centro Integral de Prevencion y Atencion en Diabetes, Godoy Cruz, Mendoza Province, M5501ARP, Argentina",Argentina
NCT05662332,"Instituto Médico Fundación Grupo Colaborativo Rosario Investigación y Prevención Medica, Rosario, Santa Fe Province, 2000, Argentina",Argentina
NCT05662332,"Clínica Mayo, San Miguel de Tucumán, Tucumán Province, 4000, Argentina",Argentina
NCT05662332,"Fundación Respirar, Buenos Aires, C1426ABP, Argentina",Argentina
NCT05662332,"CENUDIAB, Ciudad Autónoma de Buenos Aire, C1440AAD, Argentina",Argentina
NCT05662332,"Centro de Diagnóstico y Rehabilitación (CEDIR), Santa Fe, 3000, Argentina",Argentina
NCT05662332,"Sanatorio Norte, Santiago del Estero, 4200, Argentina",Argentina
NCT05662332,"Instituto Jalisciense de Investigacion en Diabetes y Obesidad, Guadalajara, Jalisco, 04460, Mexico",Mexico
NCT05662332,"Diseno y Planeacion en Investigacion Medica, Guadalajara, Jalisco, 44130, Mexico",Mexico
NCT05662332,"RM Pharma Specialists, Mexico City, Mexico City, 03100, Mexico",Mexico
NCT05662332,"Instituto de Diabetes, Obesidad y Nutricion, Cuernavaca, Morelos, 62250, Mexico",Mexico
NCT05662332,"Hospital Universitario ""Dr. Jose Eleuterio Gonzalez"", Monterrey, Nuevo León, 64460, Mexico",Mexico
NCT05662332,"Hospital Universitario ""Dr. Jose Eleuterio Gonzalez"", Monterrey, Nuevo León, 66460, Mexico",Mexico
NCT05662332,"Unidad Médica para la Salud Integral, San Nicolás de los Garza, Nuevo León, 66465, Mexico",Mexico
NCT05662332,"Medical Care and Research SA de CV, Mérida, Yucatán, 97070, Mexico",Mexico
NCT05662332,"Investigacion En Salud Y Metabolismo Sc, Chihuahua City, 31217, Mexico",Mexico
NCT05662332,"Ponce Medical School Foundation Inc., Ponce, 00716, Puerto Rico",Puerto Rico
NCT05662332,"Latin Clinical Trial Center, San Juan, 00909, Puerto Rico",Puerto Rico
NCT02028091,"Medical University of Vienna, Vienna, State of Vienna, 1090, Austria",Austria
NCT04569214,"Department of Internal Medicine, Infectious Diseases and Diabetology Hopital Robert Bisson (Lisieux), Lisieux, Normandy, 14107, France",France
NCT07365358,"Kyung Hee University Hospital at Gangdong, Seoul, South Korea",South Korea
NCT07619833,"Kangbuk Samsung Hospital, Seoul, South Korea",South Korea
NCT07350694,"HealthNet TPO, Afghanistan, Kabul, Kabul, 24000, Afghanistan",Afghanistan
NCT02471794,"Duke Family Medicine Center, Durham, North Carolina, 27705, United States",United States
NCT01728740,"Seoul, 110-744, South Korea",South Korea
NCT01794091,"Brigham and Women's Hospital, Boston, Massachusetts, 02114, United States",United States
NCT01565096,"ikfe GmbH, Mainz, 55116, Germany",Germany
NCT00231387,"GSK Clinical Trials Call Center, London, W2 1NY, United Kingdom",United Kingdom
NCT07314684,"Azienda Ospedaliera Sant'Anna e San Sebastiano, Caserta, Caserta, 81100, Italy",Italy
NCT07314684,"Federico II University, Naples, Napoli, 80131, Italy",Italy
NCT01301092,"For additional information regarding investigative sites for this trial, contact 1-877-CTLILLY (1-877-285-4559, 1-317-615-4559) Mon - Fri from 9 AM to 5 PM Eastern Time (UTC/GMT - 5 hours, EST), or speak with your personal physician., Evansville, Indiana, United States",United States
NCT01247896,"Pfizer Investigational Site, Brussels, B-1070, Belgium",Belgium
NCT04893135,"Centre Hospitalier Sud Francilien, Corbeil-Essonnes, France, 91100, France",France
NCT01386801,"American Health Network, Avon, Indiana, United States",United States
NCT01386801,"Investigator's Research Group, Brownsburg, Indiana, United States",United States
NCT01386801,"American Health Network, Franklin, Indiana, United States",United States
NCT01386801,"American Health Network, Greenfield, Indiana, United States",United States
NCT01386801,"American Health Network, Indianapolis, Indiana, United States",United States
NCT01386801,"Krannert Cardiology, Indianapolis, Indiana, United States",United States
NCT01386801,"Oral Health Research Institute, Indianapolis, Indiana, United States",United States
NCT01386801,"IU School of Medicine/CTSI, Indianapolis (Downtown), Indiana, United States",United States
NCT01386801,"Alivio Medical Center, Indianapolis (Spanish Speaking), Indiana, United States",United States
NCT01386801,"IU Medical Group, Indianapolis (Spanish/English Speaking), Indiana, United States",United States
NCT01386801,"American Health Network, Muncie, Indiana, United States",United States
NCT01025999,"University of Washington Medical Center, Seattle, Washington, 98195, United States",United States
NCT05641090,"Faculty of Sports Science, Chulalongkorn University, Pathum Wan, Bangkok, 10330, Thailand",Thailand
NCT04270656,"CHU, Angers, 49933, France",France
NCT04270656,"CHU, Caen, 14033, France",France
NCT04270656,"CHU, Dijon, 21000, France",France
NCT04270656,"CHU, La Rochette, 17019, France",France
NCT04270656,"Hospices Civils, Lyon, 69495, France",France
NCT04270656,"Nantes UH, Nantes, 44093, France",France
NCT04270656,"CHU, Poitiers, 86000, France",France
NCT04270656,"CHU de Rennes, Rennes, 35203, France",France
NCT04270656,"CHU, Toulouse, 31059, France",France
NCT00649909,"Hadassah Medical Organization, Jerusalem, Israel",Israel
NCT07656805,"The First Affiliated Hospital of Anhui Medical University, Hefei, Anhui, 230000, China",China
NCT02637609,"Johns Hopkins Bloomberg School of Public Health, Baltimore, Maryland, 21205, United States",United States
NCT07107620,"Pamukkale University hospital, Denizli, Turkey (Türkiye)",Turkey (Türkiye)
NCT02637622,"Johns Hopkins Bloomberg School of Public Health, Baltimore, Maryland, 21205, United States",United States
NCT01862237,"Hospices Civils de Lyon - Hôpital Louis Pradel, Lyon, France",France
NCT04632862,"Daewoong pharmatceutical, Seoul, South Korea",South Korea
NCT04654390,"The Catholic University of Korea Bucheon St. Mary's Hospital, Republic of Korea, Bucheon-si, South Korea",South Korea
NCT03727854,"Seoul National University Hospital, Seoul, 110-744, South Korea",South Korea
NCT00528918,"Phoenix VA Health Care System, Phoenix, Arizona, 85012, United States",United States
NCT02957721,"Virginia Commonwealth University, Richmond, Virginia, 23298, United States",United States
NCT04014023,"Daewoong pharmatceutical, Seoul, South Korea",South Korea
NCT06387433,"National Institute of Diabetes and Endocrinology, Karachi, Sindh, Pakistan",Pakistan
NCT06727409,"3M, Diabetes and Endocrine Research Center, Hong Kong, Hong Kong",Hong Kong
NCT04007133,"Lille Catholic Hospitals, Lomme, Nord, 59462, France",France
NCT06415773,"Beijing Pinggu Hospital, Beijing, China",China
NCT06415773,"Peking University People's Hospital, Beijing, China",China
NCT06415773,"Binzhou Medical University Hospital, Binzhou, China",China
NCT06415773,"Jilin Province FAW General Hospital, Changchun, China",China
NCT06415773,"The Second Hospital of Jilin University, Changchun, China",China
NCT06415773,"The First People's Hospital of Changde City, Changde, China",China
NCT06415773,"The First Hospital of Changsha City, Changsha, China",China
NCT06415773,"The Fourth Hospital of Changsha, Changsha, China",China
NCT06415773,"The Second Xiangya Hospital of Central South University, Changsha, China",China
NCT06415773,"The Third Xiangya Hospital of Central South University, Changsha, China",China
NCT06415773,"Bishan Hospital of Chongqing, Chongqing, China",China
NCT06415773,"People's Hospital of Deyang City, Deyang, China",China
NCT06415773,"Handan First Hospital, Handan, China",China
NCT06415773,"The Fourth Hospital of Harbin Medical University, Harbin, China",China
NCT06415773,"The Second People's Hospital of Huai'an, Huai'an, China",China
NCT06415773,"Huanggang Central Hospital, Huanggang, China",China
NCT06415773,"Huangshi Central Hospital, Huangshi, China",China
NCT06415773,"Huizhou Municipal Central Hospital, Huizhou, China",China
NCT06415773,"Jincheng General Hospital, Jincheng, China",China
NCT06415773,"Hebei Petro China Central Hospital, Langfang, China",China
NCT06415773,"The Second People's Hospital of Lianyungang, Lianyungang, China",China
NCT06415773,"Liaocheng People's Hospital, Liaocheng, China",China
NCT06415773,"Luoyang Third People's Hospital, Luoyang, China",China
NCT06415773,"The First Affiliated Hospital of Henan University of Science & Technology (Jinghua), Luoyang, China",China
NCT06415773,"The First Affiliated Hospital of Henan University of Science & Technology (Kaiyuan), Luoyang, China",China
NCT06415773,"The First Affiliated Hospital of Nanchang University, Nanchang, China",China
NCT06415773,"The Second Affiliated Hospital of Nanchang University, Nanchang, China",China
NCT06415773,"Nanjing Drum Tower Hospital - The Affiliated Hospital of Nanjing University Medical School, Nanjing, China",China
NCT06415773,"The Second Affiliated Hospital of Nanjing Medical University, Nanjing, China",China
NCT06415773,"Affiliated Hospital of Nantong University, Nantong, China",China
NCT06415773,"The First Affiliated Hospital of Nanyang Medical College, Nanyang, China",China
NCT06415773,"Panjin Liaohe Oilfield GEM Flower Hospital, Panjin, China",China
NCT06415773,"Pingxiang People's Hospital, Pingxiang, China",China
NCT06415773,"The First Hospital of Qiqihar, Qiqihar, China",China
NCT06415773,"Sanmenxia Central Hospital, Sanmenxia, China",China
NCT06415773,"Huadong Hospital Affiliated to Fudan University, Shanghai, China",China
NCT06415773,"Shanghai Sixth People's Hospital, Shanghai, China",China
NCT06415773,"Shengjing Hospital of China Medical University, Shenyang, China",China
NCT06415773,"The People's Hospital of Liaoning Province, Shenyang, China",China
NCT06415773,"Wuhan Third Hospital, Wuhan, China",China
NCT06415773,"The First Affiliated Hospital of Xi'an Jiaotong University, Xi'an, China",China
NCT06415773,"The Second Affiliated Hospital of Xi'an Jiaotong University, Xi'an, China",China
NCT06415773,"The Central Hospital of Xiangtan, Xiangtan, China",China
NCT06415773,"The First People's Hospital of Xiangtan City, Xiangtan, China",China
NCT06415773,"Xianyang Hospital of Yan'an University, Xianyang, China",China
NCT06415773,"Xuzhou Cancer Hospital, Xuzhou, China",China
NCT06415773,"The Second People's Hospital of Yibin, Yibin, China",China
NCT06415773,"Yiyang Central Hospital, Yiyang, China",China
NCT06415773,"Yueyang People's Hospital, Yueyang, China",China
NCT06415773,"Shandong Guoxinyiyang Group Zaozhuang Central Hospital, Zaozhuang, China",China
NCT06415773,"The Second Affiliated Hospital of Zhengzhou University, Zhengzhou, China",China
NCT06415773,"Affiliated Hospital of Jiangsu University, Zhenjiang, China",China
NCT06415773,"Zhumadian Central Hospital, Zhumadian, China",China
NCT06350890,"Xuancheng People's Hospital, Xuancheng, Anhui, China",China
NCT06350890,"Beijing Pinggu Hospital, Beijing, Beijing Municipality, China",China
NCT06350890,"Fuwai Hospital, CAMS & PUMC, Beijing, Beijing Municipality, China",China
NCT06350890,"Peking Union Medical College Hospital, Beijing, Beijing Municipality, China",China
NCT06350890,"Peking University People's Hospital, Beijing, Beijing Municipality, China",China
NCT06350890,"Chongqing University Three Gorges Hospital, Chongqing, Chongqing Municipality, China",China
NCT06350890,"Nanfang Hospital, Southern Medical University, Guangzhou, Guangdong, China",China
NCT06350890,"Huizhou Municipal Central Hospital, Huizhou, Guangdong, China",China
NCT06350890,"Shenzhen People's Hospital, Shenzhen, Guangdong, China",China
NCT06350890,"Liuzhou People's Hospital, Liuzhou, Guangxi, China",China
NCT06350890,"Cangzhou Central Hospital, Cangzhou, Hebei, China",China
NCT06350890,"Handan First Hospital, Handan, Hebei, China",China
NCT06350890,"Hengshui People's Hospital (Harrison International Peace Hospital), Hengshui, Hebei, China",China
NCT06350890,"Hebei Petro China Central Hospital, Langfang, Hebei, China",China
NCT06350890,"The First Hospital of Hebei Medical University, Shijiazhuang, Hebei, China",China
NCT06350890,"The Fourth Affiliated Hospital of Harbin Medical University, Harbin, Heilongjiang, China",China
NCT06350890,"The First Hospital of Qiqihar, Qiqihar, Heilongjiang, China",China
NCT06350890,"The Third Affiliated Hospital of Qiqihar Medical University, Qiqihar, Heilongjiang, China",China
NCT06350890,"The First Affiliated Hospital of Henan University of Science & Technology (Jinghua), Luoyang, Henan, China",China
NCT06350890,"The First Affiliated Hospital of Henan University of Science & Technology (Kaiyuan), Luoyang, Henan, China",China
NCT06350890,"The First Affiliated Hospital of Nanyang Medical College, Nanyang, Henan, China",China
NCT06350890,"Zhumadian Central Hospital, Zhumadian, Henan, China",China
NCT06350890,"Huangshi Central Hospital, Huangshi, Hubei, China",China
NCT06350890,"Jingzhou Central Hospital, Jingzhou, Hubei, China",China
NCT06350890,"The Central Hospital of Wuhan, Wuhan, Hubei, China",China
NCT06350890,"The First People's Hospital of Changde City, Changde, Hunan, China",China
NCT06350890,"Hunan Provincial People's Hospital, Changsha, Hunan, China",China
NCT06350890,"Yueyang People's Hospital, Yueyang, Hunan, China",China
NCT06350890,"Baotou City Central Hospital, Baotou, Inner Mongolia, China",China
NCT06350890,"Inner Mongolia People's Hospital, Hohhot, Inner Mongolia, China",China
NCT06350890,"The First People's Hospital of Changzhou, Changzhou, Jiangsu, China",China
NCT06350890,"Huai'an First People's Hospital, Huai'an, Jiangsu, China",China
NCT06350890,"The Second People's Hospital of Lianyungang, Lianyungang, Jiangsu, China",China
NCT06350890,"Nanjing Drum Tower Hospital - The Affiliated Hospital of Nanjing University Medical School, Nanjing, Jiangsu, China",China
NCT06350890,"Nanjing First Hospital, Nanjing, Jiangsu, China",China
NCT06350890,"Nanjing Jiangning Hospital, Nanjing, Jiangsu, China",China
NCT06350890,"Sir Run Run Shaw Hospital Nanjing Medical University, Nanjing, Jiangsu, China",China
NCT06350890,"The Second Affiliated Hospital of Nanjing Medical University, Nanjing, Jiangsu, China",China
NCT06350890,"The Affiliated Hospital of Xuzhou Medical University, Xuzhou, Jiangsu, China",China
NCT06350890,"Affiliated Hospital of Jiangsu University, Zhenjiang, Jiangsu, China",China
NCT06350890,"Pingxiang People's Hospital, Pingxiang, Jiangxi, China",China
NCT06350890,"The Second Hospital of Jilin University, Changchun, Jilin, China",China
NCT06350890,"Tonghua Central Hospital, Tonghua, Jilin, China",China
NCT06350890,"Panjin Liaohe Oilfield Gem Flower Hospital, Panjin, Liaoning, China",China
NCT06350890,"The Sixth People's Hospital of Shenyang, Shenyang, Liaoning, China",China
NCT06350890,"Qinghai Provincial People's Hospital, Xining, Qinghai, China",China
NCT06350890,"The Second Affiliated Hospital of Shaanxi University of Chinese Medicine, Xianyang, Shaanxi, China",China
NCT06350890,"Jinan Central Hospital, Jinan, Shandong, China",China
NCT06350890,"Liaocheng People's Hospital, Liaocheng, Shandong, China",China
NCT06350890,"Shanghai East Hospital of Tongji University, Shanghai, Shanghai Municipality, China",China
NCT06350890,"The Third People's Hospital of Datong, Datong, Shanxi, China",China
NCT06350890,"Yuncheng Central Hospital, Yuncheng, Shanxi, China",China
NCT06350890,"People's Hospital of Tianjin, Tianjin, Tianjin Municipality, China",China
NCT06350890,"The First People's Hospital of Kashi, Kashgar, Xinjiang, China",China
NCT06350890,"The Second Affiliated Hospital of Kunming Medical University, Kunming, Yunnan, China",China
NCT06350890,"Huzhou Central Hospital, Huzhou, Zhejiang, China",China
NCT01735253,"Yoonseok Heo, Incheon, 400-712, South Korea",South Korea
NCT00985114,"Ziekenhuis Rijnstate Arnhem, Arnhem, Netherlands",Netherlands
NCT00985114,"Medisch Centrum Parkstad, Heerlen, Netherlands",Netherlands
NCT00985114,"University Hospital Maastricht, Maastricht, Netherlands",Netherlands
NCT01782092,"Life University, Marietta, Georgia, 30060, United States",United States
NCT01610934,"Diabetes research Division, University Hospital Gentofte, Hellerup, 2900, Denmark",Denmark
NCT03467932,"AA MRC, Flint, Michigan, 48504, United States",United States
NCT04768673,"Severance Hospital, Seoul, Seodaemun-gu,, 03722, South Korea",South Korea
NCT04715776,"Wanfang Hospital, Taipei, Wenshan District, 116, Taiwan",Taiwan
NCT00889785,"Vanderbilt Univ Medical Center, Nashville, Tennessee, 37232, United States",United States
NCT07244003,"Tianjin Medical University General Hospital, Tianjin, Tianjin Municipality, China",China
NCT07362953,"Tokat Gaziosmanpaşa University Health Research and Application Hospital, Tokat Province, 60250, Turkey (Türkiye)",Turkey (Türkiye)
NCT05376930,"Daewoong pharmatceutical, Seoul, South Korea",South Korea
NCT04754334,"Research Institute of South Florida, Inc. (PHARMASEEK), Coral Gables, Florida, 33124, United States",United States
NCT05376969,"Daewoong pharmatceutical, Seoul, South Korea",South Korea
NCT07188935,"Al-Zahraa Teaching Hospital, Wasit, Iraq, Kut, Wasit Governorate, 52001, Iraq",Iraq
NCT05268237,"Clinical Trials Unit, Chinese University of Hong Kong, Hong Kong, Hong Kong",Hong Kong
NCT01980459,"The Dasman Diabetes Institute, Kuwait City, Kuwait",Kuwait
NCT07149311,"Komfo Anokye Teaching Hospital, Kumasi, Ghana",Ghana
NCT04634500,"Daewoong pharmatceutical, Soeul, South Korea",South Korea
NCT06254274,"Peking University People's Hospital, Beijingcun, Hebei, China",China
NCT06385626,"Hugh Sinclair Unit of Human Nutrition, University of Reading, Reading, Berkshire, RG6 5SG, United Kingdom",United Kingdom
NCT03596177,"Research Site, Cambridge, CB2 0QQ, United Kingdom",United Kingdom
NCT00359112,"GSK Investigational Site, Bruges, 8000, Belgium",Belgium
NCT00359112,"GSK Investigational Site, Brussels, 1030, Belgium",Belgium
NCT00359112,"GSK Investigational Site, Brussels, 1210, Belgium",Belgium
NCT00359112,"GSK Investigational Site, Champion, 5020, Belgium",Belgium
NCT00359112,"GSK Investigational Site, Heverlee, 3001, Belgium",Belgium
NCT00359112,"GSK Investigational Site, Landen, 3400, Belgium",Belgium
NCT00359112,"GSK Investigational Site, Oostham, 3945, Belgium",Belgium
NCT00359112,"GSK Investigational Site, Petit-Rechain, 4800, Belgium",Belgium
NCT00359112,"GSK Investigational Site, Pulle, 2243, Belgium",Belgium
NCT00359112,"GSK Investigational Site, Tessenderlo, 3980, Belgium",Belgium
NCT00359112,"GSK Investigational Site, Tremelo, 3120, Belgium",Belgium
NCT00359112,"GSK Investigational Site, Willebroek, 2830, Belgium",Belgium
NCT00359112,"GSK Investigational Site, Roubaix, Hauts-de-France, 59100, France",France
NCT00359112,"GSK Investigational Site, Anzin, 59410, France",France
NCT00359112,"GSK Investigational Site, Briollay, 49125, France",France
NCT00359112,"GSK Investigational Site, Commelle, 42120, France",France
NCT00359112,"GSK Investigational Site, Cremeaux, 42260, France",France
NCT00359112,"GSK Investigational Site, Évron, 53600, France",France
NCT00359112,"GSK Investigational Site, Laval, 53000, France",France
NCT00359112,"GSK Investigational Site, Louverné, 53950, France",France
NCT00359112,"GSK Investigational Site, Lyon, 69007, France",France
NCT00359112,"GSK Investigational Site, Paris, 75015, France",France
NCT00359112,"GSK Investigational Site, Roanne, 42300, France",France
NCT00359112,"GSK Investigational Site, Saint-Ouen, 93400, France",France
NCT00359112,"GSK Investigational Site, Sainte-Suzanne, 53270, France",France
NCT00359112,"GSK Investigational Site, Segré, 49500, France",France
NCT00359112,"GSK Investigational Site, Vénissieux, 69200, France",France
NCT00359112,"GSK Investigational Site, Güglingen, Baden-Wurttemberg, 74363, Germany",Germany
NCT00359112,"GSK Investigational Site, Kippenheim, Baden-Wurttemberg, 77971, Germany",Germany
NCT00359112,"GSK Investigational Site, Königsfeld im Schwarzwald, Baden-Wurttemberg, 78126, Germany",Germany
NCT00359112,"GSK Investigational Site, Waldshut-Tiengen, Baden-Wurttemberg, 79961, Germany",Germany
NCT00359112,"GSK Investigational Site, Weinheim, Baden-Wurttemberg, 69469, Germany",Germany
NCT00359112,"GSK Investigational Site, Grafing, Bavaria, 85567, Germany",Germany
NCT00359112,"GSK Investigational Site, Herzogenaurach, Bavaria, 91074, Germany",Germany
NCT00359112,"GSK Investigational Site, Immenstadt im Allgäu, Bavaria, 87509, Germany",Germany
NCT00359112,"GSK Investigational Site, Oberteisendorf, Bavaria, 83317, Germany",Germany
NCT00359112,"GSK Investigational Site, Saaldorf, Bavaria, 83416, Germany",Germany
NCT00359112,"GSK Investigational Site, Wallerfing, Bavaria, 94574, Germany",Germany
NCT00359112,"GSK Investigational Site, Würzburg, Bavaria, 97072, Germany",Germany
NCT00359112,"GSK Investigational Site, Großalmerode, Hesse, 37247, Germany",Germany
NCT00359112,"GSK Investigational Site, Einbeck, Lower Saxony, 37574, Germany",Germany
NCT00359112,"GSK Investigational Site, Hanover, Lower Saxony, 30519, Germany",Germany
NCT00359112,"GSK Investigational Site, Isernhagen-Süd, Lower Saxony, 30916, Germany",Germany
NCT00359112,"GSK Investigational Site, Papenburg, Lower Saxony, 26871, Germany",Germany
NCT00359112,"GSK Investigational Site, Beckum, North Rhine-Westphalia, 59269, Germany",Germany
NCT00359112,"GSK Investigational Site, Bergkamen-Rünthe, North Rhine-Westphalia, 59192, Germany",Germany
NCT00359112,"GSK Investigational Site, Bochum, North Rhine-Westphalia, 44869, Germany",Germany
NCT00359112,"GSK Investigational Site, Cologne, North Rhine-Westphalia, 51069, Germany",Germany
NCT00359112,"GSK Investigational Site, Dinslaken, North Rhine-Westphalia, 46537, Germany",Germany
NCT00359112,"GSK Investigational Site, Dortmund, North Rhine-Westphalia, 44137, Germany",Germany
NCT00359112,"GSK Investigational Site, Essen, North Rhine-Westphalia, 45134, Germany",Germany
NCT00359112,"GSK Investigational Site, Essen, North Rhine-Westphalia, 45359, Germany",Germany
NCT00359112,"GSK Investigational Site, Goch, North Rhine-Westphalia, 47574, Germany",Germany
NCT00359112,"GSK Investigational Site, Viersen, North Rhine-Westphalia, 41749, Germany",Germany
NCT00359112,"GSK Investigational Site, Mainz, Rhineland-Palatinate, 55116, Germany",Germany
NCT00359112,"GSK Investigational Site, Neuwied, Rhineland-Palatinate, 56564, Germany",Germany
NCT00359112,"GSK Investigational Site, Rhaunen, Rhineland-Palatinate, 55624, Germany",Germany
NCT00359112,"GSK Investigational Site, Speyer, Rhineland-Palatinate, 67346, Germany",Germany
NCT00359112,"GSK Investigational Site, Saarlouis, Saarland, 66740, Germany",Germany
NCT00359112,"GSK Investigational Site, Dresden, Saxony, 01219, Germany",Germany
NCT00359112,"GSK Investigational Site, Wolmirstedt, Saxony-Anhalt, 39326, Germany",Germany
NCT00359112,"GSK Investigational Site, Elmshorn, Schleswig-Holstein, 25335, Germany",Germany
NCT00359112,"GSK Investigational Site, Blanchardstown, 15, Ireland",Ireland
NCT00359112,"GSK Investigational Site, Dublin, 8, Ireland",Ireland
NCT00359112,"GSK Investigational Site, Dublin, 9, Ireland",Ireland
NCT00359112,"GSK Investigational Site, Bologna, Emilia-Romagna, 40138, Italy",Italy
NCT00359112,"GSK Investigational Site, Ferrara, Emilia-Romagna, 44100, Italy",Italy
NCT00359112,"GSK Investigational Site, Ravenna, Emilia-Romagna, 48100, Italy",Italy
NCT00359112,"GSK Investigational Site, Arenzano (GE), Liguria, 16011, Italy",Italy
NCT00359112,"GSK Investigational Site, Genoa, Liguria, 16132, Italy",Italy
NCT00359112,"GSK Investigational Site, Sassari, Sardinia, 07100, Italy",Italy
NCT00359112,"GSK Investigational Site, Città Di Castello (PG), Umbria, 06012, Italy",Italy
NCT00359112,"GSK Investigational Site, Terni, Umbria, 05100, Italy",Italy
NCT00359112,"GSK Investigational Site, Kaunas, LT-44320, Lithuania",Lithuania
NCT00359112,"GSK Investigational Site, Kaunas, LT-49335, Lithuania",Lithuania
NCT00359112,"GSK Investigational Site, Vilnius, LT-07156, Lithuania",Lithuania
NCT00359112,"GSK Investigational Site, Vilnius, LT-08661, Lithuania",Lithuania
NCT00359112,"GSK Investigational Site, Tijuana, Baja California Norte, 22320, Mexico",Mexico
NCT00359112,"GSK Investigational Site, Durango, Durango, 3400, Mexico",Mexico
NCT00359112,"GSK Investigational Site, Pachuca, Hidalgo, 42039, Mexico",Mexico
NCT00359112,"GSK Investigational Site, Guadalajara, Jalisco, 44340, Mexico",Mexico
NCT00359112,"GSK Investigational Site, Mexico City, 11850, Mexico",Mexico
NCT00359112,"GSK Investigational Site, Beek en Donk, 5741 CG, Netherlands",Netherlands
NCT00359112,"GSK Investigational Site, Beerzerveld, 7685 PG, Netherlands",Netherlands
NCT00359112,"GSK Investigational Site, Heerlen, 6416 EG, Netherlands",Netherlands
NCT00359112,"GSK Investigational Site, Hoogvliet, 3192 JN, Netherlands",Netherlands
NCT00359112,"GSK Investigational Site, Landgraaf, 6373 JS, Netherlands",Netherlands
NCT00359112,"GSK Investigational Site, Musselkanaal, 9581 AJ, Netherlands",Netherlands
NCT00359112,"GSK Investigational Site, Oude Pekela, 9665 AR, Netherlands",Netherlands
NCT00359112,"GSK Investigational Site, Spijkenisse, 3207 NB, Netherlands",Netherlands
NCT00359112,"GSK Investigational Site, The Hague, 2582 LJ, Netherlands",Netherlands
NCT00359112,"GSK Investigational Site, Woerden, 3443 GG, Netherlands",Netherlands
NCT00359112,"GSK Investigational Site, Zaandam, 1504 JA, Netherlands",Netherlands
NCT00359112,"GSK Investigational Site, Zieuwent, 7136 KH, Netherlands",Netherlands
NCT00359112,"GSK Investigational Site, Alcobendas/Madrid, 28100, Spain",Spain
NCT00359112,"GSK Investigational Site, Alcora/Castellón, 12110, Spain",Spain
NCT00359112,"GSK Investigational Site, Alicante, Spain",Spain
NCT00359112,"GSK Investigational Site, Alzira, 46600, Spain",Spain
NCT00359112,"GSK Investigational Site, Artana/Castellón, 12527, Spain",Spain
NCT00359112,"GSK Investigational Site, Barcelona, 08015, Spain",Spain
NCT00359112,"GSK Investigational Site, Barcelona, 08022, Spain",Spain
NCT00359112,"GSK Investigational Site, Benicassim (Castellon), Spain",Spain
NCT00359112,"GSK Investigational Site, Cadiz, 11009, Spain",Spain
NCT00359112,"GSK Investigational Site, Castellon, Spain",Spain
NCT00359112,"GSK Investigational Site, Cáceres, 10004, Spain",Spain
NCT00359112,"GSK Investigational Site, Girona, Spain",Spain
NCT00359112,"GSK Investigational Site, Granada, 18014, Spain",Spain
NCT00359112,"GSK Investigational Site, Madrid, 28034, Spain",Spain
NCT00359112,"GSK Investigational Site, Madrid, 28037, Spain",Spain
NCT00359112,"GSK Investigational Site, Madrid, 28041, Spain",Spain
NCT00359112,"GSK Investigational Site, Madrid, 28046, Spain",Spain
NCT00359112,"GSK Investigational Site, Málaga, 29009, Spain",Spain
NCT00359112,"GSK Investigational Site, Mérida, 6800, Spain",Spain
NCT00359112,"GSK Investigational Site, Móstoles/Madrid, 28935, Spain",Spain
NCT00359112,"GSK Investigational Site, Onda (Castellon), Spain",Spain
NCT00359112,"GSK Investigational Site, Pontevedra, 36002, Spain",Spain
NCT00359112,"GSK Investigational Site, Sabadell (Barcelona), 08208, Spain",Spain
NCT00359112,"GSK Investigational Site, Sant Joan d'Alacant, 3550, Spain",Spain
NCT00359112,"GSK Investigational Site, Santa Coloma de Gramanet (Barcelona), 08923, Spain",Spain
NCT00359112,"GSK Investigational Site, Tarrasa, Barcelona, 08221, Spain",Spain
NCT00359112,"GSK Investigational Site, Valencia, 46010, Spain",Spain
NCT00359112,"GSK Investigational Site, Bern, 3007, Switzerland",Switzerland
NCT00359112,"GSK Investigational Site, Emmenbrücke, 6020, Switzerland",Switzerland
NCT00359112,"GSK Investigational Site, Gettnau, 6142, Switzerland",Switzerland
NCT00359112,"GSK Investigational Site, Jegenstorf, 3303, Switzerland",Switzerland
NCT00359112,"GSK Investigational Site, Lucerne, 6004, Switzerland",Switzerland
NCT00359112,"GSK Investigational Site, Lugano, 6900, Switzerland",Switzerland
NCT00359112,"GSK Investigational Site, Pregassona, 6963, Switzerland",Switzerland
NCT00359112,"GSK Investigational Site, Salmsach, 8599, Switzerland",Switzerland
NCT00359112,"GSK Investigational Site, St-Maurice, 1890, Switzerland",Switzerland
NCT00359112,"GSK Investigational Site, Steckborn, 8266, Switzerland",Switzerland
NCT00359112,"GSK Investigational Site, Winterthur, 8400, Switzerland",Switzerland
NCT00359112,"GSK Investigational Site, Winterthur, 8405, Switzerland",Switzerland
NCT00359112,"GSK Investigational Site, Zurich, 8046, Switzerland",Switzerland
NCT00359112,"GSK Investigational Site, Zurich, 8050, Switzerland",Switzerland
NCT00359112,"GSK Investigational Site, Glasgow, Lanarkshire, G3 8YJ, United Kingdom",United Kingdom
NCT00359112,"GSK Investigational Site, Glasgow, Lanarkshire, G69 7AD, United Kingdom",United Kingdom
NCT00359112,"GSK Investigational Site, Blackpool, Lancashire, FY4 3AD, United Kingdom",United Kingdom
NCT00359112,"GSK Investigational Site, Bath, Somerset, BA1 3NG, United Kingdom",United Kingdom
NCT00359112,"GSK Investigational Site, Bristol, BS2 8HW, United Kingdom",United Kingdom
NCT00359112,"GSK Investigational Site, Leeds, LS12 1JE, United Kingdom",United Kingdom
NCT00359112,"GSK Investigational Site, Sheffield, S5 7AU, United Kingdom",United Kingdom
NCT01384045,"University of Colorado Hopspital, Aurora, Colorado, 80045, United States",United States
NCT03662217,"The Edith Wolfson Medical Center, Holon, 5822012, Israel",Israel
NCT03662217,"Diabetes Medical Center, Tel Aviv, 6937947, Israel",Israel
NCT05881213,"Severance Hospital, Yonsei University College of Medicine, Seoul, South Korea",South Korea
NCT00269061,"GSK Investigational Site, Belmont, Massachusetts, 02478, United States",United States
NCT05741437,"Severance Hospital, Seoul, Seodaemun-gu, 03722, South Korea",South Korea
NCT04639492,"Microbio Investigative Site, Taipei, 106, Taiwan",Taiwan
NCT05983289,"Peking Union Medical College Hospital, Beijing, Beijing Municipality, 100032, China",China
NCT07186686,"Centro de Promoción de Salud Nutricional (CPSN), Hermosillo, Sonora 83000, Hermosillo, Sonora, 83000, Mexico",Mexico
NCT00156897,"Aalborg Sygehus Nord, Aalborg, Denmark",Denmark
NCT00156897,"Aarhus University Hospital, Aarhus, DK-8000, Denmark",Denmark
NCT00156897,"Bispebjerg Hospital, Copenhagen, DK-2400, Denmark",Denmark
NCT00156897,"Gentofte Hospital, Hellerup, DK-2900, Denmark",Denmark
NCT00156897,"Hvidovre Hospital, Hvidovre, DK-2650, Denmark",Denmark
NCT00156897,"Odense University Hospital, Odense, Denmark",Denmark
NCT00156897,"Lääkärikeskus Minerva, Eura, 27510, Finland",Finland
NCT00156897,"Obesity Research Unit, Helsinki, 00100, Finland",Finland
NCT00156897,"Suomen Terveystalo, Jyväskylä, 40100, Finland",Finland
NCT00156897,"Oy Foodfiles Limited, Kuopio, Finland",Finland
NCT00156897,"Oulun Diakonissalaitos, Oulu, 90100, Finland",Finland
NCT00156897,"University of Oulu, Oulu, Finland",Finland
NCT00156897,"Turku University Hospital, Turku, 20520, Finland",Finland
NCT00156897,"Allevon, Den Bosch Ziekenhuis, Netherlands",Netherlands
NCT00156897,"Allevon, DN de Bilt, Netherlands",Netherlands
NCT00156897,"Zeikenhuisgroep Twente, Hengelo, Netherlands",Netherlands
NCT00156897,"Nederlandse Obesitas Klinik, Hilversum, Netherlands",Netherlands
NCT00156897,"Sint Franciscus Gasthuis, Rotterdam, Netherlands",Netherlands
NCT00156897,"Sahlgrenska University Hospital, Gothenburg, Sweden",Sweden
NCT00156897,"Linkoping University Hospital, Linköping, Sweden",Sweden
NCT00156897,"Karolinsaka University Hospital, Stockholm, Sweden",Sweden
NCT00156897,"Norrlands Universitetssjukhus, Umeå, Sweden",Sweden
NCT00156897,"Samariterhemmets Sjukhus, Uppsala, Sweden",Sweden
NCT00156897,"Aberdeen Royal Infirmary, Aberdeen, United Kingdom",United Kingdom
NCT00156897,"Royal United Hospital, Bath, United Kingdom",United Kingdom
NCT00156897,"Clinical Research Centre Edgbaston, Birmingham, United Kingdom",United Kingdom
NCT00156897,"Walsgrave Hospital, Coventry, United Kingdom",United Kingdom
NCT00156897,"Glasgow Royal Infirmary, Glasgow, United Kingdom",United Kingdom
NCT00156897,"Clinical Research Centre, Crosby, Liverpool, United Kingdom",United Kingdom
NCT00156897,"Liverpool University Hospital, Liverpool, United Kingdom",United Kingdom
NCT00156897,"Queen Mary's School of Medicine & Dentistry, London, E1 2AA, United Kingdom",United Kingdom
NCT00156897,"Hammersmith Hospital, London, United Kingdom",United Kingdom
NCT00156897,"Luton & Dunstable Hospital, Luton, United Kingdom",United Kingdom
NCT00156897,"Clinical Research Centre, Manchester, United Kingdom",United Kingdom
NCT00156897,"James Cook University Hospital, Middlesbrough, United Kingdom",United Kingdom
NCT00156897,"Royal Shrewsbury Hospital, Shrewsbury, United Kingdom",United Kingdom
NCT00156897,"Clinical Research Centre, Wigan, United Kingdom",United Kingdom
NCT05176210,"Mingche Liu, Taipei, Taiwan",Taiwan
NCT06055582,"Fortis CDOC Hospital, New Delhi, National Capital Territory of Delhi, 110048, India",India
NCT05120219,"The Second Affiliated Hospital of Anhui Medical University, Hefei, Anhui, 230031, China",China
NCT07524166,"Jiaxing University, Jiaxing, Zhejiang, 314001, China",China
NCT05325710,"Clinique Aguiléra, Biarritz, Aquitaine, 64200, France",France
NCT05369078,"Hangzhou First People's hospital, Hangzhou, Zhejiang, China",China
NCT03341793,"Cliniques universitaires Saint-Luc, Brussels, 1200, Belgium",Belgium
NCT02556840,"La Pitié Salpêtrière Hospital, Paris, 75651, France",France
NCT07467967,"La Rabta Hospital , Endocrinology Department, Tunis, 1, Tunisia",Tunisia
NCT01927562,"INDISA, Santiago, Chile",Chile
NCT01207934,"Washington University School of Medicine, St Louis, Missouri, 63110, United States",United States
NCT00856908,"Research Site, Chula Vista, California, United States",United States
NCT04970940,"Min-gul Kim, Jeonju, Korea, South Korea",South Korea
NCT04540016,"the First Affilicated Hospital of Soochow University, Suzhou, China",China
NCT05455242,"Creighton University, Omaha, Nebraska, 68131, United States",United States
NCT04706286,"Severance Hospital, Seoul, South Korea",South Korea
NCT07563699,"Mapi pharma Investigational Site ISR001, Tel Aviv, 6423906, Israel",Israel
NCT04499846,"Hôpital Saint-philibert, Lomme, Hauts-de-France, 59462, France",France
NCT01698528,"Joslin Diabetes Center, Boston, Massachusetts, 02215, United States",United States
NCT06846411,"SNUBH, Seongnam, South Korea",South Korea
NCT07549373,"Dr Lakshmi Pandey, Noida, Uttar Pradesh, 201310, India",India
NCT07518121,"A2Z Clinical Centro Avançado de Pesquisa Clínica LTDA, Valinhos, São Paulo, 13271-130, Brazil",Brazil
NCT07552389,"The Catholic University of Korea Bucheon St. Mary's Hospital, Seoul, South Korea",South Korea
NCT07495787,"AB Plus Speciality Hospital, Ahmedabad, Gujarat, 380054, India",India
NCT07675551,"Wellfort Community Health Services, Brampton, Ontario, L6T 3J1, Canada",Canada
NCT07675551,"Punjabi Community Health Services (PCHS), Brampton, Ontario, L6T 3T6, Canada",Canada
NCT03646799,"Yonsei University Severance Hospital, Soeul, South Korea",South Korea
NCT07372677,"Alessia Pardo 3494628471 Alessia.pardo@univr.it, Verona, Italy, 37134, Italy",Italy
NCT03498001,"Chu Dijon Bourgogne, Dijon, 21000, France",France
NCT00694278,"Lutheran Medical Center, Brooklyn, New York, 11220, United States",United States
NCT07689214,"Department of Human Neuroscience, Rome, Italy, 00185, Italy",Italy
NCT07164495,"China Medical University, Department of Physical Therapy, Taichung, Taiwan, 406040, Taiwan",Taiwan
NCT07771010,"UMC Ljubljana, Ljubljana, 1000, Slovenia",Slovenia
NCT00819884,"Research Site, San Antonio, Texas, United States",United States
NCT02984644,"University of Texas Health Science Center, San Antonio, Texas, 78229, United States",United States
NCT02974699,"Wayne State University, Detroit, Michigan, 48202, United States",United States
NCT06676683,"Sohag university hospital, Sohag, 82524, Egypt",Egypt
NCT07093476,"Celltrion, Seoul, South Korea",South Korea
NCT06642467,"Ukrida Hospital, Jakarta, Jakarta Special Capital Region, 11510, Indonesia",Indonesia
NCT06188572,"Bandirma Onyedi Eylul University, Balıkesir, Bandirma, Turkey (Türkiye)",Turkey (Türkiye)
NCT01330251,"Oulu University Hospital, Oulu, 90220, Finland",Finland
NCT05776420,"St Michael's Hospital Academic Family Health Team, Toronto, Canada",Canada
NCT01619332,"Novartis Investigative Site, Chula Vista, California, 91910, United States",United States
NCT01619332,"Novartis Investigative Site, Miami, Florida, 33126, United States",United States
NCT01619332,"Novartis Investigative Site, Orlando, Florida, 32809, United States",United States
NCT01619332,"Novartis Investigative Site, Cincinnati, Ohio, 45227, United States",United States
NCT01619332,"Novartis Investigative Site, Knoxville, Tennessee, 37920, United States",United States
NCT01619332,"Novartis Investigative Site, San Antonio, Texas, 78209, United States",United States
NCT02429258,"Research Site, Birmingham, Alabama, United States",United States
NCT02429258,"Research Site, Phoenix, Arizona, United States",United States
NCT02429258,"Research Site, Huntington Park, California, United States",United States
NCT02429258,"Research Site, Los Angeles, California, United States",United States
NCT02429258,"Research Site, Sacramento, California, United States",United States
NCT02429258,"Research Site, San Diego, California, United States",United States
NCT02429258,"Research Site, West Hills, California, United States",United States
NCT02429258,"Research Site, Cooper City, Florida, United States",United States
NCT02429258,"Research Site, Miami, Florida, United States",United States
NCT02429258,"Research Site, Evanston, Illinois, United States",United States
NCT02429258,"Research Site, Oxon Hill, Maryland, United States",United States
NCT02429258,"Research Site, Henderson, Nebraska, United States",United States
NCT02429258,"Research Site, Brooklyn, New York, United States",United States
NCT02429258,"Research Site, Rochester, New York, United States",United States
NCT02429258,"Research Site, Greensboro, North Carolina, United States",United States
NCT02429258,"Research Site, Cincinnati, Ohio, United States",United States
NCT02429258,"Research Site, Dublin, Ohio, United States",United States
NCT02429258,"Research Site, Franklin, Ohio, United States",United States
NCT02429258,"Research Site, Eugene, Oregon, United States",United States
NCT02429258,"Research Site, Lansdale, Pennsylvania, United States",United States
NCT02429258,"Research Site, Spartanburg, South Carolina, United States",United States
NCT02429258,"Research Site, Bartlett, Tennessee, United States",United States
NCT02429258,"Research Site, Dallas, Texas, United States",United States
NCT02429258,"Research Site, Houston, Texas, United States",United States
NCT02429258,"Research Site, Hurst, Texas, United States",United States
NCT02429258,"Research Site, Renton, Washington, United States",United States
NCT05375630,"Dasman Diabetes Institute, Kuwait City, 15462, Kuwait",Kuwait
NCT05602441,"Thai Binh University of Medicine and Pharmacy, Thái Bình, 410000, Vietnam",Vietnam
NCT06561126,"Khyber Medical University Peshawar, Peshawar, KPK, 25100, Pakistan",Pakistan
NCT05845190,"Egyptian Chineese University, Cairo, Gesr Elsuez, Egypt",Egypt
NCT02084251,"Peking University First Hospital, Beijing, Beijing Municipality, 100000, China",China
NCT05904847,"Sakarya University, Sakarya, Serdivan, 54000, Turkey (Türkiye)",Turkey (Türkiye)
NCT01591525,"Lower Mills, Dorchester, Massachusetts, 02124, United States",United States
NCT02015910,"Medstar Georgetown University Hospital, Washington D.C., District of Columbia, 20007, United States",United States
NCT06542939,"NYU Langone Health, New York, New York, 10016, United States",United States
NCT05605821,"Hôpital Antoine Béclert, Clamart, France",France
NCT05605821,"Groupe Hospitalier Paris Saint-Joseph, Paris, 75014, France",France
NCT04700813,"Marjorie Fadeur, Liège, 4000, Belgium",Belgium
NCT05359341,"University of Sadat City, El Sadat, Egypt",Egypt
NCT04653545,"Tameside Hospital NHS Foundation Trust, Ashton-under-Lyne, Greater Manchester, OL6 9RW, United Kingdom",United Kingdom
NCT01373814,"Washington University School of Medicine, St Louis, Missouri, 63110, United States",United States
NCT04602754,"Allergisa, Campinas, São Paulo, Brazil",Brazil
NCT07613086,"Puskesmas (Primary Health Care) Gedongtengen, Yogyakarta, DI Yogyakarta, 55272, Indonesia",Indonesia
NCT04283617,"Yale New Haven Hospital, New Haven, Connecticut, 06520, United States",United States
NCT01342939,"Diabetes Research Division, Gentofte University Hospital, Niels Andersens vej 65, opgang 40, 2., Hellerup, 2900, Denmark",Denmark
NCT04830969,"University at Buffalo, Buffalo, New York, 14214, United States",United States
NCT01644201,"Wharton Medical Clinic and Weight Management Centre, Hamilton, Ontario, Canada",Canada
NCT05302050,"Mass General Brigham Hospital and Clinics, Boston, Massachusetts, 02199, United States",United States
NCT06006468,"NIHR Exeter Clinical Research Facility (Royal Devon University Healthcare NHS Foundation Trust), Exeter, Devon, EX2 5DW, United Kingdom",United Kingdom
NCT05899023,"NYU Langone Health, New York, New York, 10016, United States",United States
NCT01206725,"Institutt for sirkulasjon og bildediagnostikk, Det medisinske fakultet,NTNU, Postboks 8905, Trondheim, Sør-Trøndelag, 7491, Norway",Norway
NCT03784703,"Tanta University Hospital, Tanta, El-Gharbia, 31527, Egypt",Egypt
NCT07760883,"Instituto Nacional de Ciencias Médicas y Nutrición Salvador Zubirán, Mexico City, Mexico City, 14080, Mexico",Mexico
NCT06377657,"Department of Sport Physiology, Faculty of Sport and Physical education, Islamic Azad University of Ayatollah Amoli, Amol, Iran, Āmol, Iran",Iran
NCT07112625,"Fattouma Bourguiba University Hospital, Monastir, 5000, Tunisia",Tunisia
NCT00887302,"East Carolina University Brody School of Medicine, Greenville, North Carolina, 27834, United States",United States
NCT00561171,"Dr. John Barton, Ballinasloe, Co Galway, Ireland",Ireland
NCT01066039,"Seoul St. Mary´s Hospital, Seoul, South Korea",South Korea
NCT00703482,"Site 002, Fremantle, Australia",Australia
NCT00703482,"Site 003, Nedlands, Australia",Australia
NCT00703482,"Site 001, Perth, Australia",Australia
NCT07493707,"Instituto Nacional de Ciencias Médicas y Nutrición Salvador Zubirán, Mexico City, 14080, Mexico",Mexico
NCT07149610,"Diabetic Center of Azienda Ospedaliero Universitaria delle Marche, Ancona, Ancona, 60126, Italy",Italy
NCT07149610,"Diabetic Center of National Institute for the Care and Treatment of the Elderly (Istituto Nazionale di Ricovero e Cura per Anziani-INRCA), Ancona, Ancona, 60127, Italy",Italy
NCT07149610,"Diabetic Center of Territorial Healthcare Authority of Ancona province, Fabriano, Ancona, 60044, Italy",Italy
NCT07149610,"Diabetic Center of Territorial Healthcare Authority of Ancona province, Iesi, Ancona, 60035, Italy",Italy
NCT07149610,"Diabetic Center of Territorial Healthcare Authority of Ascoli Piceno province, Ascoli Piceno, Ascoli Piceno, 63100, Italy",Italy
NCT07149610,"Diabetic Center of Territorial Healthcare Authority of Ascoli Piceno province, San Benedetto del Tronto, Ascoli Piceno, 63074, Italy",Italy
NCT07149610,"Diabetic Center of Territorial Healthcare Authority of Fermo province, Fermo, Fermo, 63900, Italy",Italy
NCT07149610,"Diabetic Center of Territorial Healthcare Authority of Macerata province, Civitanova Marche, Macerata, 62012, Italy",Italy
NCT07149610,"Diabetic Center of Territorial Healthcare Authority of Macerata province, Province of Macerata, Macerata, 62100, Italy",Italy
NCT07149610,"Diabetic Center of Territorial Healthcare Authority of Pesaro Urbino province, Fano, Pesaro-Urbino, 61032, Italy",Italy
NCT07149610,"Diabetic Center of Territorial Healthcare Authority of Pesaro Urbino province, Pesaro, Pesaro-urbino, 61122, Italy",Italy
NCT07770204,"Beylikdüzü Devlet Hastanesi, Istanbul, Istanbul, 34520, Turkey (Türkiye)",Turkey (Türkiye)
NCT06030544,"Virgen del Rocío University Hospital, Seville, Andalicía, 41013, Spain",Spain
NCT06837428,"SingHealth Polyclinics - Bedok Polyclinic, Singapore, 469662, Singapore",Singapore
NCT06301191,"Attikon University General Hospital, Athens, 12462, Greece",Greece
NCT02496000,"Steingard Medical Group, Phoenix, Arizona, 85015, United States",United States
NCT02496000,"Arkansas Primary Care Clinic, PA, Little Rock, Arkansas, 72204, United States",United States
NCT02496000,"Dream Team Clinical Research, Anaheim, California, 92801, United States",United States
NCT02496000,"ACTCA, Inc., Los Angeles, California, 90017, United States",United States
NCT02496000,"ACTCA, Los Angeles, California, 90036, United States",United States
NCT02496000,"National Research Institute, Los Angeles, California, 90057, United States",United States
NCT02496000,"Providence Clinical Research, North Hollywood, California, 91606, United States",United States
NCT02496000,"Mills-Peninsula Health Services, San Mateo, California, 94401, United States",United States
NCT02496000,"Orange County Research Center, Tustin, California, 92780, United States",United States
NCT02496000,"Creekside Endocrine Associates, PC, Denver, Colorado, 80209, United States",United States
NCT02496000,"Meridien Research, Bradenton, Florida, 34208, United States",United States
NCT02496000,"Meridien Research, Brooksville, Florida, 34601, United States",United States
NCT02496000,"Clinical Research of West Florida, Inc., Clearwater, Florida, 33765, United States",United States
NCT02496000,"Research in Miami Inc., Hialeah, Florida, 33013, United States",United States
NCT02496000,"Research in Miami, Inc., Hialeah, Florida, 33013, United States",United States
NCT02496000,"Phoenix Medical Research LLC, Miami, Florida, 33165, United States",United States
NCT02496000,"Ormond Medical Arts Pharmaceutical Research Center, Ormond Beach, Florida, 32174, United States",United States
NCT02496000,"Clinical Research of West Florida, Inc., Tampa, Florida, 33603, United States",United States
NCT02496000,"Meridien Research, Tampa, Florida, 33634, United States",United States
NCT02496000,"Metabolic Research Institute, Inc, West Palm Beach, Florida, 33401, United States",United States
NCT02496000,"Heartland Research Associates, LLC, Wichita, Kansas, 67207, United States",United States
NCT02496000,"Maine Research Associates, Auburn, Maine, 04210, United States",United States
NCT02496000,"Apex Medical Research, MI, Inc, Flint, Michigan, 48504, United States",United States
NCT02496000,"Impact Clinical Trials, Las Vegas, Nevada, 89106, United States",United States
NCT02496000,"New York Clinical Trials, New York, New York, 10018, United States",United States
NCT02496000,"Lynn Institute of Norman, Norman, Oklahoma, 73069, United States",United States
NCT02496000,"Upstate Pharmaceutical Research, Greenville, South Carolina, 29615, United States",United States
NCT02496000,"Padre Coast Clinical Research, Corpus Christi, Texas, 78404, United States",United States
NCT02496000,"Sun Research Institute, San Antonio, Texas, 78215, United States",United States
NCT02496000,"Southwest Clinic, San Antonio, Texas, 78221, United States",United States
NCT02496000,"Panacea Clinical Research, San Antonio, Texas, 78228, United States",United States
NCT02496000,"Clinical Trials of Texas, Inc., San Antonio, Texas, 78229, United States",United States
NCT02496000,"Wasatch Clinical Research, LLC, Salt Lake City, Utah, 84107, United States",United States
NCT02496000,"Rainier Clinical Research Center, Inc., Renton, Washington, 98057, United States",United States
NCT05915949,"Seoul National University Bundang Hospital, Seongnam-si, Gyeonggi-do, 463-707, South Korea",South Korea
NCT01925443,"University of Nove de Julho, São Paulo, São Paulo, 01504-001, Brazil",Brazil
NCT05107063,"Korea University Ansan Hospital, Ansan, 15355, South Korea",South Korea
NCT05107063,"The Catholic University of Korea, Bucheon St. Mary's Hospital, Bucheon-si, 14647, South Korea",South Korea
NCT05107063,"Yeongnam University Medical Center, Busan, 42415, South Korea",South Korea
NCT05107063,"Inje University Busan Paik Hospital - Site 23, Busan, 47392, South Korea",South Korea
NCT05107063,"Inje University Busan Paik Hospital - Site 26, Busan, 47392, South Korea",South Korea
NCT05107063,"Bong Seng Memorial Hospital, Busan, 48775, South Korea",South Korea
NCT05107063,"Pusan National University Hospital - Site 43, Busan, 49241, South Korea",South Korea
NCT05107063,"Pusan National University Hospital - Site 49, Busan, 49241, South Korea",South Korea
NCT05107063,"Kosin University Gospel Hospital, Busan, 49267, South Korea",South Korea
NCT05107063,"Changwon Fatima Hospital, Changwon, 51394, South Korea",South Korea
NCT05107063,"Soon Chun Hyang University Cheonan Hospital, Cheonan, 31151, South Korea",South Korea
NCT05107063,"Daegu Catholic University Medical Center, Daegu, 42472, South Korea",South Korea
NCT05107063,"Eulji University DaeJeon Medical Center, Daejeon, 35233, South Korea",South Korea
NCT05107063,"Konyang University Hospital, Daejeon, 35365, South Korea",South Korea
NCT05107063,"GangNeung Asan Hospital, Gangneung, 25440, South Korea",South Korea
NCT05107063,"Dongguk University Ilsan Hospital, Goyang, 10326, South Korea",South Korea
NCT05107063,"Inje University Ilsan Paik Hospital, Goyang, 10380, South Korea",South Korea
NCT05107063,"National Health Insurance Service Ilsan Hospital, Goyang, 10444, South Korea",South Korea
NCT05107063,"Myongji Hospital, Goyang, 10475, South Korea",South Korea
NCT05107063,"Chosun University Hospital, Gwangju, 61453, South Korea",South Korea
NCT05107063,"Gwangju Veterans Hospital, Gwangju, 62284, South Korea",South Korea
NCT05107063,"Gachon University Gil Medical Center, Incheon, 21565, South Korea",South Korea
NCT05107063,"Bundang CHA General Hospital, Seongnam, 13496, South Korea",South Korea
NCT05107063,"Seoul National University Bundang Hospital, Seongnam, 13620, South Korea",South Korea
NCT05107063,"HANIL General Hospital, Seoul, 01450, South Korea",South Korea
NCT05107063,"Korea Cancer Center Hospital, Seoul, 01812, South Korea",South Korea
NCT05107063,"Eulji University Medical Center - Site 20, Seoul, 01830, South Korea",South Korea
NCT05107063,"Eulji University Medical Center - Site 52, Seoul, 01830, South Korea",South Korea
NCT05107063,"Seoul Medical Center, Seoul, 02053, South Korea",South Korea
NCT05107063,"The Catholic University of Korea, St. Paul's Hospital, Seoul, 02559, South Korea",South Korea
NCT05107063,"Yonsei University Health System, Severance Hospital, Seoul, 03722, South Korea",South Korea
NCT05107063,"Soon Chun Hyang University Seoul Hospital, Seoul, 04401, South Korea",South Korea
NCT05107063,"Kyung Hee University Hospital at Gangdong, Seoul, 05278, South Korea",South Korea
NCT05107063,"Kangdong Sacred Heart Hospital, Seoul, 05355, South Korea",South Korea
NCT05107063,"VHS Medical Center, Seoul, 05368, South Korea",South Korea
NCT05107063,"Yonsei University Health System, Gangnam Severance Hospital, Seoul, 06273, South Korea",South Korea
NCT05107063,"Samsung Medical Center, Seoul, 06351, South Korea",South Korea
NCT05107063,"Chung-Ang Univerisity Hospital, Seoul, 06973, South Korea",South Korea
NCT05107063,"The Catholic University of Korea, Yeouido St. Mary's Hospital, Seoul, 07345, South Korea",South Korea
NCT05107063,"St. Carollo General Hospital, Suncheon, 57931, South Korea",South Korea
NCT05107063,"The Catholic University of Korea, St. Vincent's Hospital - Site 45, Suwon, 16247, South Korea",South Korea
NCT05107063,"The Catholic University of Korea, St. Vincent's Hospital - Site 50, Suwon, 16247, South Korea",South Korea
NCT05107063,"Ajou University Hospital - Site 04, Suwon, 16499, South Korea",South Korea
NCT05107063,"Ajou University Hospital - Site 05, Suwon, 16499, South Korea",South Korea
NCT05107063,"Dongkang Medical Center, Ulsan, 44455, South Korea",South Korea
NCT05107063,"Yonsei University, Wonju Severance Christian Hospital - Site 10, Wŏnju, 26426, South Korea",South Korea
NCT05107063,"Yonsei University, Wonju Severance Christian Hospital - Site 15, Wŏnju, 26426, South Korea",South Korea
NCT07229482,"Virginia Polytechnic Institute and State University, Blacksburg, Virginia, 24061, United States",United States
NCT07204782,"Assiut university, Asyut, Egypt",Egypt
NCT02529982,"NNFTRI clinic, Tehran, 19435, Iran",Iran
NCT06319300,"Zhongshan Hospital, Fudan University, Shanghai, Shanghai Municipality, 200032, China",China
NCT07661381,"University of Twente, Enschede, Overijssel, 7500 AE, Netherlands",Netherlands
NCT01652729,"Research Site, Birmingham, Alabama, 35216, United States",United States
NCT01652729,"Research Site, Huntsville, Alabama, 35801, United States",United States
NCT01652729,"Research Site, Phoenix, Arizona, 85018, United States",United States
NCT01652729,"Research Site, Phoenix, Arizona, 85020, United States",United States
NCT01652729,"Research Site, Beverly Hills, California, 90036, United States",United States
NCT01652729,"Research Site, Buena Park, California, 90620, United States",United States
NCT01652729,"Research Site, Chino, California, 91710, United States",United States
NCT01652729,"Research Site, Chula Vista, California, 91910, United States",United States
NCT01652729,"Research Site, Encinitas, California, 92024, United States",United States
NCT01652729,"Research Site, Greenbrae, California, 94904, United States",United States
NCT01652729,"Research Site, Los Angeles, California, 90057, United States",United States
NCT01652729,"Research Site, Los Angeles, California, 90059, United States",United States
NCT01652729,"Research Site, North Hollywood, California, 91606, United States",United States
NCT01652729,"Research Site, Walnut Creek, California, 94598, United States",United States
NCT01652729,"Research Site, West Hills, California, 91307, United States",United States
NCT01652729,"Research Site, Boca Raton, Florida, 33432, United States",United States
NCT01652729,"Research Site, Hialeah, Florida, 33012, United States",United States
NCT01652729,"Research Site, Miami, Florida, 33143, United States",United States
NCT01652729,"Research Site, Miami, Florida, 33169, United States",United States
NCT01652729,"Research Site, Miami, Florida, 33183, United States",United States
NCT01652729,"Research Site, Port Orange, Florida, 32127, United States",United States
NCT01652729,"Research Site, St. Petersburg, Florida, 33709, United States",United States
NCT01652729,"Research Site, Chicago, Illinois, 60607, United States",United States
NCT01652729,"Research Site, Evanston, Illinois, 60201, United States",United States
NCT01652729,"Research Site, Indianapolis, Indiana, 46254, United States",United States
NCT01652729,"Research Site, Oxon Hill, Maryland, 20745, United States",United States
NCT01652729,"Research Site, Omaha, Nebraska, 68130, United States",United States
NCT01652729,"Research Site, Henderson, Nevada, 89052, United States",United States
NCT01652729,"Research Site, Las Vegas, Nevada, 89101, United States",United States
NCT01652729,"Research Site, Las Vegas, Nevada, 89123, United States",United States
NCT01652729,"Research Site, Albuquerque, New Mexico, 87102, United States",United States
NCT01652729,"Research Site, Buffalo, New York, 14215, United States",United States
NCT01652729,"Research Site, Hartsdale, New York, 10530, United States",United States
NCT01652729,"Research Site, Charlotte, North Carolina, 28204, United States",United States
NCT01652729,"Research Site, Clayton, North Carolina, 27520, United States",United States
NCT01652729,"Research Site, Durham, North Carolina, 27710, United States",United States
NCT01652729,"Research Site, Greensboro, North Carolina, 27410, United States",United States
NCT01652729,"Research Site, Mooresville, North Carolina, 28117, United States",United States
NCT01652729,"Research Site, Salisbury, North Carolina, 28144, United States",United States
NCT01652729,"Research Site, Cincinnati, Ohio, 45246, United States",United States
NCT01652729,"Research Site, Franklin, Ohio, 45005, United States",United States
NCT01652729,"Research Site, Marion, Ohio, 43302, United States",United States
NCT01652729,"Research Site, Yukon, Oklahoma, 73099, United States",United States
NCT01652729,"Research Site, Eugene, Oregon, 97404, United States",United States
NCT01652729,"Research Site, Portland, Oregon, 97210, United States",United States
NCT01652729,"Research Site, Greer, South Carolina, 29651, United States",United States
NCT01652729,"Research Site, Simpsonville, South Carolina, 29681, United States",United States
NCT01652729,"Reseach Site, Rapid City, South Dakota, 57702, United States",United States
NCT01652729,"Research Site, Chattanooga, Tennessee, 37421, United States",United States
NCT01652729,"Research Site, Carrolton, Texas, 75007, United States",United States
NCT01652729,"Research Site, Corpus Christi, Texas, 78404, United States",United States
NCT01652729,"Research Site, Dallas, Texas, 75390, United States",United States
NCT01652729,"Research Site, Houston, Texas, 77072, United States",United States
NCT01652729,"Research Site, Houston, Texas, 77074, United States",United States
NCT01652729,"Research Site, Katy, Texas, 77450, United States",United States
NCT01652729,"Research Site, San Antonio, Texas, 78205, United States",United States
NCT01652729,"Research Site, Salt Lake City, Utah, 84095, United States",United States
NCT01652729,"Research Site, Salt Lake City, Utah, 84107, United States",United States
NCT01652729,"Research Site, Burke, Virginia, 22015, United States",United States
NCT01652729,"Research Site, Spokane, Washington, 99202, United States",United States
NCT07503548,"Matareya Teaching Hospital, Cairo, Egypt",Egypt
NCT05711602,"U.E.D. Virgen de la Capilla, Jaén, 23004, Spain",Spain
NCT02529969,"NNFTRI clinic, Tehran, Tehran Province, 19435, Iran",Iran
NCT05789706,"VA Sierra Nevada Health Care System, Reno, Nevada, 89502, United States",United States
NCT02114554,"National Taiwan University Hospital, Taipei, 100, Taiwan",Taiwan
NCT02586129,"Seoul National Universitiy Bundang Hospital, Seongnam-si, Gyeonggi-do, 463-707, South Korea",South Korea
NCT04233229,"CHRU Brest, Brest, Brittany Region, 29609, France",France
NCT04233229,"CHU Rouen, Rouen, Normandy, 76230, France",France
NCT04233229,"CHU Amiens, Amiens, Picardie, 80054, France",France
NCT04233229,"CHU Caen, Caen, 14033, France",France
NCT04233229,"Hopital Européen de Marseille, Marseille, 13003, France",France
NCT04233229,"CHU Nantes, Nantes, 44093, France",France
NCT04233229,"CHU Strasbourg, Strasbourg, 67091, France",France
NCT04233229,"CHU Toulouse, Toulouse, 31059, France",France
NCT04233229,"CHRU Nancy-Hôpitaux de Brabois, Vandœuvre-lès-Nancy, 54511, France",France
NCT04233229,"APHP Lariboisière, Paris, Île-de-France Region, 75475, France",France
NCT02726217,"New York University School of Medicine, New York, New York, 10016, United States",United States
NCT04289818,"Faculty of Medicine, Universitas Indonesia, Jakarta Pusat, DKI Jakarta, 10430, Indonesia",Indonesia
NCT07697612,"Singapore General Hospital, Singapore, Singapore",Singapore
NCT02947620,"Samsung Medical Center, Seoul, South Korea",South Korea
NCT06340854,"Valley Research, Fresno, California, 93720, United States",United States
NCT06340854,"Advanced Investigative Medicine, Inc., Hawthorne, California, 90250, United States",United States
NCT06340854,"Scripps Whittier Diabetes Inst, La Jolla, California, 92037, United States",United States
NCT06340854,"Headlands Research CTR Lincoln, Lincoln, California, 95648, United States",United States
NCT06340854,"Northeast Research Institute of Florida, Fleming Island, Florida, 32003, United States",United States
NCT06340854,"South Broward Research LLC, Miramar, Florida, 33027, United States",United States
NCT06340854,"Endo Res Solutions Inc, Roswell, Georgia, 30076, United States",United States
NCT06340854,"Rocky Mountain Diab&Osteo Ctr, Idaho Falls, Idaho, 83404-7596, United States",United States
NCT06340854,"Velocity Clinical_Valparaiso, Valparaiso, Indiana, 46383, United States",United States
NCT06340854,"Iowa Diab & Endo Res Center, West Des Moines, Iowa, 50266, United States",United States
NCT06340854,"Cotton-Oneill Diabetes and End, Topeka, Kansas, 66606-2806, United States",United States
NCT06340854,"International Diabetes Center, Minneapolis, Minnesota, 55416, United States",United States
NCT06340854,"Jefferson City Medical Group, PC, Jefferson City, Missouri, 65109, United States",United States
NCT06340854,"Univ of Nebraska Medical CTR, Omaha, Nebraska, 68198-3020, United States",United States
NCT06340854,"Palm Research Center Inc-Vegas, Las Vegas, Nevada, 89148, United States",United States
NCT06340854,"Southern NH Diabetes and Endo_Nashua, Nashua, New Hampshire, 03060, United States",United States
NCT06340854,"PharmQuest Life Sciences LLC, Greensboro, North Carolina, 27408, United States",United States
NCT06340854,"Accellacare Wilmington, Wilmington, North Carolina, 28401, United States",United States
NCT06340854,"Trial Management Associates, Myrtle Beach, South Carolina, 29572, United States",United States
NCT06340854,"Amarillo Medical Specialists, Amarillo, Texas, 79124, United States",United States
NCT06340854,"Velocity Clinical Res-Dallas, Dallas, Texas, 75230, United States",United States
NCT06340854,"Diabetes and Thyroid Ctr of FW, Fort Worth, Texas, 76132, United States",United States
NCT06340854,"Victorium Clinical Research, Houston, Texas, 77024, United States",United States
NCT06340854,"PlanIt Research, PLLC, Houston, Texas, 77079, United States",United States
NCT06340854,"Chrysalis Clinical Research, St. George, Utah, 84790, United States",United States
NCT06340854,"Capital Clin Res Ctr,LLC, Olympia, Washington, 98502, United States",United States
NCT06340854,"Rainier Clin Res Ctr Inc, Renton, Washington, 98057, United States",United States
NCT06340854,"Medical Center Viva Feniks OOD, Dobrich, 9300, Bulgaria",Bulgaria
NCT06340854,"MHAT Knyaginya Klementina - Sofia EAD, Sofia, 1233, Bulgaria",Bulgaria
NCT06340854,"UMHAT Aleksandrovska EAD, Clinic of Endocrinology and Metabolic Diseases, Sofia, 1431, Bulgaria",Bulgaria
NCT06340854,"Medical Institute of Ministry of interior, Sofia, 1606, Bulgaria",Bulgaria
NCT06340854,"Medical Centre - Clinic Nova EOOD, Varna, 9000, Bulgaria",Bulgaria
NCT06340854,"MC Berbatov EOOD, Beli Drin, Yambol, 8600, Bulgaria",Bulgaria
NCT06340854,"InnoDiab Forschung GmbH, Essen, 45136, Germany",Germany
NCT06340854,"Institut für Diabetesforschung GmbH Münster - Dr. med. Rose, Münster, 48145, Germany",Germany
NCT06340854,"MedicalCenter am Clemenshospital - Schwerpunktpraxis für Diabetologie und Ernährungsmedizin, Münster, 48153, Germany",Germany
NCT06340854,"RED-Institut für medizinische Forschung und Fortbildung GmbH, Oldenburg in Holstein, 23758, Germany",Germany
NCT06340854,"Institut für Diabetesforschung Osnabrück, Osnabrück, 49080, Germany",Germany
NCT06340854,"Zentrum für klinische Studien Allgäu Oberschwaben, Wangen, 88239, Germany",Germany
NCT06340854,"Swasthya Diabetes Care, Ahmedabad, Gujarat, 390013, India",India
NCT06340854,"Lifecare Hospital and Research Centre, Bangalore, Karnataka, 560092, India",India
NCT06340854,"Belgaum Diabetes Centre, Belagavi, Karnataka, 590001, India",India
NCT06340854,"Manipal Hospital, Old Airport Road, Bengaluru, Bengaluru, Karnataka, 560017, India",India
NCT06340854,"Amrita Institute Of Medical Sciences & Research Centre, Kochi, Kerala, 682041, India",India
NCT06340854,"TOTALL Diabetes Hormone Institute, Indore, Madhya Pradesh, 452010, India",India
NCT06340854,"Seth GS Medical College & KEM Hospital, Mumbai, Maharashtra, 400012, India",India
NCT06340854,"Grant Medical Foundation Ruby Hall Clinic, Pune, Maharashtra, 411001, India",India
NCT06340854,"Chellaram Diabetes Institute, Pune, Maharashtra, 411021, India",India
NCT06340854,"Jawaharlal Institute of Postgraduate Medical Education and Research (JIPMER), Puducherry, Tamil Nadu, 605006, India",India
NCT06340854,"Gandhi Hospital & Medical college, Hyderabad, Telangana, 500003, India",India
NCT06340854,"Malla Reddy Narayana Multispeciality Hospital, Hyderabad, Telangana, 500055, India",India
NCT06340854,"FS Endocrine and diabetes Center, Saidābād, Telangana, 500059, India",India
NCT06340854,"Government Institute of Medical Sciences, Noida, Uttar Pradesh, 201310, India",India
NCT06340854,"Postgraduate Institute of Medical Education and Research (PGIMER), Chandigarh, Chandigarh, 160012, India",India
NCT06340854,"Christian Medical College and Hospital, Ludhiana, 141008, India",India
NCT06340854,"Heiwadai Hospital_Internal Medicine, Miyazaki, Miyazaki, 880-0034, Japan",Japan
NCT06340854,"Tokyo Medical Univ. Hospital_Diabetes, Metabolism and Endocrinology, Shinjuku-ku, Tokyo, Tokyo, 160-0023, Japan",Japan
NCT06340854,"Futata Tetsuhiro Clinic Meinohama_Internal medicine, Fukuoka-shi, Fukuoka, 819-0006, Japan",Japan
NCT06340854,"Oyama East Clinic_Internal Medicine, Tochigi, 323-0022, Japan",Japan
NCT06340854,"Noritake Clinic, Ushiku-shi, Ibaraki, 300-1207, Japan",Japan
NCT06340854,"Uniwersytecki Szpital Kliniczny w Opolu, Opole, Opole Voivodeship, 45-401, Poland",Poland
NCT06340854,"NZOZ Specjalistyczny Osrodek Internistyczno-Diabetologiczny Małgorzata Arciszewska, Bialystok, Podlaskie Voivodeship, 15-435, Poland",Poland
NCT06340854,"NZOZ Vita-Diabetica Malgorzata Buraczyk, Bialystok, Podlaskie Voivodeship, 15-879, Poland",Poland
NCT06340854,"Centrum Medyczne Pratia Gdynia, Gdynia, Pomeranian Voivodeship, 81-338, Poland",Poland
NCT06340854,"NZOZ Euromedica Sp. z o.o., Grudziądz, 86-300, Poland",Poland
NCT06340854,"Centrum Medyczne Pratia Katowice, Katowice, 40-081, Poland",Poland
NCT06340854,"Panstwowy Instytut Medyczny Ministerstwa Spraw Wewnetrznych I Administracji, Warsaw, 02-507, Poland",Poland
NCT06340854,"Trialmed CRS, Piotrkow Trybunalski, Łódź Voivodeship, 97-300, Poland",Poland
NCT06340854,"Advanced Clinical Research LLC, Bayamón, 00959, Puerto Rico",Puerto Rico
NCT06340854,"Manati Ctr For Clin Research, Manati, 00674, Puerto Rico",Puerto Rico
NCT06340854,"Medi-Clinic Bloemfontein, Bloemfontein, Free State, 9301, South Africa",South Africa
NCT06340854,"Hemant Makan, Johannesburg, Gauteng, 1827, South Africa",South Africa
NCT06340854,"Centre for Diabetes, Johannesburg, Gauteng, 2198, South Africa",South Africa
NCT06340854,"Dr Moosa's Rooms, Lenasia, Gauteng, 1827, South Africa",South Africa
NCT06340854,"Botho ke Bontle Health Services, Pretoria, Gauteng, 0184, South Africa",South Africa
NCT06340854,"Dr A Amod, Durban, KwaZulu-Natal, 4092, South Africa",South Africa
NCT06340854,"Dr MB Moosa's Practice, Durban, KwaZulu-Natal, 4092, South Africa",South Africa
NCT06340854,"Dr Mahesh Duki Research And Trial Site, Durban, KwaZulu-Natal, 4339, South Africa",South Africa
NCT06340854,"Hospital de Basurto, Bilbao, Vizcaya, 48013, Spain",Spain
NCT06340854,"Hospital Clinic i Provincial, Barcelona, 08036, Spain",Spain
NCT06340854,"ABS La Roca CAP Vicenç_Endocrino, La Roca Del Vallés, 08430, Spain",Spain
NCT06340854,"H. Clinico Univ. Virgen de la Victoria, Málaga, 29010, Spain",Spain
NCT06340854,"H.U. Quirónsalud Madrid, Pozuelo de Alarcón, 28223, Spain",Spain
NCT03437109,"ENC, Moscow, 117036, Russia",Russia
NCT03437109,"Central Clinical Hospital, Moscow, 121359, Russia",Russia
NCT01472328,"German Diabetes Center, Düsseldorf, 40225, Germany",Germany
NCT06476990,"University of Kansas Medical Center, Kansas City, Kansas, 66106, United States",United States
NCT02041234,"Khoo Teck Puat Hospital, Singapore, 768828, Singapore",Singapore
NCT06401668,"Hartford HealthCare/ St. Vincent Medical Center, Hartford, Connecticut, 06102, United States",United States
NCT06296550,"Scripps Whittier Diabetes Institute, San Diego, California, 92037, United States",United States
NCT02759289,"New York University School of Medicine, New York, New York, 10016, United States",United States
NCT06897618,"Hackensack Meridian Health, JFK University Medical, Plainfield, New Jersey, 07060, United States",United States
NCT01336738,"Pfizer Investigational Site, Jonesboro, Arkansas, 72401, United States",United States
NCT01336738,"Pfizer Investigational Site, Jonesboro, Arkansas, 72404, United States",United States
NCT01336738,"Pfizer Investigational Site, Los Angeles, California, 90057, United States",United States
NCT01336738,"Pfizer Investigational Site, Palm Springs, California, 92262, United States",United States
NCT01336738,"Pfizer Investigational Site, Jacksonville, Florida, 32216, United States",United States
NCT01336738,"Pfizer Investigational Site, Melbourne, Florida, 32901, United States",United States
NCT01336738,"Pfizer Investigational Site, West Palm Beach, Florida, 33401, United States",United States
NCT01336738,"Pfizer Investigational Site, Conyers, Georgia, 30094, United States",United States
NCT01336738,"Pfizer Investigational Site, Chicago, Illinois, 60607, United States",United States
NCT01336738,"Pfizer Investigational Site, Louisville, Kentucky, 40213, United States",United States
NCT01336738,"Pfizer Investigational Site, Fall River, Massachusetts, 02720, United States",United States
NCT01336738,"Pfizer Investigational Site, Brooklyn, New York, 11230, United States",United States
NCT01336738,"Pfizer Investigational Site, Cary, North Carolina, 27518, United States",United States
NCT01336738,"Pfizer Investigational Site, Wilmington, North Carolina, 28401, United States",United States
NCT01336738,"Pfizer Investigational Site, Columbus, Ohio, 43213, United States",United States
NCT01336738,"Pfizer Investigational Site, East Providence, Rhode Island, 02914, United States",United States
NCT01336738,"Pfizer Investigational Site, East Providence, Rhode Island, 02915, United States",United States
NCT01336738,"Pfizer Investigational Site, Mt. Pleasant, South Carolina, 29464, United States",United States
NCT01336738,"Pfizer Investigational Site, Bristol, Tennessee, 37620, United States",United States
NCT01336738,"Pfizer Investigational Site, Kingsport, Tennessee, 37660, United States",United States
NCT01336738,"Pfizer Investigational Site, Dallas, Texas, 75230, United States",United States
NCT01336738,"Pfizer Investigational Site, Houston, Texas, 77036, United States",United States
NCT01336738,"Pfizer Investigational Site, Houston, Texas, 77074, United States",United States
NCT01336738,"Pfizer Investigational Site, Houston, Texas, 77081, United States",United States
NCT01336738,"Pfizer Investigational Site, San Antonio, Texas, 78229, United States",United States
NCT01336738,"Pfizer Investigational Site, Charlottesville, Virginia, 22911, United States",United States
NCT01336738,"Pfizer Investigational Site, Kenosha, Wisconsin, 53142, United States",United States
NCT01336738,"Pfizer Investigational Site, Milwaukee, Wisconsin, 53209, United States",United States
NCT01336738,"Pfizer Investigational Site, Winnipeg, Manitoba, R3E 3P4, Canada",Canada
NCT01336738,"Pfizer Investigational Site, Strathroy, Ontario, N7G 1Y7, Canada",Canada
NCT01336738,"Pfizer Investigational Site, Thornhill, Ontario, L4J 8L7, Canada",Canada
NCT01336738,"Pfizer Investigational Site, Toronto, Ontario, M9W 4L6, Canada",Canada
NCT01336738,"Pfizer Investigational Site, Laval, Quebec, H7T 2P5, Canada",Canada
NCT01336738,"Pfizer Investigational Site, Saint Romuald, Quebec, G6W 5M6, Canada",Canada
NCT01336738,"Pfizer Investigational Site, Budapest, 1036, Hungary",Hungary
NCT01336738,"Pfizer Investigational Site, Guadalajara, Jalisco, 44130, Mexico",Mexico
NCT01336738,"Pfizer Investigational Site, Guadalajara, Jalisco, 44650, Mexico",Mexico
NCT01336738,"Pfizer Investigational Site, Monterrey, Nuevo León, 64460, Mexico",Mexico
NCT01336738,"Pfizer Investigational Site, Bratislava, 831 01, Slovakia",Slovakia
NCT01336738,"Pfizer Investigational Site, Seoul, 110-744, South Korea",South Korea
NCT01336738,"Pfizer Investigational Site, Seoul, 120-752, South Korea",South Korea
NCT01336738,"Pfizer Investigational Site, Seoul, 138-736, South Korea",South Korea
NCT01336738,"Pfizer Investigational Site, Tainan, 710, Taiwan",Taiwan
NCT01336738,"Pfizer Investigational Site, Taipei, 100, Taiwan",Taiwan
NCT06267391,"University of Alabama, Birmingham, Alabama, 35205, United States",United States
NCT06267391,"Central Alabama Research, Birmingham, Alabama, 35209, United States",United States
NCT06267391,"Velocity Clinical Research, Gardena, Gardena, California, 90247, United States",United States
NCT06267391,"Cedars-Sinai Medical Center, Los Angeles, California, 90048, United States",United States
NCT06267391,"UCLA, Los Angeles, California, 90065, United States",United States
NCT06267391,"Hoag Memorial Hospital Presbyterian - Digestive Health Institute, Newport Beach, California, 92663, United States",United States
NCT06267391,"Velocity Clinical Research, Hallandale Beach, Hallandale, Florida, 33009, United States",United States
NCT06267391,"Mayo Clinic, Jacksonville, Florida, 32224, United States",United States
NCT06267391,"Universal Axon Clinical Research LLC, Miami, Florida, 33166, United States",United States
NCT06267391,"University of Miami, Miami, Florida, 33166, United States",United States
NCT06267391,"Quantum Clinical Research, Miami Beach, Florida, 33140, United States",United States
NCT06267391,"West Orange Endocrinology, Ocoee, Florida, 34761, United States",United States
NCT06267391,"Advent Health, Orlando, Florida, 32804, United States",United States
NCT06267391,"Orlando Health, Orlando, Florida, 32806, United States",United States
NCT06267391,"Health Synergy Clinical Research, West Palm Beach, Florida, 33407, United States",United States
NCT06267391,"NorthShore University Health System, Evanston, Illinois, 60201, United States",United States
NCT06267391,"Heartland Medical Research, Inc., Clive, Iowa, 50325, United States",United States
NCT06267391,"Iowa Diabetes and Endocrinology Research Center, West Des Moines, Iowa, 50266, United States",United States
NCT06267391,"John Hopkins, Baltimore, Maryland, 21287, United States",United States
NCT06267391,"Mayo Clinic, Rochester, Minnesota, 55905, United States",United States
NCT06267391,"Cooper Health System, Camden, New Jersey, 08103, United States",United States
NCT06267391,"Robert Wood Johnson Medical School, New Brunswick, New Jersey, 08901, United States",United States
NCT06267391,"The Ohio State University- Wexner Medical Center, Columbus, Ohio, 43210, United States",United States
NCT06267391,"Velocity Clinical Research - Austin, Austin, Texas, 78613, United States",United States
NCT06267391,"Dell Medical School, Austin, Texas, 78712, United States",United States
NCT06267391,"IMA Clinical Research - Austin, Austin, Texas, 78745, United States",United States
NCT06267391,"The University of Texas Health Science Center at Houston, Bellaire, Texas, 77401, United States",United States
NCT06267391,"Velocity Clinical Research, Dallas, Dallas, Texas, 75230, United States",United States
NCT06267391,"Southwest Medical Center, Dallas, Texas, 75235, United States",United States
NCT06267391,"University of Texas Southwestern Medical School - William P. Clements Jr. University Hospital, Dallas, Texas, 75235, United States",United States
NCT06267391,"Epic Medical Research, DeSoto, Texas, 75115, United States",United States
NCT06267391,"Houston Methodist Research Institute, Houston, Texas, 77030, United States",United States
NCT06267391,"Juno Research, LLC, Houston, Texas, 77054, United States",United States
NCT06267391,"Texas Diabetes & Endocrinology, P.A., Round Rock, Texas, 78681, United States",United States
NCT06267391,"Diabetes & Glandular Disease Clinic, P.A., San Antonio, Texas, 78229, United States",United States
NCT06267391,"IMA Clinical Research - San Antonio, San Antonio, Texas, 78229, United States",United States
NCT06267391,"Mt. Olympus Medical Research, Sugar Land, Texas, 77479, United States",United States
NCT06267391,"Royal Prince Alfred Hospital, Camperdown, New South Wales, 2006, Australia",Australia
NCT06267391,"The BMI Clinic, Double Bay, New South Wales, 2028, Australia",Australia
NCT06267391,"Royal North Shore Hospital, Saint Leonards, New South Wales, 2065, Australia",Australia
NCT06267391,"Eastern Health - Box Hill Hospital, Box Hill, Victoria, 3128, Australia",Australia
NCT06267391,"St Vincent's Hospital Melbourne, Fitzroy, Victoria, 3065, Australia",Australia
NCT06267391,"Austin Health, Heidelberg, Victoria, Australia",Australia
NCT06267391,"Baker Heart and Diabetes Institute, Melbourne, Victoria, 3004, Australia",Australia
NCT07622628,"Bakırçay University Faculty of Medicine Endocrinology Department, Izmir, Turkey (Türkiye)",Turkey (Türkiye)
NCT06005519,"Istanbul University Istanbul Medical Faculty, Istanbul, Fatih, 34096, Turkey (Türkiye)",Turkey (Türkiye)
NCT00640549,"Pfizer Investigational Site, BAD Muenster AM Stein, 55583, Germany",Germany
NCT00640549,"Pfizer Investigational Site, Bosenheim, 55545, Germany",Germany
NCT00640549,"Pfizer Investigational Site, Bretten, 75015, Germany",Germany
NCT00640549,"Pfizer Investigational Site, Dresden, 01307, Germany",Germany
NCT00640549,"Pfizer Investigational Site, Duisburg, 47199, Germany",Germany
NCT00640549,"Pfizer Investigational Site, Essen, 45217, Germany",Germany
NCT00640549,"Pfizer Investigational Site, Goch, 47574, Germany",Germany
NCT00640549,"Pfizer Investigational Site, Heidelberg, 69120, Germany",Germany
NCT00640549,"Pfizer Investigational Site, Künzing, 94550, Germany",Germany
NCT00640549,"Pfizer Investigational Site, Offenbach, 63067, Germany",Germany
NCT00640549,"Pfizer Investigational Site, Offenbach, 63071, Germany",Germany
NCT00640549,"Pfizer Investigational Site, Offenbach, 63073, Germany",Germany
NCT00640549,"Pfizer Investigational Site, Rain, 94369, Germany",Germany
NCT00640549,"Pfizer Investigational Site, Schwabenheim, 55270, Germany",Germany
NCT05689684,"Biomedical Nutrition, Lund University and Department of Endocrinology , Lund University Hospital, Lund, 221 00, Sweden",Sweden
NCT05442840,"Portage Clinic, Portage la Prairie, Manitoba, R1N 3V5, Canada",Canada
NCT06354660,"Scottsdale Clinical Trials, Scottsdale, Arizona, 85260, United States",United States
NCT06354660,"Tucson Clinical Research Institute, Tucson, Arizona, 85712, United States",United States
NCT06354660,"San Fernando Valley Health Institute, Canoga Park, California, 91304, United States",United States
NCT06354660,"Ark Clinical Research, Long Beach, California, 90815, United States",United States
NCT06354660,"Northeast Research Institute (NERI), Fleming Island, Florida, 32003, United States",United States
NCT06354660,"New Horizon Research Center, Miami, Florida, 33165, United States",United States
NCT06354660,"Ezy Medical Research, Miami, Florida, 33175, United States",United States
NCT06354660,"Clinical Research of Central Florida, Winter Haven, Florida, 33880, United States",United States
NCT06354660,"Trinity Research Centers, Marietta, Georgia, 30064, United States",United States
NCT06354660,"Cotton O'Neil Clinical Research Center, Topeka, Kansas, 66606, United States",United States
NCT06354660,"NECCR PrimaCare Research, Fall River, Massachusetts, 02721, United States",United States
NCT06354660,"Clinical Research Professionals, Chesterfield, Missouri, 63005, United States",United States
NCT06354660,"Boeson Research MSO, Missoula, Montana, 59804, United States",United States
NCT06354660,"NJ MedCare & NJ Heart, Linden, New Jersey, 07036, United States",United States
NCT06354660,"Accellacare - Wilmington - 1917 Tradd Court, Wilmington, North Carolina, 28401, United States",United States
NCT06354660,"Providence Health Partners-Center for Clinical Research, Dayton, Ohio, 45439, United States",United States
NCT06354660,"Clinical Research of Philadelphia, Philadelphia, Pennsylvania, 19114, United States",United States
NCT06354660,"Preferred Primary Care Physicians, Uniontown, Pennsylvania, 15401, United States",United States
NCT06354660,"Delricht Research - Tobias Gadson Boulevard - Charleston, Charleston, South Carolina, 29407, United States",United States
NCT06354660,"Lifedoc Research - Lenox Park Drive, Memphis, Tennessee, 38115, United States",United States
NCT06354660,"Clinical Research Associates Inc, Nashville, Tennessee, 37203, United States",United States
NCT06354660,"Velocity Clinical Research, Dallas, Dallas, Texas, 75230, United States",United States
NCT06354660,"Prime Revival Research Institute, LLC, Flower Mound, Texas, 75028, United States",United States
NCT06354660,"Valley Institute of Research - Fort Worth, Fort Worth, Texas, 76164, United States",United States
NCT06354660,"Consano Clinical Research, LLC, Shavano Park, Texas, 78231, United States",United States
NCT06354660,"Texas Valley Clinical Research, Weslaco, Texas, 78596, United States",United States
NCT06354660,"Manassas Clinical Research Center, Manassas, Virginia, 20110, United States",United States
NCT06354660,"MultiCare Rockwood Cheney Clinic, Cheney, Washington, 99004, United States",United States
NCT06354660,"Eastside Research Associates, Redmond, Washington, 98052, United States",United States
NCT06354660,"All India Institute of Medical Sciences, Raipur, Chhattisgarh, 492099, India",India
NCT06354660,"Gujarat Endocrin Pvt Ltd, Ahmedabad, Gujarat, 380052, India",India
NCT06354660,"Nirmal Hospital Pvt Ltd., Surat, Gujarat, 395002, India",India
NCT06354660,"Victoria Hospital, Bangalore Medical College And Research Institute, Bangalore, Karnataka, 560002, India",India
NCT06354660,"Government Medical College - Kozhikode, Kozhikode, Kerala, 673008, India",India
NCT06354660,"All India Institute of Medical Sciences, Bhubaneswar, Odisha, 751019, India",India
NCT06354660,"Eternal Heart Care Center and Research Institute, Jaipur, Rajasthan, 302020, India",India
NCT06354660,"Brij Medical Centre Private Limited, Kanpur, Uttar Pradesh, 208020, India",India
NCT06354660,"Grupo Ollin Care, Pachuca, Hidalgo, 42000, Mexico",Mexico
NCT06354660,"Instituto Jalisciense de Investigacion en Diabetes y Obesidad, Guadalajara, Jalisco, 04460, Mexico",Mexico
NCT06354660,"Instituto Nacional de Ciencias Medicas y Nutricion Salvador Zubiran, Mexico City, Mexico City, 14080, Mexico",Mexico
NCT06354660,"Unidad biomedica avanzada monterrey, Monterrey, Nuevo León, 64460, Mexico",Mexico
NCT06354660,"Clínica García Flores SC, Monterrey, Nuevo León, 64610, Mexico",Mexico
NCT06354660,"Centro de investigación y control metabólico, San Nicolás de los Garza, Nuevo León, 66465, Mexico",Mexico
NCT06354660,"EME RED Hospitalaria, Mérida, Yucatán, 97000, Mexico",Mexico
NCT06354660,"Medical Care and Research SA de CV, Mérida, Yucatán, 97070, Mexico",Mexico
NCT06354660,"Arké SMO S.A de C.V, Veracruz, 91910, Mexico",Mexico
NCT06354660,"Dorado Medical Complex, Dorado, 00646, Puerto Rico",Puerto Rico
NCT06354660,"Ponce Medical School Foundation Inc., Ponce, 00716, Puerto Rico",Puerto Rico
NCT05394844,"University of Washington Diabetes Institute, Seattle, Washington, 98109, United States",United States
NCT05394844,"University of Washington, Seattle, Washington, 98109, United States",United States
NCT05378620,"San Ysidro Health, National City, California, 91950, United States",United States
NCT05378620,"Scripps Whittier Diabetes Institute, San Diego, California, 92037, United States",United States
NCT05279326,"Unidade de Saúde Familiar Homem do Leme, Porto, 4150-502, Portugal",Portugal
NCT01001962,"Hypertension 24h ABPM center Papageorgiou Hospital, Thessaloniki, Greece",Greece
NCT05266742,"Ankara Yıldırım Beyazıt University, Ankara, Turkey (Türkiye)",Turkey (Türkiye)
NCT00637546,"University Hospital of Geneva, Geneva, 1205, Switzerland",Switzerland
NCT05143827,"Diabetologia AOU Careggi, Florence, 50134, Italy",Italy
NCT02935712,"Research Site, Berlin, 14050, Germany",Germany
NCT02222623,"Inova Fairfax Hospital, Falls Church, Virginia, 22042, United States",United States
NCT05072990,"Guang'anmen Hospital, China Academy of Chinese Medical Sciences, Beijing, Beijing Municipality, 100053, China",China
NCT05416060,"Scripps Chula Vista Diabetes Center, Chula Vista, California, 91910, United States",United States
NCT05416060,"Scripps Whittier Diabetes Institute, San Diego, California, 92121, United States",United States
NCT04946188,"Scimita Operations, Sydney, New South Wales, 2044, Australia",Australia
NCT01845064,"PRA, Zuidlaren, 9471 GP, Netherlands",Netherlands
NCT07265245,"Klinik Kesihatan Senawang, Seremban, Negeri Sembilan, 70450, Malaysia",Malaysia
NCT05577390,"Loma Linda University Health Neuropathic Therapy Center, Loma Linda, California, 92350, United States",United States
NCT06904690,"AOU Ospedaliera Marche, Ancona, 60127, Italy",Italy
NCT06904690,"IRCCS INRCA Hospital, Ancona, 60127, Italy",Italy
NCT07359105,"Korea University ANAM Hospital, Seoul, South Korea",South Korea
NCT07359105,"Severance Hospital, Seoul, South Korea",South Korea
NCT01193179,"Kanto Rigeon, Japan",Japan
NCT01193179,"Kinki Region, Japan",Japan
NCT01193179,"Kyushu Region, Japan",Japan
NCT01193179,"Tohoku Region, Japan",Japan
NCT00044447,"Dallas Diabetes & Endocrine Center, Dallas, Texas, 75230, United States",United States
NCT03714451,"Yale New Haven Hospital, New Haven, Connecticut, 06510, United States",United States
NCT03714451,"Yale University School of Medicine, New Haven, Connecticut, 06510, United States",United States
NCT03714451,"Yale Center for Clinical Investigation, New Haven, Connecticut, 06519, United States",United States
NCT06293417,"Korea University Anam Hospital, Seoul, South Korea",South Korea
NCT03550378,"Research Site, Berlin, 10117, Germany",Germany
NCT03550378,"Research Site, Magdeburg, 39120, Germany",Germany
NCT03550378,"Research Site, München, 81241, Germany",Germany
NCT03550378,"Research Site, Münster, 48145, Germany",Germany
NCT03550378,"Research Site, Dundee, DD1 9SY, United Kingdom",United Kingdom
NCT03550378,"Research Site, Edinburgh, EH16 4SA, United Kingdom",United Kingdom
NCT03550378,"Research Site, Edinburgh, EH4 2XU, United Kingdom",United Kingdom
NCT07606066,"Research Site, Little Rock, Arkansas, 72205, United States",United States
NCT07606066,"Research Site, Lincoln, California, 95648, United States",United States
NCT07606066,"Research Site, Lake City, Florida, 32055, United States",United States
NCT07606066,"Research Site, Ocoee, Florida, 34761, United States",United States
NCT07606066,"Research Site, Decatur, Georgia, 30030, United States",United States
NCT07606066,"Research Site, El Dorado, Kansas, 67042, United States",United States
NCT07606066,"Research Site, Potomac, Maryland, 20854, United States",United States
NCT07606066,"Research Site, Gaffney, South Carolina, 29340, United States",United States
NCT07606066,"Research Site, Renton, Washington, 98057, United States",United States
NCT07606066,"Research Site, Fortaleza, Ceará, 60430-350, Brazil",Brazil
NCT07606066,"Research Site, Curitiba, Paraná, 80030-480, Brazil",Brazil
NCT07606066,"Research Site, Natal, Rio Grande do Norte, 59020-035, Brazil",Brazil
NCT07606066,"Research Site, Porto Alegre, Rio Grande do Sul, 90630-165, Brazil",Brazil
NCT07606066,"Research Site, Campinas, S O Paulo, 13060-904, Brazil",Brazil
NCT07606066,"Research Site, São José dos Campos, S O Paulo, 12243-280, Brazil",Brazil
NCT07606066,"Research Site, São Paulo, São Paulo, 01228-200, Brazil",Brazil
NCT07606066,"Research Site, São Paulo, São Paulo, 04012-180, Brazil",Brazil
NCT07606066,"Research Site, Barretos, 14784-400, Brazil",Brazil
NCT07606066,"Research Site, Brasília, 71625-009, Brazil",Brazil
NCT07606066,"Research Site, Rio de Janeiro, 22270-060, Brazil",Brazil
NCT07606066,"Research Site, Budapest, HU, 1036, Hungary",Hungary
NCT07606066,"Research Site, Budapest, HU, 1089, Hungary",Hungary
NCT07606066,"Research Site, Debrecen, HU, 4032, Hungary",Hungary
NCT07606066,"Research Site, Szeged, HU, 6725, Hungary",Hungary
NCT07606066,"Research Site, Budapest, 1024, Hungary",Hungary
NCT07606066,"Research Site, Budapest, 1132, Hungary",Hungary
NCT07606066,"Research Site, Budapest, 1138, Hungary",Hungary
NCT07606066,"Research Site, Salgótarján, 3100, Hungary",Hungary
NCT07606066,"Research Site, Szolnok, 5000, Hungary",Hungary
NCT07606066,"Research Site, Zalaegerszeg, 8900, Hungary",Hungary
NCT07606066,"Research Site, Guntur, Andhra Pradesh, 522001, India",India
NCT07606066,"Research Site, Guwahati, Assam, 781032, India",India
NCT07606066,"Research Site, Bangalore, Karnataka, 560092, India",India
NCT07606066,"Research Site, Belagavi, Karnataka, 590006, India",India
NCT07606066,"Research Site, Belagavi, Karnataka, 590010, India",India
NCT07606066,"Research Site, Calicut, Kerala, 673008, India",India
NCT07606066,"Research Site, Kochi, Kerala, 682041, India",India
NCT07606066,"Research Site, Thiruvananthapuram, Kerala, 695031, India",India
NCT07606066,"Research Site, Indore, Madhya Pradesh, 452008, India",India
NCT07606066,"Research Site, Mumbai, Maharashtra, 400012, India",India
NCT07606066,"Research Site, Nagpur, Maharashtra, 440010, India",India
NCT07606066,"Research Site, Pune, Maharashtra, 411013, India",India
NCT07606066,"Research Site, Pune, Maharashtra, 411021, India",India
NCT07606066,"Research Site, Delhi, New Delhi, 110029, India",India
NCT07606066,"Research Site, Jaipur, Rajasthan, 302017, India",India
NCT07606066,"Research Site, Chennai, Tamil Nadu, 600086, India",India
NCT07606066,"Research Site, Coimbatore, Tamil Nadu, 641018, India",India
NCT07606066,"Research Site, Lucknow, Uttar Pradesh, 226030, India",India
NCT07606066,"Research Site, Kolkata, West Bengal, 700020, India",India
NCT07606066,"Research Site, Seremban, Negeri Sembilan, 70300, Malaysia",Malaysia
NCT07606066,"Research Site, Seri Manjung, Perak, 32040, Malaysia",Malaysia
NCT07606066,"Research Site, Batu Caves, Selangor, 68100, Malaysia",Malaysia
NCT07606066,"Research Site, Kuala Lumpur, Wilayah Persekutuan Kuala Lump, 59100, Malaysia",Malaysia
NCT07606066,"Research Site, Putrajaya, 62250, Malaysia",Malaysia
NCT07606066,"Research Site, L Dz, L Dzkie, 90-338, Poland",Poland
NCT07606066,"Research Site, Lublin, Lublin Voivodeship, 20-718, Poland",Poland
NCT07606066,"Research Site, Krakow, Malopolska, 31-261, Poland",Poland
NCT07606066,"Research Site, Radom, Masovian Voivodeship, 26-600, Poland",Poland
NCT07606066,"Research Site, Bialystok, Podlaskie Voivodeship, 15-879, Poland",Poland
NCT07606066,"Research Site, Częstochowa, Silesian Voivodeship, 42-217, Poland",Poland
NCT07606066,"Research Site, Poznnn, 60-354, Poland",Poland
NCT07606066,"Research Site, Warsaw, 00-124, Poland",Poland
NCT07606066,"Research Site, Kielce, Świętokrzyskie Voivodeship, 25-355, Poland",Poland
NCT07606066,"Research Site, Ankara, Turkey, 6100, Turkey (Türkiye)",Turkey (Türkiye)
NCT07606066,"Research Site, Adana, 01060, Turkey (Türkiye)",Turkey (Türkiye)
NCT07606066,"Research Site, Adana, 01250, Turkey (Türkiye)",Turkey (Türkiye)
NCT07606066,"Research Site, Ankara, 06530, Turkey (Türkiye)",Turkey (Türkiye)
NCT07606066,"Research Site, Gaziantep, 27470, Turkey (Türkiye)",Turkey (Türkiye)
NCT07606066,"Research Site, Istanbul, 34265, Turkey (Türkiye)",Turkey (Türkiye)
NCT07606066,"Research Site, Istanbul, 34384, Turkey (Türkiye)",Turkey (Türkiye)
NCT07606066,"Research Site, Kayseri, 38039, Turkey (Türkiye)",Turkey (Türkiye)
NCT00349427,"GSK Investigational Site, Nanjing, Jiangsu, 210008, China",China
NCT00349427,"GSK Investigational Site, Xian, Shanxi, 710032, China",China
NCT00349427,"GSK Investigational Site, Beijing, 100029, China",China
NCT00349427,"GSK Investigational Site, Beijing, 100034, China",China
NCT00349427,"GSK Investigational Site, Beijing, 100730, China",China
NCT00349427,"GSK Investigational Site, Beijing, 100853, China",China
NCT00349427,"GSK Investigational Site, Shanghai, 200001, China",China
NCT00349427,"GSK Investigational Site, Shanghai, 200032, China",China
NCT00349427,"GSK Investigational Site, Shanghai, 200233, China",China
NCT00349427,"GSK Investigational Site, Tianjin, 300052, China",China
NCT01359904,"Montreal General Hospital, Montreal, Quebec, H3G 1A4, Canada",Canada
NCT03811548,"Linong Ji, Beijing, Beijing Municipality, China",China
NCT07696013,"Nutrition Department, Universitas Sumatera Utara, Medan, Indonesia, Medan, North Sumatera, Indonesia",Indonesia
NCT04910178,"Minya University Hospital, Minya, 61118, Egypt",Egypt
NCT01608724,"Research Site, Baotou, China",China
NCT01608724,"Research Site, Beijing, China",China
NCT01608724,"Research Site, Benxi, China",China
NCT01608724,"Research Site, Changchun, China",China
NCT01608724,"Research Site, Chengdu, China",China
NCT01608724,"Research Site, Chongqing, China",China
NCT01608724,"Research Site, Dalian, China",China
NCT01608724,"Research Site, Dongguan, China",China
NCT01608724,"Research Site, Foshan, China",China
NCT01608724,"Research Site, Fuzhou, China",China
NCT01608724,"Research Site, Guangzhou, China",China
NCT01608724,"Research Site, Guiyang, China",China
NCT01608724,"Research Site, Haikou, China",China
NCT01608724,"Research Site, Hangzhou, China",China
NCT01608724,"Research Site, Hhht, China",China
NCT01608724,"Research Site, Hubei, China",China
NCT01608724,"Research Site, Jimo, China",China
NCT01608724,"Research Site, Jinan, China",China
NCT01608724,"Research Site, Kunming, China",China
NCT01608724,"Research Site, Linyi, China",China
NCT01608724,"Research Site, Nanjing, China",China
NCT01608724,"Research Site, Nantong, China",China
NCT01608724,"Research Site, Qingdao, China",China
NCT01608724,"Research Site, Shanghai, China",China
NCT01608724,"Research Site, Shantou, China",China
NCT01608724,"Research Site, Shenyang, China",China
NCT01608724,"Research Site, Shiyan, China",China
NCT01608724,"Research Site, Suzhou, China",China
NCT01608724,"Research Site, Taiyuan, China",China
NCT01608724,"Research Site, Tianjin, China",China
NCT01608724,"Research Site, Ürümqi, China",China
NCT01608724,"Research Site, Wenzhou, China",China
NCT01608724,"Research Site, Wuhan, China",China
NCT01608724,"Research Site, Wuxi, China",China
NCT01608724,"Research Site, Xi'an, China",China
NCT01608724,"Research Site, Zhanjiang, China",China
NCT01608724,"Research Site, Zhengzhou, China",China
NCT03165084,"Department of Nursing, Umeå University, Umeå, 901 87, Sweden",Sweden
NCT01382264,"Walter Reed Army Medical Center, Washington D.C., District of Columbia, 20307, United States",United States
NCT02093234,"Medical Faculty Assoc Inc, GWUniv, Washington D.C., District of Columbia, 20037, United States",United States
NCT00881543,"University of São Paulo General Hospital, São Paulo, São Paulo, Brazil",Brazil
NCT04971252,"Sohag University, Sohag, Egypt",Egypt
NCT07247656,"Bahria University, Karachi, Sindh, Pakistan",Pakistan
NCT01617603,"Endocrinology, Diabetes & Metabolism, Hull York Medical School, Michael White Diabetes Centre, 220-236, Anlaby Road, Hull, HU3 2RW, United Kingdom",United Kingdom
NCT00539890,"Ural State Medical Academy of Post-Graduate Education Municipal Clinical Hospital # 3, Chelyabinsk, RUS, 454021, Russia",Russia
NCT00539890,"NHI Kemerovo Regional Clinical Hospital, Kemerovo, RUS, 650061, Russia",Russia
NCT00539890,"NI Principal Military Clinical Hospital n a academician N.N. Burdenko of the Ministry of Defense, Moscow, RUS, 105229, Russia",Russia
NCT00539890,"Moscow State Medico-Stomatological University City Hospital # 23, Moscow, RUS, 109240, Russia",Russia
NCT00539890,"Russian State Medical University, Moscow, RUS, 109263, Russia",Russia
NCT00539890,"Clinical Research Institute of Physic-Chemical Medicine Hospital # 29, Moscow, RUS, 111020, Russia",Russia
NCT00539890,"NEI HPE Moscow State University of Medicine and Dentistry of FAHSD City Clinical Hospital #70, Moscow, RUS, 111399, Russia",Russia
NCT00539890,"Russian State Medical University City Hospital # 4, Moscow, RUS, 113093, Russia",Russia
NCT00539890,"Russian Academy of Medical Sciences National Research Ctr for Endocrinology Institute of Diabetes, Moscow, RUS, 117036, Russia",Russia
NCT00539890,"Moscow Hospital of Glavmosstroy State Unitary Enterprise Medical Centre Medical Sanitary Unit #47, Moscow, RUS, 117192, Russia",Russia
NCT00539890,"Russian State Medical University Central Clinical Hospital Russian Science Academy, Moscow, RUS, 117593, Russia",Russia
NCT00539890,"Sechenov Moscow Medical Academy, Moscow, RUS, 119881, Russia",Russia
NCT00539890,"Moscow Medical Academy, Moscow, RUS, 123478, Russia",Russia
NCT00539890,"Moscow, RUS, 125315, Russia",Russia
NCT00539890,"SIH of Moscow City Clinical Hopsital #81 Endocrinology and Diabetology, Moscow, RUS, 127644, Russia",Russia
NCT00539890,"Moscow State Medical Stomatology University Municipal Hospital # 63 Endocrinology Diabetology, Moscow, RUS, 129090, Russia",Russia
NCT00539890,"Moscow City Clinical Hospital # 20, Moscow, RUS, 129327, Russia",Russia
NCT00539890,"Municipal Clinical Hospital #13, Moscow, RUS, 150062, Russia",Russia
NCT00539890,"Nizhni Novgorod regional hospital na Semashko, Nizhny Novgorod, RUS, 603126, Russia",Russia
NCT00539890,"St Petersburg NHI City Polytclinic #77 City Diabetological Center #4, Saint Petersburg, RUS, 193012, Russia",Russia
NCT00539890,"Central Medical Sanitary Unit #122, Saint Petersburg, RUS, 194291, Russia",Russia
NCT00539890,"SPb Diabetological Center, Saint Petersburg, RUS, 194354, Russia",Russia
NCT00539890,"St Petersburg NHI Municipal Multi-Speciality Hospital # 2, Saint Petersburg, RUS, 194354, Russia",Russia
NCT00539890,"St Petersburg Medical Academy St Elizabeth Hospital, Saint Petersburg, RUS, 195257, Russia",Russia
NCT00539890,"Pavlov State Medical Univ of St Petersburg, Saint Petersburg, RUS, 197022, Russia",Russia
NCT00539890,"City Outpatient Clinic # 34, Saint Petersburg, RUS, 197198, Russia",Russia
NCT00539890,"TUV Medico-Military Academy, Saint Petersburg, RUS, 198013, Russia",Russia
NCT00539890,"Center Diabetes LLC, Samara, RUS, 443067, Russia",Russia
NCT00539890,"Saratov City Outpatient Clinic # 20, Saratov, RUS, 410038, Russia",Russia
NCT00539890,"Saratov Medical University Faculty Therapy Chair Clinical Hospital # 3, Saratov, RUS, 410054, Russia",Russia
NCT00539890,"NEI HPE Smolensk State Medical Academy of FAHSD RNHI Smolensk Regional Clinical Hospital, Smolensk, RUS, 214018, Russia",Russia
NCT00539890,"MHI Clinical Hospital for Emergency Care na NV Soloviev, Yaroslavl, RUS, 150003, Russia",Russia
NCT00539890,"Yaroslavl Regional Clinical Hospital, Yaroslavl, RUS, 150062, Russia",Russia
NCT02722499,"Medical College of Wisconsin, Milwaukee, Wisconsin, 53226, United States",United States
NCT05706506,"Fiel Family and Sports Medicine PC, Tempe, Arizona, 85283, United States",United States
NCT05706506,"New Hope Research Development, Corona, California, 92882, United States",United States
NCT05706506,"Velocity Clinical Research, Gardena, Gardena, California, 90247, United States",United States
NCT05706506,"Velocity Clinical Research, Huntington Park, Huntington Park, California, 90255, United States",United States
NCT05706506,"Velocity Clinical Research, Huntington Park, Los Angeles, California, 90057, United States",United States
NCT05706506,"Valley Clinical Trials, Inc., Northridge, California, 91325, United States",United States
NCT05706506,"Dream Team Clinical Research, Pomona, California, 91767, United States",United States
NCT05706506,"Scripps Whittier Diabetes Institute, San Diego, California, 92121-1520, United States",United States
NCT05706506,"Metabolic Institute of America, Tarzana, California, 91356-3551, United States",United States
NCT05706506,"CMR of Greater New Haven, LLC, Waterbury, Connecticut, 06708, United States",United States
NCT05706506,"Velocity Clinical Research, Hallandale Beach, Hallandale, Florida, 33009, United States",United States
NCT05706506,"East Coast Institute for Research, LLC, Jacksonville, Florida, 32204, United States",United States
NCT05706506,"Florida Institute For Clinical Research, LLC, Orlando, Florida, 32825, United States",United States
NCT05706506,"New Tampa Health, Tampa, Florida, 33603-3402, United States",United States
NCT05706506,"Georgia Clinical Research, Lawrenceville, Georgia, 30044-5896, United States",United States
NCT05706506,"Endocrine Research Solutions, Inc., Roswell, Georgia, 30076, United States",United States
NCT05706506,"Velocity Clinical Research, Valparaiso, Valparaiso, Indiana, 46383, United States",United States
NCT05706506,"Iowa Diabetes and Endocrinology Research Center, West Des Moines, Iowa, 50265, United States",United States
NCT05706506,"Cotton O'Neil Clinic, Topeka, Kansas, 66606, United States",United States
NCT05706506,"Versailles Family Medicine, Versailles, Kentucky, 40383-1947, United States",United States
NCT05706506,"Endocrine and Metabolic Consultants, Rockville, Maryland, 20852, United States",United States
NCT05706506,"Clinical Research Professionals, Chesterfield, Missouri, 63005, United States",United States
NCT05706506,"Clinical Research of South Nevada, Las Vegas, Nevada, 89121, United States",United States
NCT05706506,"Palm Research Center Tenaya, Las Vegas, Nevada, 89128, United States",United States
NCT05706506,"Advanced Medical Research, Maumee, Ohio, 43537-9402, United States",United States
NCT05706506,"Conrad Clinical Research, Edmond, Oklahoma, 73013, United States",United States
NCT05706506,"Mountain View Clinical Research, Inc., Greenville, South Carolina, 29607, United States",United States
NCT05706506,"Texas Diabetes & Endocrinology, P.A., Austin, Texas, 78731-4309, United States",United States
NCT05706506,"North Texas Endocrine Center, Dallas, Texas, 75231, United States",United States
NCT05706506,"Memorial City Endocrine Consultants, Houston, Texas, 77043-2742, United States",United States
NCT05706506,"Consano Clinical Research, LLC, Shavano Park, Texas, 78231, United States",United States
NCT05706506,"ClinPoint Trials, Waxahachie, Texas, 75165, United States",United States
NCT02809963,"Herlev and Gentofte Hospital, Department of Endocrinology and Metabolism, Department of internal medicine,, Herlev, 2730, Denmark",Denmark
NCT05336019,"Fikadu Ambaw Yehualashet, Kingston, Ontario, K7K 1N6, Canada",Canada
NCT01076842,"MedStar Research Institute, Washington D.C., District of Columbia, 20003, United States",United States
NCT01076842,"Walter Reed Army Medical Center, Washington D.C., District of Columbia, 20306, United States",United States
NCT06283992,"Brigham and Women's Hospital, Boston, Massachusetts, 02120, United States",United States
NCT00376038,"GSK Investigational Site, Mexico City, 14050, Mexico",Mexico
NCT04076384,"Western Norway University of Applied Sciences, Bergen, Hordaland, 5020, Norway",Norway
NCT02569684,"Oslo University Hospital, Oslo, 0424, Norway",Norway
NCT00035542,"Childrens's Health System/Dept of PED/Diabetes/Endoncrinology, Birmingham, Alabama, 35233, United States",United States
NCT00035542,"Advanced Clinical Therapeutics, Tucson, Arizona, 85712, United States",United States
NCT00035542,"Hazan, Lydie, Beverly Hills, California, 90211, United States",United States
NCT00035542,"Bautista Research & Medical Center, Fresno, California, 93721, United States",United States
NCT00035542,"Health Care Link, Inc, La Jolla, California, 92037, United States",United States
NCT00035542,"Neufeld Medical Group, Los Angeles, California, 90048, United States",United States
NCT00035542,"National Institute Of Clinical Research, Los Angeles, California, 90806, United States",United States
NCT00035542,"Pasadena Pediatric Endocrinology Diabetes, Pasadena, California, 91105, United States",United States
NCT00035542,"A.R.I. Clinical Trials, Redondo Beach, California, 90277, United States",United States
NCT00035542,"Sutter Institute For Medical Research, Sacramento, California, 95816, United States",United States
NCT00035542,"Children's Hospital, Denver, Colorado, 80218, United States",United States
NCT00035542,"Connecticut Children's Medical Center, Hartford, Connecticut, 06106, United States",United States
NCT00035542,"Children's National Medical Center, Washington D.C., District of Columbia, 20010, United States",United States
NCT00035542,"EDU Practice Pediatric Endocrinology, Tallahassee, Florida, 32308, United States",United States
NCT00035542,"Southeastern Endocrine and Diabetes, Atlanta, Georgia, 33028, United States",United States
NCT00035542,"University of Hawaii/Diabetes Research Group, ‘Ewa Beach, Hawaii, 96706, United States",United States
NCT00035542,"St. James Diabetes Center, Chicago Heights, Illinois, 60411, United States",United States
NCT00035542,"Lutheran General Children's Hospital, Park Ridge, Illinois, 60068, United States",United States
NCT00035542,"Raymond Blank Children's Hospital, Des Moines, Iowa, 50309, United States",United States
NCT00035542,"Louisville Metabolic & Athersclerosis Research Center/Advanced Cardiovascular Institute, Louisville, Kentucky, 40217, United States",United States
NCT00035542,"Bay East Endocrinologists, Easton, Maryland, 21601, United States",United States
NCT00035542,"Joslin Diabetes Center, Boston, Massachusetts, 02215, United States",United States
NCT00035542,"JM Clinical Trials Inc, Swansea, Massachusetts, 02777, United States",United States
NCT00035542,"Center for Health Management, Gulfport, Mississippi, 39501, United States",United States
NCT00035542,"Medex Healthcare Research, St Louis, Missouri, 63108, United States",United States
NCT00035542,"Diabetes, Endocrine & Nutrition Core Physicians, Hampton, New Hampshire, 03842, United States",United States
NCT00035542,"Hackensack Medical Center, Hackensack, New Jersey, 07601, United States",United States
NCT00035542,"Endocrine & Diabetes Center, Jersey City, New Jersey, 07306, United States",United States
NCT00035542,"SUNY Downstate Medical Center / Dept of Endocrinology, Brooklyn, New York, 11203, United States",United States
NCT00035542,"Children's Hospital of Buffalo/Kaledia Health Diabetes Center, Buffalo, New York, 16222, United States",United States
NCT00035542,"Winthrop University Hospital, Clinical Trials Center, Mineola, New York, 11502, United States",United States
NCT00035542,"St Luke's Roosevelt Hospital/Westside Pediatrics Assoc/Clinical Pharmacology Program, New York, New York, 10023, United States",United States
NCT00035542,"Vassar Brothers Hospital, Poughkeepsie, New York, 12603, United States",United States
NCT00035542,"University of Rochester/Dpt Pediatrics, S.M.H., Rochester, New York, 14642, United States",United States
NCT00035542,"Montefioe Medical Center - DIV / c/o BRANY, The Bronx, New York, 11021, United States",United States
NCT00035542,"East Carolina University School of Medicine Dept of Pediatrics, Greenville, North Carolina, 27858, United States",United States
NCT00035542,"Children's Hospital Medical Center of Akron, Akron, Ohio, 44308, United States",United States
NCT00035542,"Metro Health Medical Center, Cleveland, Ohio, 44109-1998, United States",United States
NCT00035542,"The Cleveland Clinic Children's Hospital/Dept of Pediatrics, Cleveland, Ohio, 44195, United States",United States
NCT00035542,"Forum Health/Western Reserve/TOD Children's Hospital, Youngstown, Ohio, 44501, United States",United States
NCT00035542,"Greenville Hospital System/Mountain View Clinical Research/Div of Pediatric Endocrinology, Greenville, South Carolina, 29615, United States",United States
NCT00035542,"Lebonheur Children's Medical Center, Memphis, Tennessee, 38106, United States",United States
NCT00035542,"South Texas Applied Research, Corpus Christi, Texas, 78411, United States",United States
NCT00035542,"Driscoll Children's Hospital/Division of Medical Education/William Riley, Corpus Christi, Texas, 78466-6530, United States",United States
NCT00035542,"Tri Quest Research Inc, Houston, Texas, 77036, United States",United States
NCT00035542,"Wilford Hall USAF Medical Center, Lackland Air Force Base, Texas, 78236-5300, United States",United States
NCT00035542,"Lance Sloan, MD, Lufkin, Texas, 75901, United States",United States
NCT00035542,"Diabetes & Glandular Disease Clinic, San Antonio, Texas, 78229, United States",United States
NCT00035542,"S.A.M. Clinical Research Center, San Antonio, Texas, 78229, United States",United States
NCT00035542,"Monarch Research Associates, Norfolk, Virginia, 23510, United States",United States
NCT06329882,"Tanta Unuversity, Tanta, 31527, Egypt",Egypt
NCT07659925,"Baskent University Hospital, Ankara, Ankara, 06790, Turkey (Türkiye)",Turkey (Türkiye)
NCT02648685,"West China Hospital, Chengdu, Sichuan, 610042, China",China
NCT00714441,"UC San Francisco, Family and Community Medicine Dept., San Francisco, California, 94143, United States",United States
NCT00044694,"Innovative Clinical Trials, Birmingham, Alabama, 35209, United States",United States
NCT00044694,"Healthsouth Clinical Research, Birmingham, Alabama, 35243, United States",United States
NCT00044694,"Endocrinology Clinic of O.C., Anaheim, California, 92801, United States",United States
NCT00044694,"Pioneer Medical Group, Bellflower, California, 90706, United States",United States
NCT00044694,"International Clinical Research Network, Chula Vista, California, 91910, United States",United States
NCT00044694,"Bautista Research and Medical Clinic, Fresno, California, 93721, United States",United States
NCT00044694,"Whittier Institute for Diabetes, La Jolla, California, 92037, United States",United States
NCT00044694,"Richard Cherlin, M.D., Los Gatos, California, 95032, United States",United States
NCT00044694,"Dr. Martinez Medical Clinic, Moreno Valley, California, 92553, United States",United States
NCT00044694,"Anshutz Outpatient Pavilion, Aurora, Colorado, 80010, United States",United States
NCT00044694,"Diagnostic Clinic, Clearwater, Florida, 33760, United States",United States
NCT00044694,"Radiant Research-Gainsville, Gainsville, Florida, 32605, United States",United States
NCT00044694,"Jacksonville Center for Clinical Research, Jacksonville, Florida, 32216, United States",United States
NCT00044694,"Radiant Research-Pinellas Park, Pinellas Park, Florida, 33781, United States",United States
NCT00044694,"Clinical Research Group of North Georgia, Blairsville, Georgia, 30512, United States",United States
NCT00044694,"East-West Medical Research Institute, Honolulu, Hawaii, 96813, United States",United States
NCT00044694,"Radiant Research-Honolulu, Honolulu, Hawaii, 96814, United States",United States
NCT00044694,"Radiant Research-Boise, Boise, Idaho, 83704, United States",United States
NCT00044694,"Cedar-Crosse Research Center, Chicago, Illinois, 60607, United States",United States
NCT00044694,"Northshore Medical Research, LLC, Covington, Louisiana, 70433, United States",United States
NCT00044694,"Medical Research Institute, Slidell, Louisiana, 70458, United States",United States
NCT00044694,"Melvin Kramer, MD, Concord, Massachusetts, 01742, United States",United States
NCT00044694,"Radiant Research-Edina, Edina, Minnesota, 55435, United States",United States
NCT00044694,"Mississippi Medical Research, LLC, Gulfport, Mississippi, 39501, United States",United States
NCT00044694,"The Center for Pharmaceutical Research, Kansas City, Missouri, 64114, United States",United States
NCT00044694,"Innovative Health Research, Las Vegas, Nevada, 89119, United States",United States
NCT00044694,"Carolina Advanced Research, Cary, North Carolina, 27511, United States",United States
NCT00044694,"Fallen Timbers Internal Medicine, LLC, Maumee, Ohio, 43537, United States",United States
NCT00044694,"Millenium Research, Benbrook, Texas, 76126, United States",United States
NCT00044694,"Healthsouth Clinical Research, DeSoto, Texas, 75115, United States",United States
NCT00044694,"Baylor College of Medicine/Clinical Studies Unit, Houston, Texas, 77030, United States",United States
NCT00044694,"Diabetes Center of the Southwest, Midland, Texas, 79705, United States",United States
NCT00044694,"Utah Diabetes Center at the University of Utah, Salt Lake City, Utah, 84108, United States",United States
NCT07193459,"Peking University People's Hospital, Beijing, Beijing Municipality, 100000, China",China
NCT05360147,"The third hospital affiliated to the Third Military Medical University, Chongqing, Chongqing Municipality, 400042, China",China
NCT02559843,"NNFTRI clinic, Tehran, Tehran Province, 19435, Iran",Iran
NCT04449120,"Basque Culinary Center, Donostia / San Sebastian, Guipuzcoa, 20009, Spain",Spain
NCT00684528,"Clalit Health services center, Tel Aviv, 62098, Israel",Israel
NCT06871761,"Shanghai Zhu Xianyi Memorial Hospital, Tianjin Medical University, Tianjin, Tianjin Municipality, 300400, China",China
NCT02537470,"Advanced Arizona Clinical Research, Tucson, Arizona, 85712, United States",United States
NCT02537470,"Long Beach Clinical Trials, Long Beach, California, 90806, United States",United States
NCT02537470,"Long Beach Center for Clinical Research, Long Beach, California, 90807, United States",United States
NCT02537470,"National Research Institute, Los Angeles, California, 90057, United States",United States
NCT02537470,"Orange County Research Center, Tustin, California, 92780, United States",United States
NCT02537470,"Diablo Clinical Research, Walnut Creek, California, 94598, United States",United States
NCT02537470,"Chase Medical Research, Waterbury, Connecticut, 06708, United States",United States
NCT02537470,"Medical Research Unlimited, Hialeah, Florida, 33012, United States",United States
NCT02537470,"Progressive Medical Research, Port Orange, Florida, 32127, United States",United States
NCT02537470,"Meridien Research, Tampa, Florida, 33634, United States",United States
NCT02537470,"eStudySite, Las Vegas, Las Vegas, Nevada, 89109, United States",United States
NCT02537470,"Comprehensive Clinical Research, Berlin, New Jersey, 08009, United States",United States
NCT02537470,"Albuquerque Clinical Trials, Inc, Albuquerque, New Mexico, 87102, United States",United States
NCT02537470,"Mountain View Clinical Research, Greer, South Carolina, 29651, United States",United States
NCT02537470,"New Phase Research & Development, Knoxville, Tennessee, 37909, United States",United States
NCT02537470,"Austin Center for Clinical Research, Austin, Texas, 78756, United States",United States
NCT02537470,"Padre Coast Clinical Research, Corpus Christi, Texas, 78404, United States",United States
NCT02537470,"Juno Research, LLC, Houston, Texas, 77074, United States",United States
NCT02537470,"Wasatch Clinical Research, Salt Lake City, Utah, 84107, United States",United States
NCT04670666,"EMS, Hortolândia, São Paulo, Brazil",Brazil
NCT07768280,"The Affiliated Hospital of Jiangxi University of Traditional Chinese Medicine, Nanchang, Jiangxi, 330006, China",China
NCT05708859,"Lundquist Institute for Biomedical Innovation at Harbor UCLA Medical Center (The Lundquist Institute), Torrance, California, 90502, United States",United States
NCT03380416,"Department of Clinical Medicine and Surgery, Naples, 80131, Italy",Italy
NCT05015504,"OhioHealth Castrop Health Center, Athens, Ohio, 45701, United States",United States
NCT05380596,"Rio Grande do Sul State Health Department - SES/RS, Porto Alegre, Rio Grande do Sul, 90110-150, Brazil",Brazil
NCT07590193,"Orange County Research Center, Lake Forest, California, 92630, United States",United States
NCT07590193,"Translational Clinical Research LLC, Aventura, Florida, 33180, United States",United States
NCT03081676,"Center for Diabetes Research, Gentofte Hospital, Hellerup, 2900, Denmark",Denmark
NCT01634282,"Chubu Region, Japan",Japan
NCT01634282,"Chugoku Region, Japan",Japan
NCT01634282,"Kansai Region, Japan",Japan
NCT01634282,"Kanto Region, Japan",Japan
NCT01634282,"Kyushu Region, Japan",Japan
NCT01634282,"Shikoku Region, Japan",Japan
NCT01634282,"Tohoku Region, Japan",Japan
NCT07507305,"Yobe State University Teaching Hospital, Maiduguri, Borno State, Nigeria",Nigeria
NCT02107976,"National Institutes of Health Clinical Center, Bethesda, Maryland, 20892, United States",United States
NCT01889095,"Tehran University of Medical Sciences, Tehran, Tehran Province, 13145-784, Iran",Iran
NCT05127291,"Kutahya Health Sciences University, Kütahya, 43100, Turkey (Türkiye)",Turkey (Türkiye)
NCT01953393,"1 The Centre of Inflammation and Metabolism, Department of Infectious Diseases and CMRC, Rigshospitalet, Faculty of Health Sciences, University of Copenhagen, Copenhagen N, 2200, Denmark",Denmark
NCT05359432,"Department of Diabetes and Endocrinology at Sindh Government Hospital New Karachi & Dr. Riasat Medical Center Allah Wala Town, Karachi, Pakistan, Karachi, Sindh, 75330, Pakistan",Pakistan
NCT01799850,"ETSU Quillen College of Medicine, Johnson City, Tennessee, 37614, United States",United States
NCT07502508,"Central Research Associates, LLC dba Flourish Research, Birmingham, Alabama, 35205, United States",United States
NCT07502508,"Hope Clinical Research, Canoga Park, California, 91303, United States",United States
NCT07502508,"Ark Clinical Research, Long Beach, California, 90815, United States",United States
NCT07502508,"Catalina Research Institute, LLC, Montclair, California, 91763, United States",United States
NCT07502508,"Paradigm Clinical Research Centers, LLC, San Diego, California, 92108, United States",United States
NCT07502508,"Southwest General Healthcare Center, Fort Myers, Florida, 33907, United States",United States
NCT07502508,"Panax Clinical Research, Miami Lakes, Florida, 33014, United States",United States
NCT07502508,"Flourish Research Orlando, Winter Park, Florida, 32789, United States",United States
NCT07502508,"David Kavtaradze MD, Inc, Cordele, Georgia, 31015, United States",United States
NCT07502508,"Excel Clinical Research, Las Vegas, Nevada, 89109, United States",United States
NCT07502508,"Diabetes and Endocrinology Associates of Stark County, Canton, Ohio, 44718, United States",United States
NCT07502508,"Elligo Health Research, Inc., Austin, Texas, 78704, United States",United States
NCT07502508,"Zenos Clinical Research, Dallas, Texas, 75230, United States",United States
NCT07502508,"Synergy Group Medical, Houston, Texas, 77061, United States",United States
NCT07502508,"Epic Clinical Research, Lewisville, Texas, 75057, United States",United States
NCT07502508,"Diabetes & Glandular Disease Clinic, P.A., San Antonio, Texas, 78229, United States",United States
NCT07502508,"Burke Internal Medicine and Research, Burke, Virginia, 22015, United States",United States
NCT01624116,"Endocrinology Unit & Diabetes Management Centre, Services Hospital., Lahore, Pakistan",Pakistan
NCT02158741,"Edmonton Oliver PCN, Edmonton, Alberta, Canada",Canada
NCT02158741,"Leduc Beaumont Devon PCN, Leduc, Alberta, T9E 6W2, Canada",Canada
NCT02158741,"Sherwood Park PCN, Sherwood Park, Alberta, Canada",Canada
NCT02158741,"McMaster University, Hamilton, Ontario, L8S 4K1, Canada",Canada
NCT02158741,"Ross Memorial Hospital, Lindsay, Ontario, Canada",Canada
NCT02158741,"St. Joseph's Health Care, London, Ontario, Canada",Canada
NCT02158741,"Peterborough Regional Health Centre, Peterborough, Ontario, Canada",Canada
NCT02158741,"Port Hope Community Health Centre, Port Hope, Ontario, Canada",Canada
NCT07684625,"Dr. Moewardi Regional General Hospital, Surakarta, Central Java, 57126, Indonesia",Indonesia
NCT00291356,"GSK Investigational Site, Chula Vista, California, 91910, United States",United States
NCT00291356,"GSK Investigational Site, Neuss, North Rhine-Westphalia, 41460, Germany",Germany
NCT00291356,"GSK Investigational Site, Berlin, State of Berlin, 14050, Germany",Germany
NCT05888454,"Centro Médico Zambrano Hellion, Fundación Santos y de la Garza Evia I.B.P, TecSalud, San Pedro Garza García, Nuevo León, 66278, Mexico",Mexico
NCT05888454,"Centro de Salud Integral, Fundación Santos y de la Garza Evia I.B.P, TecSalud, Santa Catarina, Nuevo León, 66369, Mexico",Mexico
NCT06481085,"The Chinese People's Liberation Army General Hospital, Beijing, Beijing Municipality, 100039, China",China
NCT06481085,"Beijing Chaoyang Hospital Affiliated to Capital Medical University, Beijing, China",China
NCT06481085,"Peking University Shougang Hospital, Beijing, China",China
NCT06481085,"Cangzhou Central Hospital, Cangzhou, China",China
NCT06481085,"The Second Hospital of Jilin University, Changchun, China",China
NCT06481085,"The Fourth Hospital of Changsha City, Changsha, China",China
NCT06481085,"The Third Hospital of Changsha City, Changsha, China",China
NCT06481085,"Chengdu Second People's Hospital, Chengdu, China",China
NCT06481085,"The Affiliated Hospital of Chengdu University, Chengdu, China",China
NCT06481085,"Three Gorges Hospital Affiliated to Chongqing University, Chongqing, China",China
NCT06481085,"The First Hospital of Handan City, Handan, China",China
NCT06481085,"Zhejiang Provincial People's Hospital, Hangzhou, China",China
NCT06481085,"The Fourth Affiliated Hospital of Harbin Medical University, Harbin, China",China
NCT06481085,"The Second Affiliated Hospital of Anhui Medical University, Hefei, China",China
NCT06481085,"Huizhou Central People's Hospital, Huizhou, China",China
NCT06481085,"Huzhou Central Hospital, Huzhou, China",China
NCT06481085,"Jinan Central Hospital, Jinan, China",China
NCT06481085,"The First Affiliated Hospital of Henan University of Science and Technology, Luoyang, China",China
NCT06481085,"The Third People's Hospital of Luoyang City, Luoyang, China",China
NCT06481085,"The Second Affiliated Hospital of Nanjing Medical University, Nanjing, China",China
NCT06481085,"The First Affiliated Hospital of Nanyang Medical College, Nanyang, China",China
NCT06481085,"The First People's Hospital of Nanyang City, Nanyang, China",China
NCT06481085,"Panjin Liaohe Oilfield General Hospital, Panjin, China",China
NCT06481085,"The First Hospital of Qinhuangdao City, Qinhuangdao, China",China
NCT06481085,"Suzhou Municipal Hospital, Suzhou, China",China
NCT06481085,"The First Hospital of Shanxi Medical University, Taiyuan, China",China
NCT06481085,"Tonghua Central Hospital, Tonghua, China",China
NCT06481085,"The Affiliated Hospital of Xuzhou Medical University, Xuzhou, China",China
NCT06481085,"Xuzhou Cancer Hospital, Xuzhou, China",China
NCT06481085,"Yueyang People's Hospital, Yueyang, China",China
NCT06481085,"The Second Affiliated Hospital of Zhengzhou University, Zhengzhou, China",China
NCT01728714,"Research Site, Almada, Portugal",Portugal
NCT01728714,"Research Site, Espinho, Portugal",Portugal
NCT01728714,"Research Site, Loures, Portugal",Portugal
NCT01728714,"Research Site, Oeiras, Portugal",Portugal
NCT01728714,"Research Site, Santo Antonio Dos Cavaleiros, Portugal",Portugal
NCT05244200,"College of Pharmacy-University of Sulaimani, Sulaymaniyah, 00964, Iraq",Iraq
NCT00997282,"Chubu Region, Japan",Japan
NCT00997282,"Chugoku Region, Japan",Japan
NCT00997282,"Kansai Region, Japan",Japan
NCT00997282,"Kanto Region, Japan",Japan
NCT00997282,"Kyushu Region, Japan",Japan
NCT00997282,"Shikoku Region, Japan",Japan
NCT00997282,"Tohoku Region, Japan",Japan
NCT01046422,"Marina Raikhel, Md, Lomita, California, 90717, United States",United States
NCT01046422,"Nevada Alliance Against Diabetes, Las Vegas, Nevada, 89101, United States",United States
NCT01046422,"Local Institution, Caboolture, Queensland, 4510, Australia",Australia
NCT01046422,"Local Institution, Meadowbrook, Queensland, 4131, Australia",Australia
NCT01046422,"Local Institution, Daw Park, South Australia, 5041, Australia",Australia
NCT01046422,"Local Institution, Geelong, Victoria, 3220, Australia",Australia
NCT01046422,"Local Institution, Nedlands, Western Australia, 6009, Australia",Australia
NCT01046422,"Local Institution, Winnipeg, Manitoba, R3P 1R9, Canada",Canada
NCT01046422,"Local Institution, Mount Pearl, Newfoundland and Labrador, A1N 1W7, Canada",Canada
NCT01046422,"Local Institution, Brampton, Ontario, L6T 3J1, Canada",Canada
NCT01046422,"Local Institution, Toronto, Ontario, M4G 3E8, Canada",Canada
NCT01046422,"Local Institution, Charlottetown, Prince Edward Island, C1A 5Y9, Canada",Canada
NCT01046422,"Local Institution, Drummondville, Quebec, J2B 7T1, Canada",Canada
NCT01046422,"Local Institution, Lachine, Quebec, H8S 2E4, Canada",Canada
NCT01046422,"Local Institution, Laval, Quebec, H7T 2P5, Canada",Canada
NCT01046422,"Local Institution, Montreal, Quebec, H3J 2V5, Canada",Canada
NCT01046422,"Local Institution, Incheon, 405-760, South Korea",South Korea
NCT01046422,"Local Institution, Suwon, 443-721, South Korea",South Korea
NCT07042399,"IRCCS Policlinico San Donato, San Donato Milanese, Milan, 20097, Italy",Italy
NCT07042399,"Fondazione IRCCS San Gerardo dei Tintori, Monza, Monza Brianza, 20900, Italy",Italy
NCT07070830,"University of Colorado, Aurora, Colorado, 80045, United States",United States
NCT07070830,"Emory University, Atlanta, Georgia, 30303, United States",United States
NCT07070830,"Joslin Diabetes Center, Boston, Massachusetts, 02215, United States",United States
NCT07070830,"MassResearch LLC., Waltham, Massachusetts, 02453, United States",United States
NCT07070830,"AccellaCare, Wilmington, North Carolina, 28401, United States",United States
NCT07070830,"Disease & Glandular Disease Clinic, San Antonio, Texas, 78229, United States",United States
NCT00857558,"Chubu Regin, Japan",Japan
NCT00857558,"Chugoku Region, Japan",Japan
NCT00857558,"Hokkaido Region, Japan",Japan
NCT00857558,"Kanto Region, Japan",Japan
NCT00857558,"Kinki Region, Japan",Japan
NCT00857558,"Kyushu Region, Japan",Japan
NCT00857558,"Shikoku Region, Japan",Japan
NCT00857558,"Tohoku Region, Japan",Japan
NCT07373938,"Francisco Javier Molina Payá, Elche, Alicante, 03204, Spain",Spain
NCT02961192,"University of Pennsylvania, Philadelphia, Pennsylvania, 19104, United States",United States
NCT06658743,"Children's Hospital Los Angeles, Los Angeles, California, 90027, United States",United States
NCT06658743,"UCSF, San Francisco, California, 94518, United States",United States
NCT01427660,"Community Health and Social Service (CHASS), Detroit, Michigan, 48209, United States",United States
NCT01165983,"Beth Israel Deaconess Medical Center, Joslin Foot Center & Microcirculation Laboratory, Boston, Massachusetts, 02215, United States",United States
NCT00934414,"Profil Institute for Clinical Research, Chula Vista, California, 91911, United States",United States
NCT02923453,": Clinical Nutrition and Risk Factor Modification Centre, St. Michael's Hospital, Toronto, Ontario, M5B 1W8, Canada",Canada
NCT05926414,"NaRi Kim, Seoul, South Korea",South Korea
NCT00940472,"Centro Universitario de Ciencias de la Salud, Universidad de Guadalajara, Guadalajara, Jalisco, 44340, Mexico",Mexico
NCT01704612,"APHP Pitié-Sampetriere, Paris, 75013, France",France
NCT06731075,"Velocity Clinical Research Dallas, Dallas, Texas, 75230, United States",United States
NCT00035984,"Pinnacle Research Group, Anniston, Alabama, 36207, United States",United States
NCT00035984,"Parkway Medical Center, Birmingham, Alabama, 35206, United States",United States
NCT00035984,"Extended Arm Physicians/ Southern Drug, Montgomery, Alabama, 36106, United States",United States
NCT00035984,"Southern Drug Research Network, Tallassee, Alabama, 36078, United States",United States
NCT00035984,"First Care Family Doctors, Fayetteville, Arkansas, 72701, United States",United States
NCT00035984,"Physicians Group Research Clinic, LLC, Little Rock, Arkansas, 72205, United States",United States
NCT00035984,"Advanced Clinical Research Institute, Anaheim, California, 92801, United States",United States
NCT00035984,"East Bay Clinical Trial Center, Concord, California, United States",United States
NCT00035984,"Medical Group of Encino, Encino, California, 91436, United States",United States
NCT00035984,"Valley Research, Fresno, California, 93720, United States",United States
NCT00035984,"St. Joseph Heritage Healthcare, Fullerton, California, 92835, United States",United States
NCT00035984,"Whittier Institute for Diabetes, La Jolla, California, 92037, United States",United States
NCT00035984,"Richard Cherlin, M.D., Los Gatos, California, 95032, United States",United States
NCT00035984,"Dr. Martinez Medical Clinic, Moreno Valley, California, 92553, United States",United States
NCT00035984,"Comprehensive Diabetes-Endocrine Medical Associates, Redwood City, California, 94062, United States",United States
NCT00035984,"Radiant Research-San Diego, San Diego, California, 92108, United States",United States
NCT00035984,"Veterans Medical Research Foundation, San Diego, California, 92161, United States",United States
NCT00035984,"Diablo Clinical Research, Walnut Creek, California, United States",United States
NCT00035984,"Creekside Endocrine Associates, Denver, Colorado, 80209, United States",United States
NCT00035984,"University of Colorado-Barbara Davis Center for Childhood Diabetes, Denver, Colorado, 80262, United States",United States
NCT00035984,"Medstar Clinical Research, Washington D.C., District of Columbia, 20003-4393, United States",United States
NCT00035984,"George Washington University, Washington D.C., District of Columbia, 20037, United States",United States
NCT00035984,"Medical Research Unlimited, Aventura, Florida, United States",United States
NCT00035984,"Morton Plant Mease Health Care, Clearwater, Florida, 33756, United States",United States
NCT00035984,"Clinical Research of West Florida, Inc., Clearwater, Florida, 33765, United States",United States
NCT00035984,"Internal Medicine Associates, Fort Myers, Florida, United States",United States
NCT00035984,"Clin Sci International, Gainesville, Florida, 32605, United States",United States
NCT00035984,"Northeast Florida Endocrine & Diabetes Research, Jacksonville, Florida, 32204, United States",United States
NCT00035984,"Jupiter Research Institute, Jupiter, Florida, 33458, United States",United States
NCT00035984,"Baptist Diabetes Associates, Miami, Florida, 33176, United States",United States
NCT00035984,"Comprehensive NeuroScience Inc., Sarasota, Florida, 34232, United States",United States
NCT00035984,"Tallahassee Endocrine Associates, Tallahassee, Florida, 32308, United States",United States
NCT00035984,"Metabolic Research Institute, Inc., West Palm Beach, Florida, 33401, United States",United States
NCT00035984,"Columbus Metabolic Foundation, Columbus, Georgia, 31901, United States",United States
NCT00035984,"University of Hawaii-Diabetes Research Group, ‘Ewa Beach, Hawaii, 96706, United States",United States
NCT00035984,"University Primary Care Center at Belvidere, Belvidere, Illinois, 61008, United States",United States
NCT00035984,"Northwestern Memorial Physicians Group, Chicago, Illinois, 60602, United States",United States
NCT00035984,"Illinois Center for Clinical Trials, Chicago, Illinois, 60610, United States",United States
NCT00035984,"Cook County Hospital, Chicago, Illinois, 60612, United States",United States
NCT00035984,"American Health Network, Indianapolis, Indiana, 46222, United States",United States
NCT00035984,"Indiana University Outpatient Clinical Research, Indianapolis, Indiana, United States",United States
NCT00035984,"Lipid, Atherosclerosis & Metabolic Clinic, Kansas City, Kansas, 66160, United States",United States
NCT00035984,"Kentucky Diabetes Center, Lexington, Kentucky, 40503, United States",United States
NCT00035984,"Central Kentucky Research Associates, Lexington, Kentucky, 40509, United States",United States
NCT00035984,"University of Kentucky Metabolic Research Group, Lexington, Kentucky, 40536-9841, United States",United States
NCT00035984,"MedResearch, Inc., Louisville, Kentucky, 40223, United States",United States
NCT00035984,"New Orleans Center for Clinical Research, New Orleans, Louisiana, 70119, United States",United States
NCT00035984,"Ochsner Clinic, New Orleans, Louisiana, 70121, United States",United States
NCT00035984,"University of Maryland-Joslin Diabetes Center, Baltimore, Maryland, 21012, United States",United States
NCT00035984,"Clinica Research Inc., Waltham, Massachusetts, 02154, United States",United States
NCT00035984,"Henry Ford Health System, Detroit, Michigan, United States",United States
NCT00035984,"Grand Rapids Associated Interns, Grand Rapids, Michigan, United States",United States
NCT00035984,"International Diabetes Center, Minneapolis, Minnesota, 55416, United States",United States
NCT00035984,"University of Mississippi Medical Center, Jackson, Mississippi, 39216, United States",United States
NCT00035984,"Diabetes and Endocrinology Specialists, Chesterfield, Missouri, 63017, United States",United States
NCT00035984,"Midwest Pharmaceutical Research, City of Saint Peters, Missouri, 63376, United States",United States
NCT00035984,"Medical Arts Research Collaborative, Excelsior Springs, Missouri, 64024, United States",United States
NCT00035984,"St Lukes Lipid and Diabetes Research Center, Kansas City, Missouri, 64111, United States",United States
NCT00035984,"Mid Missouri Research Specialists, Inc., Rolla, Missouri, 65401, United States",United States
NCT00035984,"Radiant Research-St. Louis, St Louis, Missouri, 63141, United States",United States
NCT00035984,"Mercury Street Medical, Butte, Montana, 59701, United States",United States
NCT00035984,"Lovelace Scientific Resources-Las Vegas, Las Vegas, Nevada, 89102, United States",United States
NCT00035984,"Lisa Abbott, MD, Reno, Nevada, 89502, United States",United States
NCT00035984,"SUNY Downstate, Brooklyn, New York, 11203, United States",United States
NCT00035984,"St. Lukes Roosevelt Hospital, New York, New York, 10025, United States",United States
NCT00035984,"Rochester Clinical Research, Rochester, New York, 14609, United States",United States
NCT00035984,"DOCS at Beth Israel Medical Center, Yonkers, New York, 10710, United States",United States
NCT00035984,"Charlotte Clinical Research, Charlotte, North Carolina, 28211, United States",United States
NCT00035984,"UNC Diabetes Care Center, Durham, North Carolina, 27713, United States",United States
NCT00035984,"Unifour Medical Research, Hickory, North Carolina, 28601, United States",United States
NCT00035984,"New Hanover Medical Research Associates, Wilmington, North Carolina, 28412, United States",United States
NCT00035984,"Radiant Research-Columbus, Columbus, Ohio, 43212, United States",United States
NCT00035984,"University Mednet, Mentor, Ohio, 44060, United States",United States
NCT00035984,"OU Health Sciences Center, Oklahoma City, Oklahoma, 73104, United States",United States
NCT00035984,"Medford Medical Clinic, Medford, Oregon, 97504, United States",United States
NCT00035984,"Radiant Research, Portland, Oregon, United States",United States
NCT00035984,"Physicians for Clinical Research, Camp Hill, Pennsylvania, United States",United States
NCT00035984,"Thomas Jefferson University Diabetes Research Center, Philadelphia, Pennsylvania, 19107, United States",United States
NCT00035984,"Albert Einstein Medical Center, Philadelphia, Pennsylvania, 19141, United States",United States
NCT00035984,"Philadelphia Health Associates, Philadelphia, Pennsylvania, 19146, United States",United States
NCT00035984,"Medical University of South Carolina, Charleston, South Carolina, 29425, United States",United States
NCT00035984,"CNS Clinical Trials, Chester, South Carolina, 29706, United States",United States
NCT00035984,"Coastal Carolina Research Center, Mt. Pleasant, South Carolina, 29464, United States",United States
NCT00035984,"Holston Medical Group, Kingsport, Tennessee, 37660, United States",United States
NCT00035984,"The Endocrine Clinic, Memphis, Tennessee, 38119, United States",United States
NCT00035984,"Mid State Endocrine Associates, Nashville, Tennessee, 37203, United States",United States
NCT00035984,"Israel A. Hartman, M.D., Arlington, Texas, 76014, United States",United States
NCT00035984,"Dallas Diabetes and Endocrinology Research Center, Dallas, Texas, 75230, United States",United States
NCT00035984,"Texas Tech University Health Sciences-Internal Medicine, El Paso, Texas, 79905, United States",United States
NCT00035984,"North Texas Clinical Research, Irving, Texas, 75038, United States",United States
NCT00035984,"University of Texas Health Sciences Center-Texas Diabetes Institute, San Antonio, Texas, 78207, United States",United States
NCT00035984,"Diabetes and Glandular Disease Clinic, San Antonio, Texas, 78229-3894, United States",United States
NCT00035984,"SAM Clinical Research, San Antonio, Texas, 78229, United States",United States
NCT00035984,"Utah Diabetes Center at the University of Utah, Salt Lake City, Utah, 84108, United States",United States
NCT00035984,"Salt Lake Research, Salt Lake City, Utah, 84124, United States",United States
NCT00035984,"Medical Associates of Northern Virginia, Arlington, Virginia, 22204, United States",United States
NCT00035984,"West Olympia Internal Medicine, Olympia, Washington, 98502, United States",United States
NCT00035984,"Rockwood Clinic, Spokane, Washington, 99202, United States",United States
NCT00035984,"University of Wisconsin West Clinic, Madison, Wisconsin, 53711, United States",United States
NCT00035984,"Midwest Endocrinology Associates, Milwaukee, Wisconsin, 53215, United States",United States
NCT03341026,"Medical University of Graz, Graz, Austria",Austria
NCT03341026,"Steno diabetes center, Copenhagen, Denmark",Denmark
NCT07642830,"Chang Gung Memorial Hospital, Taoyuan, Taiwan, 333, Taiwan",Taiwan
NCT06148649,"Peking University People's Hospital, Beijing, Beijing Municipality, 100044, China",China
NCT06148649,"Shijiazhuang People's Hospital, Shijiazhuang, Hebei, 050000, China",China
NCT00940797,"Centro Universitario de Ciencias de la Salud. Universidad de Guadalajara, México, Guadalajara, Jalisco, 44340, Mexico",Mexico
NCT01906294,"Praxis Dr. med. Birgit Böttger, Frankfurt am Main, 60325, Germany",Germany
NCT03707171,"The third hospital affiliated to the Third Military Medical University, Chongqing, Chongqing Municipality, 400042, China",China
NCT02091323,"Wu, Guangzhou, Guangdong, 510010, China",China
NCT06475586,"University of Banja Luka, Faculty of Medicine, Banja Luka, 78000, Bosnia and Herzegovina",Bosnia and Herzegovina
NCT07082114,"Yueyang People's Hospital, Yueyang, Hunan, 414000, China",China
NCT07730567,"H+ Yangji Hospital, Seoul,, Seoul, 08779, South Korea",South Korea
NCT07384728,"Gümüşhane Universıty, Gümüşhane, Kelkit, 2900, Turkey (Türkiye)",Turkey (Türkiye)
NCT07384728,"Gümüşhane Üniversitesi, Gümüşhane, Kelkit, 29100, Turkey (Türkiye)",Turkey (Türkiye)
NCT01040806,"San Francisco General Hospital, San Francisco, California, 94110, United States",United States
NCT00865592,"Norwalk, California, United States",United States
NCT00865592,"Orange, California, United States",United States
NCT00865592,"Santa Ana, California, United States",United States
NCT00865592,"Daytona Beach, Florida, United States",United States
NCT00865592,"Kissimmee, Florida, United States",United States
NCT00865592,"Atlanta, Georgia, United States",United States
NCT00865592,"Phenomix Investigational Site 663, Honolulu, Hawaii, United States",United States
NCT00865592,"Brockton, Massachusetts, United States",United States
NCT00865592,"St Louis, Missouri, United States",United States
NCT00865592,"Cincinnati, Ohio, United States",United States
NCT00865592,"El Paso, Texas, United States",United States
NCT00865592,"San Antonio, Texas, United States",United States
NCT00865592,"Norfolk, Virginia, United States",United States
NCT00865592,"Phenomix Investigational Site 103, Buenos Aires, Argentina",Argentina
NCT00865592,"Phenomix Investigational Site 110, Buenos Aires, Argentina",Argentina
NCT00865592,"Phenomix Investigational Site 111, Buenos Aires, Argentina",Argentina
NCT00865592,"Phenomix Investigational Site 106, Caba, Argentina",Argentina
NCT00865592,"Phenomix Investigational Site 112, Corrientes, Argentina",Argentina
NCT00865592,"Phenomix Investigational Site 102, Paraná, Argentina",Argentina
NCT00865592,"Bangalore, Karnataka, India",India
NCT00865592,"Chennai, Tamil Nadu, India",India
NCT00865592,"Gulbarga, Karnataka, India",India
NCT00865592,"Hyderabad, Andhara Pradesh, India",India
NCT00865592,"Mumbai, Maharashtra, India",India
NCT00865592,"Nagpur, Maharashtra, India",India
NCT00865592,"Nashik, Maharashtra, India",India
NCT00865592,"Navi Mumbai, Maharashtra, India",India
NCT00865592,"Pune, Maharashtra, India",India
NCT00865592,"Phenomix Investigational Site 403, Kuching, Sarawak, Malaysia",Malaysia
NCT00865592,"Kelantan, Malaysia",Malaysia
NCT00865592,"Kuala Lumpur, Malaysia",Malaysia
NCT00865592,"Perak, Malaysia",Malaysia
NCT00865592,"Phenomix Investigational Site 404, Putrajaya, Malaysia",Malaysia
NCT00865592,"Sarawak, Malaysia",Malaysia
NCT00865592,"Phenomix Investigational Site 604, Arequipa, Peru",Peru
NCT00865592,"Phenomix Investigational Site 606, Lambayeque, Peru",Peru
NCT00865592,"Phenomix Investigational Site 600, Lima, Peru",Peru
NCT00865592,"Phenomix Investigational Site 601, Lima, Peru",Peru
NCT00865592,"Phenomix Investigational Site 602, Lima, Peru",Peru
NCT00865592,"Phenomix Investigational Site 609, Lima, Peru",Peru
NCT00865592,"Phenomix Investigational Site 703, Cebu City, Philippines",Philippines
NCT00865592,"Manila, NCR, Philippines",Philippines
NCT00865592,"Quezon City, NCR, Philippines",Philippines
NCT00865592,"San Juan, NCR, Philippines",Philippines
NCT00865592,"Phenomix Investigational Site 802, Brasov, Romania",Romania
NCT00865592,"Phenomix Investigational Site 806, Brasov, Romania",Romania
NCT00865592,"Phenomix Investigational Site 800, Bucharest, Romania",Romania
NCT00865592,"Phenomix Investigational Site 803, Bucharest, Romania",Romania
NCT00865592,"Phenomix Investigational Site 805, Bucharest, Romania",Romania
NCT00865592,"Phenomix Investigational Site 807, Bucharest, Romania",Romania
NCT00865592,"Phenomix Investigational Site 804, Galati, Romania",Romania
NCT00865592,"Phenomix Investigational Site 801, Ploieşti, Romania",Romania
NCT00865592,"Phenomix Investigational Site 808, Sibiu, Romania",Romania
NCT00865592,"Phenomix Investigational Site 551, Ivano-Frankivsk, Ukraine",Ukraine
NCT00865592,"Phenomix Investigational Site 550, Kharkiv, Ukraine",Ukraine
NCT00865592,"Phenomix Investigational Site 557, Kharkiv, Ukraine",Ukraine
NCT00865592,"Phenomix Investigational Site 564, Kharkiv, Ukraine",Ukraine
NCT00865592,"Phenomix Investigational Site 555, Kiev, Ukraine",Ukraine
NCT00865592,"Phenomix Investigational Site 556, Kiev, Ukraine",Ukraine
NCT00865592,"Phenomix Investigational Site 562, Kiev, Ukraine",Ukraine
NCT00865592,"Phenomix Investigational Site 563, Kiev, Ukraine",Ukraine
NCT00865592,"Phenomix Investigational Site 554, Kylv, Ukraine",Ukraine
NCT00865592,"Phenomix Investigational Site 565, Lutsk, Ukraine",Ukraine
NCT00865592,"Phenomix Investigational Site 553, Lviv, Ukraine",Ukraine
NCT00865592,"Phenomix Investigational Site 561, Poltava, Ukraine",Ukraine
NCT00865592,"Phenomix Investigational Site 560, Simferopol, Ukraine",Ukraine
NCT00865592,"Phenomix Investigational Site 559, Vinnitsa, Ukraine",Ukraine
NCT00865592,"Phenomix Investigational Site 552, Zaporzhzhia, Ukraine",Ukraine
NCT04930679,"Centre of Clinical Pharmacology, Hanoi Medical University, Hanoi, Vietnam",Vietnam
NCT07073170,"Peking University People's Hospital, Beijing, 100033, China",China
NCT07073170,"West China Hospital of Sichuan University, Chengdu, 610041, China",China
NCT07073170,"Peking University First Hospital, Dongcheng District, 100009, China",China
NCT01898572,"Hospital Clinic of Barcelona, Barcelona, Catalonia, 08036, Spain",Spain
NCT00437164,"GSK Investigational Site, Beverly Hills, California, 90211, United States",United States
NCT07598968,"Central Hospital, Seoul, South Korea",South Korea
NCT00518427,"Sanofi-Aventis Administrative Office, Bromma, Sweden",Sweden
NCT07568652,"Central Hospital, Seoul, South Korea",South Korea
NCT05048719,"Anaheim Clinical Trials, LLC, Anaheim, California, 92801, United States",United States
NCT05048719,"Velocity Clinical Research, Huntington Park, Huntington Park, California, 90255, United States",United States
NCT05048719,"Velocity Clinical Research, Westlake, Los Angeles, California, 90057, United States",United States
NCT05048719,"Rancho Cucamonga Clinical Research, Rancho Cucamonga, California, 91730, United States",United States
NCT05048719,"Touro University California, Vallejo, California, 94592, United States",United States
NCT05048719,"New West Physicians Clinical Research, Golden, Colorado, 80401, United States",United States
NCT05048719,"Optumcare Colorado Springs - Monument, Monument, Colorado, 80132, United States",United States
NCT05048719,"Cotton O'Neil Clinical Research Center, Topeka, Kansas, 66606, United States",United States
NCT05048719,"Clinvest Research LLC, Springfield, Missouri, 65807, United States",United States
NCT05048719,"Premier Research, Trenton, New Jersey, 08611, United States",United States
NCT05048719,"Intend Research, LLC, Norman, Oklahoma, 73069, United States",United States
NCT05048719,"Capital Area Research, LLC, Camp Hill, Pennsylvania, 17011, United States",United States
NCT05048719,"Family Medical Associates, Levittown, Pennsylvania, 19056, United States",United States
NCT05048719,"Tristar Clinical Investigations, Philadelphia, Pennsylvania, 19114, United States",United States
NCT05048719,"Dallas Diabetes Research Center, Dallas, Texas, 75230, United States",United States
NCT05048719,"Biopharma Informatic, LLC, Houston, Texas, 77084, United States",United States
NCT05048719,"Bandera Family Health Care, San Antonio, Texas, 78249, United States",United States
NCT05048719,"Consano Clinical Research, LLC, Shavano Park, Texas, 78231, United States",United States
NCT05048719,"Capital Clinical Research Center, Olympia, Washington, 98502, United States",United States
NCT05048719,"Eastside Research Associates, Redmond, Washington, 98052, United States",United States
NCT05048719,"Bugát Pál Kórház, Gyöngyös, Heves County, 3200, Hungary",Hungary
NCT05048719,"Kanizsai Dorottya Korhaz, Nagykanizsa, Zala County, 8800, Hungary",Hungary
NCT05048719,"Zala Megyei Szent Rafael Kórház, Zalaegerszeg, Zala County, 8900, Hungary",Hungary
NCT05048719,"Szent Margit Rendelőintézet Nonprofit Kft, Budapest, 1032, Hungary",Hungary
NCT05048719,"Clinexpert Kft., Budapest, 1033, Hungary",Hungary
NCT05048719,"ClinDiab Kft., Budapest, 1089, Hungary",Hungary
NCT05048719,"TRANTOR'99 Bt. Anyagcsere Centrum, Budapest, 1213, Hungary",Hungary
NCT05048719,"Strazsahegy Medicina Bt., Budapest, H1171, Hungary",Hungary
NCT05048719,"Centrum Zdrowia Tuchów, Wierzchosławice, Lesser Poland Voivodeship, 33-122, Poland",Poland
NCT05048719,"Wojewódzki Zespól Specjalistycznej Opieki Zdrowotnej, Wroclaw, Lower Silesian Voivodeship, 50-403, Poland",Poland
NCT05048719,"Gabinety TERPA, Lublin, Lublin Voivodeship, 20-333, Poland",Poland
NCT05048719,"NZOZ Medica, Lublin, Lublin Voivodeship, 20-538, Poland",Poland
NCT05048719,"Centralny Szpital Kliniczny MSWiA w Warszawie, Warsaw, Masovian Voivodeship, 02-507, Poland",Poland
NCT05048719,"Centrum Badan Klinicznych PI-House sp. z o.o., Gdansk, Pomeranian Voivodeship, 80-546, Poland",Poland
NCT05048719,"NZOZ Przychodnia Specjalistyczna Andrzej Wittek, Henryk Rudzki, Ruda Śląska, Silesian Voivodeship, 41-709, Poland",Poland
NCT05048719,"Centrum Terapii Wspolczesnej J. M. Jasnorzewska Spolka Komandytowo-Akcyjna, Lodz, Łódź Voivodeship, Poland",Poland
NCT05048719,"Dorado Medical Complex, Dorado, 00646, Puerto Rico",Puerto Rico
NCT05048719,"Clinical Research Management Group Inc. - Hospital San Cristobal, Ponce, 00780, Puerto Rico",Puerto Rico
NCT05048719,"BRCR Global Puerto Rico-Unda, San Juan, 00907, Puerto Rico",Puerto Rico
NCT05048719,"Ambulancia diabetológie a porúch látkovej premeny a výživy - DIABEDA, Bratislava, Bratislava Region, 831 06, Slovakia",Slovakia
NCT05048719,"Diabetol, Prešov, Presov, 080 01, Slovakia",Slovakia
NCT05048719,"MEDI-DIA s.r.o., Sabinov, Presov, 083 01, Slovakia",Slovakia
NCT05048719,"DIA-MED CENTRUM s.r.o., Púchov, Trenčín Region, 020 01, Slovakia",Slovakia
NCT05048719,"Funkystuff, Nové Zámky, 940 01, Slovakia",Slovakia
NCT03912363,"Geisinger, Danville, Pennsylvania, 17822, United States",United States
NCT03912363,"Geisinger Wyoming Valley, Wilkes-Barre, Pennsylvania, 18711, United States",United States
NCT00464880,"Novartis, Gentofte Municipality, 2820, Denmark",Denmark
NCT01007097,"Birmingham, Alabama, United States",United States
NCT01007097,"Hoover, Alabama, United States",United States
NCT01007097,"Tucson, Arizona, United States",United States
NCT01007097,"Anaheim, California, United States",United States
NCT01007097,"Burlingame, California, United States",United States
NCT01007097,"Chula Vista, California, United States",United States
NCT01007097,"Fresno, California, United States",United States
NCT01007097,"Los Angeles, California, United States",United States
NCT01007097,"Los Gatos, California, United States",United States
NCT01007097,"Norwalk, California, United States",United States
NCT01007097,"Orange, California, United States",United States
NCT01007097,"Colorado Springs, Colorado, United States",United States
NCT01007097,"Pueblo, Colorado, United States",United States
NCT01007097,"Boca Raton, Florida, United States",United States
NCT01007097,"Clearwater, Florida, United States",United States
NCT01007097,"Hialeah, Florida, United States",United States
NCT01007097,"Jupiter, Florida, United States",United States
NCT01007097,"Miami, Florida, United States",United States
NCT01007097,"New Port Richey, Florida, United States",United States
NCT01007097,"Ocala, Florida, United States",United States
NCT01007097,"Panama City, Florida, United States",United States
NCT01007097,"Pembroke Pines, Florida, United States",United States
NCT01007097,"Tampa, Florida, United States",United States
NCT01007097,"Sandy Springs, Georgia, United States",United States
NCT01007097,"Honolulu, Hawaii, United States",United States
NCT01007097,"Chicago, Illinois, United States",United States
NCT01007097,"La Grange, Illinois, United States",United States
NCT01007097,"Sunset, Louisiana, United States",United States
NCT01007097,"Portland, Maine, United States",United States
NCT01007097,"Parkville, Maryland, United States",United States
NCT01007097,"Rockville, Maryland, United States",United States
NCT01007097,"Southfield, Michigan, United States",United States
NCT01007097,"Olive Branch, Mississippi, United States",United States
NCT01007097,"St Louis, Missouri, United States",United States
NCT01007097,"Las Vegas, Nevada, United States",United States
NCT01007097,"Berlin, New Jersey, United States",United States
NCT01007097,"Camden, New Jersey, United States",United States
NCT01007097,"West Seneca, New York, United States",United States
NCT01007097,"Asheboro, North Carolina, United States",United States
NCT01007097,"Burlington, North Carolina, United States",United States
NCT01007097,"Charlotte, North Carolina, United States",United States
NCT01007097,"Morehead City, North Carolina, United States",United States
NCT01007097,"Statesville, North Carolina, United States",United States
NCT01007097,"Winston-Salem, North Carolina, United States",United States
NCT01007097,"Carlisle, Ohio, United States",United States
NCT01007097,"Cleveland, Ohio, United States",United States
NCT01007097,"Columbus, Ohio, United States",United States
NCT01007097,"Perrysburg, Ohio, United States",United States
NCT01007097,"Norman, Oklahoma, United States",United States
NCT01007097,"Oklahoma City, Oklahoma, United States",United States
NCT01007097,"Altoona, Pennsylvania, United States",United States
NCT01007097,"Tipton, Pennsylvania, United States",United States
NCT01007097,"Cranston, Rhode Island, United States",United States
NCT01007097,"Peak, South Carolina, United States",United States
NCT01007097,"Taylors, South Carolina, United States",United States
NCT01007097,"Varnville, South Carolina, United States",United States
NCT01007097,"Corpus Christi, Texas, United States",United States
NCT01007097,"Hurst, Texas, United States",United States
NCT01007097,"North Richland Hills, Texas, United States",United States
NCT01007097,"Odessa, Texas, United States",United States
NCT01007097,"San Antonio, Texas, United States",United States
NCT01007097,"Draper, Utah, United States",United States
NCT01007097,"Salt Lake City, Utah, United States",United States
NCT01007097,"Spokane, Washington, United States",United States
NCT01007097,"Guatemala City, Departamento de Guatemala, Guatemala",Guatemala
NCT01007097,"Guadalajara, Jalisco, Mexico",Mexico
NCT01007097,"Zapopan, Jalisco, Mexico",Mexico
NCT01007097,"Mexico City, Mexico City, Mexico",Mexico
NCT01007097,"Cuernavaca, Morelos, Mexico",Mexico
NCT01007097,"Monterrey, Nuevo León, Mexico",Mexico
NCT01007097,"Tampico, Tamaulipas, Mexico",Mexico
NCT00461136,"Novartis, Gentofte Municipality, 2820, Denmark",Denmark
NCT00520182,"Clalit HMO, Rehovot, Petach Tikva, Ramle, Central District, Israel",Israel
NCT00039026,"Pinnacle Research Group, Anniston, Alabama, 36207, United States",United States
NCT00039026,"Parkway Medical Center, Birmingham, Alabama, 35206, United States",United States
NCT00039026,"Alabama Clinical Therapeutics, Birmingham, Alabama, 35235, United States",United States
NCT00039026,"Eclectic Family Care, Eclectic, Alabama, 36024, United States",United States
NCT00039026,"Winston Physician Services, Haleyville, Alabama, 35565, United States",United States
NCT00039026,"Simon Williamson Clinic, Hueytown, Alabama, 35023, United States",United States
NCT00039026,"Extended Arm Physicians/ Southern Drug, Montgomery, Alabama, 36106, United States",United States
NCT00039026,"Southern Drug Research Network, Tallassee, Alabama, 36078, United States",United States
NCT00039026,"Clinic of Physicians and Surgeons, Ltd., Mesa, Arizona, 85201, United States",United States
NCT00039026,"ANA Ventures, LLC, Mesa, Arizona, 85204, United States",United States
NCT00039026,"Lovelace Scientific Resources-Phoenix, Phoenix, Arizona, 85016, United States",United States
NCT00039026,"Physicians at the Peak, Phoenix, Arizona, 85020, United States",United States
NCT00039026,"Advanced Clinical Therapeutics, Tucson, Arizona, 85712, United States",United States
NCT00039026,"CAVHS, Little Rock, Arkansas, 72205, United States",United States
NCT00039026,"Physicians Group Research Clinic, LLC, Little Rock, Arkansas, 72205, United States",United States
NCT00039026,"Advanced Clinical Research Institute, Anaheim, California, 92801, United States",United States
NCT00039026,"Mitchell Research Group, Inc., Bakersfield, California, 93309, United States",United States
NCT00039026,"William Zigrang, M.D., Burlingame, California, 94010, United States",United States
NCT00039026,"International Clinical Research Network, Chula Vista, California, 91910, United States",United States
NCT00039026,"Arrowhead Regional Medical Center, Colton, California, 92324, United States",United States
NCT00039026,"East Bay Clinical Trial Center, Concord, California, United States",United States
NCT00039026,"Valley Research, Fresno, California, 93720, United States",United States
NCT00039026,"Tushar Modi, M.D., Modesto, California, 95350, United States",United States
NCT00039026,"Elke Jost-Vu, M.D., Rancho Mirage, California, 92270, United States",United States
NCT00039026,"Comprehensive Diabetes-Endocrine Medical Associates, Redwood City, California, 94062, United States",United States
NCT00039026,"nTouch, San Diego, California, 92103, United States",United States
NCT00039026,"Radiant Research-San Diego, San Diego, California, 92108, United States",United States
NCT00039026,"Veterans Medical Research Foundation, San Diego, California, 92161, United States",United States
NCT00039026,"Diabetes Research Institute of Mills Peninsula, San Mateo, California, 94401, United States",United States
NCT00039026,"Advanced Clinical Research Institute, Santa Ana, California, 92701, United States",United States
NCT00039026,"West Coast Clinical Trials, Signal Hill, California, 90755, United States",United States
NCT00039026,"Protocare Trials at Sharp Mission Park, Vista, California, 92083, United States",United States
NCT00039026,"Diablo Clinical Research, Walnut Creek, California, 94598, United States",United States
NCT00039026,"George Washington University, Washington D.C., District of Columbia, 20037, United States",United States
NCT00039026,"Internal Medicine Associates, Fort Myers, Florida, 33901, United States",United States
NCT00039026,"Clin Sci International, Gainesville, Florida, 32605, United States",United States
NCT00039026,"University of FL, Gainesville, Florida, 32610-0226, United States",United States
NCT00039026,"Jupiter Research Institute, Jupiter, Florida, 33458, United States",United States
NCT00039026,"Baptist Diabetes Associates, Miami, Florida, 33176, United States",United States
NCT00039026,"Tampa Medical Group, Tampa, Florida, 33614, United States",United States
NCT00039026,"Metabolic Research Institute, Inc., West Palm Beach, Florida, 33401, United States",United States
NCT00039026,"Radiant Research, West Palm Beach, Florida, 33407, United States",United States
NCT00039026,"Clinical Research Atlanta, Atlanta, Georgia, 30342, United States",United States
NCT00039026,"nTouch Research Corporation, Decatur, Georgia, 30033, United States",United States
NCT00039026,"East-West Medical Research Institute, Honolulu, Hawaii, 96813, United States",United States
NCT00039026,"St. Luke's Family Health, Meridian, Idaho, 83642, United States",United States
NCT00039026,"University Primary Care Center at Belvidere, Belvidere, Illinois, 61008, United States",United States
NCT00039026,"Northwestern Memorial Physicians Group, Chicago, Illinois, 60602, United States",United States
NCT00039026,"Illinois Center for Clinical Trials, Chicago, Illinois, 60610, United States",United States
NCT00039026,"Medical Group of Fort Wayne, Fort Wayne, Indiana, 46804, United States",United States
NCT00039026,"American Health Network, Indianapolis, Indiana, 46222, United States",United States
NCT00039026,"nTouch Research-South Bend, South Bend, Indiana, 46601, United States",United States
NCT00039026,"Kentucky Diabetes Center, Lexington, Kentucky, 40503, United States",United States
NCT00039026,"University of Kentucky Metabolic Research Group, Lexington, Kentucky, 40536-9841, United States",United States
NCT00039026,"MedResearch, Inc., Louisville, Kentucky, 40223, United States",United States
NCT00039026,"Drug Research Services, Metairie, Louisiana, 70001, United States",United States
NCT00039026,"New Orleans Institute of Clinical Investigation, New Orleans, Louisiana, 70112, United States",United States
NCT00039026,"Ochsner Clinic, New Orleans, Louisiana, 70121, United States",United States
NCT00039026,"St. Agnes Health Care, Baltimore, Maryland, 21229, United States",United States
NCT00039026,"Doctors Research Associates of Maryland, Lanham, Maryland, 20706, United States",United States
NCT00039026,"Grunberger Diabetes Medical Center, Bloomfield Hills, Michigan, 48302, United States",United States
NCT00039026,"Henry Ford Health System, Detroit, Michigan, 48202, United States",United States
NCT00039026,"Grand Rapids Associated Interns, Grand Rapids, Michigan, 49506, United States",United States
NCT00039026,"University of Mississippi Medical Center, Jackson, Mississippi, 39216, United States",United States
NCT00039026,"Diabetes and Endocrinology Specialists, Chesterfield, Missouri, 63017, United States",United States
NCT00039026,"Midwest Pharmaceutical Research, City of Saint Peters, Missouri, 63376, United States",United States
NCT00039026,"Mid Missouri Research Specialists, Inc., Rolla, Missouri, 65401, United States",United States
NCT00039026,"Radiant Research-St. Louis, St Louis, Missouri, 63141, United States",United States
NCT00039026,"Mercury Street Medical, Butte, Montana, 59701, United States",United States
NCT00039026,"Lovelace Scientific Resources-Las Vegas, Las Vegas, Nevada, 89102, United States",United States
NCT00039026,"HIS Clinical Research, Jersey City, New Jersey, 07306, United States",United States
NCT00039026,"Radiant Research-Moorestown, Moorestown, New Jersey, 08057, United States",United States
NCT00039026,"Lovelace Scientific Resources, Albuquerque, New Mexico, 87108, United States",United States
NCT00039026,"Medical Network Services, P.C., Brooklyn, New York, 11230, United States",United States
NCT00039026,"St. Lukes Roosevelt Hospital, New York, New York, 10025, United States",United States
NCT00039026,"Naomi Berrie Diabetes Center at Columbia University, New York, New York, 10032, United States",United States
NCT00039026,"Heights Medical Care, New York, New York, 10033, United States",United States
NCT00039026,"DOCS at Beth Israel Medical Center, Yonkers, New York, 10710, United States",United States
NCT00039026,"Metrolina Medical Research, Charlotte, North Carolina, 28209, United States",United States
NCT00039026,"Charlotte Clinical Research, Charlotte, North Carolina, 28211, United States",United States
NCT00039026,"UNC Diabetes Care Center, Durham, North Carolina, 27713, United States",United States
NCT00039026,"Unifour Medical Research, Hickory, North Carolina, 28601, United States",United States
NCT00039026,"New Hanover Medical Research Associates, Wilmington, North Carolina, 28412, United States",United States
NCT00039026,"Piedmont Medical Research, Winston-Salem, North Carolina, 27103, United States",United States
NCT00039026,"Rapid Medical Research, Cleveland, Ohio, 44124, United States",United States
NCT00039026,"Ohio State University-Division of Endocrinology, Columbus, Ohio, 43210, United States",United States
NCT00039026,"Radiant Research-Columbus, Columbus, Ohio, 43212, United States",United States
NCT00039026,"University Mednet, Mentor, Ohio, 44060, United States",United States
NCT00039026,"Comprehensive Research Services, Inc., Mogadore, Ohio, 44260, United States",United States
NCT00039026,"COR Clinical Research, Oklahoma City, Oklahoma, 73103, United States",United States
NCT00039026,"nTouch Research Corporation-Oklahoma City, Oklahoma City, Oklahoma, 73112, United States",United States
NCT00039026,"Utica Park Clinic, Tulsa, Oklahoma, 74104, United States",United States
NCT00039026,"Medford Medical Clinic, Medford, Oregon, 97504, United States",United States
NCT00039026,"Legacy Clinical Research, Portland, Oregon, 97232, United States",United States
NCT00039026,"Radiant Research, Portland, Oregon, United States",United States
NCT00039026,"Physicians for Clinical Research, Camp Hill, Pennsylvania, 17011, United States",United States
NCT00039026,"Thomas Jefferson University Diabetes Research Center, Philadelphia, Pennsylvania, 19107, United States",United States
NCT00039026,"Philadelphia Health Associates, Philadelphia, Pennsylvania, 19146, United States",United States
NCT00039026,"Tipton Medical and Diagnostic Center, Tipton, Pennsylvania, 16684, United States",United States
NCT00039026,"Safe Harbor Clinical Research, East Providence, Rhode Island, 02914, United States",United States
NCT00039026,"Radiant Research-Charleston, Charleston, South Carolina, 29407, United States",United States
NCT00039026,"CNS Clinical Trials, Chester, South Carolina, 29706, United States",United States
NCT00039026,"Coastal Carolina Research Center, Mt. Pleasant, South Carolina, 29464, United States",United States
NCT00039026,"Integrity Clinical Research, Jackson, Tennessee, 38305, United States",United States
NCT00039026,"Harmony Clinical Research, Johnson City, Tennessee, 37601, United States",United States
NCT00039026,"Holston Medical Group, Kingsport, Tennessee, 37660, United States",United States
NCT00039026,"Endocrine Consultants of ET, Knoxville, Tennessee, 37909, United States",United States
NCT00039026,"Central Texas Clinical Research, Austin, Texas, 78705, United States",United States
NCT00039026,"Texas Tech University Health Sciences-Internal Medicine, El Paso, Texas, 79905, United States",United States
NCT00039026,"Internal Medicine Associates, El Paso, Texas, 79912, United States",United States
NCT00039026,"North Texas Clinical Research, Irving, Texas, 75038, United States",United States
NCT00039026,"Dr. Humberto Bruschetta, Kingsville, Texas, 78363, United States",United States
NCT00039026,"South Texas Applied Research, McAllen, Texas, 78503, United States",United States
NCT00039026,"University of Texas Health Sciences Center-Texas Diabetes Institute, San Antonio, Texas, 78207, United States",United States
NCT00039026,"Diabetes and Glandular Disease Clinic, San Antonio, Texas, 78229-3894, United States",United States
NCT00039026,"SAM Clinical Research Center, San Antonio, Texas, United States",United States
NCT00039026,"Salt Lake Research, Salt Lake City, Utah, 84124, United States",United States
NCT00039026,"Clinical Research Center-Eastern Virginia Medical School, Norfolk, Virginia, 23507, United States",United States
NCT00039026,"West Olympia Internal Medicine, Olympia, Washington, 98502, United States",United States
NCT00039026,"Rainier Clinical Research Center, Renton, Washington, 98055, United States",United States
NCT00039026,"Northside Internal Medicine, Spokane, Washington, 99201, United States",United States
NCT00039026,"Rockwood Clinic, Spokane, Washington, 99202, United States",United States
NCT00039026,"Julia M. Hutchinson, M.D., Spokane, Washington, 99204, United States",United States
NCT00039026,"Wenatchee Valley Clinic, Wenatchee, Washington, 98801, United States",United States
NCT00039026,"Hyperion Clinical Research, Charleston, West Virginia, 25301, United States",United States
NCT00039026,"CAMC Clinical Trials Center, Charleston, West Virginia, 25304, United States",United States
NCT07375069,"Federico II University of Naples, Department of Advanced Biomedical Sciences, Naples, Napoli, 80131, Italy",Italy
NCT05874141,"New Valley University, Al Khārjah, Kharga Oasis, 72511, Egypt",Egypt
NCT06256549,"Gan & Lee Pharmaceuticals Co., Ltd, Beijing, China",China
NCT07571590,"Ministry of Health Primary Healthcare Centers, Jerash, Dours, 009627, Jordan",Jordan
NCT07276776,"Joslin Diabetes, Boston, Massachusetts, 02215, United States",United States
NCT07276776,"MassResearch LLC., Waltham, Massachusetts, 02453, United States",United States
NCT07276776,"Henry Ford Health, Detroit, Michigan, 48202, United States",United States
NCT07276776,"Mountain Area Health Educational Center ( MAHEC), Asheville, North Carolina, 28803, United States",United States
NCT07276776,"Texas Diabetes and Endocrinology (TDE), Austin, Texas, 78731, United States",United States
NCT07276776,"Disease & Glandular Disease Clinic, San Antonio, Texas, 78229, United States",United States
NCT06370715,"Osmania Medical College & Hospital, Hyderabad, Andhra Pradesh, 500012, India",India
NCT06370715,"King George Hospital, Visakhapatnam, Visakhapatnam, Andhra Pradesh, 530002, India",India
NCT06370715,"Diabetes Research Centre, Royapuram, Chennai India, 600013, India",India
NCT06370715,"Vijyaratna Dibetes Diagnosis Treatment Centre, Ahmedabad, Gujarat, 380007, India",India
NCT06370715,"Center for Diabetes and Endocrine Care, Bengaluru, Karnataka, 560043, India",India
NCT06370715,"Sahyadri Super Speciality Hospital, Pune, Maharashtra, 411004, India",India
NCT06370715,"Chellaram Diabetes Institute, Pune, Maharashtra, 411021, India",India
NCT06370715,"S. P. Medical College & A G Hospital, Bikaner, Rajasthan, 334003, India",India
NCT06370715,"Rajasthan University of Health Sciences, Jaipur, Rajasthan, 302033, India",India
NCT06370715,"Kovai Diabetes Speciality Center and Hospital, Coimbatore, Tamil Nadu, 641009, India",India
NCT06370715,"Brij Medical Center Pvt. Ltd., Kanpur, Uttar Pradesh, 208020, India",India
NCT06370715,"Medical College & Hospital, Kolkata, Kolkata, West Bengal, 700073, India",India
NCT00246987,"Local Institution, Anniston, Alabama, United States",United States
NCT00246987,"Local Institution, Birmingham, Alabama, United States",United States
NCT00246987,"Local Institution, Haleyville, Alabama, United States",United States
NCT00246987,"Local Institution, Hoover, Alabama, United States",United States
NCT00246987,"Local Institution, Fayetteville, Arizona, United States",United States
NCT00246987,"Local Institution, Hot Springs, Arizona, United States",United States
NCT00246987,"Local Institution, Mesa, Arizona, United States",United States
NCT00246987,"Local Institution, Phoenix, Arizona, United States",United States
NCT00246987,"Local Institution, Tucson, Arizona, United States",United States
NCT00246987,"Local Institution, Tulsa, Arizona, United States",United States
NCT00246987,"Local Institution, Concord, California, United States",United States
NCT00246987,"Local Institution, Fountain Valley, California, United States",United States
NCT00246987,"Local Institution, Long Beach, California, United States",United States
NCT00246987,"Local Institution, Los Gatos, California, United States",United States
NCT00246987,"Local Institution, Raleigh, California, United States",United States
NCT00246987,"Local Institution, Roseville, California, United States",United States
NCT00246987,"Local Institution, San Diego, California, United States",United States
NCT00246987,"Local Institution, Spring Valley, California, United States",United States
NCT00246987,"Local Institution, Tustin, California, United States",United States
NCT00246987,"Local Institution, Colorado Springs, Colorado, United States",United States
NCT00246987,"Local Institution, Golden, Colorado, United States",United States
NCT00246987,"Local Institution, Littleton, Colorado, United States",United States
NCT00246987,"Local Institution, New Britain, Connecticut, United States",United States
NCT00246987,"Local Institution, Altamonte Springs, Florida, United States",United States
NCT00246987,"Local Institution, Brandon, Florida, United States",United States
NCT00246987,"Local Institution, Chipley, Florida, United States",United States
NCT00246987,"Local Institution, Coral Gables, Florida, United States",United States
NCT00246987,"Local Institution, Kissimmee, Florida, United States",United States
NCT00246987,"Local Institution, Longwood, Florida, United States",United States
NCT00246987,"Local Institution, Melbourne, Florida, United States",United States
NCT00246987,"Local Institution, New Port Richie, Florida, United States",United States
NCT00246987,"Local Institution, Ocala, Florida, United States",United States
NCT00246987,"Local Institution, Pinellas Park, Florida, United States",United States
NCT00246987,"Local Institution, Chicago, Illinois, United States",United States
NCT00246987,"Local Institution, Overland Park, Kansas, United States",United States
NCT00246987,"Local Institution, Shawnee Mission, Kansas, United States",United States
NCT00246987,"Local Institution, Lexington, Kentucky, United States",United States
NCT00246987,"Local Institution, Madisonville, Kentucky, United States",United States
NCT00246987,"Local Institution, Shreveport, Louisiana, United States",United States
NCT00246987,"Local Institution, Gulfport, Mississippi, United States",United States
NCT00246987,"Local Institution, Saint Peters, Mississippi, United States",United States
NCT00246987,"Local Institution, Chesterfield, Missouri, United States",United States
NCT00246987,"Local Institution, Kansas City, Missouri, United States",United States
NCT00246987,"Local Institution, Springfield, Missouri, United States",United States
NCT00246987,"Local Institution, Elizabeth, New Jersey, United States",United States
NCT00246987,"Local Institution, Toms River, New Jersey, United States",United States
NCT00246987,"Local Institution, Endwell, New York, United States",United States
NCT00246987,"Local Institution, West Seneca, New York, United States",United States
NCT00246987,"Local Institution, Charlotte, North Carolina, United States",United States
NCT00246987,"Local Institution, High Point, North Carolina, United States",United States
NCT00246987,"Local Institution, Morehead City, North Carolina, United States",United States
NCT00246987,"Local Institution, Salisbury, North Carolina, United States",United States
NCT00246987,"Local Institution, Winston-Salem, North Carolina, United States",United States
NCT00246987,"Local Institution, Franklin, Ohio, United States",United States
NCT00246987,"Local Institution, Newark, Ohio, United States",United States
NCT00246987,"Local Institution, Zanesville, Ohio, United States",United States
NCT00246987,"Local Institution, Eugene, Oregon, United States",United States
NCT00246987,"Local Institution, Portland, Oregon, United States",United States
NCT00246987,"Local Institution, Philadelphia, Pennsylvania, United States",United States
NCT00246987,"Local Institution, Reading, Pennsylvania, United States",United States
NCT00246987,"Local Institution, Warminster, Pennsylvania, United States",United States
NCT00246987,"Local Institution, East Providence, Rhode Island, United States",United States
NCT00246987,"Local Institution, Johnston, Rhode Island, United States",United States
NCT00246987,"Local Institution, Providence, Rhode Island, United States",United States
NCT00246987,"Local Institution, Anderson, South Carolina, United States",United States
NCT00246987,"Local Institution, Greer, South Carolina, United States",United States
NCT00246987,"Local Institution, Mt. Pleasant, South Carolina, United States",United States
NCT00246987,"Local Institution, Knoxville, Tennessee, United States",United States
NCT00246987,"Local Institution, Memphis, Tennessee, United States",United States
NCT00246987,"Local Institution, Fort Worth, Texas, United States",United States
NCT00246987,"Local Institution, Lubbock, Texas, United States",United States
NCT00246987,"Local Institution, San Angelo, Texas, United States",United States
NCT00246987,"Local Institution, San Antonio, Texas, United States",United States
NCT00246987,"Local Institution, Salt Lake City, Utah, United States",United States
NCT00246987,"Local Institution, Richmond, Virginia, United States",United States
NCT00246987,"Local Institution, Virginia Beach, Virginia, United States",United States
NCT00246987,"Local Institution, Edmonds, Washington, United States",United States
NCT00246987,"Local Institution, Federal Way, Washington, United States",United States
NCT00246987,"Local Institution, Olympia, Washington, United States",United States
NCT00246987,"Local Institution, Spokane, Washington, United States",United States
NCT00246987,"Local Institution, Vancouver, Washington, United States",United States
NCT00246987,"Local Institution, Milwaukee, Wisconsin, United States",United States
NCT00246987,"Local Institution, Canberra, New South Wales, Australia",Australia
NCT00246987,"Local Institution, Sydney, New South Wales, Australia",Australia
NCT00246987,"Local Institution, Wollongong, New South Wales, Australia",Australia
NCT00246987,"Local Institution, Kippa-Ring, Queensland, Australia",Australia
NCT00246987,"Local Institution, Meadowbrook, Queensland, Australia",Australia
NCT00246987,"Local Institution, Adelaide, South Australia, Australia",Australia
NCT00246987,"Local Institution, Woodville, South Australia, Australia",Australia
NCT00246987,"Local Institution, Launceston, Tasmania, Australia",Australia
NCT00246987,"Tasmania, Melbourne, Victoria, Australia",Australia
NCT00246987,"Local Institution, Calgary, Alberta, Canada",Canada
NCT00246987,"Local Institution, Edmonton, Alberta, Canada",Canada
NCT00246987,"Local Institution, Coquitlam, British Columbia, Canada",Canada
NCT00246987,"Local Institution, Winnipeg, Manitoba, Canada",Canada
NCT00246987,"Local Institution, Manuels, Newfoundland and Labrador, Canada",Canada
NCT00246987,"Local Institution, St. John's, Newfoundland and Labrador, Canada",Canada
NCT00246987,"Local Institution, Halifax, Nova Scotia, Canada",Canada
NCT00246987,"Local Institution, Markham, Ontario, Canada",Canada
NCT00246987,"Local Institution, Oakville, Ontario, Canada",Canada
NCT00246987,"Local Institution, Ottawa, Ontario, Canada",Canada
NCT00246987,"Local Institution, Thornhill, Ontario, Canada",Canada
NCT00246987,"Local Institution, Thunder Bay, Ontario, Canada",Canada
NCT00246987,"Local Institution, Toronto, Ontario, Canada",Canada
NCT00246987,"Local Institution, Charlottetown, Prince Edward Island, Canada",Canada
NCT00246987,"Local Institution, Chicoutimi, Quebec, Canada",Canada
NCT00246987,"Local Institution, Drummondville, Quebec, Canada",Canada
NCT00246987,"Local Institution, Granby, Quebec, Canada",Canada
NCT00246987,"Local Institution, Laval, Quebec, Canada",Canada
NCT00246987,"Local Institution, Longueuil, Quebec, Canada",Canada
NCT00246987,"Local Institution, Montreal, Quebec, Canada",Canada
NCT00246987,"Local Institution, Pointe-Claire, Quebec, Canada",Canada
NCT00246987,"Local Institution, Saint-Lambert, Quebec, Canada",Canada
NCT00246987,"Local Institution, Ste-Foy, Quebec, Canada",Canada
NCT00246987,"Local Institution, Regina, Saskatchewan, Canada",Canada
NCT00246987,"Local Institution, Saskatoon, Saskatchewan, Canada",Canada
NCT00246987,"Local Institution, Aguascalientes, Aguascalientes, Mexico",Mexico
NCT00246987,"Local Institution, Durango, Durango, Mexico",Mexico
NCT00246987,"Local Institution, Mexico City, Mexico City, Mexico",Mexico
NCT00246987,"Local Institution, Cuernavaca, Morelos, Mexico",Mexico
NCT00246987,"Local Institution, Krakow, Poland",Poland
NCT00246987,"Local Institution, Lodz, Poland",Poland
NCT00246987,"Local Institution, Mroków, Poland",Poland
NCT00246987,"Local Institution, Warsaw, Poland",Poland
NCT00246987,"Local Institution, Zabrze, Poland",Poland
NCT00246987,"Local Institution, Anasco, Puerto Rico",Puerto Rico
NCT00246987,"Local Institution, Ponce, Puerto Rico",Puerto Rico
NCT00246987,"Local Institution, Rio Pieoras, Puerto Rico",Puerto Rico
NCT00246987,"Local Institution, Changhua, Taiwan",Taiwan
NCT00246987,"Local Institution, Taichung, Taiwan",Taiwan
NCT05886088,"Investigational site, Hortolândia, São Paulo, Brazil",Brazil
NCT07732218,"Rehman Medical Institute, Peshawar, Khyber Pakhtunkhwa, 25000, Pakistan",Pakistan
NCT00309244,"Coastal Clinical Research Inc, Mobile, Alabama, 36608, United States",United States
NCT00309244,"Quality of Life Medical & Research Center, Tucson, Arizona, 85712, United States",United States
NCT00309244,"Southern Arizona VA Healthcare System, Tucson, Arizona, 85723, United States",United States
NCT00309244,"Tucson Clinical Research, Tucson, Arizona, 85741, United States",United States
NCT00309244,"International Clinical Research Network, Chula Vista, California, 91911, United States",United States
NCT00309244,"Saad Hijazi MD Inc, Fresno, California, 93710, United States",United States
NCT00309244,"Valley Research, Fresno, California, 93720, United States",United States
NCT00309244,"Diabetes/Lipid Management and Research Center, Huntington Beach, California, 92648, United States",United States
NCT00309244,"South Bay Clinical Research, Inglewood, California, 90301, United States",United States
NCT00309244,"Southern California Endocrine Center, Pasadena, California, 91105, United States",United States
NCT00309244,"Coastal Biomedical Research Inc, Santa Monica, California, 90404, United States",United States
NCT00309244,"Diabetes Research Center, Tustin, California, 92780, United States",United States
NCT00309244,"University of Miami Diabetes Research Institute, Miami, Florida, 33136, United States",United States
NCT00309244,"International Research Associates LLC, Miami, Florida, 33156, United States",United States
NCT00309244,"Laureate Clinical Research Group, Atlanta, Georgia, 30308, United States",United States
NCT00309244,"Atlanta Pharmaceutical Research Center, Dunwoody, Georgia, 30338, United States",United States
NCT00309244,"North Atlanta Endocrinology & Diabetes PC, Lawrenceville, Georgia, 30045, United States",United States
NCT00309244,"Atlanta Center for Clinical Research, Roswell, Georgia, 30075, United States",United States
NCT00309244,"John H Stoger Jr Hospital of Cook County, Chicago, Illinois, 60612, United States",United States
NCT00309244,"Clintell Inc, Skokie, Illinois, 60076, United States",United States
NCT00309244,"Clintell Inc (Ellyin), Skokie, Illinois, 60077, United States",United States
NCT00309244,"Medical Research of Louisiana, Metairie, Louisiana, 70002, United States",United States
NCT00309244,"Joslin Diabetes Center University of Maryland Medicine, Baltimore, Maryland, 21201, United States",United States
NCT00309244,"James A Dicke MDPA, Towson, Maryland, 21204, United States",United States
NCT00309244,"Wayne State University, Detroit, Michigan, 48201, United States",United States
NCT00309244,"Michigan Institute of Medicine, Livonia, Michigan, 48152, United States",United States
NCT00309244,"KMED Research, Saint Clair Shores, Michigan, 48081, United States",United States
NCT00309244,"Radiant Research Inc (Minneapolis), Edina, Minnesota, 55435, United States",United States
NCT00309244,"International Diabetes Center, Minneapolis, Minnesota, 55416, United States",United States
NCT00309244,"Center for Urologic Clinical Trials University of Minnesota, Minneapolis, Minnesota, 55455, United States",United States
NCT00309244,"Amin Radparvar's Private Practice, City of Saint Peters, Missouri, 63376, United States",United States
NCT00309244,"MedEx Healthcare Research Inc, St Louis, Missouri, 63117, United States",United States
NCT00309244,"Billings Clinic Research Division, Billings, Montana, 59101, United States",United States
NCT00309244,"Montana Health Research Institute, Billings, Montana, 59102, United States",United States
NCT00309244,"Creighton Diabetes Center, Omaha, Nebraska, 68131, United States",United States
NCT00309244,"New Mexico Clinical Research & Osteoporosis Center, Albuquerque, New Mexico, 87106, United States",United States
NCT00309244,"University of New Mexico HCS, Albuquerque, New Mexico, 87131, United States",United States
NCT00309244,"Winthrop University Hospital, Mineola, New York, 11501, United States",United States
NCT00309244,"North Shore Diabetes and Endocrine Associates, New Hyde Park, New York, 11042, United States",United States
NCT00309244,"Univeristy of Physicians Group Endocrine Division, Staten Island, New York, 10301, United States",United States
NCT00309244,"Sensenbrenner Primary Care, Charlotte, North Carolina, 28277, United States",United States
NCT00309244,"East Carolina University (Tanenberg), Greenville, North Carolina, 27834, United States",United States
NCT00309244,"Physician's East PA, Greenville, North Carolina, 27834, United States",United States
NCT00309244,"Valley Medical Primary Care, Centerville, Ohio, 45459, United States",United States
NCT00309244,"Cleveland Clinic Foundation, Cleveland, Ohio, 44195, United States",United States
NCT00309244,"Providence Health Partners - Center of Clinical Research, Dayton, Ohio, 45439, United States",United States
NCT00309244,"Cleveland Clinic Health System, East Cleveland, Ohio, 44112, United States",United States
NCT00309244,"Wells Institute for Health Awareness, Kettering, Ohio, 45429, United States",United States
NCT00309244,"Oregon Medical Group Clinical Resesarch, Eugene, Oregon, 97401, United States",United States
NCT00309244,"Lane Medical Research Group, Eugene, Oregon, 97404, United States",United States
NCT00309244,"Portland Diabetes & Endocrinology Center, Portland, Oregon, 97210, United States",United States
NCT00309244,"New Hope Research of Oregon, Portland, Oregon, 97219, United States",United States
NCT00309244,"Covance CRU Inc., Portland, Oregon, 97239, United States",United States
NCT00309244,"Pennsylvania Research Institute, Bensalem, Pennsylvania, 19020, United States",United States
NCT00309244,"Thomas Jefferson University, Philadelphia, Pennsylvania, 19107, United States",United States
NCT00309244,"Upstate Pharmaceutical Research, Greenville, South Carolina, 29615, United States",United States
NCT00309244,"Southeastern Research Associates Inc, Taylors, South Carolina, 29687, United States",United States
NCT00309244,"AM Diabetes and Endocrinology Center, Bartlett, Tennessee, 38133, United States",United States
NCT00309244,"Memphis Internal Medicine PLLC, Memphis, Tennessee, 38119, United States",United States
NCT00309244,"The Endocrine Clinic, Memphis, Tennessee, 38119, United States",United States
NCT00309244,"Israel Hartman MD, Arlington, Texas, 76014, United States",United States
NCT00309244,"South Arlington Primary Care Assoc PA, Arlington, Texas, 76017, United States",United States
NCT00309244,"Dallas Diabetes & Endocrine Center, Dallas, Texas, 75230, United States",United States
NCT00309244,"North Texas Endocrine Center, Dallas, Texas, 75231, United States",United States
NCT00309244,"Radiant Research Dallas-North, Dallas, Texas, 75231, United States",United States
NCT00309244,"Baylor Endocrine Center, Dallas, Texas, 75246, United States",United States
NCT00309244,"Galenos Research, Dallas, Texas, 75251, United States",United States
NCT00309244,"Spuhler Medical Associates, Friendswood, Texas, 77546, United States",United States
NCT00309244,"Clinical Trial Network, Houston, Texas, 77074, United States",United States
NCT00309244,"Quality Assurance Research Center Inc, San Antonio, Texas, 78205, United States",United States
NCT00309244,"Covenant Clinic Research, San Antonio, Texas, 78229, United States",United States
NCT00309244,"Diabetes & Glandular Disease Research Assoc PA, San Antonio, Texas, 78229, United States",United States
NCT00309244,"SAM Clinical Research Center, San Antonio, Texas, 78229, United States",United States
NCT00309244,"Salt Lake Research, Salt Lake City, Utah, 84107, United States",United States
NCT00309244,"Sentara Medical Group, Norfolk, Virginia, 23502, United States",United States
NCT00309244,"Clinical Research Associates of Tidewater, Norfolk, Virginia, 23507, United States",United States
NCT00309244,"Larry D Stonesifer MD Inc PS, Federal Way, Washington, 98003, United States",United States
NCT00309244,"Rainier Clinical Research Center Inc, Renton, Washington, 98055, United States",United States
NCT00309244,"Cedar Research, Tacoma, Washington, 98405, United States",United States
NCT00309244,"Liberty Research Center, Tacoma, Washington, 98405, United States",United States
NCT00309244,"Hospital Interzonal de Agudos Pedro Fiorito, Avellaneda, Buenos Aires, B1870ARG, Argentina",Argentina
NCT00309244,"CITDEEM - Centro de Investigacion y Tratamiento En Diabetes y Enfermedades Endocrino-Metabolicas, San Miguel de Tucumán, Tucumán Province, 4000, Argentina",Argentina
NCT00309244,"FUNDAPRES/CIMel, Buenos Aires, B1824KAJ, Argentina",Argentina
NCT00309244,"Centro Endocrinologic Tiempo, Buenos Aires, C1117ABH, Argentina",Argentina
NCT00309244,"Hospital Italiano de Buenos Aires, Buenos Aires, C1181ACH, Argentina",Argentina
NCT00309244,"Cons Asoc de Endocrinologia, Buenos Aires, C1425AGC, Argentina",Argentina
NCT00309244,"Centro Medico Dra De Salvo, Buenos Aires, C1426ABP, Argentina",Argentina
NCT00309244,"Hospital de Clinicas de Porto Alegre, Porto Alegre, Rio Grande do Sul, 90035-903, Brazil",Brazil
NCT00309244,"Hospital Sao Lucas da PUCRS, Porto Alegre, Rio Grande do Sul, 90610-000, Brazil",Brazil
NCT00309244,"CPClin-Centro de Pesquisas Clinicas, São Paulo, São Paulo, 01244-030, Brazil",Brazil
NCT00309244,"Universidade Estabual de Maringa, Maringa Parana, 87020-900, Brazil",Brazil
NCT00309244,"Nucleo de Medicina Integrada, Mogi das Cruzes, 08780-090, Brazil",Brazil
NCT00309244,"Instituto Estadual De Diabetes e Endocrinologia Luis Capriglione, Rio de Janeiro, 20211-340, Brazil",Brazil
NCT00309244,"Ccbr Brasil Centro de Analises e Pesquisas Clinicas Ltda, Rio de Janeiro, 22271-100, Brazil",Brazil
NCT00309244,"Hospital Guilherme Alvaro, Santos, 11045-904, Brazil",Brazil
NCT00309244,"Hospital do Rim e Hipertensao, São Paulo, 04025-011, Brazil",Brazil
NCT00309244,"Instituto da Saude e Bem Estar da Mulher, São Paulo, 04062-003, Brazil",Brazil
NCT00309244,"Blumenau Servicos Medicos S/C Ltda, São Paulo, 05302-001, Brazil",Brazil
NCT00309244,"Centro de Pesquisa Clinica e Medicina Avancada, São Paulo, 05437-010, Brazil",Brazil
NCT00309244,"Keele Medical Place, Downsview, Ontario, M3M 3E5, Canada",Canada
NCT00309244,"Quest Clinical Trials, Markham, Ontario, L6B 1A1, Canada",Canada
NCT00309244,"Lifestyle Metabolism Center, Oakville, Ontario, L6H 3P1, Canada",Canada
NCT00309244,"Sarnia Institute of Clinical Research, Sarnia, Ontario, N7T 4X3, Canada",Canada
NCT00309244,"Lifestyle Metabolism Center, Thornhill, Ontario, L4J 8L7, Canada",Canada
NCT00309244,"Lifestyle Metabolism Center, Toronto, Ontario, M4R 2G4, Canada",Canada
NCT00309244,"Hospital del Salvador, Santiago, Santiago Metropolitan, Chile",Chile
NCT00309244,"Hospital Padre Alberto Hurtado, Santiago, Santiago Metropolitan, Chile",Chile
NCT00309244,"Hospital Clinico Pontificia Universidad Catolica de Chile, Santiago, Chile",Chile
NCT00309244,"Hospital San Borja ArriaranUniversidad de Chile, Santiago, Chile",Chile
NCT00309244,"Instituto Mexicano de Investigacion, Mexico City, Durango, 06700, Mexico",Mexico
NCT00309244,"Hospital OCA, Monterrey, Nuevo Leon, MX, 64000, Mexico",Mexico
NCT00309244,"Hospital Universitario Dr Jose E Gonzalez, Monterrey, Nuevo León, 64460, Mexico",Mexico
NCT00309244,"Hospital Santa Engracia-CIMA, Garza García, 66260, Mexico",Mexico
NCT00309244,"Centro de Estudios en Diabetes, Mexico City, 01120, Mexico",Mexico
NCT00309244,"Cifbiotec, Mexico City, CP14050, Mexico",Mexico
NCT00309244,"Oddzial Chorob Wewnetrznych, Bialystock, POL, 15-950, Poland",Poland
NCT00309244,"NZOZ Specjalistyczny Osrodek Internistyczno - Diabetologiczny, Bialystok, POL, 15-435, Poland",Poland
NCT00309244,"Katedra I Klinika Chorob Metabolicznych Collegium Medicum Uniwersytety Jagiellonskiego, Krakow, POL, 31 501, Poland",Poland
NCT00309244,"Klliniczny nr 1 im Norberta Barlickiego Uniwersytetu Medycznego w Lodzi, Lodz, POL, 90 153, Poland",Poland
NCT00309244,"Instytut Centrum Zdrowia (009) Matki Polki, Lodz, POL, 93-338, Poland",Poland
NCT00309244,"Szpital Kolejowy im Dr w Roeflera(009) Oddzial Gastorenterologii, Pruszków, POL, 05 800, Poland",Poland
NCT00309244,"NZOZ Diabetologiczna Poradnia Specjalistyczna, Warsaw, 01-911, Poland",Poland
NCT00309244,"NHI Kemerovo Regional Clinical Hospital, Kemerovo, RUS, 650061, Russia",Russia
NCT00309244,"NI Principal Military Clinical Hospital n a academician N.N. Burdenko of the Ministry of Defense, Moscow, RUS, 105229, Russia",Russia
NCT00309244,"NEI HPE Moscow State University of Medicine and Dentistry of FAHSD City Clinical Hospital #70, Moscow, RUS, 111399, Russia",Russia
NCT00309244,"Moscow City Clinical Hospital # 13, Moscow, RUS, 115280, Russia",Russia
NCT00309244,"SEI HPE Moscow Medical Academy IM Sechenov of Roszdrav Clinic of Endocrinology, Moscow, RUS, 119435, Russia",Russia
NCT00309244,"SI Internal Affairs of Moscow- Clinical Hospital, Moscow, RUS, 125299, Russia",Russia
NCT00309244,"RAAMS Endocrinology and Diabetology Department, Moscow, RUS, 125315, Russia",Russia
NCT00309244,"St Petersburg NHI City Polytclinic #77 City Diabetological Center #4, Saint Petersburg, RUS, 193012, Russia",Russia
NCT00309244,"Central Medical Sanitary Unit #122, Saint Petersburg, RUS, 194291, Russia",Russia
NCT00309244,"Pavlov State Medical Univ of St Petersburg, Saint Petersburg, RUS, 197022, Russia",Russia
NCT00309244,"NEI HPE Smolensk State Medical Academy of FAHSD RNHI Smolensk Regional Clinical Hospital, Smolensk, RUS, 214018, Russia",Russia
NCT00309244,"MHI Clinical Hospital for Emergency Care na NV Soloviev, Yaroslavl, RUS, 150003, Russia",Russia
NCT00309244,"MCHI Medical Sanitary Unit of Novo-Yaroslavsky Oil Refining Plant, Yaroslavl, RUS, 150023, Russia",Russia
NCT00309244,"NHI Yaroslavl Regional Clinical Hospital, Yaroslavl, RUS, 150062, Russia",Russia
NCT00309244,"NI Central Clinical Hospital of RAS, Moscow, 117 593, Russia",Russia
NCT00309244,"City Clinical Hospital # 61, Moscow, 119 048, Russia",Russia
NCT00309244,"Complejo Hospitalario Nuestra Senora de Valme, Seville, Andalusia, 41014, Spain",Spain
NCT00309244,"Hospital de Mataro, Mataró, Barcelona, 08304, Spain",Spain
NCT00309244,"Hospital del Mar (Cano), Barcelona, 08003, Spain",Spain
NCT00309244,"Centro Médico Teknon, Barcelona, 08022, Spain",Spain
NCT00309244,"Hospital Universitario de la Princessa, Madrid, 28006, Spain",Spain
NCT00309244,"Hospital Ramon y Cajal, Madrid, 28034, Spain",Spain
NCT00309244,"Corporacion Sanitaria Parc Tauli Unidad de Endocrinologia, Sabadell, 08208, Spain",Spain
NCT00309244,"Complejo Hospitalario Virgen del Rocio, Seville, 41013, Spain",Spain
NCT00309244,"Hospital Virgen Macarena (policlinico) 2ª planta Servicio de Endocrinologia y Nutricion, Seville, 41071, Spain",Spain
NCT00309244,"Birchwood Surgery, Letchworth Garden City, Herts, SG6 4UB, United Kingdom",United Kingdom
NCT00309244,"Lister Hospital, Stevenage, Herts, SG1 4AB, United Kingdom",United Kingdom
NCT00309244,"Guy's & St Thomas Hospital, London, SE1 9RT, United Kingdom",United Kingdom
NCT00309244,"Yaxley Group Practice, Peterborough, PE7 3JL, United Kingdom",United Kingdom
NCT00189774,"Chubu Region, Japan",Japan
NCT00189774,"Chugoku Region, Japan",Japan
NCT00189774,"Hokkaido Region, Japan",Japan
NCT00189774,"Kanto Region, Japan",Japan
NCT00189774,"Kinki Region, Japan",Japan
NCT00189774,"Kyushu Region, Japan",Japan
NCT00189774,"Tohoku Region, Japan",Japan
NCT00141232,"Pfizer Investigational Site, Irvine, Ayrshire, KA12 OAY, United Kingdom",United Kingdom
NCT00141232,"Pfizer Investigational Site, Farnworth, Bolton, BL4 9AH, United Kingdom",United Kingdom
NCT00141232,"Pfizer Investigational Site, Thornhill, Cardiff, CF14 9BB, United Kingdom",United Kingdom
NCT00141232,"Pfizer Investigational Site, Fowey, Cornwall, PL23 1DT, United Kingdom",United Kingdom
NCT00141232,"Pfizer Investigational Site, Launceston, Cornwall, PL15 9HH, United Kingdom",United Kingdom
NCT00141232,"Pfizer Investigational Site, Penzance, Cornwall, TR18 4JH, United Kingdom",United Kingdom
NCT00141232,"Pfizer Investigational Site, Penzance, Cornwall, TR19 7HX, United Kingdom",United Kingdom
NCT00141232,"Pfizer Investigational Site, Saltash, Cornwall, PL12 6DL, United Kingdom",United Kingdom
NCT00141232,"Pfizer Investigational Site, St Austell, Cornwall, PL26 7RL, United Kingdom",United Kingdom
NCT00141232,"Pfizer Investigational Site, Darlington, County Durham, DL16 6QA, United Kingdom",United Kingdom
NCT00141232,"Pfizer Investigational Site, Newton Aycliffe, County Durham, DL5 5NH, United Kingdom",United Kingdom
NCT00141232,"Pfizer Investigational Site, Three Bridges, Crawley, RH10 1LL, United Kingdom",United Kingdom
NCT00141232,"Pfizer Investigational Site, Plymouth, Devon, PL5 3JB, United Kingdom",United Kingdom
NCT00141232,"Pfizer Investigational Site, Plymouth, Devon, PL6 7TH, United Kingdom",United Kingdom
NCT00141232,"Pfizer Investigational Site, Bexhill-on-Sea, East Sussex, TN39 4SP, United Kingdom",United Kingdom
NCT00141232,"Pfizer Investigational Site, Bexhill-on-Sea, East Sussex, TN40 2SD, United Kingdom",United Kingdom
NCT00141232,"Pfizer Investigational Site, Bath, England, BA2 4JT, United Kingdom",United Kingdom
NCT00141232,"Pfizer Investigational Site, Dronfield, Sheffield, England, S18 1RU, United Kingdom",United Kingdom
NCT00141232,"Pfizer Investigational Site, Surrey, England, CR7 7JN, United Kingdom",United Kingdom
NCT00141232,"Pfizer Investigational Site, Halstead, Essex, CO9 1EX, United Kingdom",United Kingdom
NCT00141232,"Pfizer Investigational Site, Stonehouse, Gloucestershire, GL10 2NG, United Kingdom",United Kingdom
NCT00141232,"Pfizer Investigational Site, Southampton, Hampshire, SO31 7DQ, United Kingdom",United Kingdom
NCT00141232,"Pfizer Investigational Site, Hildenborough, Kent, TN11 9HL, United Kingdom",United Kingdom
NCT00141232,"Pfizer Investigational Site, Thorneton-Clevely, Lancashire, FY5 3LF, United Kingdom",United Kingdom
NCT00141232,"Pfizer Investigational Site, Balham, London, SW12 8EU, United Kingdom",United Kingdom
NCT00141232,"Pfizer Investigational Site, Fulham, London, SW6 2HQ, United Kingdom",United Kingdom
NCT00141232,"Pfizer Investigational Site, Tooting, London, SW17 9SJ, United Kingdom",United Kingdom
NCT00141232,"Pfizer Investigational Site, Hayes, Middlesex, UB4 0SF, United Kingdom",United Kingdom
NCT00141232,"Pfizer Investigational Site, Wellingborough, Northamptonshire, NN8 4RW, United Kingdom",United Kingdom
NCT00141232,"Pfizer Investigational Site, Cookstown, Northern Ireland, BT80 8BN, United Kingdom",United Kingdom
NCT00141232,"Pfizer Investigational Site, Frome, Somerset, BA11 1EZ, United Kingdom",United Kingdom
NCT00141232,"Pfizer Investigational Site, Fetcham, Surrey, KT22 9LE, United Kingdom",United Kingdom
NCT00141232,"Pfizer Investigational Site, Woking, Surrey, United Kingdom",United Kingdom
NCT00141232,"Pfizer Investigational Site, Crawley, West Sussex, RH10 7DX, United Kingdom",United Kingdom
NCT00141232,"Pfizer Investigational Site, Leeds, West Yorkshire, LS12 1JE, United Kingdom",United Kingdom
NCT00141232,"Pfizer Investigational Site, Bradford-on-Avon, Wiltshire, BA1 5DQ, United Kingdom",United Kingdom
NCT00141232,"Pfizer Investigational Site, Melksham, Wiltshire, SN12 6UN, United Kingdom",United Kingdom
NCT00141232,"Pfizer Investigational Site, Swindon, Wiltshire, SN25 4YZ, United Kingdom",United Kingdom
NCT00141232,"Pfizer Investigational Site, Trowbridge, Wiltshire, BA14 7EG, United Kingdom",United Kingdom
NCT00141232,"Pfizer Investigational Site, Warminster, Wiltshire, BA12 9AA, United Kingdom",United Kingdom
NCT00141232,"Pfizer Investigational Site, Sheffield, Yorkshire, S7 2DW, United Kingdom",United Kingdom
NCT00141232,"Pfizer Investigational Site, Bath, BA2 1NH, United Kingdom",United Kingdom
NCT00141232,"Pfizer Investigational Site, Bath, BA2 3HT, United Kingdom",United Kingdom
NCT00141232,"Pfizer Investigational Site, Belfast, BT4 1NT, United Kingdom",United Kingdom
NCT00141232,"Pfizer Investigational Site, Birmingham, B37 7TR, United Kingdom",United Kingdom
NCT00141232,"Pfizer Investigational Site, Bucks, HP22 5LB, United Kingdom",United Kingdom
NCT00141232,"Pfizer Investigational Site, Chesterfield, S40 4TF, United Kingdom",United Kingdom
NCT00141232,"Pfizer Investigational Site, Chippenham, Wiltshire, SN15 2SB, United Kingdom",United Kingdom
NCT00141232,"Pfizer Investigational Site, Cornwall, TR18 2RE, United Kingdom",United Kingdom
NCT00141232,"Pfizer Investigational Site, County Antrim, Northern Ireland, BT41 3AE, United Kingdom",United Kingdom
NCT00141232,"Pfizer Investigational Site, Darlington, DL3 6HZ, United Kingdom",United Kingdom
NCT00141232,"Pfizer Investigational Site, Dundee, DD2 5NH, United Kingdom",United Kingdom
NCT00141232,"Pfizer Investigational Site, Dundee, DD4 6QY, United Kingdom",United Kingdom
NCT00141232,"Pfizer Investigational Site, East Sussex, TN40 3RJ, United Kingdom",United Kingdom
NCT00141232,"Pfizer Investigational Site, Isle of Wight, PO32 6RR, United Kingdom",United Kingdom
NCT00141232,"Pfizer Investigational Site, Isle of Wight, PO33 2PT, United Kingdom",United Kingdom
NCT00141232,"Pfizer Investigational Site, London, N19 5EW, United Kingdom",United Kingdom
NCT00141232,"Pfizer Investigational Site, London, SW19 6DA, United Kingdom",United Kingdom
NCT00141232,"Pfizer Investigational Site, Westbury, BA13 3JD, United Kingdom",United Kingdom
NCT06716424,"Investigational Site Number : 3560009, Bengaluru, 560054, India",India
NCT06716424,"Investigational Site Number : 3560007, Delhi, 110088, India",India
NCT06716424,"Investigational Site Number : 3560005, Hyderabad, 500034, India",India
NCT06716424,"Investigational Site Number : 3560006, Indore, 452010, India",India
NCT06716424,"Investigational Site Number : 3560011, Jaipur, 302020, India",India
NCT06716424,"Investigational Site Number : 3560003, Kanpur, 208002, India",India
NCT06716424,"Investigational Site Number : 3560001, Kolkata, 700020, India",India
NCT06716424,"Investigational Site Number : 3560008, Pune, 411004, India",India
NCT06716424,"Investigational Site Number: 3560013, Pune, 411057, India",India
NCT06716424,"Investigational Site Number : 3560014, Visakhapatnam, 530040, India",India
NCT06769477,"Manavgat and Aksu Family Health Center, Antalya, 07000, Turkey (Türkiye)",Turkey (Türkiye)
NCT06769477,"Manavgat and Aksu Family Health Center, Antalya, Turkey (Türkiye)",Turkey (Türkiye)
NCT07743307,"Northwell Heath, Manhasset, New York, 11030, United States",United States
NCT00898950,"School of Pharmacy and Biomedical Sciences, University of Posrtmouth, Portsmouth, Hampshire, PO1 2DT, United Kingdom",United Kingdom
NCT00898950,"Diabetes Centre, Queen Alexandra Hospital, Portsmouth Hospitals NHS Trust, Portsmouth, Hampshire, PO6 3LY, United Kingdom",United Kingdom
NCT06981286,"Department of Health, Blekinge Institute of Technology, Karlskrona, 37179, Sweden",Sweden
NCT07242469,"Anaheim Clinical Trials ( Site 0006), Anaheim, California, 92801, United States",United States
NCT07242469,"ProSciento Inc. ( Site 0001), Chula Vista, California, 91911, United States",United States
NCT07242469,"Advanced Pharma CR, LLC ( Site 0003), Miami, Florida, 33147, United States",United States
NCT07242469,"QPS-MRA, LLC ( Site 0004), South Miami, Florida, 33143, United States",United States
NCT07242469,"Bio-Kinetic Clinical Applications, LLC dba QPS-MO ( Site 0005), Springfield, Missouri, 65802, United States",United States
NCT07065032,"The Affiliated Hospital of Qingdao University Phase I Clinical Research Center, Qingdao, Shandong, 266000, China",China
NCT07390292,"Bezmialem Vakif University, Istanbul, Turkey (Türkiye)",Turkey (Türkiye)
NCT03959306,"Ain Shams University Hospitals, Cairo, Egypt",Egypt
NCT07502495,"Central Research Associates, LLC dba Flourish Research, Birmingham, Alabama, 35205, United States",United States
NCT07502495,"Hope Clinical Research, Canoga Park, California, 91303, United States",United States
NCT07502495,"Ark Clinical Research, Fountain Valley, California, 92708, United States",United States
NCT07502495,"Ark Clinical Research, Long Beach, California, 90815, United States",United States
NCT07502495,"Catalina Research Institute, LLC, Montclair, California, 91763, United States",United States
NCT07502495,"Paradigm Clinical Research Centers, LLC, San Diego, California, 92108, United States",United States
NCT07502495,"Southwest General Healthcare Center, Fort Myers, Florida, 33907, United States",United States
NCT07502495,"Panax Clinical Research, Miami Lakes, Florida, 33014, United States",United States
NCT07502495,"Clinical Site Partners, LLC dba Flourish Research, Winter Park, Florida, 32789, United States",United States
NCT07502495,"David Kavtaradze MD, Inc, Cordele, Georgia, 31015, United States",United States
NCT07502495,"Excel Clinical Research, Las Vegas, Nevada, 89109, United States",United States
NCT07502495,"Diabetes and Endocrinology Associates of Stark County, Canton, Ohio, 44718, United States",United States
NCT07502495,"Elligo Health Research, Inc., Austin, Texas, 78704, United States",United States
NCT07502495,"Zenos Clinical Research, Dallas, Texas, 75230, United States",United States
NCT07502495,"Synergy Groups Medical, Houston, Texas, 77061, United States",United States
NCT07502495,"Epic Clinical Research, Lewisville, Texas, 75057, United States",United States
NCT07502495,"Synergy Group Medical LLC, Missouri City, Texas, 77459, United States",United States
NCT07502495,"Manassas Clinical Research Center, Manassas, Virginia, 20110, United States",United States
NCT07674628,"Brooke Army Medical Center, San Antonio, Texas, 78234, United States",United States
NCT06617767,"Yüce, Osmaniye, 80000, Turkey (Türkiye)",Turkey (Türkiye)
NCT07647406,"Faculty of Dentistry in Pančevo, University of Business Academy in Novi Sad, Pančevo, Vojvodina, Serbia",Serbia
NCT07160257,"ProSciento, Inc. - Main Clinic, Chula Vista, California, 91911-1350, United States",United States
NCT07116902,"UCSF Benioff Children's Hospital Oakland, Pediatric Diabetes Clinic, Oakland, California, 94609, United States",United States
NCT07116902,"UCSF Benioff Children's Hospital San Francisco, Madison Clinic for Pediatric Diabetes, San Francisco, California, 94158, United States",United States
NCT05525117,"GAIA, Hamburg, 22085, Germany",Germany
NCT06064721,"DHQ hospital, sheikhupura, Sheikhupura, Punjab Province, Pakistan",Pakistan
NCT06032988,"Laiko General Hospital, Athens, Attica, 11526, Greece",Greece
NCT06687811,"RSUPN Cipto Mangunkusumo, Central Jakarta, Jakarta Special Capital Region, 10430, Indonesia",Indonesia
NCT07531459,"The Third Affiliated Hospital of Soochow University（THE FIRST PEOPLE'S HOSPITAL OF CHANGZHOU）, Changzhou, Jiangsu, 213000, China",China
NCT04841837,"Peking University Third Hospital, Beijing, China",China
NCT07662213,"Research Site, Birmingham, Alabama, 35205, United States",United States
NCT07662213,"Research Site, Mesa, Arizona, 85213, United States",United States
NCT07662213,"Research Site, Phoenix, Arizona, 85016, United States",United States
NCT07662213,"Research Site, Tempe, Arizona, 85281, United States",United States
NCT07662213,"Research Site, Covina, California, 91723, United States",United States
NCT07662213,"Research Site, Encinitas, California, 92024, United States",United States
NCT07662213,"Research Site, Garden Grove, California, 92844, United States",United States
NCT07662213,"Research Site, Loma Linda, California, 92350, United States",United States
NCT07662213,"Research Site, Long Beach, California, 90807, United States",United States
NCT07662213,"Research Site, Pomona, California, 91768, United States",United States
NCT07662213,"Research Site, Sacramento, California, 95821, United States",United States
NCT07662213,"Research Site, Bridgeport, Connecticut, 06606, United States",United States
NCT07662213,"Research Site, Crystal River, Florida, 34429, United States",United States
NCT07662213,"Research Site, Hollywood, Florida, 33021, United States",United States
NCT07662213,"Research Site, Jacksonville, Florida, 32209, United States",United States
NCT07662213,"Research Site, Leesburg, Florida, 34748, United States",United States
NCT07662213,"Research Site, Orlando, Florida, 32806, United States",United States
NCT07662213,"Research Site, Lilburn, Georgia, 30047, United States",United States
NCT07662213,"Research Site, Idaho Falls, Idaho, 83404, United States",United States
NCT07662213,"Research Site, Melrose Park, Illinois, 60160, United States",United States
NCT07662213,"Research Site, Evansville, Indiana, 47710, United States",United States
NCT07662213,"Research Site, Ames, Iowa, 50010, United States",United States
NCT07662213,"Research Site, Wichita, Kansas, 67226, United States",United States
NCT07662213,"Research Site, Bowling Green, Kentucky, 42101, United States",United States
NCT07662213,"Research Site, Rockville, Maryland, 20852, United States",United States
NCT07662213,"Research Site, Southfield, Michigan, 48076, United States",United States
NCT07662213,"Research Site, Minneapolis, Minnesota, 55416, United States",United States
NCT07662213,"Research Site, Jefferson City, Missouri, 65109, United States",United States
NCT07662213,"Research Site, Kansas City, Missouri, 64114, United States",United States
NCT07662213,"Research Site, Omaha, Nebraska, 68114, United States",United States
NCT07662213,"Research Site, Henderson, Nevada, 89052, United States",United States
NCT07662213,"Research Site, Las Vegas, Nevada, 89128, United States",United States
NCT07662213,"Research Site, Albuquerque, New Mexico, 87112, United States",United States
NCT07662213,"Research Site, Durham, North Carolina, 27701, United States",United States
NCT07662213,"Research Site, Morehead City, North Carolina, 28557, United States",United States
NCT07662213,"Research Site, Raleigh, North Carolina, 27612, United States",United States
NCT07662213,"Research Site, Statesville, North Carolina, 28625, United States",United States
NCT07662213,"Research Site, Wilmington, North Carolina, 28403, United States",United States
NCT07662213,"Research Site, Columbus, Ohio, 43215, United States",United States
NCT07662213,"Research Site, Yukon, Oklahoma, 73099, United States",United States
NCT07662213,"Research Site, Feasterville-Trevose, Pennsylvania, 19053, United States",United States
NCT07662213,"Research Site, Philadelphia, Pennsylvania, 19114, United States",United States
NCT07662213,"Research Site, Myrtle Beach, South Carolina, 29572, United States",United States
NCT07662213,"Research Site, North Charleston, South Carolina, 29405, United States",United States
NCT07662213,"Research Site, Memphis, Tennessee, 38119, United States",United States
NCT07662213,"Research Site, Morristown, Tennessee, 37813, United States",United States
NCT07662213,"Research Site, Dallas, Texas, 75390, United States",United States
NCT07662213,"Research Site, Houston, Texas, 77004, United States",United States
NCT07662213,"Research Site, Houston, Texas, 77040, United States",United States
NCT07662213,"Research Site, Houston, Texas, 77079, United States",United States
NCT07662213,"Research Site, Katy, Texas, 77450, United States",United States
NCT07662213,"Research Site, San Antonio, Texas, 78229, United States",United States
NCT07662213,"Research Site, San Antonio, Texas, 78231, United States",United States
NCT07662213,"Research Site, Sugar Land, Texas, 77478, United States",United States
NCT07662213,"Research Site, Weslaco, Texas, 78596, United States",United States
NCT07662213,"Research Site, Bountiful, Utah, 84010, United States",United States
NCT07662213,"Research Site, Salt Lake City, Utah, 84124, United States",United States
NCT07662213,"Research Site, Leesburg, Virginia, 20176, United States",United States
NCT07662213,"Research Site, Norfolk, Virginia, 23502, United States",United States
NCT07662213,"Research Site, Renton, Washington, 98057, United States",United States
NCT07662213,"Research Site, Seattle, Washington, 98104, United States",United States
NCT07662213,"Research Site, Seattle, Washington, 98105, United States",United States
NCT07662213,"Research Site, Morgantown, West Virginia, 26505, United States",United States
NCT07662213,"Research Site, Buenos Aires, C1425AGC, Argentina",Argentina
NCT07662213,"Research Site, CABA, C1120AAC, Argentina",Argentina
NCT07662213,"Research Site, Caba, C1128AAF, Argentina",Argentina
NCT07662213,"Research Site, Ciudad de Buenos Aires, C1094AAD, Argentina",Argentina
NCT07662213,"Research Site, Rosario, S2000CVD, Argentina",Argentina
NCT07662213,"Research Site, San Nicolás, B2900DMH, Argentina",Argentina
NCT07662213,"Research Site, San Vicente, 5006, Argentina",Argentina
NCT07662213,"Research Site, Botany, 2019, Australia",Australia
NCT07662213,"Research Site, East Toowoomba, 4350, Australia",Australia
NCT07662213,"Research Site, Fitzroy, 3065, Australia",Australia
NCT07662213,"Research Site, Heidelberg Heights, 3081, Australia",Australia
NCT07662213,"Research Site, Kingswood, 2747, Australia",Australia
NCT07662213,"Research Site, Melbourne, 3004, Australia",Australia
NCT07662213,"Research Site, Parkville, 3050, Australia",Australia
NCT07662213,"Research Site, St Leonards, 2065, Australia",Australia
NCT07662213,"Research Site, Brasília, 71625-009, Brazil",Brazil
NCT07662213,"Research Site, Campinas, 13060-904, Brazil",Brazil
NCT07662213,"Research Site, Curitiba, 80030-480, Brazil",Brazil
NCT07662213,"Research Site, Natal, 59020-035, Brazil",Brazil
NCT07662213,"Research Site, Porto Alegre, 90630-165, Brazil",Brazil
NCT07662213,"Research Site, São José dos Campos, 12243-280, Brazil",Brazil
NCT07662213,"Research Site, São Paulo, 04012-180, Brazil",Brazil
NCT07662213,"Research Site, Plovdiv, 4001, Bulgaria",Bulgaria
NCT07662213,"Research Site, Sofia, 1407, Bulgaria",Bulgaria
NCT07662213,"Research Site, Sofia, 1618, Bulgaria",Bulgaria
NCT07662213,"Research Site, Sofia, 1700, Bulgaria",Bulgaria
NCT07662213,"Research Site, Yambol, 8600, Bulgaria",Bulgaria
NCT07662213,"Research Site, Vancouver, British Columbia, V5Y 3W2, Canada",Canada
NCT07662213,"Research Site, Guelph, Ontario, N1H 1B1, Canada",Canada
NCT07662213,"Research Site, Sarnia, Ontario, N7T 4X3, Canada",Canada
NCT07662213,"Research Site, Scarborough Village, Ontario, M1R 0B1, Canada",Canada
NCT07662213,"Research Site, Stouffville, Ontario, L4A1H2, Canada",Canada
NCT07662213,"Research Site, Toronto, Ontario, M4G3E8, Canada",Canada
NCT07662213,"Research Site, Toronto, Ontario, M6G 1M2, Canada",Canada
NCT07662213,"Research Site, Toronto, Ontario, M9V 4B4, Canada",Canada
NCT07662213,"Research Site, Montreal, Quebec, H4N 2W2, Canada",Canada
NCT07662213,"Research Site, Saint-Charles-Borromée, Quebec, J6E 2B4, Canada",Canada
NCT07662213,"Research Site, Changsha, 410013, China",China
NCT07662213,"Research Site, Changsha, 410015, China",China
NCT07662213,"Research Site, Hefei, 230000, China",China
NCT07662213,"Research Site, Hefei, 230601, China",China
NCT07662213,"Research Site, Huai'an, 223005, China",China
NCT07662213,"Research Site, Langfang, 065000, China",China
NCT07662213,"Research Site, Liangyugang, 222002, China",China
NCT07662213,"Research Site, Luoyang, 471009, China",China
NCT07662213,"Research Site, Nanjing, 2100008, China",China
NCT07662213,"Research Site, Nanyang, 473009, China",China
NCT07662213,"Research Site, Pinggu, 101200, China",China
NCT07662213,"Research Site, Pingxiang, 337055, China",China
NCT07662213,"Research Site, Shijiazhuang, 050000, China",China
NCT07662213,"Research Site, Tianjin, 300134, China",China
NCT07662213,"Research Site, Yueyang, 414000, China",China
NCT07662213,"Research Site, Bad Oeynhausen, 32545, Germany",Germany
NCT07662213,"Research Site, Berlin, 13597, Germany",Germany
NCT07662213,"Research Site, Chemnitz, 09116, Germany",Germany
NCT07662213,"Research Site, Damme, 49401, Germany",Germany
NCT07662213,"Research Site, Duisburg, 47051, Germany",Germany
NCT07662213,"Research Site, Elsterwerda, 04910, Germany",Germany
NCT07662213,"Research Site, Erlangen, 91054, Germany",Germany
NCT07662213,"Research Site, Essen, 45359, Germany",Germany
NCT07662213,"Research Site, Falkensee, 14612, Germany",Germany
NCT07662213,"Research Site, Gladbeck, 45968, Germany",Germany
NCT07662213,"Research Site, Hamburg, 21109, Germany",Germany
NCT07662213,"Research Site, Hamburg, 22607, Germany",Germany
NCT07662213,"Research Site, Leipzig, 04249, Germany",Germany
NCT07662213,"Research Site, Mannheim, 68167, Germany",Germany
NCT07662213,"Research Site, Münster, 48145, Germany",Germany
NCT07662213,"Research Site, Oldenburg, 23758, Germany",Germany
NCT07662213,"Research Site, Pirna, 01796, Germany",Germany
NCT07662213,"Research Site, Sankt Ingbert, 66386, Germany",Germany
NCT07662213,"Research Site, Wangen, 88239, Germany",Germany
NCT07662213,"Research Site, Budapest, 1036, Hungary",Hungary
NCT07662213,"Research Site, Budapest, 1089, Hungary",Hungary
NCT07662213,"Research Site, Budapest, 1132, Hungary",Hungary
NCT07662213,"Research Site, Debrecen, 4032, Hungary",Hungary
NCT07662213,"Research Site, Salgótarján, 3100, Hungary",Hungary
NCT07662213,"Research Site, Szeged, 6725, Hungary",Hungary
NCT07662213,"Research Site, Szolnok, 5000, Hungary",Hungary
NCT07662213,"Research Site, Zalaegerszeg, 8900, Hungary",Hungary
NCT07662213,"Research Site, Bari, 70124, Italy",Italy
NCT07662213,"Research Site, Bologna, 40138, Italy",Italy
NCT07662213,"Research Site, Chieti, 66100, Italy",Italy
NCT07662213,"Research Site, Milan, 20132, Italy",Italy
NCT07662213,"Research Site, Milan, 20138, Italy",Italy
NCT07662213,"Research Site, Modena, 41100, Italy",Italy
NCT07662213,"Research Site, Naples, 80138, Italy",Italy
NCT07662213,"Research Site, Roma, 00161, Italy",Italy
NCT07662213,"Research Site, Roma, 00168, Italy",Italy
NCT07662213,"Research Site, Asahikawa-shi, 070-8530, Japan",Japan
NCT07662213,"Research Site, Chūōku, 103-0002, Japan",Japan
NCT07662213,"Research Site, Kamakura-shi, 247-0056, Japan",Japan
NCT07662213,"Research Site, Koga-shi, 306-0232, Japan",Japan
NCT07662213,"Research Site, Mitaka-shi, 181-0013, Japan",Japan
NCT07662213,"Research Site, Mito, 310-0826, Japan",Japan
NCT07662213,"Research Site, Miyazaki, 880-0034, Japan",Japan
NCT07662213,"Research Site, Nagoya, 467-8602, Japan",Japan
NCT07662213,"Research Site, Nagoya, 468-0009, Japan",Japan
NCT07662213,"Research Site, Naka, 311-0113, Japan",Japan
NCT07662213,"Research Site, Naka, 311-0133, Japan",Japan
NCT07662213,"Research Site, Nishinomiya-shi, 663-8113, Japan",Japan
NCT07662213,"Research Site, Sapporo, 062-0007, Japan",Japan
NCT07662213,"Research Site, Takamatsu, 760-0018, Japan",Japan
NCT07662213,"Research Site, Bialystok, 15-897, Poland",Poland
NCT07662213,"Research Site, Krakow, 31-261, Poland",Poland
NCT07662213,"Research Site, Lodz, 90-338, Poland",Poland
NCT07662213,"Research Site, Lublin, 20-718, Poland",Poland
NCT07662213,"Research Site, Poznan, 60-354, Poland",Poland
NCT07662213,"Research Site, Radom, 26-600, Poland",Poland
NCT07662213,"Research Site, Warsaw, 00-124, Poland",Poland
NCT07662213,"Research Site, Warsaw, 02-507, Poland",Poland
NCT07662213,"Research Site, Daegu, 41404, South Korea",South Korea
NCT07662213,"Research Site, Daejeon, 35015, South Korea",South Korea
NCT07662213,"Research Site, Guri-si, 11923, South Korea",South Korea
NCT07662213,"Research Site, Incheon, 21565, South Korea",South Korea
NCT07662213,"Research Site, Seoul, 05278, South Korea",South Korea
NCT07662213,"Research Site, Seoul, 06351, South Korea",South Korea
NCT07662213,"Research Site, Changhua, 50006, Taiwan",Taiwan
NCT07662213,"Research Site, Kaohsiung City, 81362, Taiwan",Taiwan
NCT07662213,"Research Site, New Taipei City, 220, Taiwan",Taiwan
NCT07662213,"Research Site, Taichung, 40201, Taiwan",Taiwan
NCT07662213,"Research Site, Taichung, 40705, Taiwan",Taiwan
NCT07662213,"Research Site, Taichung, 433004, Taiwan",Taiwan
NCT07662213,"Research Site, Tainan, 704, Taiwan",Taiwan
NCT07662213,"Research Site, Taipei, 10002, Taiwan",Taiwan
NCT07662213,"Research Site, Taoyuan, 333, Taiwan",Taiwan
NCT07662213,"Research Site, Yung Kang City, 71044, Taiwan",Taiwan
NCT07662213,"Research Site, Aberdeen, AB25 2ZN, United Kingdom",United Kingdom
NCT07662213,"Research Site, Addlestone, KT15 2BH, United Kingdom",United Kingdom
NCT07662213,"Research Site, Banbury, OX16 9AD, United Kingdom",United Kingdom
NCT07662213,"Research Site, Bristol, BS34 5TF, United Kingdom",United Kingdom
NCT07662213,"Research Site, Bristol, BS34 6BQ, United Kingdom",United Kingdom
NCT07662213,"Research Site, Edinburgh, EH4 2XU, United Kingdom",United Kingdom
NCT07662213,"Research Site, Hounslow, TW3 3LN, United Kingdom",United Kingdom
NCT07662213,"Research Site, Penzance, TR18 3DX, United Kingdom",United Kingdom
NCT07662213,"Research Site, Poole, BH16 5PW, United Kingdom",United Kingdom
NCT07662213,"Research Site, Soham, CB7 5JD, United Kingdom",United Kingdom
NCT07662213,"Research Site, Wansford, PE8 6PL, United Kingdom",United Kingdom
NCT07662213,"Research Site, Yate, BS37 4AX, United Kingdom",United Kingdom
NCT01406717,"SPIL Site 22, Hyderabad, Andhra Pradesh, India",India
NCT01406717,"SPIL Site 25, Hyderabad, Andhra Pradesh, India",India
NCT01406717,"SPIL Site 26, Hyderabad, Andhra Pradesh, India",India
NCT01406717,"SPIL Site 23, Visakhapatnam, Andhra Pradesh, India",India
NCT01406717,"SPIL Site 1, Ahmedabad, Gujarat, India",India
NCT01406717,"SPIL Site 2, Ahmedabad, Gujarat, India",India
NCT01406717,"SPIL Site 3, Ahmedabad, Gujarat, India",India
NCT01406717,"SPIL Site 5, Rajkot, Gujarat, India",India
NCT01406717,"SPIL Site 6, Surat, Gujarat, India",India
NCT01406717,"SPIL Site 7, Surat, Gujarat, India",India
NCT01406717,"SPIL Site 8, Surat, Gujarat, India",India
NCT01406717,"SPIL Site 9, Surat, Gujarat, India",India
NCT01406717,"SPIL Site 10, Vadodara, Gujarat, India",India
NCT01406717,"SPIL Site 19, Bangalore, Karnataka, India",India
NCT01406717,"SPIL Site 30, Bangalore, Karnataka, India",India
NCT01406717,"SPIL Site 31, Bangalore, Karnataka, India",India
NCT01406717,"SPIL Site 33, Bangalore, Karnataka, India",India
NCT01406717,"SPIL Site 29, Manipal, Karnataka, India",India
NCT01406717,"SPIL Site 35, Indore, Madhya Pradesh, India",India
NCT01406717,"SPIL Site 21, Nagpur, Maharashtra, India",India
NCT01406717,"SPIL Site 24, Nagpur, Maharashtra, India",India
NCT01406717,"SPIL Site 32, Nashik, Maharashtra, India",India
NCT01406717,"SPIL Site 11, Pune, Maharashtra, India",India
NCT01406717,"SPIL Site 12, Pune, Maharashtra, India",India
NCT01406717,"SPIL Site 13, Bhubaneswar, Orrissa, India",India
NCT01406717,"SPIL Site 14, Jaipur, Rajasthan, India",India
NCT01406717,"SPIL Site 15, Jaipur, Rajasthan, India",India
NCT01406717,"SPIL Site 16, Chennai, Tamil Nadu, India",India
NCT01406717,"SPIL Site 17, Coimbatore, Tamil Nadu, India",India
NCT01406717,"SPIL Site 20, Coimbatore, Tamil Nadu, India",India
NCT01406717,"SPIL Site 18, Madurai, Tamil Nadu, 625020, India",India
NCT01406717,"SPIL Site 34, Vellore, Tamil Nadu, India",India
NCT01406717,"SPIL Site 27, Lucknow, Uttar Pradesh, India",India
NCT01406717,"SPIL Site 28, Lucknow, Uttar Pradesh, India",India
NCT00256867,"GSK Investigational Site, Tucson, Arizona, 85745, United States",United States
NCT00256867,"GSK Investigational Site, Fresno, California, 93720, United States",United States
NCT00256867,"GSK Investigational Site, Wheat Ridge, Colorado, 80033, United States",United States
NCT00256867,"GSK Investigational Site, Waterbury, Connecticut, 06708, United States",United States
NCT00256867,"GSK Investigational Site, Miami, Florida, 33156, United States",United States
NCT00256867,"GSK Investigational Site, Saint Cloud, Florida, 34769, United States",United States
NCT00256867,"GSK Investigational Site, Atlanta, Georgia, 30308, United States",United States
NCT00256867,"GSK Investigational Site, Chicago, Illinois, 60607, United States",United States
NCT00256867,"GSK Investigational Site, Melrose Park, Illinois, 60160, United States",United States
NCT00256867,"GSK Investigational Site, Springfield, Illinois, 62704, United States",United States
NCT00256867,"GSK Investigational Site, Avon, Indiana, 46123, United States",United States
NCT00256867,"GSK Investigational Site, Elkhart, Indiana, 46515, United States",United States
NCT00256867,"GSK Investigational Site, Sunset, Louisiana, 70584, United States",United States
NCT00256867,"GSK Investigational Site, Waltham, Massachusetts, 02453, United States",United States
NCT00256867,"GSK Investigational Site, City of Saint Peters, Missouri, 63376, United States",United States
NCT00256867,"GSK Investigational Site, Billings, Montana, 59102, United States",United States
NCT00256867,"GSK Investigational Site, Las Vegas, Nevada, 89103, United States",United States
NCT00256867,"GSK Investigational Site, Jamaica, New York, 11432, United States",United States
NCT00256867,"GSK Investigational Site, Rochester, New York, 14609, United States",United States
NCT00256867,"GSK Investigational Site, Columbus, Ohio, 43212, United States",United States
NCT00256867,"GSK Investigational Site, Bend, Oregon, 97701, United States",United States
NCT00256867,"GSK Investigational Site, Portland, Oregon, 97216, United States",United States
NCT00256867,"GSK Investigational Site, Portland, Oregon, 97219, United States",United States
NCT00256867,"GSK Investigational Site, Portland, Oregon, 97239, United States",United States
NCT00256867,"GSK Investigational Site, Tualatin, Oregon, 97062, United States",United States
NCT00256867,"GSK Investigational Site, Beaver, Pennsylvania, 15009, United States",United States
NCT00256867,"GSK Investigational Site, Fleetwood, Pennsylvania, 19522, United States",United States
NCT00256867,"GSK Investigational Site, Jefferson Hills, Pennsylvania, 15025, United States",United States
NCT00256867,"GSK Investigational Site, Philadelphia, Pennsylvania, 19152, United States",United States
NCT00256867,"GSK Investigational Site, Clinton, South Carolina, 29325, United States",United States
NCT00256867,"GSK Investigational Site, Columbia, South Carolina, 29201, United States",United States
NCT00256867,"GSK Investigational Site, Kingsport, Tennessee, 37660, United States",United States
NCT00256867,"GSK Investigational Site, Bryan, Texas, 77802, United States",United States
NCT00256867,"GSK Investigational Site, Dallas, Texas, 75230, United States",United States
NCT00256867,"GSK Investigational Site, Georgetown, Texas, 78626, United States",United States
NCT00256867,"GSK Investigational Site, Midland, Texas, 79705, United States",United States
NCT00256867,"GSK Investigational Site, Plano, Texas, 75093, United States",United States
NCT00256867,"GSK Investigational Site, Salt Lake City, Utah, 84143, United States",United States
NCT00256867,"GSK Investigational Site, Burke, Virginia, 22015, United States",United States
NCT00256867,"GSK Investigational Site, Manassas, Virginia, 20110, United States",United States
NCT00256867,"GSK Investigational Site, Bellevue, Washington, 98004, United States",United States
NCT00256867,"GSK Investigational Site, Spokane, Washington, 99208, United States",United States
NCT00256867,"GSK Investigational Site, Vancouver, Washington, 98664, United States",United States
NCT00256867,"GSK Investigational Site, Wollongong, New South Wales, 2500, Australia",Australia
NCT00256867,"GSK Investigational Site, Kippa-Ring, Queensland, 4021, Australia",Australia
NCT00256867,"GSK Investigational Site, Adelaide, South Australia, 5000, Australia",Australia
NCT00256867,"GSK Investigational Site, Keswick, South Australia, 5035, Australia",Australia
NCT00256867,"GSK Investigational Site, Port Lincoln, South Australia, 5606, Australia",Australia
NCT00256867,"GSK Investigational Site, Box Hill, Victoria, 3128, Australia",Australia
NCT00256867,"GSK Investigational Site, Heidelberg West, Victoria, 3081, Australia",Australia
NCT00256867,"GSK Investigational Site, Ringwood East, Victoria, 3135, Australia",Australia
NCT00256867,"GSK Investigational Site, Edmonton, Alberta, T5J 3N4, Canada",Canada
NCT00256867,"GSK Investigational Site, Edmonton, Alberta, T5N 3Y6, Canada",Canada
NCT00256867,"GSK Investigational Site, Coquitlam, British Columbia, V3K 3V9, Canada",Canada
NCT00256867,"GSK Investigational Site, Moncton, New Brunswick, E1G1A7, Canada",Canada
NCT00256867,"GSK Investigational Site, Mount Pearl, Newfoundland and Labrador, A1N 1W7, Canada",Canada
NCT00256867,"GSK Investigational Site, Halifax, Nova Scotia, B3K 5R3, Canada",Canada
NCT00256867,"GSK Investigational Site, Truro, Nova Scotia, B2N 1L2, Canada",Canada
NCT00256867,"GSK Investigational Site, Brampton, Ontario, L6T 3T1, Canada",Canada
NCT00256867,"GSK Investigational Site, Greater Sudbury, Ontario, P3A 1Y8, Canada",Canada
NCT00256867,"GSK Investigational Site, Hamilton, Ontario, L8M 1K7, Canada",Canada
NCT00256867,"GSK Investigational Site, North Bay, Ontario, P1B 2H3, Canada",Canada
NCT00256867,"GSK Investigational Site, Toronto, Ontario, M3H 5S4, Canada",Canada
NCT00256867,"GSK Investigational Site, Toronto, Ontario, M8V 3X8, Canada",Canada
NCT00256867,"GSK Investigational Site, Toronto, Ontario, M9W 4L6, Canada",Canada
NCT00256867,"GSK Investigational Site, Woodstock, Ontario, N4S 4G3, Canada",Canada
NCT00256867,"GSK Investigational Site, Bonaventure, Quebec, G0C 1E0, Canada",Canada
NCT00256867,"GSK Investigational Site, Gatineau, Quebec, J8Y 6S8, Canada",Canada
NCT00256867,"GSK Investigational Site, Granby, Quebec, J2G 8Z9, Canada",Canada
NCT00256867,"GSK Investigational Site, Montreal, Quebec, H2K 4L5, Canada",Canada
NCT00256867,"GSK Investigational Site, Plessisville, Quebec, G6L 3J1, Canada",Canada
NCT00256867,"GSK Investigational Site, Pointe-Claire, Quebec, H9R 4S3, Canada",Canada
NCT00256867,"GSK Investigational Site, Saint-Marc-des-Carrieres, Quebec, G0A 4B0, Canada",Canada
NCT00256867,"GSK Investigational Site, Sainte-Foy, Quebec, G1V 1V6, Canada",Canada
NCT00256867,"GSK Investigational Site, Sainte-Foy, Quebec, G1V 4G2, Canada",Canada
NCT00256867,"GSK Investigational Site, Sherbrooke, Quebec, J1H 4J6, Canada",Canada
NCT00256867,"GSK Investigational Site, Saskatoon, Saskatchewan, S7K 7H9, Canada",Canada
NCT00256867,"GSK Investigational Site, Guadalajara, Jalisco, 44340, Mexico",Mexico
NCT00256867,"GSK Investigational Site, Cuernavaca, Morelos, 62420, Mexico",Mexico
NCT00256867,"GSK Investigational Site, Monterrey, Nuevo León, 64570, Mexico",Mexico
NCT00256867,"GSK Investigational Site, México, 14080, Mexico",Mexico
NCT00256867,"GSK Investigational Site, Manila, 1008, Philippines",Philippines
NCT00256867,"GSK Investigational Site, Quezon City, 1100, Philippines",Philippines
NCT00256867,"GSK Investigational Site, Quezon City, 1113, Philippines",Philippines
NCT00256867,"GSK Investigational Site, Carolina, 00983, Puerto Rico",Puerto Rico
NCT02689362,"Centro de Estudos em Diabetes e Hipertensão, Fortaleza, Ceará, Brazil",Brazil
NCT02689362,"Hospital Universitário João de Barros Barreto - HUJBB, Belém, Pará, Brazil",Brazil
NCT02689362,"CCBR Brasil Centro de Pesquisas e Analises Clinicas Ltda, Rio de Janeiro, Brazil",Brazil
NCT02689362,"Centro de Pesquisa Clínica em Diabetes - UNIFESP, São Paulo, Brazil",Brazil
NCT02689362,"CEPIC - Centro Paulista de Investigação Clínica, São Paulo, Brazil",Brazil
NCT02689362,"Clinica de Endocrinologia e Metabologia LTDA, São Paulo, Brazil",Brazil
NCT02689362,"CPCLIN - Centro de Pesquisas Clinicas LTDA, São Paulo, Brazil",Brazil
NCT02689362,"HCFMUSP, São Paulo, Brazil",Brazil
NCT02689362,"IMA - Instituto de Pesquisa Clínica e Medicina Avançada Ltda, São Paulo, Brazil",Brazil
NCT02689362,"IPEC - Instituto de Pesquisa Clínica Ltda, São Paulo, Brazil",Brazil
NCT06445335,"Ziekenhuis Oost-Limburg, Genk, Limburg, 3600, Belgium",Belgium
NCT07357740,"Arkansas Clinical Research, Little Rock, Arkansas, 72205, United States",United States
NCT07357740,"Paradigm Clinical Research, San Diego, California, 92108, United States",United States
NCT07357740,"Encompass Clinical Research_Spring Valley, Spring Valley, California, 91978, United States",United States
NCT07357740,"Diablo Clinical Research, Inc., Walnut Creek, California, 94598, United States",United States
NCT07357740,"Future Medical Research, Longwood, Florida, 32750, United States",United States
NCT07357740,"New Horizon Research Center, Miami, Florida, 33165, United States",United States
NCT07357740,"Clinical Site Partners Kendall Flourish Research, Miami, Florida, 33186, United States",United States
NCT07357740,"West Orange Endocrinology, Ocoee, Florida, 34761, United States",United States
NCT07357740,"Center for Diab,Obes & Metab, Pembroke Pines, Florida, 33024, United States",United States
NCT07357740,"American Research Centers of Florida, Pembroke Pines, Florida, 33027, United States",United States
NCT07357740,"Hope Clin Res & Wellness, Conyers, Georgia, 30094, United States",United States
NCT07357740,"Elevate Clinical Research, Gurnee, Illinois, 60031, United States",United States
NCT07357740,"Accellacare of Duly Oak Lawn, Oak Lawn, Illinois, 60453, United States",United States
NCT07357740,"KDCILM, LLC & Accellacare US, Inc., Wilmington, North Carolina, 28401, United States",United States
NCT07357740,"Advanced Medical Research - Maumee, Maumee, Ohio, 43537, United States",United States
NCT07357740,"Clinical Res Collaborative, Cumberland, Rhode Island, 02864, United States",United States
NCT07357740,"Clinical Research Associates, Nashville, Tennessee, 37203, United States",United States
NCT07357740,"The Endocrine Center, Houston, Texas, 77079, United States",United States
NCT07357740,"Radiance Clinical Research, Lampasas, Texas, 76550, United States",United States
NCT07357740,"Quality Research Inc, San Antonio, Texas, 78209, United States",United States
NCT07357740,"Medrasa Clinical Research, Sherman, Texas, 75092, United States",United States
NCT07357740,"Sanos Clinic - Vejle, Vejle, Region Syddanmark, 7100, Denmark",Denmark
NCT07357740,"Sanos Clinic - Gandrup, Gandrup, 9362, Denmark",Denmark
NCT07357740,"Sanos Clinic - Herlev, Herlev, 2730, Denmark",Denmark
NCT07357740,"Regionshospitalet Viborg - Karkirurgisk Afsnit, Viborg, 8800, Denmark",Denmark
NCT07357740,"Athens Medical Center S.A. (Iatriko Psychicou) - Department of Internal Medicine & Metabolic Diseases, Athens, 11525, Greece",Greece
NCT07357740,"General Hospital Of Thessaloniki Papageorgiou - 3rd Department of Internal Medicine, Efkarpia, 564 29, Greece",Greece
NCT07357740,"General University Hospital Of Patras - Endocrinology Department, Pátrai, 265 04, Greece",Greece
NCT07357740,"Ippokratio General Hospital Of Thessaloniki - 2nd Propaedeutic Department of Internal Medicine, Thessaloniki, 546 42, Greece",Greece
NCT07357740,"Geniko Nosokomeio Thessalonikis George Papanikolaou - Internal Medicine and Diabetes Department, Thessaloniki, 570 10, Greece",Greece
NCT07357740,"Thermi Clinic S.A. - Diabetes and Internal Medicine Department, Thessaloniki, 57001, Greece",Greece
NCT07357740,"Hospital Tengku Ampuan Afzan, Kuantan, Pahang, 25100, Malaysia",Malaysia
NCT07357740,"Hospital Miri, Miri, Sarawak, 98000, Malaysia",Malaysia
NCT07357740,"Hospital Kuala Lumpur, Kuala Lumpur, 50586, Malaysia",Malaysia
NCT07357740,"Hospital Melaka, Malacca, 75400, Malaysia",Malaysia
NCT07357740,"Hospital Seberang Jaya, Pulau Pinang, 13700, Malaysia",Malaysia
NCT07357740,"CHC Zvezdara, Clinical department for endocrinology, Belgrade, 11000, Serbia",Serbia
NCT07357740,"Endocrinology, Diabetes and Metabolism Diseases Clinic, Belgrade, 11000, Serbia",Serbia
NCT07357740,"Clinical Centre Kragujevac, Internal Diseases Clinic, Endocrinology department, Kragujevac, 34000, Serbia",Serbia
NCT07357740,"University Clinical Centre Nis, Niš, 18 000, Serbia",Serbia
NCT07357740,"Diakom, spol. s r.o., Poprad, 05801, Slovakia",Slovakia
NCT07357740,"MED-DIA CENTRUM s.r.o., Považská Bystrica, 01701, Slovakia",Slovakia
NCT07357740,"DIALIPID, s.r.o., Prešov, 080 01, Slovakia",Slovakia
NCT07357740,"iDia s. r. o., Žiar nad Hronom, 965 01, Slovakia",Slovakia
NCT07357740,"MEDIVASA, s.r.o., Diabetologicka ambulancia, Žilina, 010 01, Slovakia",Slovakia
NCT07357740,"Centro Periferico De Especialidades Bola Azul, Almería, 04009, Spain",Spain
NCT07357740,"EBA Vallcarca SLP, Barcelona, 08023, Spain",Spain
NCT07357740,"CAPSBE_CAP Ernest LLuch, Barcelona, 08028, Spain",Spain
NCT07357740,"Hospital Vall d'Hebron, Barcelona, 08035, Spain",Spain
NCT07357740,"Centro de Salud Cabra Matrona Antonia Mesa, Cabra, 14940, Spain",Spain
NCT07357740,"CAP Alhambra, L'Hospitalet de Llobregat, 08920, Spain",Spain
NCT07357740,"Althaia Xarxa Assistencial Universitaria De Manresa Fundacio Privada, Manresa, 08243, Spain",Spain
NCT07357740,"Centro de Salud Monzón Urbano, Monzón, 22400, Spain",Spain
NCT07357740,"Centro de Salud Pola de Siero, Pola de Siero, 33510, Spain",Spain
NCT07357740,"Centro de Salud San Juan de la Cruz, Pozuelo de Alarcón, 28223, Spain",Spain
NCT07357740,"Clínica Nuevas Tecnologías en Diabetes y Endocrinología, Seville, 41003, Spain",Spain
NCT07357740,"Phramongkutklao Hospital, Bangkok, 10400, Thailand",Thailand
NCT07357740,"Siriraj Hospital, Bangkok, 10700, Thailand",Thailand
NCT07357740,"RIHES-CMU_Research Institute for Health Sciences, Chiang Mai, 50200, Thailand",Thailand
NCT07357740,"Thammasat Hospital_CRC, Pathum Thani, 12120, Thailand",Thailand
NCT07357740,"Songklanagarind Hospital, Songkhla, 90110, Thailand",Thailand
NCT05158244,"Qps-Mra, Llc, South Miami, Florida, 33143, United States",United States
NCT05491252,"District Head Quarter (DHQ) Hospital, Faisalabad, Punjab Province, 38000, Pakistan",Pakistan
NCT05491252,"Allied Hospital, Faisalābad, Punjab Province, 38000, Pakistan",Pakistan
NCT05491252,"Government General Hospital, Faisalābad, Punjab Province, 38000, Pakistan",Pakistan
NCT05491252,"Punjab Social Security Hospital, Faisalābad, Punjab Province, 38000, Pakistan",Pakistan
NCT04622722,"Division of Nutrition & Biochemical Medicine, Department of Medicine, Bangkok, 10400, Thailand",Thailand
NCT06169982,"Profil Institut für Stoffwechselforschung, Neuss, North Rhine-Westphalia, 41460, Germany",Germany
NCT05860413,"University of Kansas Medical Center, Kansas City, Kansas, 66160, United States",United States
NCT04887077,"CHU de Clermont-Ferrand, Clermont-Ferrand, 63000, France",France
NCT06647888,"Happy Yonsei Family Medicine Clinic, Seoul, 12254, South Korea",South Korea
NCT04348565,"Clinics of private general practitioners, Hong Kong, Hong Kong SAR, Hong Kong, Hong Kong",Hong Kong
NCT05416580,"Public Health Institution Dom zdravlja Banja Luka, Banja Luka, Republika Srpska, 78000, Bosnia and Herzegovina",Bosnia and Herzegovina
NCT07472855,"Beijing Luhe Hospital, Capital Medical University, Beijing, China",China
NCT02879409,"Hamad Medical Corporation, Doha, Qatar, 3050, Qatar",Qatar
NCT05585502,"Sezione di Scienze Motorie, Verona, Italy, 37131, Italy",Italy
NCT04124484,"First Hospital of Peking Unversity, Beijing, Beijing Municipality, China",China
NCT06104358,"AdventHealth Translational Research Institute, Orlando, Florida, 32804, United States",United States
NCT04088851,"German Diabetes Center, Düsseldorf, North Rhine-Westphalia, 40225, Germany",Germany
NCT05399134,"National University of Singapore, Singapore, Singapore, 118177, Singapore",Singapore
NCT04882293,"Laboratorio Silanes, S.A. de C.V., Mexico City, 11000, Mexico",Mexico
NCT06982846,"Medizinische Universität Graz, Graz, 8010, Austria",Austria
NCT07121114,"Novo Nordisk Investigational Site, Bangalore, Karnataka, 560045, India",India
NCT05138432,"Rady Children's Hospital San Diego, San Diego, California, 92123, United States",United States
NCT07598266,"Cho Ray Hospital, Ho Chi Minh City, 700000, Vietnam",Vietnam
NCT02685345,"Yodogawaku, Osaka, 565-0853, Japan",Japan
NCT03181737,"Department of Psychology, Philipps University Marburg, Marburg, Hesse, 35032, Germany",Germany
NCT06362265,"Children's Hospital Los Angeles, Los Angeles, California, 90027, United States",United States
NCT06362265,"Children's Healthcare of Atlanta - Center for Advanced Pediatrics, Atlanta, Georgia, 30329, United States",United States
NCT06362265,"Centricity Research Columbus Endocrinology, Columbus, Georgia, 31904, United States",United States
NCT06362265,"Johns Hopkins Hospital, Baltimore, Maryland, 21287, United States",United States
NCT06362265,"Joslin Diabetes Center, Boston, Massachusetts, 02215, United States",United States
NCT06362265,"UBMD Pediatrics, Buffalo, New York, 14203, United States",United States
NCT06362265,"NYU Langone, New York, New York, 10016, United States",United States
NCT06362265,"Cincinnati Children's Hospital Medical Center, Cincinnati, Ohio, 45229-3039, United States",United States
NCT06362265,"Children's Hospital of Philadelphia, Philadelphia, Pennsylvania, 19104, United States",United States
NCT06362265,"Lifedoc Research - Lenox Park Drive, Memphis, Tennessee, 38115, United States",United States
NCT06256523,"Gan & Lee Pharmaceuticals Co., Ltd, Beijing, China",China
NCT06850129,"Hospital Vithas Sevilla, Seville, Castilleja de LA Cuesta, 41950, Spain",Spain
NCT06850129,"Fundacion Vithas, Valencia, Spain",Spain
NCT06513468,"Primary Health Care Corporation, Doha, 26555, Qatar",Qatar
NCT06229847,"Istanbul Medeniyet University Goztepe Research and TRaining Hospital, Istanbul, Turkey (Türkiye)",Turkey (Türkiye)
NCT06805786,"LMC Diabetes & Endocrinology Ltd., Toronto, Ontario, M4G 3E8, Canada",Canada
NCT07005986,"CHU de Nice, Nice, France, 06000, France",France
NCT07374328,"The Second Affiliated Hospital, Guangzhou Medical University, Guangzhou, Guangdong, 510260, China",China
NCT07322757,"Wellbeing services county of North Savo, Nursing and Physician Services, Kuopio, Northern Savonia, Finland",Finland
NCT02647320,"Birmingham, Alabama, 35216, United States",United States
NCT02647320,"Litchfield Park, Arizona, 85340, United States",United States
NCT02647320,"Tempe, Arizona, 85282, United States",United States
NCT02647320,"Anaheim, California, 92801, United States",United States
NCT02647320,"Chino, California, 91710, United States",United States
NCT02647320,"Chula Vista, California, 91911, United States",United States
NCT02647320,"Fresno, California, 93720, United States",United States
NCT02647320,"Gold River, California, 95670, United States",United States
NCT02647320,"Greenbrae, California, 94904, United States",United States
NCT02647320,"San Diego, California, 92103, United States",United States
NCT02647320,"Colorado Springs, Colorado, 80920, United States",United States
NCT02647320,"Lakewood, Colorado, 80227, United States",United States
NCT02647320,"Hallandale, Florida, 33009, United States",United States
NCT02647320,"Miami, Florida, 33126, United States",United States
NCT02647320,"Miami, Florida, 33135, United States",United States
NCT02647320,"Pembroke Pines, Florida, 33026, United States",United States
NCT02647320,"West Palm Beach, Florida, 33409, United States",United States
NCT02647320,"Atlanta, Georgia, 30331, United States",United States
NCT02647320,"Boise, Idaho, 83704, United States",United States
NCT02647320,"Avon, Indiana, 46123, United States",United States
NCT02647320,"Evansville, Indiana, 47725, United States",United States
NCT02647320,"Franklin, Indiana, 46131, United States",United States
NCT02647320,"Greenfield, Indiana, 46140, United States",United States
NCT02647320,"Council Bluffs, Iowa, 51503, United States",United States
NCT02647320,"Troy, Michigan, 48098, United States",United States
NCT02647320,"Edina, Minnesota, 55435, United States",United States
NCT02647320,"Washington, Missouri, 63090, United States",United States
NCT02647320,"Omaha, Nebraska, 68114, United States",United States
NCT02647320,"Mooresville, North Carolina, 28117, United States",United States
NCT02647320,"Morgantown, North Carolina, 28655, United States",United States
NCT02647320,"Winston-Salem, North Carolina, 27103, United States",United States
NCT02647320,"Columbus, Ohio, 43213, United States",United States
NCT02647320,"Medford, Oregon, 97504, United States",United States
NCT02647320,"Charleston, South Carolina, 29407, United States",United States
NCT02647320,"Charleston, South Carolina, 29425, United States",United States
NCT02647320,"Greer, South Carolina, 29651, United States",United States
NCT02647320,"Mt. Pleasant, South Carolina, 29464, United States",United States
NCT02647320,"Spartanburg, South Carolina, 29303, United States",United States
NCT02647320,"Austin, Texas, 78705, United States",United States
NCT02647320,"Dallas, Texas, 75231, United States",United States
NCT02647320,"Houston, Texas, 77036, United States",United States
NCT02647320,"Plano, Texas, 75024, United States",United States
NCT02647320,"San Antonio, Texas, 78228, United States",United States
NCT02647320,"San Antonio, Texas, 78229, United States",United States
NCT02647320,"Salt Lake City, Utah, 84102, United States",United States
NCT02647320,"Salt Lake City, Utah, 84121, United States",United States
NCT02647320,"South Jordan, Utah, 84095, United States",United States
NCT02647320,"Burke, Virginia, 22015, United States",United States
NCT02647320,"Victoria, British Columbia, V8V 4A1, Canada",Canada
NCT02647320,"Brampton, Ontario, L6T 0G1, Canada",Canada
NCT02647320,"London, Ontario, N5W 6A2, Canada",Canada
NCT02647320,"Newmarket, Ontario, L3Y 5GB, Canada",Canada
NCT02647320,"Toronto, Ontario, M9V 4B4, Canada",Canada
NCT02647320,"Toronto, Ontario, M9W 4L6, Canada",Canada
NCT02647320,"Mirabel, Quebec, J7J 2K8, Canada",Canada
NCT02647320,"Montreal, Quebec, H4N 2W2, Canada",Canada
NCT02647320,"Québec, Quebec, G1W 4R4, Canada",Canada
NCT02647320,"Sherbrooke, Quebec, J1H 1Z1, Canada",Canada
NCT06010992,"Faculty of medicine, Tanta University, Tanta, El-Gharbia, 31527, Egypt",Egypt
NCT06010992,"Faculty of Medicine, Menoufia University, Shibīn al Kawm, Menoufia, 32511, Egypt",Egypt
NCT05596747,"Tianjin Medical University General Hospital, Tianjin, Tianjin Municipality, 300052, China",China
NCT06902077,"University of Alabama at Birmingham/ Children's of Alabama, Birmingham, Alabama, 35233, United States",United States
NCT05885828,"Westlake University, Hangzhou, Zhejiang, 310030, China",China
NCT05885828,"Hangzhou Third People's Hospital, Hangzhou, Zhejiang, 310058, China",China
NCT06728501,"International Center of Surgery and Endocrinology, Ashgabat, Turkmenistan, Ashgabat, Turkmenistan",Turkmenistan
NCT06517602,"Dispensaris of Edchedería, Bir Lehlu, Mahbes, and Farsia (Smara camp), Tindouf, Algeria",Algeria
NCT01346046,"Albuquerque Convention Center, Albuquerque, New Mexico, 87102, United States",United States
NCT05150041,"Kangbuk Samsung hospital, Seoul, South Korea",South Korea
NCT05878587,"Tehsil headquarter hospital, Barnala, Azad Kashmir, Pakistan",Pakistan
NCT05842993,"Qingdao Traditional Chinese Medicine Hospital, Qingdao, Shandong, 266000, China",China
NCT07057518,"Istanbul Medeniyet University, Istanbul, Turkey (Türkiye)",Turkey (Türkiye)
NCT06494683,"The First Affiliated Hospital of Nanchang University, Nanchang, Jiangxi, 330004, China",China
NCT06494683,"The Affiliated Hospital of Jiangxi University of Traditional Chinese Medicine, Nanchang, Jiangxi, 330006, China",China
NCT01197963,"The University of Texas, Bellaire, Texas, 77494, United States",United States
NCT00335712,"Kanto Region, Kanto, Japan",Japan
NCT00335712,"Kyusyu Region, Kyusyu, Japan",Japan
NCT07379333,"The Catholic University of Korea Bucheon St. Mary's Hospital, Gyeonggi-do, South Korea",South Korea
NCT05477134,"Texas Children's Hospital / Baylor College of Medicine, Houston, Texas, 77030, United States",United States
NCT06155539,"Peng Wu, Jinan, Shandong, 250014, China",China
NCT05700513,"Imam Reza hospital and clinic of Salamat, Tabriz, AzarbayejaneShargi, 5166614766, Iran",Iran
NCT01408095,"For additional information regarding investigative sites for this trial, contact 1-877-CTLILLY (1-877-285-4559, 1-317-615-4559) Mon - Fri from 9 AM to 5 PM Eastern Time (UTC/GMT - 5 hours, EST), or speak with your personal physician., Anaheim, California, 92801, United States",United States
NCT01408095,"For additional information regarding investigative sites for this trial, contact 1-877-CTLILLY (1-877-285-4559, 1-317-615-4559) Mon - Fri from 9 AM to 5 PM Eastern Time (UTC/GMT - 5 hours, EST), or speak with your personal physician., Lancaster, California, 93534, United States",United States
NCT01408095,"For additional information regarding investigative sites for this trial, contact 1-877-CTLILLY (1-877-285-4559, 1-317-615-4559) Mon - Fri from 9 AM to 5 PM Eastern Time (UTC/GMT - 5 hours, EST), or speak with your personal physician., Spring Valley, California, 91978, United States",United States
NCT01408095,"For additional information regarding investigative sites for this trial, contact 1-877-CTLILLY (1-877-285-4559, 1-317-615-4559) Mon - Fri from 9 AM to 5 PM Eastern Time (UTC/GMT - 5 hours, EST), or speak with your personal physician., Hollywood, Florida, 33021, United States",United States
NCT01408095,"For additional information regarding investigative sites for this trial, contact 1-877-CTLILLY (1-877-285-4559, 1-317-615-4559) Mon - Fri from 9 AM to 5 PM Eastern Time (UTC/GMT - 5 hours, EST), or speak with your personal physician., Jacksonville, Florida, 32216, United States",United States
NCT01408095,"For additional information regarding investigative sites for this trial, contact 1-877-CTLILLY (1-877-285-4559, 1-317-615-4559) Mon - Fri from 9 AM to 5 PM Eastern Time (UTC/GMT - 5 hours, EST), or speak with your personal physician., West Palm Beach, Florida, 33401, United States",United States
NCT01408095,"For additional information regarding investigative sites for this trial, contact 1-877-CTLILLY (1-877-285-4559, 1-317-615-4559) Mon - Fri from 9 AM to 5 PM Eastern Time (UTC/GMT - 5 hours, EST), or speak with your personal physician., Des Moines, Iowa, 50314, United States",United States
NCT01408095,"For additional information regarding investigative sites for this trial, contact 1-877-CTLILLY (1-877-285-4559, 1-317-615-4559) Mon - Fri from 9 AM to 5 PM Eastern Time (UTC/GMT - 5 hours, EST), or speak with your personal physician., Topeka, Kansas, 66606, United States",United States
NCT01408095,"For additional information regarding investigative sites for this trial, contact 1-877-CTLILLY (1-877-285-4559, 1-317-615-4559) Mon - Fri from 9 AM to 5 PM Eastern Time (UTC/GMT - 5 hours, EST), or speak with your personal physician., Metairie, Louisiana, 70006, United States",United States
NCT01408095,"For additional information regarding investigative sites for this trial, contact 1-877-CTLILLY (1-877-285-4559, 1-317-615-4559) Mon - Fri from 9 AM to 5 PM Eastern Time (UTC/GMT - 5 hours, EST), or speak with your personal physician., Shreveport, Louisiana, 71101, United States",United States
NCT01408095,"For additional information regarding investigative sites for this trial, contact 1-877-CTLILLY (1-877-285-4559, 1-317-615-4559) Mon - Fri from 9 AM to 5 PM Eastern Time (UTC/GMT - 5 hours, EST), or speak with your personal physician., Royal Oak, Michigan, 48073, United States",United States
NCT01408095,"For additional information regarding investigative sites for this trial, contact 1-877-CTLILLY (1-877-285-4559, 1-317-615-4559) Mon - Fri from 9 AM to 5 PM Eastern Time (UTC/GMT - 5 hours, EST), or speak with your personal physician., St Louis, Missouri, 63141, United States",United States
NCT01408095,"For additional information regarding investigative sites for this trial, contact 1-877-CTLILLY (1-877-285-4559, 1-317-615-4559) Mon - Fri from 9 AM to 5 PM Eastern Time (UTC/GMT - 5 hours, EST), or speak with your personal physician., Beachwood, Ohio, 44122, United States",United States
NCT01408095,"For additional information regarding investigative sites for this trial, contact 1-877-CTLILLY (1-877-285-4559, 1-317-615-4559) Mon - Fri from 9 AM to 5 PM Eastern Time (UTC/GMT - 5 hours, EST), or speak with your personal physician., Perrysburg, Ohio, 43551, United States",United States
NCT01408095,"For additional information regarding investigative sites for this trial, contact 1-877-CTLILLY (1-877-285-4559, 1-317-615-4559) Mon - Fri from 9 AM to 5 PM Eastern Time (UTC/GMT - 5 hours, EST), or speak with your personal physician., Dallas, Texas, 75230, United States",United States
NCT01408095,"For additional information regarding investigative sites for this trial, contact 1-877-CTLILLY (1-877-285-4559, 1-317-615-4559) Mon - Fri from 9 AM to 5 PM Eastern Time (UTC/GMT - 5 hours, EST), or speak with your personal physician., Hurst, Texas, 76054, United States",United States
NCT01408095,"For additional information regarding investigative sites for this trial, contact 1-877-CTLILLY (1-877-285-4559, 1-317-615-4559) Mon - Fri from 9 AM to 5 PM Eastern Time (UTC/GMT - 5 hours, EST), or speak with your personal physician., Plano, Texas, 75093, United States",United States
NCT01408095,"For additional information regarding investigative sites for this trial, contact 1-877-CTLILLY (1-877-285-4559, 1-317-615-4559) Mon - Fri from 9 AM to 5 PM Eastern Time (UTC/GMT - 5 hours, EST), or speak with your personal physician., San Antonio, Texas, 78228, United States",United States
NCT01408095,"For additional information regarding investigative sites for this trial, contact 1-877-CTLILLY (1-877-285-4559, 1-317-615-4559) Mon - Fri from 9 AM to 5 PM Eastern Time (UTC/GMT - 5 hours, EST), or speak with your personal physician., Graz, 8036, Austria",Austria
NCT01408095,"For additional information regarding investigative sites for this trial, contact 1-877-CTLILLY (1-877-285-4559, 1-317-615-4559) Mon - Fri from 9 AM to 5 PM Eastern Time (UTC/GMT - 5 hours, EST), or speak with your personal physician., Vienna, 1090, Austria",Austria
NCT01408095,"For additional information regarding investigative sites for this trial, contact 1-877-CTLILLY (1-877-285-4559, 1-317-615-4559) Mon - Fri from 9 AM to 5 PM Eastern Time (UTC/GMT - 5 hours, EST), or speak with your personal physician., Vorarlberg, 6800, Austria",Austria
NCT01408095,"For additional information regarding investigative sites for this trial, contact 1-877-CTLILLY (1-877-285-4559, 1-317-615-4559) Mon - Fri from 9 AM to 5 PM Eastern Time (UTC/GMT - 5 hours, EST), or speak with your personal physician., Prague, 140 59, Czechia",Czechia
NCT01408095,"For additional information regarding investigative sites for this trial, contact 1-877-CTLILLY (1-877-285-4559, 1-317-615-4559) Mon - Fri from 9 AM to 5 PM Eastern Time (UTC/GMT - 5 hours, EST), or speak with your personal physician., Bad Mergentheim, 97980, Germany",Germany
NCT01408095,"For additional information regarding investigative sites for this trial, contact 1-877-CTLILLY (1-877-285-4559, 1-317-615-4559) Mon - Fri from 9 AM to 5 PM Eastern Time (UTC/GMT - 5 hours, EST), or speak with your personal physician., Bad Oeynhausen, 32545, Germany",Germany
NCT01408095,"For additional information regarding investigative sites for this trial, contact 1-877-CTLILLY (1-877-285-4559, 1-317-615-4559) Mon - Fri from 9 AM to 5 PM Eastern Time (UTC/GMT - 5 hours, EST), or speak with your personal physician., Berlin, 10787, Germany",Germany
NCT01408095,"For additional information regarding investigative sites for this trial, contact 1-877-CTLILLY (1-877-285-4559, 1-317-615-4559) Mon - Fri from 9 AM to 5 PM Eastern Time (UTC/GMT - 5 hours, EST), or speak with your personal physician., Giengen an der Brenz, 89537, Germany",Germany
NCT01408095,"For additional information regarding investigative sites for this trial, contact 1-877-CTLILLY (1-877-285-4559, 1-317-615-4559) Mon - Fri from 9 AM to 5 PM Eastern Time (UTC/GMT - 5 hours, EST), or speak with your personal physician., Mainz, 55116, Germany",Germany
NCT01408095,"For additional information regarding investigative sites for this trial, contact 1-877-CTLILLY (1-877-285-4559, 1-317-615-4559) Mon - Fri from 9 AM to 5 PM Eastern Time (UTC/GMT - 5 hours, EST), or speak with your personal physician., Münster, 48145, Germany",Germany
NCT01408095,"For additional information regarding investigative sites for this trial, contact 1-877-CTLILLY (1-877-285-4559, 1-317-615-4559) Mon - Fri from 9 AM to 5 PM Eastern Time (UTC/GMT - 5 hours, EST), or speak with your personal physician., Gdynia, 81-557, Poland",Poland
NCT01408095,"For additional information regarding investigative sites for this trial, contact 1-877-CTLILLY (1-877-285-4559, 1-317-615-4559) Mon - Fri from 9 AM to 5 PM Eastern Time (UTC/GMT - 5 hours, EST), or speak with your personal physician., Lodz, 90-242, Poland",Poland
NCT01408095,"For additional information regarding investigative sites for this trial, contact 1-877-CTLILLY (1-877-285-4559, 1-317-615-4559) Mon - Fri from 9 AM to 5 PM Eastern Time (UTC/GMT - 5 hours, EST), or speak with your personal physician., Chelyabinsk, 454047, Russia",Russia
NCT01408095,"For additional information regarding investigative sites for this trial, contact 1-877-CTLILLY (1-877-285-4559, 1-317-615-4559) Mon - Fri from 9 AM to 5 PM Eastern Time (UTC/GMT - 5 hours, EST), or speak with your personal physician., Moscow, 129110, Russia",Russia
NCT01408095,"For additional information regarding investigative sites for this trial, contact 1-877-CTLILLY (1-877-285-4559, 1-317-615-4559) Mon - Fri from 9 AM to 5 PM Eastern Time (UTC/GMT - 5 hours, EST), or speak with your personal physician., Saint Petersburg, 190000, Russia",Russia
NCT01408095,"For additional information regarding investigative sites for this trial, contact 1-877-CTLILLY (1-877-285-4559, 1-317-615-4559) Mon - Fri from 9 AM to 5 PM Eastern Time (UTC/GMT - 5 hours, EST), or speak with your personal physician., Alicante, 03114, Spain",Spain
NCT01408095,"For additional information regarding investigative sites for this trial, contact 1-877-CTLILLY (1-877-285-4559, 1-317-615-4559) Mon - Fri from 9 AM to 5 PM Eastern Time (UTC/GMT - 5 hours, EST), or speak with your personal physician., Alzira, 46600, Spain",Spain
NCT01408095,"For additional information regarding investigative sites for this trial, contact 1-877-CTLILLY (1-877-285-4559, 1-317-615-4559) Mon - Fri from 9 AM to 5 PM Eastern Time (UTC/GMT - 5 hours, EST), or speak with your personal physician., Barcelona, 08022, Spain",Spain
NCT01408095,"For additional information regarding investigative sites for this trial, contact 1-877-CTLILLY (1-877-285-4559, 1-317-615-4559) Mon - Fri from 9 AM to 5 PM Eastern Time (UTC/GMT - 5 hours, EST), or speak with your personal physician., Petrel, 03610, Spain",Spain
NCT01408095,"For additional information regarding investigative sites for this trial, contact 1-877-CTLILLY (1-877-285-4559, 1-317-615-4559) Mon - Fri from 9 AM to 5 PM Eastern Time (UTC/GMT - 5 hours, EST), or speak with your personal physician., Seville, 41014, Spain",Spain
NCT00871572,"For additional information regarding investigative sites for this trial, contact 1-877-CTLILLY (1-877-285-4559, 1-317-615-4559) Mon - Fri from 9 AM to 5 PM Eastern Time (UTC/GMT - 5 hours, EST), or speak with your personal physician., Buena Park, California, 90620, United States",United States
NCT00871572,"For additional information regarding investigative sites for this trial, contact 1-877-CTLILLY (1-877-285-4559, 1-317-615-4559) Mon - Fri from 9 AM to 5 PM Eastern Time (UTC/GMT - 5 hours, EST), or speak with your personal physician., Huntington Park, California, 90255, United States",United States
NCT00871572,"For additional information regarding investigative sites for this trial, contact 1-877-CTLILLY (1-877-285-4559, 1-317-615-4559) Mon - Fri from 9 AM to 5 PM Eastern Time (UTC/GMT - 5 hours, EST), or speak with your personal physician., Westlake Village, California, 91361, United States",United States
NCT00871572,"For additional information regarding investigative sites for this trial, contact 1-877-CTLILLY (1-877-285-4559, 1-317-615-4559) Mon - Fri from 9 AM to 5 PM Eastern Time (UTC/GMT - 5 hours, EST), or speak with your personal physician., Fort Lauderdale, Florida, 33306, United States",United States
NCT00871572,"For additional information regarding investigative sites for this trial, contact 1-877-CTLILLY (1-877-285-4559, 1-317-615-4559) Mon - Fri from 9 AM to 5 PM Eastern Time (UTC/GMT - 5 hours, EST), or speak with your personal physician., Jupiter, Florida, 33458, United States",United States
NCT00871572,"For additional information regarding investigative sites for this trial, contact 1-877-CTLILLY (1-877-285-4559, 1-317-615-4559) Mon - Fri from 9 AM to 5 PM Eastern Time (UTC/GMT - 5 hours, EST), or speak with your personal physician., New Port Richey, Florida, 34652, United States",United States
NCT00871572,"For additional information regarding investigative sites for this trial, contact 1-877-CTLILLY (1-877-285-4559, 1-317-615-4559) Mon - Fri from 9 AM to 5 PM Eastern Time (UTC/GMT - 5 hours, EST), or speak with your personal physician., Idaho Falls, Idaho, 83404, United States",United States
NCT00871572,"For additional information regarding investigative sites for this trial, contact 1-877-CTLILLY (1-877-285-4559, 1-317-615-4559) Mon - Fri from 9 AM to 5 PM Eastern Time (UTC/GMT - 5 hours, EST), or speak with your personal physician., Topeka, Kansas, 66606, United States",United States
NCT00871572,"For additional information regarding investigative sites for this trial, contact 1-877-CTLILLY (1-877-285-4559, 1-317-615-4559) Mon - Fri from 9 AM to 5 PM Eastern Time (UTC/GMT - 5 hours, EST), or speak with your personal physician., Madisonville, Kentucky, 42431, United States",United States
NCT00871572,"For additional information regarding investigative sites for this trial, contact 1-877-CTLILLY (1-877-285-4559, 1-317-615-4559) Mon - Fri from 9 AM to 5 PM Eastern Time (UTC/GMT - 5 hours, EST), or speak with your personal physician., Las Vegas, Nevada, 89101, United States",United States
NCT00871572,"For additional information regarding investigative sites for this trial, contact 1-877-CTLILLY (1-877-285-4559, 1-317-615-4559) Mon - Fri from 9 AM to 5 PM Eastern Time (UTC/GMT - 5 hours, EST), or speak with your personal physician., Rapid City, South Dakota, 57702, United States",United States
NCT00871572,"For additional information regarding investigative sites for this trial, contact 1-877-CTLILLY (1-877-285-4559, 1-317-615-4559) Mon - Fri from 9 AM to 5 PM Eastern Time (UTC/GMT - 5 hours, EST), or speak with your personal physician., San Antonio, Texas, 78229, United States",United States
NCT00871572,"For additional information regarding investigative sites for this trial, contact 1-877-CTLILLY (1-877-285-4559, 1-317-615-4559) Mon - Fri from 9 AM to 5 PM Eastern Time (UTC/GMT - 5 hours, EST), or speak with your personal physician., Norfolk, Virginia, 23502, United States",United States
NCT00871572,"For additional information regarding investigative sites for this trial, contact 1-877-CTLILLY (1-877-285-4559, 1-317-615-4559) Mon - Fri from 9 AM to 5 PM Eastern Time (UTC/GMT - 5 hours, EST), or speak with your personal physician., Aschaffenburg, 63739, Germany",Germany
NCT00871572,"For additional information regarding investigative sites for this trial, contact 1-877-CTLILLY (1-877-285-4559, 1-317-615-4559) Mon - Fri from 9 AM to 5 PM Eastern Time (UTC/GMT - 5 hours, EST), or speak with your personal physician., Mainz, 55116, Germany",Germany
NCT00871572,"For additional information regarding investigative sites for this trial, contact 1-877-CTLILLY (1-877-285-4559, 1-317-615-4559) Mon - Fri from 9 AM to 5 PM Eastern Time (UTC/GMT - 5 hours, EST), or speak with your personal physician., München, 80336, Germany",Germany
NCT00871572,"For additional information regarding investigative sites for this trial, contact 1-877-CTLILLY (1-877-285-4559, 1-317-615-4559) Mon - Fri from 9 AM to 5 PM Eastern Time (UTC/GMT - 5 hours, EST), or speak with your personal physician., Saarlouis, 66740, Germany",Germany
NCT00871572,"For additional information regarding investigative sites for this trial, contact 1-877-CTLILLY (1-877-285-4559, 1-317-615-4559) Mon - Fri from 9 AM to 5 PM Eastern Time (UTC/GMT - 5 hours, EST), or speak with your personal physician., Kaunas, LT-51270, Lithuania",Lithuania
NCT00871572,"For additional information regarding investigative sites for this trial, contact 1-877-CTLILLY (1-877-285-4559, 1-317-615-4559) Mon - Fri from 9 AM to 5 PM Eastern Time (UTC/GMT - 5 hours, EST), or speak with your personal physician., Vilnius, LT-08661, Lithuania",Lithuania
NCT05762653,"Hospital Clinico Universitario de Santiago, Santiago de Compostela, A Coruña, 15706, Spain",Spain
NCT05383859,"University of Oviedo, Oviedo, Principality of Asturias, 33006, Spain",Spain
NCT05451147,"A and U Tibbia College, Delhi, 110005, India",India
NCT04847219,"Nanjing First Hospital, Nanjing, Jiangsu, 210012, China",China
NCT04259489,"Beijing Chao-Yang Hospital, Capital Medical University, Beijing, Beijing Municipality, China",China
NCT02661906,"Dasman Diabetes Institute, Kuwait City, 1180, Kuwait",Kuwait
NCT01472185,"Thunderbird Internal Medicine/Clinical Research Advantage, Glendale, Arizona, 85306, United States",United States
NCT01472185,"Central Phoenix Medical Clinic, Phoenix, Arizona, 85020, United States",United States
NCT01472185,"Desert Sun Clinical Research, LLC, Tucson, Arizona, 85710, United States",United States
NCT01472185,"Eclipse Clinical Research, Tucson, Arizona, 85745, United States",United States
NCT01472185,"North Central Arkansas Medical Associates, Mountain Home, Arkansas, 72653, United States",United States
NCT01472185,"Paul W. Davis, MD, Private Practice, Pine Bluff, Arkansas, 71603, United States",United States
NCT01472185,"Southland Clinical Research Center, Inc., Fountain Valley, California, 92708, United States",United States
NCT01472185,"Global Research Management, Glendale, California, 91205, United States",United States
NCT01472185,"National Research Institute, Los Angeles, California, 90057, United States",United States
NCT01472185,"Spectrum Clinical Research Institute, Inc, Moreno Valley, California, 92553, United States",United States
NCT01472185,"Sacramento Heart and Vascular Medical Associates, Sacramento, California, 95825, United States",United States
NCT01472185,"Clearview Medical Research LLC, Santa Clarita, California, 91350, United States",United States
NCT01472185,"Infosphere Clinical Research, West Hills, California, 91307, United States",United States
NCT01472185,"Boca Raton Clinical Research Associates, Inc, Boca Raton, Florida, 33432, United States",United States
NCT01472185,"PAB Clinical Research, Brandon, Florida, 33511, United States",United States
NCT01472185,"Florida Research Network, LLC, Gainesville, Florida, 32605-4253, United States",United States
NCT01472185,"A G A Clinical Trials, Hialeah, Florida, 33012, United States",United States
NCT01472185,"Jacksonville Center for Clinical Research, Jacksonville, Florida, 32216, United States",United States
NCT01472185,"Baptist Diabetes Associates, Miami, Florida, 33156, United States",United States
NCT01472185,"NextPhase Clinical Trials, Inc., Miami Beach, Florida, 33140, United States",United States
NCT01472185,"Precision Research Organization, Miami Lakes, Florida, 33016, United States",United States
NCT01472185,"Suncoast Clinical Research, New Port Richey, Florida, 34652, United States",United States
NCT01472185,"Florida Institute for Clinical Research LLC, Orlando, Florida, 32822, United States",United States
NCT01472185,"Regenerate Clinical Trials, South Miami, Florida, 33143, United States",United States
NCT01472185,"Synergy Therapeutic Partners, Atlanta, Georgia, 30127, United States",United States
NCT01472185,"CTL Research, Eagle, Idaho, 83616, United States",United States
NCT01472185,"Cedar-Crosse Research Center, Chicago, Illinois, 60607, United States",United States
NCT01472185,"LaPorte County Institute for Clinical Research, Michigan City, Indiana, 46360, United States",United States
NCT01472185,"Clinical Trials Management, LLC, Metairie, Louisiana, 70006, United States",United States
NCT01472185,"MD Medical Research, Oxon Hill, Maryland, 20745, United States",United States
NCT01472185,"IRC Clinics, Inc, Towson, Maryland, 21204, United States",United States
NCT01472185,"Associated Internal Medicine Specialists, P.C., Battle Creek, Michigan, 49015, United States",United States
NCT01472185,"Albuquerque Clinical Trials, Albuquerque, New Mexico, 87102, United States",United States
NCT01472185,"University of New Mexico Clinical and Translational Science Center, Albuquerque, New Mexico, 87131, United States",United States
NCT01472185,"Clinical Research Solution, New York, New York, 10016, United States",United States
NCT01472185,"PMG Research of Charlotte, Charlotte, North Carolina, 28202, United States",United States
NCT01472185,"PharmQuest, Greensboro, North Carolina, 27408, United States",United States
NCT01472185,"PMG Research of Salisbury, Salisbury, North Carolina, 28144, United States",United States
NCT01472185,"Clinical Inquest Center, Ltd., Beavercreek, Ohio, 45431, United States",United States
NCT01472185,"Infinity Research Group, LLC, Oklahoma City, Oklahoma, 73103, United States",United States
NCT01472185,"Blair Medical Associates, Inc, Station Medical Center, Altoona, Pennsylvania, 16602, United States",United States
NCT01472185,"Southeastern Research Associates, Inc., Taylors, South Carolina, 29687, United States",United States
NCT01472185,"HCCA Clinical Research Solutions, Columbia, Tennessee, 38401, United States",United States
NCT01472185,"HCCA Clinical Research Solution, Jackson, Tennessee, 38305, United States",United States
NCT01472185,"New Phase Research & Development, Knoxville, Tennessee, 37923, United States",United States
NCT01472185,"HCCA Clinical Research Solutions, Smyrrna, Tennessee, 37167, United States",United States
NCT01472185,"The University of Texas Southwestern Medical Center at Dallas, Dallas, Texas, 75390, United States",United States
NCT01472185,"Excel Clinical Research, LLC, Houston, Texas, 77081, United States",United States
NCT01472185,"Texas Center for Drug Development, PA, Houston, Texas, 77081, United States",United States
NCT01472185,"Humble Cardiology Associates, Humble, Texas, 77338, United States",United States
NCT01472185,"Juno Research, LLC, Katy, Texas, 77450, United States",United States
NCT01472185,"Cetero Research, San Antonio, Texas, 78237, United States",United States
NCT01472185,"Discovery Clinical Trials, San Antonio, Texas, 78258, United States",United States
NCT01472185,"Highland Clinical Research, Salt Lake City, Utah, 84124, United States",United States
NCT01472185,"Jean Brown Research, Salt Lake City, Utah, 84124, United States",United States
NCT01472185,"Burke Internal Medicine & Research, Burke, Virginia, 22015, United States",United States
NCT01472185,"Manassas Clinical Research Center, Manassas, Virginia, 20110, United States",United States
NCT01472185,"Nemocnice s poliklinikou Havirov, Havířov, Moravian-Silesian Region, 736 01, Czechia",Czechia
NCT01472185,"Drug Research Center, Balatonfüred, 8230, Hungary",Hungary
NCT01472185,"Synexus Hungary Ltd, Budapest, 1036, Hungary",Hungary
NCT01472185,"Markhot Ferenc Hospital, Eger, 3300, Hungary",Hungary
NCT01472185,"Kanizsai Dorottya Hospital, Nagykanizsa, 8800, Hungary",Hungary
NCT01472185,"Borbanya Praxis Kft., Outpatient Clinic, Nyíregyháza, 4400, Hungary",Hungary
NCT01472185,"Medifarma 98, Nyíregyháza, 4400, Hungary",Hungary
NCT01472185,"Zala County Hospital, Zalaegerszeg, 08900, Hungary",Hungary
NCT01472185,"LANDA - Specjalistyczne Gabinety Lekarskie, Krakow, Lesser Poland Voivodeship, 30-015, Poland",Poland
NCT01472185,"NZOZ Centrum Badan Klinicznych Oswiecim, Oswięcim, Lesser Poland Voivodeship, 32-600, Poland",Poland
NCT01472185,"NZOZ Regionalna Poradnia Diabetologiczna, Wroclaw, Lower Silesian Voivodeship, 50-127, Poland",Poland
NCT01472185,"NZOZ Centrum Badan Klinicznych, Wroclaw, Lower Silesian Voivodeship, 50-349, Poland",Poland
NCT01472185,"NZOZ Centrum Osteporozy i Chorob Kostno-Stawowych J.Badurski Sp.j., Bialystok, 15-461, Poland",Poland
NCT01472185,"Leszek Romanowski Barbara Romanowska ""DIABET"" Centrum Medyczne s.c., Chrzanów, 32-500, Poland",Poland
NCT01472185,"NZOZ Specjalistyczna Przychodnia Medyczna Atopia, Krakow, 31-159, Poland",Poland
NCT01472185,"NZOZ Cereo-Med Sp. z o.o., Lodz, 92-003, Poland",Poland
NCT01472185,"Specjalistyzny Ośrodek Lecznicz-Badawczy, Ostróda, 14-100, Poland",Poland
NCT01472185,"Miedzyleski Szpital Specjalistyczny w Warszawie, Warsaw, 04-749, Poland",Poland
NCT01472185,"SPZOZ Uniwersytecki Szpital Kliniczny Nr 1 im. Norberta Barlickiego Uniwersytetu Medycznego w Łodzi, Oddział Kliniczny Diabetologii, Lodz, Łódź Voivodeship, 90-153, Poland",Poland
NCT01472185,"NZOZ Centrum Medyczne Szpital Sw. Rodziny, Lodz, Łódź Voivodeship, 90-302, Poland",Poland
NCT01472185,"NZOZ Polimedica, Zgierz, Łódź Voivodeship, 95-100, Poland",Poland
NCT01472185,"NZOZ PrimaMED, Kielce, Świętokrzyskie Voivodeship, 25-364, Poland",Poland
NCT01472185,"CMI Morosanu V. Magdalena, Galati, Galați County, 800371, Romania",Romania
NCT01472185,"Spitalul Clinic Judetean de Urgenta ""Sf. Apostol Andrei"" Galati, Galati, Galați County, 800578, Romania",Romania
NCT01472185,"Spital Clinic Judetean de Urgenta Oradea Stationarul 1, Oradea, Jud Bihor, 410169, Romania",Romania
NCT01472185,"Vitadiab SRL - Cabinet Medical Dr. Barabas Alina SRL, Brasov, Jud Brasov, 500269, Romania",Romania
NCT01472185,"Consultmed SRL, Iași, Jud. Iasi, 700547, Romania",Romania
NCT01472185,"CMI Diabet Nutritie Boli Metabolice Dr. Pop Lavinia, Baia Mare, Jud. Maramures, 430123, Romania",Romania
NCT01472185,"Diabmed Dr. Popescu Alexandrina SRL, Ploieşti, Prahova, 100163, Romania",Romania
NCT01472185,"Institutul de Diabet, Nutritie si Boli Metabolice ""Dr. N. C. Paulescu"", Bucharest, 020042, Romania",Romania
NCT01472185,"Tehnomed Trading Srl, Bucharest, 020354, Romania",Romania
NCT01472185,"O.D. Medica Srl, Bucharest, 020725, Romania",Romania
NCT01472185,"Centru Medical Dr. Negrisanu, Timisoara, Jud. Timis, 300456, Romania",Romania
NCT01472185,"3rd Central Military Clinical Hospital named after A.A.Vishnevskogo, Arkhangel'skoye, 143420, Russia",Russia
NCT01472185,"GOU VPO ""Chita State Medical Academy"" of Minzdravsocrazvitie RF, Chita, 672090, Russia",Russia
NCT01472185,"""Clinic of New Medical Technology"" Company Limited, Dzerzhinskiy, 140091, Russia",Russia
NCT01472185,"Kemerovo Regional Clinical Hospital, Kemerovo, 650066, Russia",Russia
NCT01472185,"""Krasnoyarsk State Medical University n.a. Prof. V.F. Voyno-Yasenetsky, Krasnoyarsk, 660062, Russia",Russia
NCT01472185,"State Healthcare Institution of Moscow ""Cardiologival Dispensary #2 of Management Department of South Administrative District"", Moscow, 117556, Russia",Russia
NCT01472185,"Central Clinical Hospital of Russian Academy of Sciences, Moscow, 117593, Russia",Russia
NCT01472185,"Medical Sanitary Unit of Minestry of Internal Affairs of Russia in Moscow, Moscow, 127299, Russia",Russia
NCT01472185,"Moscow City Clinical Hospital #63, Moscow, 129090, Russia",Russia
NCT01472185,"City Clinical Hospital # 13 of Avtozavodsky District of Nizhniy Novgorod, Nizhny Novgorod, 603018, Russia",Russia
NCT01472185,"Novosibirsk State Medical University, Novosibirsk, 630087, Russia",Russia
NCT01472185,"LLC ""Reafan"", Novosibirsk, 630099, Russia",Russia
NCT01472185,"Scientific Research Institute of Physiology of Siberian Department RAMS, Novosibirsk, 630117, Russia",Russia
NCT01472185,"City Hospital # 38 named after N A Semashko, Pushkin, 196601, Russia",Russia
NCT01472185,"Rostov State Medical University, Rostov-on-Don, 344022, Russia",Russia
NCT01472185,"Ryazan State Medical University, Ryazan, 390005, Russia",Russia
NCT01472185,"Saint-Petersburg City Outpatient Clinic#37, Saint Petersburg, +011 78123152068, Russia",Russia
NCT01472185,"Medinet, LLC, Saint Petersburg, 190000, Russia",Russia
NCT01472185,"North-Western State Medical Unversity n.a. I.I.Mechnikov, Saint Petersburg, 191015, Russia",Russia
NCT01472185,"Military Medical Academy named after S.M. Kirov, Saint Petersburg, 191124, Russia",Russia
NCT01472185,"Saint-Petersburg state budgetary healthcare institution ""City Polyclinic #109"", Saint Petersburg, 192283, Russia",Russia
NCT01472185,"Alexanders City Hospital, Saint Petersburg, 193312, Russia",Russia
NCT01472185,"Clinical Hospital #122 n.a. Sokolov of FMBA, Saint Petersburg, 194291, Russia",Russia
NCT01472185,"ANO ""Medical Centre ""XXI century"", Saint Petersburg, 194354, Russia",Russia
NCT01472185,"St. Elizabeth City Hospital, Saint Petersburg, 195257, Russia",Russia
NCT01472185,"Krestovsky Island Medical Institute, LLC, Saint Petersburg, 197042, Russia",Russia
NCT01472185,"Federal Centre of Heart, Blood and Endocrinology named after V.A. Almazov, Saint Petersburg, 197341, Russia",Russia
NCT01472185,"Military Medical Academy named after S.M. Kirov, Saint Petersburg, 198013, Russia",Russia
NCT01472185,"International Medical Center ""SOGAZ"", LLC, Saint Petersburg, 198168, Russia",Russia
NCT01472185,"Saint-Petersburg City Pokrovskaya Hospital, Saint Petersburg, 199106, Russia",Russia
NCT01472185,"Center ""Diabetes"", LLC, Samara, 443067, Russia",Russia
NCT01472185,"Smolensk State Medical Academy, Sanatorium-Preventorium, Smolensk, 214019, Russia",Russia
NCT01472185,"Tyumen State Medical Academy, Tyumen, 625023, Russia",Russia
NCT01472185,"Voronezh Regional Clinical Hospital #1, Voronezh, 394082, Russia",Russia
NCT01472185,"City Hospital named after N.A.Semashko, Yaroslavl, 150002, Russia",Russia
NCT01472185,"Clinical Hospital for Emergency Care named after N.V. Solovyov, Yaroslavl, 150003, Russia",Russia
NCT01472185,"Medical Sanitary Unit of Novo-Yaroslavsky Oil Refinery, Yaroslavl, 150023, Russia",Russia
NCT01472185,"Yaroslavl Regional Clinical Hospital, Yaroslavl, 150062, Russia",Russia
NCT01472185,"The Urals State Medical Academy, Yekaterinburg, 620102, Russia",Russia
NCT01472185,"Clinical Center of Serbia, Belgrade, 11000, Serbia",Serbia
NCT01472185,"Clinical Center of Kragujevac, Kragujevac, 34000, Serbia",Serbia
NCT01472185,"METABOLKLINIK s.r.o., Bratislava, Bratislava Region, 811 01, Slovakia",Slovakia
NCT01472185,"Metabolic Center of Dr. Katarina Raslova Ltd., Bratislava, Bratislava Region, 831 01, Slovakia",Slovakia
NCT01472185,"""Diabetologicka a metabolicka ambulancia Human-care s.r.o"", Košice, Košice Region, 04001, Slovakia",Slovakia
NCT01472185,"ARETEUS s.r.o., Diabetologicka ambulancia, Trebišov, Košice Region, 07501, Slovakia",Slovakia
NCT01472185,"MediVet s.r.o., Malacky, 901 01, Slovakia",Slovakia
NCT01472185,"ENDIAMED s.r.o, Dolný Kubín, Žilina Region, 02601, Slovakia",Slovakia
NCT01472185,"MEDIVASA s.r.o., Žilina, Žilina Region, 010 10, Slovakia",Slovakia
NCT01472185,"Newkwa Medical Centre, Newlands West, Durban, 4037, South Africa",South Africa
NCT01472185,"Global Clinical Trials, Pretoria, Pretoria, 0001, South Africa",South Africa
NCT01472185,"Netcare Umhlanga Medical Centre, Kwa Zulu Natal, Umhlanga, Durban, 4320, South Africa",South Africa
NCT01472185,"Worthwhile Clinical Trials, Benoni, 1500, South Africa",South Africa
NCT01472185,"Centre for Diabetes, Asthma and Allergy, Johannesburg, 01829, South Africa",South Africa
NCT01472185,"Soweto Clinical Trial Centre, Johannesburg, 1818, South Africa",South Africa
NCT01472185,"Aliwal Shoal Medical & Clinical Trial Centre, Kwa Zulu Natal, 4170, South Africa",South Africa
NCT01472185,"Helderberg Clinical Trials Centre, Somerset West, 7130, South Africa",South Africa
NCT01472185,"Tiervlei Trial Centre, Western Cape, 7530, South Africa",South Africa
NCT01472185,"City Clinical Hospital#9, Dnipropetrovsk State Medical Academy, Dnipropetrovsk, 49023, Ukraine",Ukraine
NCT01472185,"Educational Scientific Medical Centre ""University clinic"" of Donetsk National Medical University n.a. M.Gorkiy, Donetsk, 83003, Ukraine",Ukraine
NCT01472185,"State Institution ""Institute of Problems of Endocrine Pathology n.a. V.Y. Danylevsky of NAMS of Ukraine"", Kharkiv, 61002, Ukraine",Ukraine
NCT01472185,"Administration of Medical Service and Rehabilitation of ""ARTEM"" State Holding Company, Kyiv, 04050, Ukraine",Ukraine
NCT01472185,"National Medical University n.a. O.O. Bogomolets, Chair of Family Medicine based on Outpatient Clinic # 2 of Shevchenkovsky District, Kyiv, 04050, Ukraine",Ukraine
NCT01472185,"V. P. Komissarenko Institute of Endocrinology and Metabolism of AMS of Ukraine, Kyiv, 04114, Ukraine",Ukraine
NCT01472185,"Municipal Institution Lutsk City Clinical Hospital, Lutsk, 43024, Ukraine",Ukraine
NCT01472185,"Lviv Regional Endocrinology Dispensary, Lviv, 79010, Ukraine",Ukraine
NCT01472185,"Odessa State Medical University, Odesa, 65039, Ukraine",Ukraine
NCT01472185,"Public Institution ""City Outpatients' Hospital #20"", Odesa, 65114, Ukraine",Ukraine
NCT01472185,"Vinnytsya Regional Clinical Endocrinology Dispensary, Vinnytsia, 21010, Ukraine",Ukraine
NCT01472185,"Zhytomyr Regional Clinical Hospital, Zhytomyr, 10002, Ukraine",Ukraine
NCT06751823,"Cairo University Hospitsl, Cairo, Egypt",Egypt
NCT04450394,"Syed Research Consultants Llc, Sheffield, Alabama, 35660, United States",United States
NCT04450394,"National Research Institute - Huntington Park, Huntington Park, California, 90255, United States",United States
NCT04450394,"National Research Institute - Wilshire, Los Angeles, California, 90057, United States",United States
NCT04450394,"Catalina Research Institute, LLC, Montclair, California, 91763, United States",United States
NCT04450394,"Encompass Clinical Research, Spring Valley, California, 91978, United States",United States
NCT04450394,"CMR of Greater New Haven, Waterbury, Connecticut, 06708, United States",United States
NCT04450394,"ALL Medical Research, LLC, Cooper City, Florida, 33024, United States",United States
NCT04450394,"Jellinger and Lerman, MD PA dba The Center for Diabetes and Endocrine Care, Fort Lauderdale, Florida, 33312, United States",United States
NCT04450394,"Suncoast Research Group, Miami, Florida, 33135, United States",United States
NCT04450394,"New Horizon Research Center, Miami, Florida, 33165 3338, United States",United States
NCT04450394,"Suncoast Clinical Research, New Port Richey, Florida, 34652, United States",United States
NCT04450394,"Rophe Adult and Pediatric Medicine, Union City, Georgia, 30291, United States",United States
NCT04450394,"Elite Clinical Trials, Blackfoot, Idaho, 83221, United States",United States
NCT04450394,"Rocky Mountain Clinical Research, Idaho Falls, Idaho, 83404, United States",United States
NCT04450394,"Elite Clinical Trials, Rexburg, Idaho, 83440, United States",United States
NCT04450394,"Iowa Diabetes and Endocrinology Research Center, West Des Moines, Iowa, 50265, United States",United States
NCT04450394,"Cotton O'Neil Diabetes and Endocrinology Center, Topeka, Kansas, 66606, United States",United States
NCT04450394,"L-MARC Research Center, Louisville, Kentucky, 40213, United States",United States
NCT04450394,"Endocrine and Metabolic Consultants, Rockville, Maryland, 20852, United States",United States
NCT04450394,"Sky Clin Resch - Quinn HC, Ridgeland, Mississippi, 39157, United States",United States
NCT04450394,"Lillestol Research LLC, Fargo, North Dakota, 58104, United States",United States
NCT04450394,"Intend Research, LLC, Norman, Oklahoma, 73069, United States",United States
NCT04450394,"Preferred Primary Care Physicians, Uniontown, Pennsylvania, 15401, United States",United States
NCT04450394,"Holston Medical Group, Bristol, Tennessee, 37620, United States",United States
NCT04450394,"Texas Diabetes & Endocrinology, P.A., Austin, Texas, 78731-4309, United States",United States
NCT04450394,"Dallas Diabetes Research Center, Dallas, Texas, 75230, United States",United States
NCT04450394,"Juno Research, Houston, Texas, 77040, United States",United States
NCT04450394,"Juno Research - Gessner, Houston, Texas, 77074, United States",United States
NCT04450394,"Southern Endocrinology Associates, Mesquite, Texas, 75149, United States",United States
NCT04450394,"Consano Clinical Research, LLC, Shavano Park, Texas, 78231, United States",United States
NCT04450394,"Rainier Clinical Research Center, Renton, Washington, 98057, United States",United States
NCT04450394,"Centro Médico Viamonte, CABA, Buenos Aires, C1120AAC, Argentina",Argentina
NCT04450394,"Investigaciones Medicas Imoba Srl, CABA, Buenos Aires, C1179AAB, Argentina",Argentina
NCT04450394,"Fundacion Sanatorio Guemes, CABA, Buenos Aires, C1180AAX, Argentina",Argentina
NCT04450394,"Consultorio de Investigación Clínica EMO SRL, Caba, Buenos Aires, C1405BUB, Argentina",Argentina
NCT04450394,"CEDIC, CABA, Buenos Aires, C1425DES, Argentina",Argentina
NCT04450394,"Instituto Médico Catamarca, Rosario, Santa Fe Province, 2000, Argentina",Argentina
NCT04450394,"CEMEDIC, Buenos Aires, 1407, Argentina",Argentina
NCT04450394,"Asociación de Beneficencia Hospital Sirio Libanés, Buenos Aires, C1419AHN, Argentina",Argentina
NCT04450394,"Instituto Centenario, Ciudad Autonoma de Buenos Aire, C1204AAD, Argentina",Argentina
NCT04450394,"Cent Priva Especiali Médicas Ambulatorias Inve Clin CEMAIC, Córdoba, X5008HHW, Argentina",Argentina
NCT04450394,"Clínica Mayo, San Miguel de Tucumán, T4000IHE, Argentina",Argentina
NCT04450394,"Diabetes- und Stoffwechselpraxis Bochum, Bochum, North Rhine-Westphalia, 44869, Germany",Germany
NCT04450394,"InnoDiab Forschung Gmbh, Essen, North Rhine-Westphalia, 45136, Germany",Germany
NCT04450394,"Institut für Diabetesforschung GmbH Münster, Münster, North Rhine-Westphalia, 48145, Germany",Germany
NCT04450394,"Practice Dr.med. Denger and Dr.med. Pfitzner, Friedrichsthal, Saarland, 66299, Germany",Germany
NCT04450394,"Private Practice - Dr. Christine Kosch, Pirna, Saxony, 01796, Germany",Germany
NCT04450394,"SMO.MD GmbH, Magdeburg, Saxony-Anhalt, 39120, Germany",Germany
NCT04450394,"RED-Institut GmbH, Oldenburg in Holstein, Schleswig-Holstein, 23758, Germany",Germany
NCT04450394,"Diabeteszentrum Hamburg West, Hamburg, 22607, Germany",Germany
NCT04450394,"Medyczne Centrum Diabetologiczno Endokrynologiczno Metaboliczne DIAB-ENDO-MET, Krakow, Lesser Poland Voivodeship, 31-261, Poland",Poland
NCT04450394,"Instytut Diabetologii Sp. z o.o, Warsaw, Masovian Voivodeship, 02-117, Poland",Poland
NCT04450394,"Centrum Badan Klinicznych PI-House sp. z o.o., Gdansk, Pomeranian Voivodeship, 80-546, Poland",Poland
NCT04450394,"NZOZ Przychodnia Specjalistyczna Andrzej Wittek, Henryk Rudzki, Ruda Śląska, Silesian Voivodeship, 41-709, Poland",Poland
NCT04450394,"Centrum Kliniczno-Badawcze, Elblag, 82-300, Poland",Poland
NCT04450394,"Centrum Terapii Wspolczesnej J. M. Jasnorzewska Spolka Komandytowo-Akcyjna, Lodz, 90242, Poland",Poland
NCT04450394,"Gabinety TERPA, Lublin, 20-333, Poland",Poland
NCT04450394,"OMEDICA Medical Center, Poznan, 60-111, Poland",Poland
NCT04450394,"Praktyka Lekarska, Poznan, 61-655, Poland",Poland
NCT04450394,"Poradnia Chorob Metabolicznych, Wierzchosławice, 33-122, Poland",Poland
NCT04450394,"NZOZ Regionalna Poradnia Diabetologiczna, Wroclaw, 50-127, Poland",Poland
NCT04450394,"Research and Cardiovascular Corp., Ponce, PR, 00717, Puerto Rico",Puerto Rico
NCT04450394,"GCM Medical Group, PSC - Hato Rey Site, San Juan, PR, 00917, Puerto Rico",Puerto Rico
NCT04450394,"Centro Profesional de Endocrinologia del Este, Yabucoa, PR, 00767, Puerto Rico",Puerto Rico
NCT07767331,"Steno Diabetes Center Aarhus, Aarhus, 8200, Denmark",Denmark
NCT04810507,"Kangdong Sacred Heart Hospital, Seoul, South Korea",South Korea
NCT00071422,"Diabetes and Endocrine Associates, La Jolla, California, 92037, United States",United States
NCT00071422,"VA Hospital UCSD, San Diego, California, 92161, United States",United States
NCT00071422,"Diablo Clinical Research, Walnut Creek, California, 94598, United States",United States
NCT00071422,"Denver, Colorado, 80209, United States",United States
NCT00071422,"Longmont Medical Research Network, Longmont, Colorado, 80501, United States",United States
NCT00071422,"MedStar Clinical Research Center, Washington D.C., District of Columbia, 20003, United States",United States
NCT00071422,"Future Care Studies, Springfield, Massachusetts, 01107, United States",United States
NCT00071422,"Mercury Street Medical, Butte, Montana, 59701, United States",United States
NCT00071422,"Diabetes-Endocrinology Center of WNY, Buffalo, New York, 14209, United States",United States
NCT00071422,"UNC Diabetes Care Center, Durham, North Carolina, 27713, United States",United States
NCT00071422,"Piedmont Medical Group, Winston-Salem, North Carolina, 27103, United States",United States
NCT00071422,"Clinical Research Institute of Southern Oregon, Medford, Oregon, 97504, United States",United States
NCT00071422,"Mountain View Clinical Research, Greer, South Carolina, 29651, United States",United States
NCT00071422,"Dallas Diabetes and Endocrine Center, Dallas, Texas, 75230, United States",United States
NCT00071422,"University of Texas Health Science Center - Texas Diabetes Institute, San Antonio, Texas, 78207, United States",United States
NCT00071422,"DGD Research Associates, San Antonio, Texas, 78229, United States",United States
NCT00071422,"Charlottesville Medical Research, Charlottesville, Virginia, 22911, United States",United States
NCT04945551,"Xlab, Faculty of Health and Medical Sciences, University of Copenhagen, Copenhagen, 2200, Denmark",Denmark
NCT04100278,"Beijing Chao-Yang Hospital, Capital Medical University, Beijing, Beijing Municipality, China",China
NCT04744636,"Nuvisan GmbH, Neu-Ulm, 89231, Germany",Germany
NCT06596967,"Purdue University, West Lafayette, Indiana, 47907, United States",United States
NCT05905588,"Qingdao Traditional Chinese Medicine Hospital, Qingdao, Shandong, 266000, China",China
NCT06258148,"Peking University People's Hospital, Beijing, Beijing Municipality, 100032, China",China
NCT05407961,"Profil Institut für Stoffwechselforschung, Neuss, 41460, Germany",Germany
NCT07755150,"Peking University People's Hospital, Beijing, China",China
NCT07056803,"Policlinico Paolo Giaccone, Palermo, 90127, Italy",Italy
NCT01001611,"The Inje University Busan-Paik Hospital, Busan, South Korea",South Korea
NCT01001611,"Soon Chun Hyang University Cheonan Hospital, Cheonan, South Korea",South Korea
NCT01001611,"The Hanyang University Medical Center, Gyeonggi-do, South Korea",South Korea
NCT01001611,"Wonju Severance Christian Hospital, Kangwon-Do, South Korea",South Korea
NCT01001611,"The Hallym University Medical Center, Seoul, South Korea",South Korea
NCT01001611,"The Inje University Sanggye-Paik Hospital, Seoul, South Korea",South Korea
NCT01001611,"The Korea University Anam Hospital, Seoul, South Korea",South Korea
NCT01001611,"The Kyung Hee University Medical Center, Seoul, South Korea",South Korea
NCT01001611,"The Seoul National University Bundang Hospital, Seoul, South Korea",South Korea
NCT03249506,"Health ResearchTx, LLC, Trevose, Pennsylvania, 19053, United States",United States
NCT04168541,"Orange County Research Center, Tustin, California, 92780, United States",United States
NCT06427083,"Kyung Hee University Medical Center, Seoul, South Korea",South Korea
NCT01005069,"Sanglah Hospital Denpasar, Denpasar, Bali, Indonesia",Indonesia
NCT01005069,"RSUD Tarakan, Jakarta Pusat, DKI Jakarta, Indonesia",Indonesia
NCT03014479,"Takeda Selected Site 17, Nagoya, Aichi-ken, Japan",Japan
NCT03014479,"Takeda Selected Site 18, Nagoya, Aichi-ken, Japan",Japan
NCT03014479,"Takeda Selected Site 25, Obata, Gunma, Japan",Japan
NCT03014479,"Takeda Selected Site 9, Kobe, Hyōgo, Japan",Japan
NCT03014479,"Takeda Selected Site 27, Koga, Ibaraki, Japan",Japan
NCT03014479,"Takeda Selected Site 14, Kawasaki, Kanagawa, Japan",Japan
NCT03014479,"Takeda Selected Site 11, Sagamihara, Kanagawa, Japan",Japan
NCT03014479,"Takeda Selected Site 10, Yamato, Kanagawa, Japan",Japan
NCT03014479,"Takeda Selected Site 4, Sendai, Miyagi, Japan",Japan
NCT03014479,"Takeda Selected Site 5, Sendai, Miyagi, Japan",Japan
NCT03014479,"Takeda Selected Site 3, Kashihara, Nara, Japan",Japan
NCT03014479,"Takeda Selected Site 15, Kashihara, Osaka, Japan",Japan
NCT03014479,"Takeda Selected Site 1, Suita, Osaka, Japan",Japan
NCT03014479,"Takeda Selected Site 24, Okegawa, Saitama, Japan",Japan
NCT03014479,"Takeda Selected Site 26, Oyama, Tochigi, Japan",Japan
NCT03014479,"Takeda Selected Site 23, Adachi-ku, Tokyo, Japan",Japan
NCT03014479,"Takeda Selected Site 6, Chuo-ku, Tokyo, Japan",Japan
NCT03014479,"Takeda Selected Site 7, Chuo-ku, Tokyo, Japan",Japan
NCT03014479,"Takeda Selected Site 22, Edogawa-ku, Tokyo, Japan",Japan
NCT03014479,"Takeda Selected Site 19, Musashino, Tokyo, Japan",Japan
NCT03014479,"Takeda Selected Site 21, Ōta-ku, Tokyo, Japan",Japan
NCT03014479,"Takeda Selected Site 12, Shibuya-ku, Tokyo, Japan",Japan
NCT03014479,"Takeda Selected Site 13, Shinagawa-ku, Tokyo, Japan",Japan
NCT03014479,"Takeda Selected Site 20, Shinagawa-ku, Tokyo, Japan",Japan
NCT03014479,"Takeda Selected Site 2, Shinjuku-ku, Tokyo, Japan",Japan
NCT03014479,"Takeda Selected Site 8, Shinjuku-ku, Tokyo, Japan",Japan
NCT03014479,"Takeda Selected Site 16, Osaka, Japan",Japan
NCT03606694,"Instituto de Terapeútica Experimental y Clínica. Centro Universitario de Ciencias de la Salud. Universidad de Guadalajara, Guadalajara, Jalisco, 44340, Mexico",Mexico
NCT06067399,"New Valley University- Faculty of Medicine, Al Khārjah, Egypt",Egypt
NCT01752842,"Washington University School of Medicine, St Louis, Missouri, 63110, United States",United States
NCT06212778,"National Taiwan University Hospital, Taipei, Taiwan",Taiwan
NCT03416127,"Intstituto de Terapeútica Experimental y Clínica. Centro Universitario de Ciencias de la Salud. Universidad de Guadalajara, Guadalajara, Jalisco, 44340, Mexico",Mexico
NCT01694758,"Research Site, Blagoevgrad, Bulgaria",Bulgaria
NCT01694758,"Research Site, Pleven, Bulgaria",Bulgaria
NCT01694758,"Research Site, Plovdiv, Bulgaria",Bulgaria
NCT01694758,"Research Site, Sofia, Bulgaria",Bulgaria
NCT01694758,"Research Site, Alexandria, Romania",Romania
NCT01694758,"Research Site, Brasov, Romania",Romania
NCT01694758,"Research Site, Bucharest, Romania",Romania
NCT01694758,"Research Site, Cluj-Napoca, Romania",Romania
NCT01694758,"Research Site, Constanța, Romania",Romania
NCT01694758,"Research Site, Craiova, Romania",Romania
NCT01694758,"Research Site, Galati, Romania",Romania
NCT01694758,"Research Site, Giurgiu, Romania",Romania
NCT01694758,"Research Site, Iași, Romania",Romania
NCT01694758,"Research Site, Oradea, Romania",Romania
NCT01694758,"Research Site, Piteşti, Romania",Romania
NCT01694758,"Research Site, Ploieşti, Romania",Romania
NCT01694758,"Research Site, Satu Mare, Romania",Romania
NCT01694758,"Research Site, Tg Jiu, Romania",Romania
NCT01694758,"Research Site, Tg Mures, Romania",Romania
NCT01694758,"Research Site, Timișoara, Romania",Romania
NCT06465693,"University of Minnesota, Minneapolis, Minnesota, 55455, United States",United States
NCT07521475,"University of Southern California, Los Angeles, California, 90022, United States",United States
NCT07521475,"HOAG, Newport Beach, California, 92663, United States",United States
NCT07521475,"Sansum Diabetes Research Institute, Santa Barbara, California, 93105, United States",United States
NCT07521475,"Touro University California, Vallejo, California, 94592, United States",United States
NCT07521475,"University of Colorado Denver, Denver, Colorado, 80204, United States",United States
NCT07521475,"University of South Florida, Tampa, Florida, 33612, United States",United States
NCT07521475,"Metabolic Research Institute, West Palm Beach, Florida, 33401, United States",United States
NCT07521475,"EMORY, Atlanta, Georgia, 30308, United States",United States
NCT07521475,"Atlanta Diabetes Associates, Atlanta, Georgia, 30318, United States",United States
NCT07521475,"Endocrine Research Solutions, Inc., Rosewell, Georgia, 30076, United States",United States
NCT07521475,"Rocky Mountain Diabetes, Idaho Falls, Idaho, 83404, United States",United States
NCT07521475,"Northwestern University, Chicago, Illinois, 60611, United States",United States
NCT07521475,"Indiana University, Bloomington, Indiana, 47405, United States",United States
NCT07521475,"Joslin Diabetes Center, Boston, Massachusetts, 02215, United States",United States
NCT07521475,"Henry Ford Health, Detroit, Michigan, 48202, United States",United States
NCT07521475,"International Diabetes Center, Minneapolis, Minnesota, 55416, United States",United States
NCT07521475,"Mayo Clinic, Rochester, Minnesota, 55902, United States",United States
NCT07521475,"The Mount Sinai Hospital, New York, New York, 10029, United States",United States
NCT07521475,"SUNY Syracuse, Syracuse, New York, 13210, United States",United States
NCT07521475,"Mountain Area Health Education Center, Asheville, North Carolina, 28803, United States",United States
NCT07521475,"Accellacare, Wilmington, North Carolina, 28401, United States",United States
NCT07521475,"Oregon Health and Science University, Portland, Oregon, 97239, United States",United States
NCT07521475,"University of Diabetes and Endocrine Consultants, Chattanooga, Tennessee, 37411, United States",United States
NCT07521475,"Texas Diabetes and Endocrinology, Austin, Texas, 78749, United States",United States
NCT07521475,"Tekton Research, McKinney, Texas, 75072, United States",United States
NCT07521475,"Tekton Research, San Antonio, Texas, 78258, United States",United States
NCT07521475,"Riverside Family Medicine Residency Program, Newport News, Virginia, 23601, United States",United States
NCT04318184,"Fatih Sultan Mehmet Eğitim ve Araştırma Hastanesi, Istanbul, Turkey (Türkiye)",Turkey (Türkiye)
NCT00905528,"University of Erlangen-Nuremberg, Erlangen, Bavaria, 91054, Germany",Germany
NCT03694470,"Research site, Moscow, Russia",Russia
NCT07278531,"NYU Langone Health, New York, New York, 10016, United States",United States
NCT06147245,"Steno Diabetes Center Copenhagen, Herlev, 2730, Denmark",Denmark
NCT05276128,"Anne Nilsson, Lund, Välj..., 22100, Sweden",Sweden
NCT05276128,"The Human Trial Facility, Food Technology engineering and Nutrition, Lund University, Lund, Välj..., 22100, Sweden",Sweden
NCT06222086,"Gazi University Faculty of Health Sciences Department of Physiotherapy and Rehabilitation, Cardiopulmonary Rehabilitation Unit, Ankara, Çankaya, 06490, Turkey (Türkiye)",Turkey (Türkiye)
NCT07219667,"NYU Langone Health, New York, New York, 10016, United States",United States
NCT06374186,"University of Missouri - Kansas City School of Medicine, Kansas City, Missouri, 64108, United States",United States
NCT05164263,"Kabul University of Medical Sciences(KUMS), Kabul, Afghanistan, Afghanistan",Afghanistan
NCT05164263,"Agha Khan univeristy hospital, Nairobi, Kenya, Kenya",Kenya
NCT05164263,"Lagos University Teaching Hospital, Lagos, Nigeria, Nigeria",Nigeria
NCT05164263,"Umar Diabetes Foundation, Islamabad, Pakistan",Pakistan
NCT05164263,"National hospital Sri Lanka, Colombo, Colombo, Sri Lanka",Sri Lanka
NCT05164263,"NHK, Kandy, Kandy, Sri Lanka",Sri Lanka
NCT04296825,"Beijing Chinese Medicine Hospital Pinggu Hospital, Beijing, China",China
NCT07144241,"UNIMUS Hospital, Semarang, Central Java, Indonesia",Indonesia
NCT07664553,"Research Site, Little Rock, Arkansas, 72205, United States",United States
NCT07664553,"Research Site, Sacramento, California, 95821, United States",United States
NCT07664553,"Research Site, Aurora, Colorado, 80045, United States",United States
NCT07664553,"Research Site, DeLand, Florida, 32720, United States",United States
NCT07664553,"Research Site, Doral, Florida, 33166, United States",United States
NCT07664553,"Research Site, Ocoee, Florida, 34761, United States",United States
NCT07664553,"Research Site, Decatur, Georgia, 30030, United States",United States
NCT07664553,"Research Site, Potomac, Maryland, 20854, United States",United States
NCT07664553,"Research Site, Brooklyn, New York, 11220, United States",United States
NCT07664553,"Research Site, Cary, North Carolina, 27518, United States",United States
NCT07664553,"Research Site, Morehead City, North Carolina, 28557, United States",United States
NCT07664553,"Research Site, Myrtle Beach, South Carolina, 29572, United States",United States
NCT07664553,"Research Site, Memphis, Tennessee, 38119, United States",United States
NCT07664553,"Research Site, Houston, Texas, 77040, United States",United States
NCT07664553,"Research Site, Round Rock, Texas, 78681, United States",United States
NCT07664553,"Research Site, San Antonio, Texas, 78231, United States",United States
NCT07664553,"Research Site, Renton, Washington, 98057, United States",United States
NCT07664553,"Research Site, Campbelltown, 2560, Australia",Australia
NCT07664553,"Research Site, East Toowoomba, 4350, Australia",Australia
NCT07664553,"Research Site, Heidelberg Heights, 3081, Australia",Australia
NCT07664553,"Research Site, Parkville, 3050, Australia",Australia
NCT07664553,"Research Site, St Leonards, 2065, Australia",Australia
NCT07664553,"Research Site, Dupnitsa, 2600, Bulgaria",Bulgaria
NCT07664553,"Research Site, Kozloduy, 3320, Bulgaria",Bulgaria
NCT07664553,"Research Site, Plovdiv, 4001, Bulgaria",Bulgaria
NCT07664553,"Research Site, Sofia, 1618, Bulgaria",Bulgaria
NCT07664553,"Research Site, Stara Zagora, 6000, Bulgaria",Bulgaria
NCT07664553,"Research Site, Veliko Tarnovo, 5000, Bulgaria",Bulgaria
NCT07664553,"Research Site, Yambol, 8600, Bulgaria",Bulgaria
NCT07664553,"Research Site, Surrey, British Columbia, V3T 4G8, Canada",Canada
NCT07664553,"Research Site, Vancouver, British Columbia, V5Y 3W2, Canada",Canada
NCT07664553,"Research Site, Brampton, Ontario, L6S 0C6, Canada",Canada
NCT07664553,"Research Site, North York, Ontario, M6B 3H7, Canada",Canada
NCT07664553,"Research Site, Sarnia, Ontario, N7T 4X3, Canada",Canada
NCT07664553,"Research Site, Scarborough Village, Ontario, M1R 0B1, Canada",Canada
NCT07664553,"Research Site, Toronto, Ontario, M4G3E8, Canada",Canada
NCT07664553,"Research Site, Saint-Charles-Borromée, Quebec, J6E 2B4, Canada",Canada
NCT07664553,"Research Site, Changsha, 410013, China",China
NCT07664553,"Research Site, Changsha, 410015, China",China
NCT07664553,"Research Site, Hefei, 230000, China",China
NCT07664553,"Research Site, Hefei, 230601, China",China
NCT07664553,"Research Site, Huai'an, 223005, China",China
NCT07664553,"Research Site, Langfang, 065000, China",China
NCT07664553,"Research Site, Liangyugang, 222002, China",China
NCT07664553,"Research Site, Luoyang, 471009, China",China
NCT07664553,"Research Site, Nanjing, 2100008, China",China
NCT07664553,"Research Site, Nanyang, 473009, China",China
NCT07664553,"Research Site, Pinggu, 101200, China",China
NCT07664553,"Research Site, Pingxiang, 337055, China",China
NCT07664553,"Research Site, Shijiazhuang, 050000, China",China
NCT07664553,"Research Site, Tianjin, 300134, China",China
NCT07664553,"Research Site, Yueyang, 414000, China",China
NCT07664553,"Research Site, Broumov, 55001, Czechia",Czechia
NCT07664553,"Research Site, České Budějovice, 370 01, Czechia",Czechia
NCT07664553,"Research Site, Ostrava, 710 00, Czechia",Czechia
NCT07664553,"Research Site, Pilsen, 301 00, Czechia",Czechia
NCT07664553,"Research Site, Prague, 140 00, Czechia",Czechia
NCT07664553,"Research Site, Prague, 170 00, Czechia",Czechia
NCT07664553,"Research Site, Prague, 181 00, Czechia",Czechia
NCT07664553,"Research Site, Amberg, 92224, Germany",Germany
NCT07664553,"Research Site, Bad Oeynhausen, 32545, Germany",Germany
NCT07664553,"Research Site, Berlin, 13597, Germany",Germany
NCT07664553,"Research Site, Bochum, 44869, Germany",Germany
NCT07664553,"Research Site, Brandenburg an der Havel, 14776, Germany",Germany
NCT07664553,"Research Site, Daaden, 57567, Germany",Germany
NCT07664553,"Research Site, Duisburg, 47051, Germany",Germany
NCT07664553,"Research Site, Eisenach, 99817, Germany",Germany
NCT07664553,"Research Site, Elsterwerda, 04910, Germany",Germany
NCT07664553,"Research Site, Falkensee, 14612, Germany",Germany
NCT07664553,"Research Site, Frankfurt, 60596, Germany",Germany
NCT07664553,"Research Site, Fulda, 36037, Germany",Germany
NCT07664553,"Research Site, Gladbeck, 45968, Germany",Germany
NCT07664553,"Research Site, Hamburg, 22607, Germany",Germany
NCT07664553,"Research Site, Hannoversch Münden, 34346, Germany",Germany
NCT07664553,"Research Site, Magdeburg, 39120, Germany",Germany
NCT07664553,"Research Site, Mannheim, 68167, Germany",Germany
NCT07664553,"Research Site, Münster, 48153, Germany",Germany
NCT07664553,"Research Site, Nittendorf, 93152, Germany",Germany
NCT07664553,"Research Site, Obertshausen, 63179, Germany",Germany
NCT07664553,"Research Site, Oldenburg, 23758, Germany",Germany
NCT07664553,"Research Site, Pirna, 01796, Germany",Germany
NCT07664553,"Research Site, Bangalore, 560 092, India",India
NCT07664553,"Research Site, Belagavi, 590006, India",India
NCT07664553,"Research Site, Chennai, 600086, India",India
NCT07664553,"Research Site, Coimbatore, 641018, India",India
NCT07664553,"Research Site, Guntur, 522001, India",India
NCT07664553,"Research Site, Hyderabad, 500034, India",India
NCT07664553,"Research Site, Indore, 452008, India",India
NCT07664553,"Research Site, Kochi, 682041, India",India
NCT07664553,"Research Site, Madurai, 625020, India",India
NCT07664553,"Research Site, Mumbai, 400012, India",India
NCT07664553,"Research Site, New Delhi, 110029, India",India
NCT07664553,"Research Site, Pune, 411021, India",India
NCT07664553,"Research Site, Asahikawa-shi, 070-8530, Japan",Japan
NCT07664553,"Research Site, Kamakura-shi, 247-0056, Japan",Japan
NCT07664553,"Research Site, Kashiwa-shi, 277-0825, Japan",Japan
NCT07664553,"Research Site, Kobe, 650-0047, Japan",Japan
NCT07664553,"Research Site, Komoro, 384-8588, Japan",Japan
NCT07664553,"Research Site, Kumamoto, 862-0976, Japan",Japan
NCT07664553,"Research Site, Kyoto, 606-8507, Japan",Japan
NCT07664553,"Research Site, Miyazaki, 880-0034, Japan",Japan
NCT07664553,"Research Site, Naka, 311-0113, Japan",Japan
NCT07664553,"Research Site, Sapporo, 060-0062, Japan",Japan
NCT07664553,"Research Site, Yokohama, 230-8765, Japan",Japan
NCT07664553,"Research Site, Batu Caves, 68100, Malaysia",Malaysia
NCT07664553,"Research Site, Kuala Lumpur, 59100, Malaysia",Malaysia
NCT07664553,"Research Site, Miri, 98000, Malaysia",Malaysia
NCT07664553,"Research Site, Putrajaya, 62250, Malaysia",Malaysia
NCT07664553,"Research Site, Seremban, 70300, Malaysia",Malaysia
NCT07664553,"Research Site, Bialystok, 15-897, Poland",Poland
NCT07664553,"Research Site, Częstochowa, 42-217, Poland",Poland
NCT07664553,"Research Site, Kielce, 25-355, Poland",Poland
NCT07664553,"Research Site, Krakow, 31-261, Poland",Poland
NCT07664553,"Research Site, Lodz, 90-338, Poland",Poland
NCT07664553,"Research Site, Poznan, 60-354, Poland",Poland
NCT07664553,"Research Site, Radom, 26-600, Poland",Poland
NCT07664553,"Research Site, Warsaw, 00-124, Poland",Poland
NCT07664553,"Research Site, Warsaw, 02-507, Poland",Poland
NCT07664553,"Research Site, Bucheon-si, 14647, South Korea",South Korea
NCT07664553,"Research Site, Gyeonggi-do, 13620, South Korea",South Korea
NCT07664553,"Research Site, Jongno-gu, 110-746, South Korea",South Korea
NCT07664553,"Research Site, Junggu, 22332, South Korea",South Korea
NCT07664553,"Research Site, Seoul, 03080, South Korea",South Korea
NCT07664553,"Research Site, Seoul, 03722, South Korea",South Korea
NCT07664553,"Research Site, Seoul, 06591, South Korea",South Korea
NCT07664553,"Research Site, Seoul, 5505, South Korea",South Korea
NCT07664553,"Research Site, Bangkok, 10330, Thailand",Thailand
NCT07664553,"Research Site, Bangkok, 10400, Thailand",Thailand
NCT07664553,"Research Site, Bangkok, 10700, Thailand",Thailand
NCT07664553,"Research Site, Hat Yai, 90110, Thailand",Thailand
NCT07664553,"Research Site, Muang, 50200, Thailand",Thailand
NCT07664553,"Research Site, Mueang, 20000, Thailand",Thailand
NCT05941000,"Northwell Health - Institute of Health System Science, New York, New York, 10030, United States",United States
NCT05327595,"Profil Institut für Stoffwechselforschung, Neuss, 41460, Germany",Germany
NCT06293664,"Dasman Diabetes Institute, Kuwait City, Kuwait",Kuwait
NCT02771093,"Naka, Ibaragi, Japan",Japan
NCT00817778,"Research Site, San Antonio, Texas, United States",United States
NCT07308925,"Hospital Universitario San Ignacio, Bogotá, 111121, Colombia",Colombia
NCT05659537,"Medlink Hospital Opp Someshwara Jain Temple, Ahmedabad, Ambavadi, 380015, India",India
NCT05659537,"Life Care Hospital and Research Centre, Bangalore, Karnataka, 560092, India",India
NCT05659537,"Grant Medical Foundation - Ruby Hall Clinic, Pune, Maharashtra, 411001, India",India
NCT05659537,"Akshay Hospital, Pune, Maharashtra, 411004, India",India
NCT05659537,"Lifepoint Multispecialty Hsptl, Wākad, Pune, 411057, India",India
NCT05659537,"Kovai Diabetes Speciality Center and Hospital, Coimbatore, Tamil Nadu, 641009, India",India
NCT05659537,"Virinchi Hospital, Hyderabad, Telangana, 50034, India",India
NCT01812122,"Seoul National University Hospital, Seoul, 110-744, South Korea",South Korea
NCT04448262,"Istituti Clinici Maugeri Pneumologia, Tradate, Lombardy, 21049, Italy",Italy
NCT04914559,"Orange County Research Center, Tustin, California, 92780, United States",United States
NCT06935396,"Eastern Mediterranean University, Mersin, Famagusta, 99450, Turkey (Türkiye)",Turkey (Türkiye)
NCT07271251,"Seino Internal Medicine Clinic_Internal medicine, Koriyama-shi, Fukushima, Fukushima, Japan, 963-8851, Japan",Japan
NCT07271251,"Hayashi Diabetes Clinic_Internal Medicine and Diabetes Medicine, Chigasaki-shi, Kanagawa, Japan, 253-0044, Japan",Japan
NCT07271251,"Jinnouchi Hospital_Internal Medicine, Kumamoto, Kumamoto, Japan, 862-0976, Japan",Japan
NCT07271251,"Heiwadai Hospital_Internal Medicine, Miyazaki, Miyazaki, 880-0034, Japan",Japan
NCT07271251,"TOSAKI Clinic for Diabetes and Endocrinology_Diabetes and Endocrinology, Aichi, 468-0009, Japan",Japan
NCT07271251,"Tokuyama clinic_Diabetic internal medicine, Chiba, 261-0004, Japan",Japan
NCT07271251,"Futata Tetsuhiro Clinic Meinohama_Internal medicine, Fukuoka-shi, Fukuoka, 819-0006, Japan",Japan
NCT07271251,"Oodouri Diabetes, Internal medicine Clinic_Internal Medicine, Diabetes Internal Medicine, Hokkaido, 060-0001, Japan",Japan
NCT07271251,"Naka Kinen Clinic_Internal medicine, Ibaraki, 311-0113, Japan",Japan
NCT07271251,"Yokohama Minoru Clinic_Internal medicine, Kanagawa, 232-0064, Japan",Japan
NCT07271251,"Shonan Takai Clinic_Internal Medicine, Kanagawa, 247-0055, Japan",Japan
NCT07271251,"Soka Sugiura Internal Medicine Clinic, Soka-shi, Saitama, 340-0015, Japan",Japan
NCT07271251,"Oyama East Clinic_Internal Medicine, Tochigi, 323-0022, Japan",Japan
NCT07271251,"Tokyo-Eki Center-building Clinic_Internal Medicine, Tokyo, 103-0027, Japan",Japan
NCT07271251,"Kato Clinic of Internal Medicine_Internal Medicine, Tokyo, 125-0054, Japan",Japan
NCT00035568,"Local Institution, Little Rock, Arkansas, United States",United States
NCT00035568,"Local Institution, Los Angeles, California, United States",United States
NCT00035568,"Local Institution, Chicago, Illinois, United States",United States
NCT00035568,"Local Institution, Indianapolis, Indiana, United States",United States
NCT00035568,"Local Institution, Brooklyn, New York, United States",United States
NCT00035568,"Local Institution, Rochester, New York, United States",United States
NCT00035568,"Local Institution, Pittsburgh, Pennsylvania, United States",United States
NCT00035568,"Local Institution, Dallas, Texas, United States",United States
NCT00035568,"Local Institution, San Antonio, Texas, United States",United States
NCT07433062,"Research Site, Neuss, 41460, Germany",Germany
NCT02847091,"Site JP00007, Gunma, Japan",Japan
NCT02847091,"Site JP00008, Hiroshima, Japan",Japan
NCT02847091,"Site JP00009, Hyōgo, Japan",Japan
NCT02847091,"Site JP00010, Kanagawa, Japan",Japan
NCT02847091,"Site JP00003, Mie, Japan",Japan
NCT02847091,"Site JP00004, Osaka, Japan",Japan
NCT02847091,"Site JP00015, Shiga, Japan",Japan
NCT02847091,"Site JP00002, Tochigi, Japan",Japan
NCT02847091,"Site JP00005, Tochigi, Japan",Japan
NCT02847091,"Site JP00013, Tochigi, Japan",Japan
NCT02847091,"Site JP00001, Tokyo, Japan",Japan
NCT02847091,"Site JP00006, Tokyo, Japan",Japan
NCT02847091,"Site JP00011, Tokyo, Japan",Japan
NCT02847091,"Site JP00012, Tokyo, Japan",Japan
NCT02847091,"Site JP00014, Tokyo, Japan",Japan
NCT05579314,"ICON - Early Development Services, Lenexa, Kansas, 66219, United States",United States
NCT05579314,"ICON - Early Development Services, San Antonio, Texas, 78209, United States",United States
NCT05579314,"ICON - Early Development Services, Salt Lake City, Utah, 84124, United States",United States
NCT02143765,"The First People's Hospital of Changzhou, Changzhou, Jiangsu, China",China
NCT02143765,"The Second People's Hospital of Huai'an, Huai'an, Jiangsu, China",China
NCT02143765,"Department of Endocrinology, Zhongda Hospital, Institute of Diabetes, Southeast University, Nanjing, Jiangsu, China",China
NCT02143765,"Xuzhou Central Hospital, Xuzhou, Jiangsu, China",China
NCT02143765,"Yancheng City No.1 People's Hospital, Yancheng, Jiangsu, China",China
NCT02143765,"Zhenjiang First People's Hospital, Zhenjiang, Jiangsu, China",China
NCT05292833,"Diabetology Department - Pitié-Salpêtrière Hospital, Paris, 75013, France",France
NCT05292833,"Pitié Salpêtrière - Nutrition, Paris, 75013, France",France
NCT05292833,"Hôpital Européen Georges Pompidou - Diabétologie, Paris, 75015, France",France
NCT01578096,"Yale University, New Haven, Connecticut, United States",United States
NCT02717078,"University of Minnesota, Minneapolis, Minnesota, 55455, United States",United States
NCT07420699,"Berkeley, Berkeley, California, 94720, United States",United States
NCT07546929,"Alliance Clinical Canoga Park (Hope Clinical Research), Canoga Park, California, 91303, United States",United States
NCT07546929,"Universal Axon Clinical Research, Doral, Florida, 33166, United States",United States
NCT07546929,"Velocity Clinical Research New Smyrna Beach, Edgewater, Florida, 32132, United States",United States
NCT07546929,"Southwest General Healthcare Center, Fort Myers, Florida, 33907, United States",United States
NCT07546929,"Avantis Clinical Research, Miami, Florida, 33155, United States",United States
NCT07546929,"IMIC Research, Miami, Florida, 33176, United States",United States
NCT07546929,"South Broward Research, Miramar, Florida, 33027, United States",United States
NCT07546929,"David Kavtaradze MD InC, Cordele, Georgia, 31015, United States",United States
NCT07546929,"AMR Clinical - El Dorado, El Dorado, Kansas, 67042, United States",United States
NCT07546929,"Tandem Clinical Research (Interspond), Marrero, Louisiana, 70072, United States",United States
NCT07546929,"Arcturus Healthcare, PLC, Troy Internal Medicine Research Division, Troy, Michigan, 48098, United States",United States
NCT07546929,"Velocity Clinical Research Norfolk, Norfolk, Nebraska, 68701, United States",United States
NCT07546929,"Alliance Clinical Las Vegas (Excel Clinical Research), Las Vegas, Nevada, 89109, United States",United States
NCT07546929,"Diabetes & Endocrinology Associates of Stark County, Inc., Canton, Ohio, 44718, United States",United States
NCT07546929,"Advanced Medical Research, Maumee, Ohio, 43537, United States",United States
NCT07546929,"Velocity Clinical Research Providence, East Greenwich, Rhode Island, 02818, United States",United States
NCT07546929,"Velocity Clinical Research Dallas, Dallas, Texas, 75230, United States",United States
NCT07546929,"Tekton Research, Irving, Texas, 75039, United States",United States
NCT07546929,"Alliance Clinical Lewisville (Epic Clinical Research), Lewisville, Texas, 75057, United States",United States
NCT07546929,"Tekton Research, McKinney, Texas, 75069, United States",United States
NCT07546929,"Tekton Research, San Antonio, Texas, 78258, United States",United States
NCT07546929,"Simcare Medical Research, LLC., Sugar Land, Texas, 77478, United States",United States
NCT07546929,"Velocity Clinical Research Waco, Waco, Texas, 76710, United States",United States
NCT07546929,"Burke Internal Medicine & Research, Burke, Virginia, 22015, United States",United States
NCT07546929,"Tekton Research, Midlothian, Virginia, 23112, United States",United States
NCT06739122,"University of Arizona, Tucson, Arizona, 85724, United States",United States
NCT06739122,"Arkansas Childrens Hospital, Little Rock, Arkansas, 72202-3500, United States",United States
NCT06739122,"Division of Endocrinology, Diabetes, and Metabolism, Los Angeles, California, 90027, United States",United States
NCT06739122,"UCLA Mattel Children's Hospital, Los Angeles, California, 90095, United States",United States
NCT06739122,"University of California, San Francisco, San Francisco, California, 94158, United States",United States
NCT06739122,"Children's Hospital of Colorado, Denver, Colorado, 80045, United States",United States
NCT06739122,"Yale Diabetes Research, New Haven, Connecticut, 06511, United States",United States
NCT06739122,"Emerson Clinical Research Institute, Washington D.C., District of Columbia, 20009, United States",United States
NCT06739122,"Children's National Medical Center, Washington D.C., District of Columbia, 20010, United States",United States
NCT06739122,"Nemours Children's Health, Jacksonville, Florida, 32207, United States",United States
NCT06739122,"D&H National Research Centers, Inc, Miami, Florida, 33155, United States",United States
NCT06739122,"AdventHealth Orlando, Orlando, Florida, 32803, United States",United States
NCT06739122,"D&H Tamarac Research Center, LLC, Tamarac, Florida, 33321, United States",United States
NCT06739122,"University of South Florida, Tampa, Florida, 33612, United States",United States
NCT06739122,"Children's Healthcare of Atlanta - Center for Advanced Pediatrics, Atlanta, Georgia, 30329, United States",United States
NCT06739122,"Centricity Research Columbus Endocrinology, Columbus, Georgia, 31904, United States",United States
NCT06739122,"St. Luke's Children's Endocrinology and Diabetes, Boise, Idaho, 83712, United States",United States
NCT06739122,"University of Illinois at Chicago, Chicago, Illinois, 60612, United States",United States
NCT06739122,"Center for Diabetes and Metabolic Diseases Indiana University, Indianapolis, Indiana, 46202, United States",United States
NCT06739122,"University of Iowa Stead Family Children's Hospitals, Iowa City, Iowa, 52242, United States",United States
NCT06739122,"Norton Children's Endocrinology, Louisville, Kentucky, 40202, United States",United States
NCT06739122,"Johns Hopkins University School of Medicine, Baltimore, Maryland, 21287, United States",United States
NCT06739122,"University of Mississippi Medical Center, Jackson, Mississippi, 39216, United States",United States
NCT06739122,"University of New Mexico Hospital, Albuquerque, New Mexico, 87106, United States",United States
NCT06739122,"WBMD Pediatrics, Buffalo, New York, 14203, United States",United States
NCT06739122,"Cohen Children's Medical Center Division of Pediatric Endocrinology, Hyde Park, New York, 11042, United States",United States
NCT06739122,"SUNY Upstate Medical University, Syracuse, New York, 13210, United States",United States
NCT06739122,"UNC Children's Hospital, Chapel Hill, North Carolina, 27514, United States",United States
NCT06739122,"Childrens Hospital Medical Center, Cincinnati, Ohio, 45229, United States",United States
NCT06739122,"Cleveland Clinic Childrens Outpatient Center, Cleveland, Ohio, 44106, United States",United States
NCT06739122,"University of Oklahoma Health Sciences Center, Oklahoma City, Oklahoma, 73104, United States",United States
NCT06739122,"Children's Hospital of Philadelphia, Philadelphia, Pennsylvania, 19104, United States",United States
NCT06739122,"St Christophers Hospital For Children, Philadelphia, Pennsylvania, 19134, United States",United States
NCT06739122,"Prisma Health Pediatric Endocrinology, Columbia, South Carolina, 29203, United States",United States
NCT06739122,"Prisma Health Midlands, Greenville, South Carolina, 29615, United States",United States
NCT06739122,"Research Institute of Dallas, Dallas, Texas, 75231, United States",United States
NCT06739122,"Texas Childrens Hospital, Houston, Texas, 77030, United States",United States
NCT06739122,"UT Health Houston, Houston, Texas, 77030, United States",United States
NCT06739122,"University of Utah, Salt Lake City, Utah, 84112, United States",United States
NCT06739122,"Seattle Children's Hospital, Seattle, Washington, 98105, United States",United States
NCT06739122,"Children's Wisconsin - Milwaukee Campus, Milwaukee, Wisconsin, 53226, United States",United States
NCT06739122,"Centro Medico Dra. Laura Maffei- Investigacion Clinica Aplicada, Buenos Aires, C1425, Argentina",Argentina
NCT06739122,"Centro de Investigaciones Médicas Mar del Plata, Mar del Plata, B7600FYK, Argentina",Argentina
NCT06739122,"INECO Neurociencias Oroño, Rosario, 2000, Argentina",Argentina
NCT06739122,"Clínica Mayo de Urgencias Médicas Cruz Blanca S.R.L, San Miguel de Tucumán, T4000IHE, Argentina",Argentina
NCT06739122,"Go Centro Medico San Nicolás, San Nicolás, 2900, Argentina",Argentina
NCT06739122,"Centro de Estudios de Investigacion Metabolicos y Cardiovasculares, Ciudad Madero, 89440, Mexico",Mexico
NCT06739122,"Hospital Angeles (HA) - Puebla, Puebla City, 72190, Mexico",Mexico
NCT06739122,"Clínica Cemain, Tampico, 89210, Mexico",Mexico
NCT06739122,"Innovacion y Desarrollo de Estrategias en Salud SA de CV, Tlalpan, 14090, Mexico",Mexico
NCT06739122,"Arké SMO S.A de C.V, Veracruz, 91910, Mexico",Mexico
NCT00044707,"ICSL-Clinical Studies, Fort Lauderdale, Florida, 33301, United States",United States
NCT05086445,"Medical Corporation Heishinkai OPHAC Hospital, Osaka, Osaka, 532-0003, Japan",Japan
NCT05086445,"P-One Clinic, Hachiōji, Tokyo, 192-0071, Japan",Japan
NCT05086445,"Clinical Research Hospital Tokyo, Shinjuku-ku, Tokyo, 162-0053, Japan",Japan
NCT05086445,"Medical Corporation Houeikai Sekino Clinical Pharmacology Clinic, Toshima City, Tokyo, 171-0014, Japan",Japan
NCT05086445,"Yokohama Minoru Clinic, Yokohama, 232-0064, Japan",Japan
NCT01494987,"Clinical Research Advantage/Desert Clinical Research, LLC, Mesa, Arizona, 85213, United States",United States
NCT01494987,"Desert Sun Clinical Research, LLC, Tucson, Arizona, 85710, United States",United States
NCT01494987,"Eclipse Clinical Research, Tucson, Arizona, 85745, United States",United States
NCT01494987,"Paul W. Davis, MD, PA, Pine Bluff, Arkansas, 71603, United States",United States
NCT01494987,"Southland Clinical Research Center, Inc., Fountain Valley, California, 92708, United States",United States
NCT01494987,"Valley Research, Fresno, California, 93720-2992, United States",United States
NCT01494987,"Del Rosario Medical Clinic, Inc., Huntington Park, California, 90255, United States",United States
NCT01494987,"Scripps Whittier Diabetes Institute, La Jolla, California, 92037, United States",United States
NCT01494987,"National Research Institute, Los Angeles, California, 90057, United States",United States
NCT01494987,"Spectrum Clinical Research Institute, Inc, Moreno Valley, California, 92553, United States",United States
NCT01494987,"Sacramento Heart and Vascular Medical Associates, Sacramento, California, 95825, United States",United States
NCT01494987,"Infosphere Clinical Research, West Hills, California, 91307, United States",United States
NCT01494987,"PAB Clinical Research, Brandon, Florida, 33511, United States",United States
NCT01494987,"Florida Research Network, LLC, Gainesville, Florida, 32605-4253, United States",United States
NCT01494987,"NewPhase Clinical Trials, Inc., Miami Beach, Florida, 33140, United States",United States
NCT01494987,"Suncoast Clinical Research, New Port Richey, Florida, 34652, United States",United States
NCT01494987,"Regenerate Clinical Trials, South Miami, Florida, 33143, United States",United States
NCT01494987,"Comprehensive Clinical Development, Inc., St. Petersburg, Florida, 33716, United States",United States
NCT01494987,"Clinical Research of Central Florida, Winter Haven, Florida, 33880, United States",United States
NCT01494987,"Synergy Therapeutic Partners, Atlanta, Georgia, 30127, United States",United States
NCT01494987,"CTL Research, Eagle, Idaho, 83616, United States",United States
NCT01494987,"Cedar-Crosse Research Center, Chicago, Illinois, 60607, United States",United States
NCT01494987,"LaPorte County Institute for Clinical Research, Michigan City, Indiana, 46360, United States",United States
NCT01494987,"L-MARC Research Center, Louisville, Kentucky, 40213, United States",United States
NCT01494987,"Horizon Research Group of Opelousas, Eunice, Louisiana, 70535, United States",United States
NCT01494987,"MD Medical Research, Oxon Hill, Maryland, 20745, United States",United States
NCT01494987,"IRC Clinics, Inc, Towson, Maryland, 21204, United States",United States
NCT01494987,"Endeavor Medical Research, PLC, Alpena, Michigan, 49707, United States",United States
NCT01494987,"Associated Internal Medicine Specialists, P.C., Battle Creek, Michigan, 49015, United States",United States
NCT01494987,"Albuquerque Clinical Trials, Albuquerque, New Mexico, 87102, United States",United States
NCT01494987,"PMG Research of Charlotte, Charlotte, North Carolina, 28209, United States",United States
NCT01494987,"PharmQuest, Greensboro, North Carolina, 27408, United States",United States
NCT01494987,"Clinical Inquest Center, Ltd., Beavercreek, Ohio, 45431, United States",United States
NCT01494987,"Infinity Research Group, LLC, Oklahoma City, Oklahoma, 73103, United States",United States
NCT01494987,"Southeastern Research Associates, Inc., Taylors, South Carolina, 29687, United States",United States
NCT01494987,"HCCA Clinical Research Solution, Franklin, Tennessee, 37067, United States",United States
NCT01494987,"Holston Medical Group, Kingsport, Tennessee, 37660-3256, United States",United States
NCT01494987,"New Phase Research & Development, Knoxville, Tennessee, 37923, United States",United States
NCT01494987,"The University of Texas Southwestern Medical Center at Dallas, Dallas, Texas, 75390, United States",United States
NCT01494987,"Excel Clinical Research, LLC, Houston, Texas, 77081, United States",United States
NCT01494987,"Texas Center for Drug Development, Inc., Houston, Texas, 77081, United States",United States
NCT01494987,"Humble Cardiology Associates, Humble, Texas, 77338, United States",United States
NCT01494987,"Cetero Research, San Antonio, Texas, 78229, United States",United States
NCT01494987,"Cetero Research, San Antonio, Texas, 78237, United States",United States
NCT01494987,"Highland Clinical Research, Salt Lake City, Utah, 84124, United States",United States
NCT01494987,"Jean Brown Research, Salt Lake City, Utah, 84124, United States",United States
NCT01494987,"Interni oddeleni, Havířov, Moravian-Silesian Region, 736 01, Czechia",Czechia
NCT01494987,"Drug Research Center, Balatonfüred, 8230, Hungary",Hungary
NCT01494987,"Synexus Hungary Ltd, Budapest, 1036, Hungary",Hungary
NCT01494987,"Markhot Ferenc Hospital, Eger, 3300, Hungary",Hungary
NCT01494987,"Kanizsai Dorottya Hospital, Nagykanizsa, 8800, Hungary",Hungary
NCT01494987,"Borbanya Praxis Kft., Outpatient Clinic, Nyíregyháza, 4400, Hungary",Hungary
NCT01494987,"Medifarma 98, Nyíregyháza, 4400, Hungary",Hungary
NCT01494987,"Hospital Universiti Sains Malaysia, Kubang Kerian, Kelantan, 16150, Malaysia",Malaysia
NCT01494987,"NZOZ Centrum Badan Klinicznych, Wroclaw, Lower Silesian Voivodeship, 50-349, Poland",Poland
NCT01494987,"Centrum Badan Klinicznych PI-House Sp. z o.o., Gdansk, Pomeranian Voivodeship, 80-546, Poland",Poland
NCT01494987,"LANDA - Specjalistyczne Gabinety Lekarskie, Krakow, 30-015, Poland",Poland
NCT01494987,"SPZOZ Uniwersytecki Szpital Kliniczny Nr 1 im. Norberta Barlickiego Uniwersytetu Medycznego w Łodzi, Oddział Kliniczny Diabetologii, Lodz, 90-153, Poland",Poland
NCT01494987,"NZOZ Centrum Badan Klinicznych Oswiecim, Oswięcim, 32-600, Poland",Poland
NCT01494987,"Centrum Terapii Wspolczesnej J.M. Jasnorzewska Sp. Komandytowo - Akcyjna, Lodz, Łódź Voivodeship, 90-242, Poland",Poland
NCT01494987,"NZOZ Centrum Medyczne Szpital Sw. Rodziny, Lodz, Łódź Voivodeship, 90-302, Poland",Poland
NCT01494987,"NZOZ Polimedica, Zgierz, Łódź Voivodeship, 95-100, Poland",Poland
NCT01494987,"CMI Morosanu V. Magdalena, Galati, Galați County, 800371, Romania",Romania
NCT01494987,"Spital Clinic Judetean de Urgenta Oradea Stationarul 1, Oradea, Jud Bihor, 410169, Romania",Romania
NCT01494987,"Consultmed SRL, Iași, Jud. Iasi, 700547, Romania",Romania
NCT01494987,"Centru Medical Dr. Negrisanu, Timișoara, Judical Timis, 300456, Romania",Romania
NCT01494987,"Institutul de Diabet, Nutritie si Boli Metabolice ""Dr. N. C. Paulescu"", Bucharest, 020042, Romania",Romania
NCT01494987,"Tehnomed Trading Srl, Bucharest, 020354, Romania",Romania
NCT01494987,"Institutul National De Diabet, Nutritie Si Boli Metabolice ""Prof. Dr. N.C. Paulescu"", Bucharest, 020475, Romania",Romania
NCT01494987,"O.D. Medica Srl, Bucharest, 020725, Romania",Romania
NCT01494987,"CMI Mateescu S. Ana-Maria, Constanța, 900675, Romania",Romania
NCT01494987,"Spitalul Clinic Judetean de Urgenta ""Sf. Apostol Andrei"" Galati, Galati, 800578, Romania",Romania
NCT01494987,"Diabmed Dr. Popescu Alexandrina SRL, Ploieşti, 100163, Romania",Romania
NCT01494987,"3rd Central Military Clinical Hospital named after A.A.Vishnevskogo, Arkhangel'skoye, 143420, Russia",Russia
NCT01494987,"GOU VPO ""Chita State Medical Academy"" of Minzdravsocrazvitie RF, Chita, 672090, Russia",Russia
NCT01494987,"""Clinic of New Medical Technology"" Company Limited, Dzerzhinskiy, 140091, Russia",Russia
NCT01494987,"Kemerovo Regional Clinical Hospital, Kemerovo, 650066, Russia",Russia
NCT01494987,"""Krasnoyarsk State Medical University n.a. Prof. V.F. Voyno-Yasenetsky, Krasnoyarsk, 660062, Russia",Russia
NCT01494987,"State Healthcare Institution of Moscow ""Cardiologival Dispensary #2 of Management Department of South Administrative District"", Moscow, 117556, Russia",Russia
NCT01494987,"Central Clinical Hospital of Russian Academy of Sciences, Moscow, 117593, Russia",Russia
NCT01494987,"Medical Sanitary Unit of Minestry of Internal Affairs of Russia in Moscow, Moscow, 127299, Russia",Russia
NCT01494987,"City Clinical Hospital # 13 of Avtozavodsky District of Nizhniy Novgorod, Nizhny Novgorod, 603018, Russia",Russia
NCT01494987,"Novosibirsk State Medical University, Novosibirsk, 630087, Russia",Russia
NCT01494987,"Scientific Research Institute of Physiology of Siberian Department RAMS, Novosibirsk, 630117, Russia",Russia
NCT01494987,"City Hospital # 38 named after N A Semashko, Pushkin, 196601, Russia",Russia
NCT01494987,"Rostov State Medical University, Rostov-on-Don, 344022, Russia",Russia
NCT01494987,"Ryazan State Medical University, Ryazan, 390005, Russia",Russia
NCT01494987,"Medinet, LLC, Saint Petersburg, 190000, Russia",Russia
NCT01494987,"North-Western State Medical Unversity n.a. I.I.Mechnikov, Saint Petersburg, 191015, Russia",Russia
NCT01494987,"Saint-Petersburg City Outpatient Clinic#37, Saint Petersburg, 191119, Russia",Russia
NCT01494987,"Military Medical Academy named after S.M. Kirov, Saint Petersburg, 191124, Russia",Russia
NCT01494987,"Saint-Petersburg state budgetary healthcare institution ""City Polyclinic #109"", Saint Petersburg, 192283, Russia",Russia
NCT01494987,"Alexanders City Hospital, Saint Petersburg, 193312, Russia",Russia
NCT01494987,"Clinical Hospital #122 n.a. Sokolov of FMBA, Saint Petersburg, 194291, Russia",Russia
NCT01494987,"ANO ""Medical Centre ""XXI century"", Saint Petersburg, 194354, Russia",Russia
NCT01494987,"St. Elizabeth City Hospital, Saint Petersburg, 195257, Russia",Russia
NCT01494987,"Krestovsky Island Medical Institute, LLC, Saint Petersburg, 197042, Russia",Russia
NCT01494987,"Federal Centre of Heart, Blood and Endocrinology named after V.A. Almazov, Saint Petersburg, 197341, Russia",Russia
NCT01494987,"International Medical Center ""SOGAZ"", LLC, Saint Petersburg, 198168, Russia",Russia
NCT01494987,"Saint-Petersburg City Pokrovskaya Hospital, Saint Petersburg, 199106, Russia",Russia
NCT01494987,"Center ""Diabetes"", LLC, Samara, 443067, Russia",Russia
NCT01494987,"Smolensk State Medical Academy, Sanatorium-Preventorium, Smolensk, 214019, Russia",Russia
NCT01494987,"Tyumen State Medical Academy, Tyumen, 625023, Russia",Russia
NCT01494987,"Voronezh Regional Clinical Hospital #1, Voronezh, 394082, Russia",Russia
NCT01494987,"City Hospital named after N.A.Semashko, Yaroslavl, 150002, Russia",Russia
NCT01494987,"Clinical Hospital for Emergency Care named after N.V. Solovyov, Yaroslavl, 150003, Russia",Russia
NCT01494987,"Medical Sanitary Unit of Novo-Yaroslavsky Oil Refinery, Yaroslavl, 150023, Russia",Russia
NCT01494987,"Yaroslavl Regional Clinical Hospital, Yaroslavl, 150062, Russia",Russia
NCT01494987,"The Urals State Medical Academy, Yekaterinburg, 620102, Russia",Russia
NCT01494987,"Clinical Center of Serbia, Belgrade, 11000, Serbia",Serbia
NCT01494987,"Zvezdara University Medical Center, Belgrade, 11000, Serbia",Serbia
NCT01494987,"Clinical Center of Kragujevac, Kragujevac, 34000, Serbia",Serbia
NCT01494987,"METABOLKLINIK s.r.o., Bratislava, Bratislava Region, 811 08, Slovakia",Slovakia
NCT01494987,"Metabolic Center of Dr. Katarina Raslova Ltd., Bratislava, Bratislava Region, 831 01, Slovakia",Slovakia
NCT01494987,"ARETEUS s.r.o., Diabetologicka ambulancia, Trebišov, Košice Region, 07501, Slovakia",Slovakia
NCT01494987,"MediVet s.r.o., Malacky, 901 01, Slovakia",Slovakia
NCT01494987,"ENDIAMED s.r.o, Dolný Kubín, Žilina Region, 02601, Slovakia",Slovakia
NCT01494987,"Newkwa Medical Centre, Newlands West, Durban, 4037, South Africa",South Africa
NCT01494987,"Drs. Naiker and Naicker Inc., Overport, Durban, 4001, South Africa",South Africa
NCT01494987,"Centre for Diabetes and Endocrinology Suite 1, Durban, 4091, South Africa",South Africa
NCT01494987,"Centre for Diabetes, Asthma and Allergy, Johannesburg, 01829, South Africa",South Africa
NCT01494987,"Soweto Clinical Trial Centre, Johannesburg, 1818, South Africa",South Africa
NCT01494987,"Centre fro Diabetes and Endocrinology (Pty) Ltd, Johannesburg, 2198, South Africa",South Africa
NCT01494987,"Aliwal Shoal Medical & Clinical Trial Centre, Kwa Zulu Natal, 4170, South Africa",South Africa
NCT01494987,"Paarl Research Centre, Paarl, Cape Town, 7647, South Africa",South Africa
NCT01494987,"Helderberg Clinical Trials Centre, Somerset West, 7130, South Africa",South Africa
NCT01494987,"Tiervlei Trial Centre, Western Cape, 7530, South Africa",South Africa
NCT01494987,"Chulalongkorn University, Patumwan, Bangkok, 10330, Thailand",Thailand
NCT01494987,"Phramongkutklao Hospital, Bangkok, 10400, Thailand",Thailand
NCT01494987,"Rajavithi Hospital, Bangkok, 10400, Thailand",Thailand
NCT01494987,"Songklanagarind Hospital, Songkhla, 90110, Thailand",Thailand
NCT01494987,"City Clinical Hospital#9, Dnipropetrovsk State Medical Academy, Dnipropetrovsk, 49023, Ukraine",Ukraine
NCT01494987,"Educational Scientific Medical Centre ""University clinic"" of Donetsk National Medical University n.a. M.Gorkiy, Donetsk, 83003, Ukraine",Ukraine
NCT01494987,"Administration of Medical Service and Rehabilitation of ""ARTEM"" State Holding Company, Kyiv, 04050, Ukraine",Ukraine
NCT01494987,"National Medical University n.a. O.O. Bogomolets, Chair of Family Medicine based on Outpatient Clinic # 2 of Shevchenkovsky District, Kyiv, 04050, Ukraine",Ukraine
NCT01494987,"V. P. Komissarenko Institute of Endocrinology and Metabolism of AMS of Ukraine, Kyiv, 04114, Ukraine",Ukraine
NCT01494987,"Municipal Institution Lutsk City Clinical Hospital, Lutsk, 43024, Ukraine",Ukraine
NCT01494987,"Lviv Regional Endocrinology Dispensary, Lviv, 79010, Ukraine",Ukraine
NCT01494987,"Odessa State Medical University, Odesa, 65039, Ukraine",Ukraine
NCT01494987,"Zhytomyr Regional Clinical Hospital, Zhytomyr, 10002, Ukraine",Ukraine
NCT03940482,"Singapore General Hospital (Clinical Trials and Research Centre), Singapore, 169608, Singapore",Singapore
NCT07484672,"JPMC Hospital, Karachi, Sindh, 75510, Pakistan",Pakistan
NCT07659574,"The Second Xiangya Hospital of Central South University, Hunan, Changsha, China",China
NCT07662109,"Research Site, Huntsville, Alabama, 35801, United States",United States
NCT07662109,"Research Site, Mobile, Alabama, 36608, United States",United States
NCT07662109,"Research Site, Sheffield, Alabama, 35660, United States",United States
NCT07662109,"Research Site, Little Rock, Arkansas, 72205, United States",United States
NCT07662109,"Research Site, Bakersfield, California, 93309, United States",United States
NCT07662109,"Research Site, Los Angeles, California, 90017, United States",United States
NCT07662109,"Research Site, Ontario, California, 91762, United States",United States
NCT07662109,"Research Site, Lake City, Florida, 32055, United States",United States
NCT07662109,"Research Site, Lakeland, Florida, 33813, United States",United States
NCT07662109,"Research Site, Atlanta, Georgia, 30315, United States",United States
NCT07662109,"Research Site, Chicago, Illinois, 60640, United States",United States
NCT07662109,"Research Site, Skokie, Illinois, 60077, United States",United States
NCT07662109,"Research Site, Evansville, Indiana, 47714, United States",United States
NCT07662109,"Research Site, Sioux City, Iowa, 51106, United States",United States
NCT07662109,"Research Site, Zachary, Louisiana, 70791, United States",United States
NCT07662109,"Research Site, Annapolis, Maryland, 21401, United States",United States
NCT07662109,"Research Site, Lutherville-Timonium, Maryland, 21093, United States",United States
NCT07662109,"Research Site, Oxon Hill, Maryland, 20745, United States",United States
NCT07662109,"Research Site, Boston, Massachusetts, 02114, United States",United States
NCT07662109,"Research Site, Boston, Massachusetts, 02115, United States",United States
NCT07662109,"Research Site, Troy, Michigan, 48098, United States",United States
NCT07662109,"Research Site, Ridgeland, Mississippi, 39157, United States",United States
NCT07662109,"Research Site, Elkhorn, Nebraska, 68022, United States",United States
NCT07662109,"Research Site, Albuquerque, New Mexico, 87112, United States",United States
NCT07662109,"Research Site, Brooklyn, New York, 11201, United States",United States
NCT07662109,"Research Site, Raleigh, North Carolina, 27607, United States",United States
NCT07662109,"Research Site, Beachwood, Ohio, 44122, United States",United States
NCT07662109,"Research Site, Maumee, Ohio, 43537, United States",United States
NCT07662109,"Research Site, Norman, Oklahoma, 73069, United States",United States
NCT07662109,"Research Site, Kingsport, Tennessee, 37660, United States",United States
NCT07662109,"Research Site, Nashville, Tennessee, 37203, United States",United States
NCT07662109,"Research Site, Dallas, Texas, 75230, United States",United States
NCT07662109,"Research Site, McKinney, Texas, 75069, United States",United States
NCT07662109,"Research Site, Paris, Texas, 75462, United States",United States
NCT07662109,"Research Site, San Antonio, Texas, 78229, United States",United States
NCT07662109,"Research Site, South Jordan, Utah, 84095, United States",United States
NCT07662109,"Research Site, Arlington, Virginia, 22205, United States",United States
NCT07662109,"Research Site, Newport News, Virginia, 23606, United States",United States
NCT07662109,"Research Site, Redmond, Washington, 98052, United States",United States
NCT07662109,"Research Site, Kingwood, West Virginia, 26537, United States",United States
NCT07662109,"Research Site, Buenos Aires, C1012AAR, Argentina",Argentina
NCT07662109,"Research Site, Buenos Aires, C1425AGC, Argentina",Argentina
NCT07662109,"Research Site, CABA, C1120AAC, Argentina",Argentina
NCT07662109,"Research Site, Caba, C1128AAF, Argentina",Argentina
NCT07662109,"Research Site, Ciudad de Buenos Aires, C1094AAD, Argentina",Argentina
NCT07662109,"Research Site, Mar del Plata, B7600GNY, Argentina",Argentina
NCT07662109,"Research Site, Rosario, S2000CVD, Argentina",Argentina
NCT07662109,"Research Site, San Nicolás, B2900DMH, Argentina",Argentina
NCT07662109,"Research Site, San Vicente, 5006, Argentina",Argentina
NCT07662109,"Research Site, Barretos, 14784-400, Brazil",Brazil
NCT07662109,"Research Site, Brasília, 71625-009, Brazil",Brazil
NCT07662109,"Research Site, Campinas, 13060-904, Brazil",Brazil
NCT07662109,"Research Site, Curitiba, 80030-480, Brazil",Brazil
NCT07662109,"Research Site, Fortaleza, 60430-350, Brazil",Brazil
NCT07662109,"Research Site, Natal, 59020-035, Brazil",Brazil
NCT07662109,"Research Site, Porto Alegre, 90630-165, Brazil",Brazil
NCT07662109,"Research Site, Rio de Janeiro, 22270-060, Brazil",Brazil
NCT07662109,"Research Site, São José dos Campos, 12243-280, Brazil",Brazil
NCT07662109,"Research Site, São Paulo, 01228-200, Brazil",Brazil
NCT07662109,"Research Site, São Paulo, 04012-180, Brazil",Brazil
NCT07662109,"Research Site, Baotou, China",China
NCT07662109,"Research Site, Beijing, 100044, China",China
NCT07662109,"Research Site, Beijing, 100050, China",China
NCT07662109,"Research Site, Beijing, 102218, China",China
NCT07662109,"Research Site, Changde, 415000, China",China
NCT07662109,"Research Site, Changsha, 410015, China",China
NCT07662109,"Research Site, Changzhou, 272100, China",China
NCT07662109,"Research Site, Chengdu, 610078, China",China
NCT07662109,"Research Site, Chengdu, 611130, China",China
NCT07662109,"Research Site, Chenzhou, 423000, China",China
NCT07662109,"Research Site, Chifeng, 024000, China",China
NCT07662109,"Research Site, Hangzhou, 310014, China",China
NCT07662109,"Research Site, Hefei, 230601, China",China
NCT07662109,"Research Site, Huai'an, 223005, China",China
NCT07662109,"Research Site, Jinan, 250031, China",China
NCT07662109,"Research Site, Jincheng, 048000, China",China
NCT07662109,"Research Site, Jining, 272006, China",China
NCT07662109,"Research Site, Jinzhou Shi, 121001, China",China
NCT07662109,"Research Site, Kaifeng, 475000, China",China
NCT07662109,"Research Site, Langfang, 065000, China",China
NCT07662109,"Research Site, Liangyugang, 222002, China",China
NCT07662109,"Research Site, Luoyang, 471009, China",China
NCT07662109,"Research Site, Meihekou, 135022, China",China
NCT07662109,"Research Site, Nanjing, 210011, China",China
NCT07662109,"Research Site, Nantong, 226001, China",China
NCT07662109,"Research Site, Nanyang, 473009, China",China
NCT07662109,"Research Site, Pinggu, 101200, China",China
NCT07662109,"Research Site, Pingxiang, 337055, China",China
NCT07662109,"Research Site, Sanya, 572000, China",China
NCT07662109,"Research Site, Shanghai, 200062, China",China
NCT07662109,"Research Site, Shanghai, 201199, China",China
NCT07662109,"Research Site, Shantou, 515065, China",China
NCT07662109,"Research Site, Shenyang, 110004, China",China
NCT07662109,"Research Site, Shenyang, 110023, China",China
NCT07662109,"Research Site, Shijiazhuang, 050000, China",China
NCT07662109,"Research Site, Shijiazhuang, 050001, China",China
NCT07662109,"Research Site, Tianjin, 300000, China",China
NCT07662109,"Research Site, Wuhan, 430010, China",China
NCT07662109,"Research Site, Wuhu, 241004, China",China
NCT07662109,"Research Site, Xi'an, 710077, China",China
NCT07662109,"Research Site, Xiangyang, 441000, China",China
NCT07662109,"Research Site, Xianyang, 712000, China",China
NCT07662109,"Research Site, Xuzhou, 221000, China",China
NCT07662109,"Research Site, Xuzhou, 221009, China",China
NCT07662109,"Research Site, Yan’an, 716000, China",China
NCT07662109,"Research Site, Yueyang, 414000, China",China
NCT07662109,"Research Site, Zhumadian, 463000, China",China
NCT07662109,"Research Site, Zibo, 255499, China",China
NCT07662109,"Research Site, Hradec Králové, 500 02, Czechia",Czechia
NCT07662109,"Research Site, Humpolec, 396 01, Czechia",Czechia
NCT07662109,"Research Site, Jílové u Prahy, 254 01, Czechia",Czechia
NCT07662109,"Research Site, Ostrava, 702 00, Czechia",Czechia
NCT07662109,"Research Site, Prague, 147 00, Czechia",Czechia
NCT07662109,"Research Site, Prague, 149 00, Czechia",Czechia
NCT07662109,"Research Site, Prague, 160 00, Czechia",Czechia
NCT07662109,"Research Site, Příbram, 261 01, Czechia",Czechia
NCT07662109,"Research Site, Aarhus N, 8200, Denmark",Denmark
NCT07662109,"Research Site, Esbjerg, 6700, Denmark",Denmark
NCT07662109,"Research Site, Gandrup, 9362, Denmark",Denmark
NCT07662109,"Research Site, Herlev, 2730, Denmark",Denmark
NCT07662109,"Research Site, Hillerød, 3400, Denmark",Denmark
NCT07662109,"Research Site, Hvidovre, 2650, Denmark",Denmark
NCT07662109,"Research Site, Odense, 5000, Denmark",Denmark
NCT07662109,"Research Site, Berlin, 13597, Germany",Germany
NCT07662109,"Research Site, Cologne, 51069, Germany",Germany
NCT07662109,"Research Site, Damme, 49401, Germany",Germany
NCT07662109,"Research Site, Deggingen, 73326, Germany",Germany
NCT07662109,"Research Site, Duisburg, 47269, Germany",Germany
NCT07662109,"Research Site, Essen, 45355, Germany",Germany
NCT07662109,"Research Site, Falkensee, 14612, Germany",Germany
NCT07662109,"Research Site, Frankfurt, 60596, Germany",Germany
NCT07662109,"Research Site, Hamburg, 22607, Germany",Germany
NCT07662109,"Research Site, Leipzig, 04249, Germany",Germany
NCT07662109,"Research Site, Münster, 48145, Germany",Germany
NCT07662109,"Research Site, Nittendorf, 93152, Germany",Germany
NCT07662109,"Research Site, Pohlheim, 35415, Germany",Germany
NCT07662109,"Research Site, Villingen-Schwenningen, 78048, Germany",Germany
NCT07662109,"Research Site, Wallerfing, 94574, Germany",Germany
NCT07662109,"Research Site, Weinheim, 69469, Germany",Germany
NCT07662109,"Research Site, Alexandroupoli, 68100, Greece",Greece
NCT07662109,"Research Site, Athens, 115 25, Greece",Greece
NCT07662109,"Research Site, Athens, 11527, Greece",Greece
NCT07662109,"Research Site, Athens, 17562, Greece",Greece
NCT07662109,"Research Site, Ioannina, 45500, Greece",Greece
NCT07662109,"Research Site, Thessaloniki, 54635, Greece",Greece
NCT07662109,"Research Site, Thessaloniki, 54642, Greece",Greece
NCT07662109,"Research Site, Thessaloniki, 54645, Greece",Greece
NCT07662109,"Research Site, Budapest, 1036, Hungary",Hungary
NCT07662109,"Research Site, Budapest, 1089, Hungary",Hungary
NCT07662109,"Research Site, Debrecen, 4032, Hungary",Hungary
NCT07662109,"Research Site, Salgótarján, 3100, Hungary",Hungary
NCT07662109,"Research Site, Szeged, 6725, Hungary",Hungary
NCT07662109,"Research Site, Szolnok, 5000, Hungary",Hungary
NCT07662109,"Research Site, Zalaegerszeg, 8900, Hungary",Hungary
NCT07662109,"Research Site, Bangalore, 560 092, India",India
NCT07662109,"Research Site, Belagavi, 590006, India",India
NCT07662109,"Research Site, Belagavi, 590010, India",India
NCT07662109,"Research Site, Calicut, 673008, India",India
NCT07662109,"Research Site, Chennai, 600086, India",India
NCT07662109,"Research Site, Coimbatore, 641018, India",India
NCT07662109,"Research Site, Guwahati, 781032, India",India
NCT07662109,"Research Site, Indore, 452008, India",India
NCT07662109,"Research Site, Jaipur, 302017, India",India
NCT07662109,"Research Site, Kochi, 682040, India",India
NCT07662109,"Research Site, Kochi, 682041, India",India
NCT07662109,"Research Site, Lucknow, 226030, India",India
NCT07662109,"Research Site, Madurai, 625020, India",India
NCT07662109,"Research Site, Mumbai, 400012, India",India
NCT07662109,"Research Site, Nagpur, 440010, India",India
NCT07662109,"Research Site, New Delhi, 11029, India",India
NCT07662109,"Research Site, Thiruvananthapuram, 695031, India",India
NCT07662109,"Research Site, Chūōku, 103-0027, Japan",Japan
NCT07662109,"Research Site, Hachioji-shi, 192-0083, Japan",Japan
NCT07662109,"Research Site, Ichikawa-shi, 272-8516, Japan",Japan
NCT07662109,"Research Site, Kishiwada-shi, 596-8501, Japan",Japan
NCT07662109,"Research Site, Meguro-ku, 153-0053, Japan",Japan
NCT07662109,"Research Site, Mito, 310-0826, Japan",Japan
NCT07662109,"Research Site, Sapporo, 060-0061, Japan",Japan
NCT07662109,"Research Site, Shinjuku-ku, 160-0008, Japan",Japan
NCT07662109,"Research Site, Tama-shi, 206-0033, Japan",Japan
NCT07662109,"Research Site, Yamato-shi, 242-0004, Japan",Japan
NCT07662109,"Research Site, Alor Star, 05400, Malaysia",Malaysia
NCT07662109,"Research Site, Ipoh, 30450, Malaysia",Malaysia
NCT07662109,"Research Site, Kangar, 01000, Malaysia",Malaysia
NCT07662109,"Research Site, Kuala Lumpur, 59100, Malaysia",Malaysia
NCT07662109,"Research Site, Sarawak Miri, 98000, Malaysia",Malaysia
NCT07662109,"Research Site, Seremban, 70300, Malaysia",Malaysia
NCT07662109,"Research Site, Seri Manjung, 32040, Malaysia",Malaysia
NCT07662109,"Research Site, Cuernavaca, 62448, Mexico",Mexico
NCT07662109,"Research Site, Bialystok, 15-897, Poland",Poland
NCT07662109,"Research Site, Częstochowa, 42-217, Poland",Poland
NCT07662109,"Research Site, Kielce, 25-355, Poland",Poland
NCT07662109,"Research Site, Lodz, 90-338, Poland",Poland
NCT07662109,"Research Site, Lublin, 20-718, Poland",Poland
NCT07662109,"Research Site, Poznan, 60-354, Poland",Poland
NCT07662109,"Research Site, Radom, 26-600, Poland",Poland
NCT07662109,"Research Site, Warsaw, 00-124, Poland",Poland
NCT07662109,"Research Site, Warsaw, 02-507, Poland",Poland
NCT07662109,"Research Site, San Juan, 00918, Puerto Rico",Puerto Rico
NCT07662109,"Research Site, Bojnice, 97201, Slovakia",Slovakia
NCT07662109,"Research Site, Bratislava, 81108, Slovakia",Slovakia
NCT07662109,"Research Site, Lučenec, 984 01, Slovakia",Slovakia
NCT07662109,"Research Site, Námestovo, 029 01, Slovakia",Slovakia
NCT07662109,"Research Site, Rožňava, 048 01, Slovakia",Slovakia
NCT07662109,"Research Site, Trebišov, 075 01, Slovakia",Slovakia
NCT07662109,"Research Site, Vrútky, 038 61, Slovakia",Slovakia
NCT07662109,"Research Site, Žilina, 010 01, Slovakia",Slovakia
NCT07662109,"Research Site, Brackenfell, 7560, South Africa",South Africa
NCT07662109,"Research Site, Cape Town, 7500, South Africa",South Africa
NCT07662109,"Research Site, Cape Town, 7570, South Africa",South Africa
NCT07662109,"Research Site, Claremont, 7708, South Africa",South Africa
NCT07662109,"Research Site, Durban, 4091, South Africa",South Africa
NCT07662109,"Research Site, Durban, 4093, South Africa",South Africa
NCT07662109,"Research Site, eMkhomazi, 4170, South Africa",South Africa
NCT07662109,"Research Site, Johannesburg, 1827, South Africa",South Africa
NCT07662109,"Research Site, KwaDukuza, 4449, South Africa",South Africa
NCT07662109,"Research Site, Paarl, 7646, South Africa",South Africa
NCT07662109,"Research Site, Pretoria, 0083, South Africa",South Africa
NCT07662109,"Research Site, Goyang-si, 411-706, South Korea",South Korea
NCT07662109,"Research Site, Guri-si, 11923, South Korea",South Korea
NCT07662109,"Research Site, Gwangju, 61453, South Korea",South Korea
NCT07662109,"Research Site, Gyeonggi-do, 13620, South Korea",South Korea
NCT07662109,"Research Site, Seoul, 03722, South Korea",South Korea
NCT07662109,"Research Site, Seoul, 06273, South Korea",South Korea
NCT07662109,"Research Site, Seoul, 136-705, South Korea",South Korea
NCT07662109,"Research Site, Suwon, 16499, South Korea",South Korea
NCT07662109,"Research Site, Yangsan, 50612, South Korea",South Korea
NCT07662109,"Research Site, Changhua, 500, Taiwan",Taiwan
NCT07662109,"Research Site, Kaohsiung City, 80756, Taiwan",Taiwan
NCT07662109,"Research Site, Kaohsiung City, 813, Taiwan",Taiwan
NCT07662109,"Research Site, New Taipei City, 220, Taiwan",Taiwan
NCT07662109,"Research Site, New Taipei City, 24352, Taiwan",Taiwan
NCT07662109,"Research Site, Taichung, 40201, Taiwan",Taiwan
NCT07662109,"Research Site, Taichung, 40705, Taiwan",Taiwan
NCT07662109,"Research Site, Taichung, 433004, Taiwan",Taiwan
NCT07662109,"Research Site, Tainan, 70403, Taiwan",Taiwan
NCT07662109,"Research Site, Tainan County, 71044, Taiwan",Taiwan
NCT07662109,"Research Site, Taipei, 10002, Taiwan",Taiwan
NCT07662109,"Research Site, Taoyuan, 333, Taiwan",Taiwan
NCT07662109,"Research Site, Bangkok, 10400, Thailand",Thailand
NCT07662109,"Research Site, Banphaeo, 74120, Thailand",Thailand
NCT07662109,"Research Site, Changwat Sara Buri, 18000, Thailand",Thailand
NCT07662109,"Research Site, Khlong Luang, 12120, Thailand",Thailand
NCT07662109,"Research Site, Khon Kaen, 40002, Thailand",Thailand
NCT07662109,"Research Site, Muang, 70000, Thailand",Thailand
NCT07662109,"Research Site, Mueang, 20000, Thailand",Thailand
NCT07662109,"Research Site, Ratchathewi, 10400, Thailand",Thailand
NCT07662109,"Research Site, Ankara, 06540, Turkey (Türkiye)",Turkey (Türkiye)
NCT07662109,"Research Site, Ankara, 6200, Turkey (Türkiye)",Turkey (Türkiye)
NCT07662109,"Research Site, Gaziantep, 27470, Turkey (Türkiye)",Turkey (Türkiye)
NCT07662109,"Research Site, Istanbul, 34010, Turkey (Türkiye)",Turkey (Türkiye)
NCT07662109,"Research Site, Istanbul, 34265, Turkey (Türkiye)",Turkey (Türkiye)
NCT07662109,"Research Site, Istanbul, 34384, Turkey (Türkiye)",Turkey (Türkiye)
NCT07662109,"Research Site, Konya, 42130, Turkey (Türkiye)",Turkey (Türkiye)
NCT07662109,"Research Site, Kyiv, 02002, Ukraine",Ukraine
NCT07662109,"Research Site, Kyiv, 03037, Ukraine",Ukraine
NCT07662109,"Research Site, Kyiv, 03049, Ukraine",Ukraine
NCT07662109,"Research Site, Kyiv, 03057, Ukraine",Ukraine
NCT07662109,"Research Site, Kyiv, 04114, Ukraine",Ukraine
NCT07662109,"Research Site, Kyiv, 04210, Ukraine",Ukraine
NCT07662109,"Research Site, Lviv, 79010, Ukraine",Ukraine
NCT07662109,"Research Site, Lviv, 79016, Ukraine",Ukraine
NCT07662109,"Research Site, Uzhhorod, 88002, Ukraine",Ukraine
NCT07662109,"Research Site, Uzhhorod, 88014, Ukraine",Ukraine
NCT07662109,"Research Site, Vinnytsia, 21001, Ukraine",Ukraine
NCT07662109,"Research Site, Blackburn, BB2 1AX, United Kingdom",United Kingdom
NCT07662109,"Research Site, Dundee, DD1 9SY, United Kingdom",United Kingdom
NCT07662109,"Research Site, Guisborough, TS14 7DJ, United Kingdom",United Kingdom
NCT07662109,"Research Site, Nantwich, CW5 5NX, United Kingdom",United Kingdom
NCT07662109,"Research Site, Rotherham, S65 1DA, United Kingdom",United Kingdom
NCT07662109,"Research Site, Thetford, IP24 1JD, United Kingdom",United Kingdom
NCT07662109,"Research Site, Weston-super-Mare, BS24 7PR, United Kingdom",United Kingdom
NCT07662109,"Research Site, Witney, OX28 6JS, United Kingdom",United Kingdom
NCT07662109,"Research Site, Woodbridge, IP136TH, United Kingdom",United Kingdom
NCT07662109,"Research Site, Yate, BS37 4AX, United Kingdom",United Kingdom
NCT07662109,"Research Site, Hanoi, 10000, Vietnam",Vietnam
NCT07662109,"Research Site, Ho Chi Minh City, 700000, Vietnam",Vietnam
NCT07662109,"Research Site, Hochiminh City, 700000, Vietnam",Vietnam
NCT07662109,"Research Site, Hochiminh, 700000, Vietnam",Vietnam
NCT07662109,"Research Site, Hồ Chí Minh, 700000, Vietnam",Vietnam
NCT07662109,"Research Site, Huế, 530000, Vietnam",Vietnam
NCT07662109,"Research Site, Rach Gia, 920000, Vietnam",Vietnam
NCT07122102,"He'nan Provincial People's Hospital, Zhengzhou, Henan, China",China
NCT01105429,"Profil Institute For Clinical Research, Inc. (Picr), Chula Vista, California, 91911, United States",United States
NCT01105429,"Clinical Pharmacology Of Miami Inc., Miami, Florida, 33014, United States",United States
NCT01105429,"Elite Research Institute, Miami, Florida, 33169, United States",United States
NCT06290947,"Arab American University - Palestine, Jenin, P.O Box 24, Palestinian Territories",Palestinian Territories
NCT03829891,"Chang'an Hospital, Xi'an, China,Shanxi, 710016, China",China
NCT03829891,"Shaanxi Aerospace Hospital, Xi'an, China,Shanxi, 710025, China",China
NCT05026528,"Boxholms vårdcentral, Boxholm, Sweden",Sweden
NCT05026528,"Eksjö vårdcentral, Eksjö, Sweden",Sweden
NCT05026528,"Gislaved vårdcentral, Gislaved, Sweden",Sweden
NCT05026528,"Rosenhälsans vårdcentral, Huskvarna, Sweden",Sweden
NCT05026528,"Gränna vårdcentral, Jönköping, Sweden",Sweden
NCT05026528,"Lokstallarna vårdcentral, Jönköping, Sweden",Sweden
NCT05026528,"Norrahammars vårdcentral, Jönköping, Sweden",Sweden
NCT05026528,"Råslätts vårdcentral, Jönköping, Sweden",Sweden
NCT05026528,"Wetterhälsan, Jönköping, Sweden",Sweden
NCT05026528,"Kvarnholmens hälsocentral, Kalmar, Sweden",Sweden
NCT05026528,"Kärna vårdcentral, Linköping, Sweden",Sweden
NCT05026528,"Linghems vårdcentral, Linköping, Sweden",Sweden
NCT05026528,"Tannefors vårdcentral, Linköping, Sweden",Sweden
NCT05026528,"Stora Trädgårdsgatans hälsocentral, Västervik, Sweden",Sweden
NCT05026528,"Aroma Vårdcentral, Vetlanda, Sweden",Sweden
NCT05629117,"Taipei Medical University, Taipei, Xinyi District, 100, Taiwan",Taiwan
NCT02189135,"Klinik Kesihatan Pandamaran, Klang, Selangor, 42000, Malaysia",Malaysia
NCT01299844,"University of Connecticut, Storrs, Connecticut, 06269-4017, United States",United States
NCT07060456,"Perking University Peoples' Hospital, Beijing, Beijing Municipality, 100044, China",China
NCT06235086,"Peking University People's Hospital, Beijing, Beijing Municipality, 100032, China",China
NCT05366868,"Center Hospital of the National Center for Global Health and Medicine, Shinjuku-Ku, Tokyo, 162-8655, Japan",Japan
NCT06273657,"Ryfylke apotek, Rennesøy, Rennesøy, 4150, Norway",Norway
NCT06273657,"Apotek 1 Veakrossen, Veavåg, Veavåg, 4276, Norway",Norway
NCT06273657,"Vitusapotek Åfjord, Åfjord, 7170, Norway",Norway
NCT06273657,"Apotek 1 Andslimoen, Bardufoss, 9325, Norway",Norway
NCT06273657,"Apotek 1 Brandbu, Brandbu, 2760, Norway",Norway
NCT06273657,"Apotek 1 Brummundal, Brumunddal, 2380, Norway",Norway
NCT06273657,"Sykehusapoteket i Drammen, Drammen, 3004, Norway",Norway
NCT06273657,"Vitusapotek Gjøvik, Gjøvik, 2806, Norway",Norway
NCT06273657,"Vitusapotek Jessheim, Jessheim, 2050, Norway",Norway
NCT06273657,"Boots apotek Kløfta, Kløfta, 2040, Norway",Norway
NCT06273657,"Vitusapotek Leksvik, Leksvik, 7120, Norway",Norway
NCT06273657,"Apotek 1 Lena, Lena, 2850, Norway",Norway
NCT06273657,"Boots apotek Loddefjord, Loddefjord, 5171, Norway",Norway
NCT06273657,"Sykehusapoteket i Oslo, Aker, Oslo, 0586, Norway",Norway
NCT06273657,"Vitusapotek Røa, Oslo, 0751, Norway",Norway
NCT06273657,"Vitusapotek Jekta, Tromsø, 9015, Norway",Norway
NCT06273657,"Sykehusapoteket i Trondheim, Trondheim, 7030, Norway",Norway
NCT06273657,"Vitusapotek Ulefoss, Ulefoss, 3830, Norway",Norway
NCT06273657,"Boots apotek Linnea, Øystese, 5610, Norway",Norway
NCT04823208,"Medical Corporation Heishinkai OCROM Clinic, Suita-shi, Osaka, 565-0853, Japan",Japan
NCT04823208,"P-one clinic, Hachiōji, Tokyo, 192-0071, Japan",Japan
NCT04823208,"Clinical Research Hospital Tokyo, Shinjuku-ku, Tokyo, 162-0053, Japan",Japan
NCT04823208,"Yokohama Minoru Clinic, Yokohama, 232-0064, Japan",Japan
NCT06972732,"The Catholic University of Korea, Seoul St. Mary's Hospital, Seoul, Seocho District, 06591, South Korea",South Korea
NCT04181424,"State University of New York at Buffalo, Buffalo, New York, 14203, United States",United States
NCT06459596,"Carnegie Mellon University, Pittsburgh, Pennsylvania, 15213, United States",United States
NCT04403217,NOVA Medical School,NOVA Medical School
NCT04403217,"Faculdade de Ciências Médicas, Universidade NOVA de Lisboa, Lisbon, 1169-056, Portugal",Portugal
NCT02222350,"Heishinkai Medical Group Incorporated OCROM Clinic, Kasuga, Osaka, 565-0853, Japan",Japan
NCT02001766,"Centre of Inflammation and Metabolism (CIM), Rigshospitalet, Tagensvej 20, section M7641, Copenhagen, 2100, Denmark",Denmark
NCT06176703,"Faculty of Medicine Ramathibodi Hospital, ฺBangkok, 10170, Thailand",Thailand
NCT03951753,"Profil Institut für Stoffwechselforschung, Neuss, North Rhine-Westphalia, 41460, Germany",Germany
NCT03951753,"Profil Mainz GmbH & Co. KG, Mainz, Rhineland-Palatinate, 55116, Germany",Germany
NCT05130463,"Cheonan Chungmu Hospital, Cheonan-si, Chungcheongnam-do, 31181, South Korea",South Korea
NCT05130463,"Woori-hospital, Bucheon-si, Gyeonggi-do, 14706, South Korea",South Korea
NCT05130463,"Seo Jung Hwa Internal medicine, Gwangmyeong, Gyeonggi-do, 14248, South Korea",South Korea
NCT05130463,"Samsung Internal medicine, Hanam, Gyeonggi-do, 12927, South Korea",South Korea
NCT05130463,"Brrunmadi Orthopedics, Seongnam-si, Gyeonggi-do, 13182, South Korea",South Korea
NCT05130463,"ST.Mary's Will Hospital, Seongnam-si, Gyeonggi-do, 13313, South Korea",South Korea
NCT05130463,"21Chospital, Seongnam-si, Gyeonggi-do, 13577, South Korea",South Korea
NCT05130463,"Seoul National University Bundang Hospital, Seongnam-si, Gyeonggi-do, 13620, South Korea",South Korea
NCT05130463,"Dr.Yoon's Clinic, Gyeongsan-si, Gyeongsangbuk-do, 38657, South Korea",South Korea
NCT05130463,"Yeongju gidok hospital, Yeongju, Gyeongsangbuk-do, 36096, South Korea",South Korea
NCT05130463,"Seoul NIM Clinic, Changwon-si,, Gyeongsangnam-do, 51595, South Korea",South Korea
NCT05130463,"Choi Bongki Internal Medicine, Changwon-si, Gyeongsangnam-do, 51449, South Korea",South Korea
NCT05130463,"Gyeongsang National Univ. Changwon Hospital, Changwon-si, Gyeongsangnam-do, 51472, South Korea",South Korea
NCT05130463,"Chonnam National Univ. Hwasun Hospital, Hwasun-gun, Jeollanam-do, 58128, South Korea",South Korea
NCT05130463,"Park Chang Hyun Clinic, Mokpo-si, Jeollanam-do, 58640, South Korea",South Korea
NCT05130463,"Mokpo Gospel Internal Medicine Clinic, Mokpo-si, Jeollanam-do, 58664, South Korea",South Korea
NCT05130463,"Park Il Jong Clinic, Mokpo-si, Jeollanam-do, 58707, South Korea",South Korea
NCT05130463,"Yeosu Jeil Hospital, Yeosu, Jeollanam-do, 59677, South Korea",South Korea
NCT05130463,"Yonsei Clinic, Busan, 46555, South Korea",South Korea
NCT05130463,"MyungJi Medical Center, Busan, 46726, South Korea",South Korea
NCT05130463,"Choi Won Rak Clinic, Busan, 49374, South Korea",South Korea
NCT05130463,"Daejeon Endo Internal Medicine, Daejeon, 35220, South Korea",South Korea
NCT05130463,"Good Morning Interanl medicine, Gwangju, 61675, South Korea",South Korea
NCT05130463,"Park Clinic, Gwangju, 62258, South Korea",South Korea
NCT05130463,"IBS Medical Clinic, Incheon, 22006, South Korea",South Korea
NCT05130463,"Dream Internal Medicine Clinic, Jeju City, 63083, South Korea",South Korea
NCT05130463,"D&F Hospital, Seoul, 02089, South Korea",South Korea
NCT05130463,"Kyung Hee University Medical Center, Seoul, 02447, South Korea",South Korea
NCT05130463,"Yonsei Checkup Clinic, Seoul, 05719, South Korea",South Korea
NCT05130463,"CBY Endocrine & Internal Medicine, Seoul, 08783, South Korea",South Korea
NCT00952991,"Mayo Clinic, Rochester, Minnesota, 55905, United States",United States
NCT04240171,"Tanta University Hospital, Tanta, El-Gharbia, 31527, Egypt",Egypt
NCT06819371,"Izmir Democracy University, Izmir, Turkey (Türkiye)",Turkey (Türkiye)
NCT05134662,"Altimmune CTM, Fort Myers, Florida, 33900, United States",United States
NCT05134662,"Altimmune CTM, Sarasota, Florida, 34230, United States",United States
NCT05134662,"Altimmune CTM, River Forest, Illinois, 60305, United States",United States
NCT05134662,"Altimmune CTM, Kansas City, Missouri, 64101, United States",United States
NCT05134662,"Altimmune CTM, Knoxville, Tennessee, 37922, United States",United States
NCT05134662,"Altimmune CTM, San Antonio, Texas, 78201, United States",United States
NCT05134662,"Altimmune CTM, Tomball, Texas, 77375, United States",United States
NCT04413357,"Orange County Research Center, Tustin, California, 92780, United States",United States
NCT06493955,"Cabinet Médical Bergerac, Bergerac, France",France
NCT06757751,"Beatriz Cancho Grande, Ourense, 32004, Spain",Spain
NCT04924400,"Geisinger, Danville, Pennsylvania, 17822, United States",United States
NCT04723550,"Department of Endocrinology, Xuzhou NO.1 Peoples Hospital, Xuzhou, Jiangsu, 221000, China",China
NCT06419816,"Kyung Hee University Medical Center, Seoul, South Korea",South Korea
NCT01865474,"Department of Internal Medicine, Faculty of Medicine, University of Andalas/ dr. M. Djamil Padang Hospital, Padang, West Sumatra, Indonesia",Indonesia
NCT03538743,"Anaheim Clinical Trials, LLC, Anaheim, California, 92801, United States",United States
NCT03538743,"Qps-Mra, Llc, South Miami, Florida, 33143, United States",United States
NCT03538743,"Qps-Mra,Llc, South Miami, Florida, 33143, United States",United States
NCT03538743,"Altasciences Clinical Kansas, Inc., Overland Park, Kansas, 66212, United States",United States
NCT01669616,"Blue Cross Blue Shield of Louisiana, Baton Rouge, Louisiana, 70809, United States",United States
NCT04755660,"Shin Kong Wu Ho-Su Memorial Hospital, Taipei, Taiwan",Taiwan
NCT04725890,"The BMI Clinic, Sydney, New South Wales, 2028, Australia",Australia
NCT04725890,"St Vincent's Hospital Melbourne, Fitzroy, Victoria, VIC 3065, Australia",Australia
NCT04217291,"PLA General Hospital, Beijing, Beijing Municipality, 100853, China",China
NCT04957914,"Profil Institut für Stoffwechselforschung, Neuss, North Rhine-Westphalia, 41460, Germany",Germany
NCT06974825,"The Third Xiangya Hospital of Central South University, Changsha, Hunan, China",China
NCT04143802,"Anaheim Clinical Trials, LLC, Anaheim, California, 92801, United States",United States
NCT04143802,"Miami Research Associates, Miami, Florida, 33143, United States",United States
NCT04143802,"PRA International, Lenexa, Kansas, 66219, United States",United States
NCT04143802,"Clinical Trials of Texas, Inc., San Antonio, Texas, 78229, United States",United States
NCT05281029,"Severance Hospital, Seoul, South Korea",South Korea
NCT05362071,"Federal University of Pelotas, Pelotas, Brazil, Pelotas, Rio Grande do Sul, 96055-630, Brazil",Brazil
NCT07662044,"Research Site, Birmingham, Alabama, 35205, United States",United States
NCT07662044,"Research Site, Daphne, Alabama, 36526, United States",United States
NCT07662044,"Research Site, Lomita, California, 90717, United States",United States
NCT07662044,"Research Site, Los Alamitos, California, 90720, United States",United States
NCT07662044,"Research Site, San Diego, California, 92111, United States",United States
NCT07662044,"Research Site, Walnut Creek, California, 94598, United States",United States
NCT07662044,"Research Site, Englewood, Colorado, 80110, United States",United States
NCT07662044,"Research Site, Bridgeport, Connecticut, 06606, United States",United States
NCT07662044,"Research Site, Jacksonville, Florida, 32256, United States",United States
NCT07662044,"Research Site, Orlando, Florida, 32801, United States",United States
NCT07662044,"Research Site, Conyers, Georgia, 30094, United States",United States
NCT07662044,"Research Site, Decatur, Georgia, 30030, United States",United States
NCT07662044,"Research Site, Hinesville, Georgia, 31313, United States",United States
NCT07662044,"Research Site, El Dorado, Kansas, 67042, United States",United States
NCT07662044,"Research Site, Newton, Kansas, 67114, United States",United States
NCT07662044,"Research Site, Lexington, Kentucky, 40509, United States",United States
NCT07662044,"Research Site, Mandeville, Louisiana, 70471, United States",United States
NCT07662044,"Research Site, Bowie, Maryland, 20715, United States",United States
NCT07662044,"Research Site, Southfield, Michigan, 48075, United States",United States
NCT07662044,"Research Site, Kansas City, Missouri, 64111, United States",United States
NCT07662044,"Research Site, St Louis, Missouri, 63141, United States",United States
NCT07662044,"Research Site, Las Vegas, Nevada, 89119, United States",United States
NCT07662044,"Research Site, Anderson, South Carolina, 29621, United States",United States
NCT07662044,"Research Site, Knoxville, Tennessee, 37909, United States",United States
NCT07662044,"Research Site, Fort Worth, Texas, 76135, United States",United States
NCT07662044,"Research Site, Irving, Texas, 75061, United States",United States
NCT07662044,"Research Site, Renton, Washington, 98057, United States",United States
NCT07662044,"Research Site, Buenos Aires, C1425AGC, Argentina",Argentina
NCT07662044,"Research Site, CABA, C1120AAC, Argentina",Argentina
NCT07662044,"Research Site, Caba, C1128AAF, Argentina",Argentina
NCT07662044,"Research Site, Ciudad de Buenos Aires, C1094AAD, Argentina",Argentina
NCT07662044,"Research Site, Mar del Plata, B7600GNY, Argentina",Argentina
NCT07662044,"Research Site, San Nicolás, B2900DMH, Argentina",Argentina
NCT07662044,"Research Site, San Vicente, 5006, Argentina",Argentina
NCT07662044,"Research Site, Santa Fe, S3000FWO, Argentina",Argentina
NCT07662044,"Research Site, Baotou, 014030, China",China
NCT07662044,"Research Site, Binzhou, 256606, China",China
NCT07662044,"Research Site, Cangzhou, 061002, China",China
NCT07662044,"Research Site, Changsha, 430033, China",China
NCT07662044,"Research Site, Chengdu, 610081, China",China
NCT07662044,"Research Site, Ganzhou, 341099, China",China
NCT07662044,"Research Site, Haikou, 570208, China",China
NCT07662044,"Research Site, Hangzhou, 310006, China",China
NCT07662044,"Research Site, Huangshi, 435000, China",China
NCT07662044,"Research Site, Huzhou, 313003, China",China
NCT07662044,"Research Site, Jinan, 250013, China",China
NCT07662044,"Research Site, Jinzhou, 121002, China",China
NCT07662044,"Research Site, Lanzhou, 730000, China",China
NCT07662044,"Research Site, Lianyungang, 222023, China",China
NCT07662044,"Research Site, Liaocheng, 252000, China",China
NCT07662044,"Research Site, Liuzhou, 545006, China",China
NCT07662044,"Research Site, Loudi, 417099, China",China
NCT07662044,"Research Site, Luoyang, 471001, China",China
NCT07662044,"Research Site, Luoyang, 471003, China",China
NCT07662044,"Research Site, Nanchang, 330006, China",China
NCT07662044,"Research Site, Nanjing, 2100008, China",China
NCT07662044,"Research Site, Nanjing, 211100, China",China
NCT07662044,"Research Site, Nanyang, 473000, China",China
NCT07662044,"Research Site, Ningbo, 315010, China",China
NCT07662044,"Research Site, Panjin, 124000, China",China
NCT07662044,"Research Site, Qingdao, 266035, China",China
NCT07662044,"Research Site, Sanmenxia, 472000, China",China
NCT07662044,"Research Site, Shanghai, 200040, China",China
NCT07662044,"Research Site, Suining Shi, 629000, China",China
NCT07662044,"Research Site, Tonghua, 134000, China",China
NCT07662044,"Research Site, Xi'an, 710077, China",China
NCT07662044,"Research Site, Xiangtan, 411100, China",China
NCT07662044,"Research Site, Xuancheng, 242000, China",China
NCT07662044,"Research Site, Yibin, 610500, China",China
NCT07662044,"Research Site, Yichang, 443003, China",China
NCT07662044,"Research Site, Yuncheng, 044099, China",China
NCT07662044,"Research Site, Zhengzhou, 450002, China",China
NCT07662044,"Research Site, Zhengzhou, 450012, China",China
NCT07662044,"Research Site, Zhenjiang, 212002, China",China
NCT07662044,"Research Site, Gandrup, 9362, Denmark",Denmark
NCT07662044,"Research Site, Herlev, 2730, Denmark",Denmark
NCT07662044,"Research Site, Hillerød, 3400, Denmark",Denmark
NCT07662044,"Research Site, Hvidovre, 2650, Denmark",Denmark
NCT07662044,"Research Site, Athens, 10676, Greece",Greece
NCT07662044,"Research Site, Athens, 11526, Greece",Greece
NCT07662044,"Research Site, Athens, 12131, Greece",Greece
NCT07662044,"Research Site, Athens, 15125, Greece",Greece
NCT07662044,"Research Site, Heraklion, 71500, Greece",Greece
NCT07662044,"Research Site, Piraeus, 18454, Greece",Greece
NCT07662044,"Research Site, Piraeus, 18536, Greece",Greece
NCT07662044,"Research Site, Thessaloniki, 54636, Greece",Greece
NCT07662044,"Research Site, Thessaloniki, 57001, Greece",Greece
NCT07662044,"Research Site, Thessaloniki, 57010, Greece",Greece
NCT07662044,"Research Site, Budapest, 1027, Hungary",Hungary
NCT07662044,"Research Site, Budapest, 1036, Hungary",Hungary
NCT07662044,"Research Site, Budapest, 1138, Hungary",Hungary
NCT07662044,"Research Site, Debrecen, 4032, Hungary",Hungary
NCT07662044,"Research Site, Dunaújváros, 2400, Hungary",Hungary
NCT07662044,"Research Site, Szeged, 6725, Hungary",Hungary
NCT07662044,"Research Site, Szolnok, 5000, Hungary",Hungary
NCT07662044,"Research Site, Amagasaki-shi, 660-8550, Japan",Japan
NCT07662044,"Research Site, Chiba, 261-0004, Japan",Japan
NCT07662044,"Research Site, Chitose-shi, 066-0032, Japan",Japan
NCT07662044,"Research Site, Chūōku, 1040031, Japan",Japan
NCT07662044,"Research Site, Koga-shi, 306-0232, Japan",Japan
NCT07662044,"Research Site, Minatoku, 105-0004, Japan",Japan
NCT07662044,"Research Site, Okayama, 701-1192, Japan",Japan
NCT07662044,"Research Site, Oyama-shi, 323-0022, Japan",Japan
NCT07662044,"Research Site, Shinjuku-ku, 169-0072, Japan",Japan
NCT07662044,"Research Site, Zentsuji-shi, 765-0071, Japan",Japan
NCT07662044,"Research Site, Bratislava, 81108, Slovakia",Slovakia
NCT07662044,"Research Site, Bratislava, 831 03, Slovakia",Slovakia
NCT07662044,"Research Site, Košice, 04001, Slovakia",Slovakia
NCT07662044,"Research Site, Martin, 036 01, Slovakia",Slovakia
NCT07662044,"Research Site, Námestovo, 02901, Slovakia",Slovakia
NCT07662044,"Research Site, Poprad, 05845, Slovakia",Slovakia
NCT07662044,"Research Site, Rožňava, 048 01, Slovakia",Slovakia
NCT07662044,"Research Site, Brackenfell, 7560, South Africa",South Africa
NCT07662044,"Research Site, Cape Town, 7500, South Africa",South Africa
NCT07662044,"Research Site, Cape Town, 7570, South Africa",South Africa
NCT07662044,"Research Site, Claremont, 7708, South Africa",South Africa
NCT07662044,"Research Site, Durban, 4093, South Africa",South Africa
NCT07662044,"Research Site, eMkhomazi, 4170, South Africa",South Africa
NCT07662044,"Research Site, Johannesburg, 1827, South Africa",South Africa
NCT07662044,"Research Site, KwaDukuza, 4449, South Africa",South Africa
NCT07662044,"Research Site, Paarl, 7646, South Africa",South Africa
NCT07662044,"Research Site, Pretoria, 2, South Africa",South Africa
NCT07662044,"Research Site, Jongno-gu, 110-746, South Korea",South Korea
NCT07662044,"Research Site, Seongnam-si, 463-712, South Korea",South Korea
NCT07662044,"Research Site, Seoul, 03080, South Korea",South Korea
NCT07662044,"Research Site, Seoul, 5505, South Korea",South Korea
NCT07662044,"Research Site, Barcelona, 08016, Spain",Spain
NCT07662044,"Research Site, Barcelona, 08020, Spain",Spain
NCT07662044,"Research Site, Barcelona, 08035, Spain",Spain
NCT07662044,"Research Site, Barcelona, 08930, Spain",Spain
NCT07662044,"Research Site, Figueres, 17600, Spain",Spain
NCT07662044,"Research Site, Seville, 41003, Spain",Spain
NCT07662044,"Research Site, Seville, 41950, Spain",Spain
NCT07662044,"Research Site, Changhua, 500, Taiwan",Taiwan
NCT07662044,"Research Site, Kaohsiung City, 80756, Taiwan",Taiwan
NCT07662044,"Research Site, Kaohsiung City, 813, Taiwan",Taiwan
NCT07662044,"Research Site, New Taipei City, 220, Taiwan",Taiwan
NCT07662044,"Research Site, Taichung, 40201, Taiwan",Taiwan
NCT07662044,"Research Site, Taichung, 40705, Taiwan",Taiwan
NCT07662044,"Research Site, Taichung, 433004, Taiwan",Taiwan
NCT07662044,"Research Site, Tainan, 70403, Taiwan",Taiwan
NCT07662044,"Research Site, Tainan County, 71044, Taiwan",Taiwan
NCT07662044,"Research Site, Taipei, 10002, Taiwan",Taiwan
NCT07662044,"Research Site, Adana, 01060, Turkey (Türkiye)",Turkey (Türkiye)
NCT07662044,"Research Site, Ankara, 06530, Turkey (Türkiye)",Turkey (Türkiye)
NCT07662044,"Research Site, Ankara, 06560, Turkey (Türkiye)",Turkey (Türkiye)
NCT07662044,"Research Site, Bursa, 16310, Turkey (Türkiye)",Turkey (Türkiye)
NCT07662044,"Research Site, Izmir, 35340, Turkey (Türkiye)",Turkey (Türkiye)
NCT07662044,"Research Site, Kayseri, 38039, Turkey (Türkiye)",Turkey (Türkiye)
NCT07662044,"Research Site, Samsun, 55139, Turkey (Türkiye)",Turkey (Türkiye)
NCT06923046,"Children's Hospital Los Angeles, Los Angeles, California, 91316, United States",United States
NCT06923046,"University of California, San Francisco, San Francisco, California, 94143-0434, United States",United States
NCT04276428,"Clinical Research Hospital Tokyo, Shinjuku-ku, Jp-13, 162-0053, Japan",Japan
NCT04276428,"P-one clinic, Hachiōji, Tokyo, 192-0071, Japan",Japan
NCT04276428,"Yokohama Minoru Clinic, Yokohama, 232-0064, Japan",Japan
NCT03131687,"Internal Medicine Center LLC, Mobile, Alabama, 36608, United States",United States
NCT03131687,"Anaheim Clinical Trails, Anaheim, California, 92801, United States",United States
NCT03131687,"Valley Research, Fresno, California, 93720, United States",United States
NCT03131687,"National Research Institute, Huntington Park, California, 90255, United States",United States
NCT03131687,"National Research Institute, Los Angeles, California, 90057, United States",United States
NCT03131687,"Catalina Research Institute, Montclair, California, 91763, United States",United States
NCT03131687,"Valley Clinical Trails, Inc, Northridge, California, 91325, United States",United States
NCT03131687,"Artemis Institute For Clinical Research, San Diego, California, 92103, United States",United States
NCT03131687,"Artemis Institute For Clinical Research, San Marcos, California, 92078, United States",United States
NCT03131687,"Encompass Clinical Research, Spring Valley, California, 91978, United States",United States
NCT03131687,"University Clinical Investigators INC, Tustin, California, 92780, United States",United States
NCT03131687,"Chase Medical Research, Waterbury, Connecticut, 06708, United States",United States
NCT03131687,"Clinical Research of South Florida, Coral Gables, Florida, 33134, United States",United States
NCT03131687,"East Coast Institute For Research, Jacksonville, Florida, 32216, United States",United States
NCT03131687,"Suncoast Research Group, LCC, Miami, Florida, 33135, United States",United States
NCT03131687,"New Horizon Research Center, Miami, Florida, 33175, United States",United States
NCT03131687,"Sensible Healthcare, Ocoee, Florida, 34761, United States",United States
NCT03131687,"Palm Harbor Medical Associate, Palm Harbor, Florida, 34684, United States",United States
NCT03131687,"Solaris Clinical Research, Meridian, Idaho, 83646, United States",United States
NCT03131687,"Iderc P.L.C., West Des Moines, Iowa, 50265, United States",United States
NCT03131687,"Cotton O'Neil Diabetes and Endocrine, Topeka, Kansas, 66606, United States",United States
NCT03131687,"ActivMed Practices & Research, Methuen, Massachusetts, 01844, United States",United States
NCT03131687,"Clinical Research Professionals, St Louis, Missouri, 63141, United States",United States
NCT03131687,"Palm Research Center, Las Vegas, Nevada, 89128, United States",United States
NCT03131687,"Premier Research, Trenton, New Jersey, 08611, United States",United States
NCT03131687,"Manhattan Medical Research, New York, New York, 10016, United States",United States
NCT03131687,"Lillestol Research LLC, Fargo, North Dakota, 58103, United States",United States
NCT03131687,"Aventiv Research, Columbus, Ohio, 43213, United States",United States
NCT03131687,"The Corvallis Clinic P.C., Corvallis, Oregon, 97330, United States",United States
NCT03131687,"PMG Research Of Charleston LLC, Moncks Corner, South Carolina, 29461, United States",United States
NCT03131687,"New Phase Research & Development, Knoxville, Tennessee, 37909, United States",United States
NCT03131687,"PMG Research Of Knoxville, Knoxville, Tennessee, 37938, United States",United States
NCT03131687,"Dallas Diabetes Endocrine Center, Dallas, Texas, 75230, United States",United States
NCT03131687,"Consano Clinical Research, Shavano Park, Texas, 78231, United States",United States
NCT03131687,"Chrysalis Clinical Research, St. George, Utah, 84790, United States",United States
NCT03131687,"For additional information regarding investigative sites for this trial, contact 1-888-545-5972 Mon - Fri, 9 AM to 4 PM or 1-877-CTLILLY (1-877-285-4559, 1-317-615-4559) Mon - Fri, 9 AM to 5 PM Eastern Time or speak with your personal physician., Gdansk, 80-546, Poland",Poland
NCT03131687,"""For additional information regarding investigative sites for this trial, contact 1-888-545-5972 Mon - Fri, 9 AM to 4 PM or 1-877-CTLILLY (1-877-285-4559, 1-317-615-4559) Mon - Fri, 9 AM to 5 PM Eastern Time or speak with your personal physician."", Gdynia, 81-553, Poland",Poland
NCT03131687,"For additional information regarding investigative sites for this trial, contact 1-888-545-5972 Mon - Fri, 9 AM to 4 PM or 1-877-CTLILLY (1-877-285-4559, 1-317-615-4559) Mon - Fri, 9 AM to 5 PM Eastern Time or speak with your personal physician., Gdynia, 81-553, Poland",Poland
NCT03131687,"For additional information regarding investigative sites for this trial, contact 1-888-545-5972 Mon - Fri, 9 AM to 4 PM or 1-877-CTLILLY (1-877-285-4559, 1-317-615-4559) Mon - Fri, 9 AM to 5 PM Eastern Time or speak with your personal physician., Katowice, 40-772, Poland",Poland
NCT03131687,"Clinica de Pesquisas e Centro de Estudos em Oncologia Ginecológica e Mamária LTDA, Lodz, 90-242, Poland",Poland
NCT03131687,"For additional information regarding investigative sites for this trial, contact 1-888-545-5972 Mon - Fri, 9 AM to 4 PM or 1-877-CTLILLY (1-877-285-4559, 1-317-615-4559) Mon - Fri, 9 AM to 5 PM Eastern Time or speak with your personal physician., Szczecin, 70-506, Poland",Poland
NCT03131687,"Manati Center for Clinical Research, Manati, PR, 00674, Puerto Rico",Puerto Rico
NCT03131687,"Clinical Research Puerto Rico. Inc, San Juan, 00909, Puerto Rico",Puerto Rico
NCT03131687,"GCM Medical Group PSC, San Juan, 00909, Puerto Rico",Puerto Rico
NCT03131687,"For additional information regarding investigative sites for this trial, contact 1-877-CTLILLY (1-877-285-4559, 1-317-615-4559) Mon - Fri from 9 AM to 5 PM Eastern Time (UTC/GMT - 5 hours, EST), or speak with your personal physician., Košice, 04012, Slovakia",Slovakia
NCT03131687,"For additional information regarding investigative sites for this trial, contact 1-877-CTLILLY (1-877-285-4559, 1-317-615-4559) Mon - Fri from 9 AM to 5 PM Eastern Time (UTC/GMT - 5 hours, EST), or speak with your personal physician., Malacky, 90101, Slovakia",Slovakia
NCT03131687,"For additional information regarding investigative sites for this trial, contact 1-877-CTLILLY (1-877-285-4559, 1-317-615-4559) Mon - Fri from 9 AM to 5 PM Eastern Time (UTC/GMT - 5 hours, EST), or speak with your personal physician., Púchov, 02001, Slovakia",Slovakia
NCT03131687,"""For additional information regarding investigative sites for this trial, contact 1-877-CTLILLY (1-877-285-4559, 1-317-615-4559) Mon - Fri from 9 AM to 5 PM Eastern Time (UTC/GMT - 5 hours, EST), or speak with your personal physician."", Trenčín, 91101, Slovakia",Slovakia
NCT03131687,"For additional information regarding investigative sites for this trial, contact 1-888-545-5972 Mon - Fri, 9 AM to 4 PM or 1-877-CTLILLY (1-877-285-4559, 1-317-615-4559) Mon - Fri, 9 AM to 5 PM Eastern Time or speak with your personal physician., Trenčín, 91101, Slovakia",Slovakia
NCT05227677,"The third people's hospital of DATONG, Datong, Shanxi, China",China
NCT05227677,"Beijing Haidian Hospital, Beijing, China",China
NCT05227677,"Beijing Pinggu District Hospital, Beijing, China",China
NCT05227677,"Beijing Shijingshan Hospital, Beijing, China",China
NCT05227677,"Beijing Tiantan Hospital, Capital Medical University, Beijing, China",China
NCT05227677,"Civil Aviation General Hospital, Beijing, China",China
NCT05227677,"Peking University People's Hospital, Beijing, China",China
NCT03736785,"Central Research Associates, Inc., Birmingham, Alabama, 35205, United States",United States
NCT03736785,"Arkansas Clinical Research, Little Rock, Arkansas, 72205, United States",United States
NCT03736785,"John Muir Physician Network Clinical Research Center, Concord, California, 94520, United States",United States
NCT03736785,"AMCR Institute INC, Escondido, California, 92025, United States",United States
NCT03736785,"Valley Endocrine, Fresno, Fresno, California, 93720, United States",United States
NCT03736785,"Marin Endocrine Associates, Greenbrae, California, 94904, United States",United States
NCT03736785,"National Research Institute, Huntington Park, California, 90255, United States",United States
NCT03736785,"First Valley Medical Group, Lancaster, California, 93534, United States",United States
NCT03736785,"National Research Institute, Los Angeles, California, 90057, United States",United States
NCT03736785,"University Clinical Investigators, Inc., Tustin, California, 92780, United States",United States
NCT03736785,"Chase Medical Research, LLC, Waterbury, Connecticut, 06708, United States",United States
NCT03736785,"ALL Medical Research, LLC, Cooper City, Florida, 33024, United States",United States
NCT03736785,"Suncoast Clinical Research, New Port Richey, Florida, 34652, United States",United States
NCT03736785,"Metabolic Research Institute Inc., West Palm Beach, Florida, 33401, United States",United States
NCT03736785,"East West Medical Institute, Honolulu, Hawaii, 96814, United States",United States
NCT03736785,"Elite Clinical Trials LLLP, Blackfoot, Idaho, 83221, United States",United States
NCT03736785,"Rocky Mountain Diabetes and Osteoporosis Center, Idaho Falls, Idaho, 83404, United States",United States
NCT03736785,"Iderc, P.L.C., West Des Moines, Iowa, 50265, United States",United States
NCT03736785,"Cotton O'Neil Diabetes and Endocrinology Center, Topeka, Kansas, 66606, United States",United States
NCT03736785,"Endocrine and Metabolic Consultants, Rockville, Maryland, 20852, United States",United States
NCT03736785,"NECCR PrimaCare Research, LLC, Fall River, Massachusetts, 02721, United States",United States
NCT03736785,"Palm Research Center, Las Vegas, Nevada, 89128, United States",United States
NCT03736785,"Palm Research Center, Las Vegas, Nevada, 89148, United States",United States
NCT03736785,"Southern New Hampshire Diabetes and Endocrinology, Nashua, New Hampshire, 03063, United States",United States
NCT03736785,"Metrolina Internal Medicine, P.A., Charlotte, North Carolina, 28207, United States",United States
NCT03736785,"Intend Research, Norman, Oklahoma, 73069, United States",United States
NCT03736785,"The Corvallis Clinic P.C., Corvallis, Oregon, 97330, United States",United States
NCT03736785,"Thomas Jefferson University, Philadelphia, Pennsylvania, 19107, United States",United States
NCT03736785,"Preferred Primary Care Physicians - Jacob Murphy Lane, Uniontown, Pennsylvania, 15401, United States",United States
NCT03736785,"Internal Medicine Associates of Anderson, Anderson, South Carolina, 29621, United States",United States
NCT03736785,"The Research Center of the Upstate, Mauldin, South Carolina, 29662, United States",United States
NCT03736785,"Texas Diabetes and Endocrinology, Austin, Texas, 78731-4309, United States",United States
NCT03736785,"Dallas Diabetes Endocrine Center, Dallas, Texas, 75230, United States",United States
NCT03736785,"Clinical Trials of Texas, Inc., San Antonio, Texas, 78229, United States",United States
NCT03736785,"Manassas Clinical Research Center, Manassas, Virginia, 20110, United States",United States
NCT03736785,"Rainier Clinical Research Center, Renton, Washington, 98057, United States",United States
NCT03736785,"Confluence Health Clinical Research Department, Wenatchee, Washington, 98801, United States",United States
NCT03736785,"Hospital Universitario UANL, Monterrey, Nuevo León, 64460, Mexico",Mexico
NCT03736785,"Investigacion en Salud y Metabolismo S.C, Chihuahua City, 31217, Mexico",Mexico
NCT03736785,"Advanced Clinical Research, LLC, Bayamón, PR, 00961, Puerto Rico",Puerto Rico
NCT03736785,"Manati Center for Clinical Research Inc, Manati, PR, 00674, Puerto Rico",Puerto Rico
NCT03736785,"GCM Medical Group PSC, San Juan, PR, 00917, Puerto Rico",Puerto Rico
NCT03736785,"Martha Gomez Cuellar M.D., San Juan, PR, 00921, Puerto Rico",Puerto Rico
NCT03736785,"Centro de Endocrinologia del Este, Yabucoa, 00767, Puerto Rico",Puerto Rico
NCT07234864,"Emeritus Research Sydney, Botany, New South Wales, 2019, Australia",Australia
NCT07234864,"Momentum Clinical Research Taringa, Brisbane, Queensland, 4068, Australia",Australia
NCT07234864,"Momentum Clinical Research Sunshine, Melbourne, Victoria, 3021, Australia",Australia
NCT07234864,"Emeritus Research Camberwell, Melbourne, Victoria, 3124, Australia",Australia
NCT07234864,"PCRN Rotorua, Rotorua, Bay of Plenty, 3010, New Zealand",New Zealand
NCT07234864,"PCRN Christchurch, Christchurch, Canterbury, 8013, New Zealand",New Zealand
NCT07234864,"Momentum Dunedin, Dunedin, Otago, 9016, New Zealand",New Zealand
NCT07234864,"PCRN Waikato, Hamilton, Waikato Region, 3200, New Zealand",New Zealand
NCT07234864,"Momentum Wellington, Wellington, Wellington Region, 6011, New Zealand",New Zealand
NCT07234864,"The Republican Specialized Scientific and Prectical Medical Center of Endocrinology named after Academician Yo. Kh. Turakulov, Tashkent, Tashkent, 100125, Uzbekistan",Uzbekistan
NCT05307731,"Department of Neurology, General Hospital of Northern Theater Command, Shenyang, 110016, China",China
NCT07007676,"Shenzhen Jiangangshan Health Service Center, Shenzhen, Guandong, 518000, China",China
NCT07007676,"Shenzhen Fifth Avenue Health Service Station, Shenzhen, Guangdong, 518000, China",China
NCT07007676,"Shenzhen Haifu Health Service Station, Shenzhen, Guangdong, 518000, China",China
NCT07007676,"Shenzhen Haile Huafu Health Service Station, Shenzhen, Guangdong, 518000, China",China
NCT07007676,"Shenzhen Haiyu Health Service Station, Shenzhen, Guangdong, 518000, China",China
NCT07007676,"Shenzhen Jiaan Health Service Station, Shenzhen, Guangdong, 518000, China",China
NCT07007676,"Shenzhen Jiari Mingju Health Service Station, Shenzhen, Guangdong, 518000, China",China
NCT07007676,"Shenzhen Xinan Lake Health Service Station, Shenzhen, Guangdong, 518000, China",China
NCT07007676,"Shenzhen Xingdong Health Service Station, Shenzhen, Guangdong, 518000, China",China
NCT07007676,"Shenzhen Zhongliang Chuangxin Health Service Station, Shenzhen, Guangdong, 518000, China",China
NCT07007676,"Shenzhen Buxin Community Health Service Center, Shenzhen, Guangdong, China",China
NCT07007676,"Shenzhen Dalang Community Health Service Center, Shenzhen, Guangdong, China",China
NCT07007676,"Shenzhen Haihua Community Health Service Center, Shenzhen, Guangdong, China",China
NCT07007676,"Shenzhen Haile Community Health Service Station, Shenzhen, Guangdong, China",China
NCT07007676,"Shenzhen Pingzhou Community Health Service Center, Shenzhen, Guangdong, China",China
NCT04535700,"Hospital Ramón y Cajal, Madrid, 28034, Spain",Spain
NCT00363519,"Chugoku Region, Chugoku, Japan",Japan
NCT00363519,"Chubu Region, Chūbu, Japan",Japan
NCT00363519,"Hokkaido Region, Hokkaido, Japan",Japan
NCT00363519,"Kanto Region, Kanto, Japan",Japan
NCT00363519,"Kinki Region, Kinki, Japan",Japan
NCT00363519,"Kyushu Region, Kyushu, Japan",Japan
NCT00363519,"Shikoku Region, Shikoku, Japan",Japan
NCT00363519,"Tohoku Region, Tōhoku, Japan",Japan
NCT05407233,"Gabriela Berlanda, Porto Alegre, Rio Grande do Sul, 90410-000, Brazil",Brazil
NCT07058558,"Community garden spaces across peel, Toronto, Ontario, Canada",Canada
NCT07058558,"University of Toronto Mississauga, Mississauga, Ontario (ON), L5L 1C6, Canada",Canada
NCT07674979,"West Virginia University Heart and Vascular Institute, Morgantown, West Virginia, 26506, United States",United States
NCT07075796,"Centro de Especialidades Virgen de los Reyes. Hospital Universitario Virgen del Rocío, Seville, Seville, 41001, Spain",Spain
NCT00363948,"Chugoku Region, Chugoku, Japan",Japan
NCT00363948,"Chubu Region, Chūbu, Japan",Japan
NCT00363948,"Hokkaido Region, Hokkaido, Japan",Japan
NCT00363948,"Hokuriku Region, Hokuriku, Japan",Japan
NCT00363948,"Kanto Region, Kanto, Japan",Japan
NCT00363948,"Kinki Region, Kinki, Japan",Japan
NCT00363948,"Kyushu Region, Kyushu, Japan",Japan
NCT00363948,"Tohoku Region, Tōhoku, Japan",Japan
NCT00363844,"Chugoku Region, Chugoku, Japan",Japan
NCT00363844,"Chubu Region, Chūbu, Japan",Japan
NCT00363844,"Hokkaido Region, Hokkaido, Japan",Japan
NCT00363844,"Kanto Region, Kanto, Japan",Japan
NCT00363844,"Kinki Region, Kinki, Japan",Japan
NCT00363844,"Kyushu Region, Kyushu, Japan",Japan
NCT00363844,"Shikoku Region, Shikoku, Japan",Japan
NCT00363844,"Tohoku Region, Tōhoku, Japan",Japan
NCT07145684,"University of Abomey-Calavi, Cotonou, Littoral Department, Benin",Benin
NCT07433192,"GBUZ hospital, Anapa, Russia",Russia
NCT02292433,"P-one Clinic, Keikokai Medical Corporation, Hachioji-shi, Tokyo, 192-0071, Japan",Japan
NCT07262788,"Steno Diabetes Center Copenhagen, Herlev, Denmark, 2730, Denmark",Denmark
NCT01657227,"Servicio de Evaluación del Servicio Canario de la Salud, Santa Cruz de Tenerife, 38004, Spain",Spain
NCT05814393,"Kangbuk Samsung Hospital, Seoul, South Korea",South Korea
NCT03495908,"East Coast Institute for Research, LLC, Jacksonville, Florida, 32204, United States",United States
NCT03495908,"East Coast Institute for Research, LLC, Macon, Georgia, 31210, United States",United States
NCT07245082,"National Taiwan University Hospital, Taipei, Zhongzheng Dist, 100229, Taiwan",Taiwan
NCT04161430,"Peking University First Hospital, Beijing, Beijing Municipality, 100000, China",China
NCT04161430,"the No, 1 People's Hospital of Changsha, Changsha, Huan Province, 410005, China",China
NCT07668336,"Sutter Valley Medical Foundation (SVMF) Pediatric Endocrinology, Sacramento, California, 95821, United States",United States
NCT07668336,"Rady Children's Hospital, San Diego, California, 92123, United States",United States
NCT07668336,"Stamford Therapeutics Consortium, Stamford, Connecticut, 06905, United States",United States
NCT07668336,"Children's Healthcare of Atlanta - Center for Advanced Pediatrics (CAP), Atlanta, Georgia, 30329, United States",United States
NCT07668336,"CenExel iResearch, LLC, Decatur, Georgia, 30030, United States",United States
NCT07668336,"Medical Research Partners, Ammon, Idaho, 83406, United States",United States
NCT07668336,"Cotton O'Neil Diabetes & Endocrinology, Topeka, Kansas, 66606, United States",United States
NCT07668336,"SUNY Upstate Medical University, Syracuse, New York, 13210, United States",United States
NCT07668336,"Advantage Clinical Trials, The Bronx, New York, 10467, United States",United States
NCT07668336,"Central States Research, Tulsa, Oklahoma, 74136, United States",United States
NCT07668336,"Frontier Clinical Research, LLC, Smithfield, Pennsylvania, 15478, United States",United States
NCT07668336,"Vanderbilt Health One Hundred Oaks, Nashville, Tennessee, 37204, United States",United States
NCT07668336,"Gadolin Research, Beaumont, Texas, 77702, United States",United States
NCT07668336,"Driscoll Children's Hospital, Corpus Christi, Texas, 78411, United States",United States
NCT07668336,"Proactive Clinical Research LLC, Edinburg, Texas, 78539, United States",United States
NCT07668336,"Consano Clinical Research, LLC, Shavano Park, Texas, 78231, United States",United States
NCT07668336,"Victoria Clinical Research Group, Victoria, Texas, 77901, United States",United States
NCT07668336,"Cliniques universitaires Saint-Luc, Brussels, 1200, Belgium",Belgium
NCT07668336,"UZ Gent, Ghent, 9000, Belgium",Belgium
NCT07668336,"UZ Leuven, Leuven, 3000, Belgium",Belgium
NCT07668336,"Instituto de Pesquisa clinica de Campinas, Campinas, 13060-080, Brazil",Brazil
NCT07668336,"Centro de Pesquisa Sao Lucas, Campinas, 13060-803, Brazil",Brazil
NCT07668336,"Cendi - Endocrinologia e Diabetes, Goiânia, 74230-035, Brazil",Brazil
NCT07668336,"Instituto Méderi de Pesquisa e Saúde, Passo Fundo, 99010-120, Brazil",Brazil
NCT07668336,"Instituto da Crianca com Diabetes, Porto Alegre, 91350-250, Brazil",Brazil
NCT07668336,"Instituto de Pesquisa Clinica, São Paulo, 01223-001, Brazil",Brazil
NCT07668336,"IBTED - Tecnologia e Educação em Diabetes, São Paulo, 04038-032, Brazil",Brazil
NCT07668336,"Avron Hospitals, Ahmedabad, 380013, India",India
NCT07668336,"Gujarat Endocrin Pvt Ltd, Ahmedabad, 380052, India",India
NCT07668336,"Jawaharlal Nehru Medical College, Aligarh, 202002, India",India
NCT07668336,"All India Institute of Medical Sciences, Bhubaneswar, 751019, India",India
NCT07668336,"Endolife Speciality Hospitals, Guntur, 522001, India",India
NCT07668336,"King Edward Memorial Hospital & Seth Gordhandas Sunderdas Medical College, Mumbai, 400012, India",India
NCT07668336,"Harmony Health Hub, Nashik, 422002, India",India
NCT07668336,"All India Institute of Medical Sciences, New Delhi, 110029, India",India
NCT07668336,"Ospedale Pediatrico Salesi, Ancona, 60123, Italy",Italy
NCT07668336,"Azienda Ospedaliera Universitaria Meyer IRCCS, Florence, 50139, Italy",Italy
NCT07668336,"IRCCS Istituto Giannina Gaslini, Genova, 16147, Italy",Italy
NCT07668336,"Azienda Ospedaliera Universitaria Di Messina G. Martino, Messina, 98125, Italy",Italy
NCT07668336,"Ospedale San Raffaele, Milan, 20132, Italy",Italy
NCT07668336,"University of Naples Federico II, Naples, 80131, Italy",Italy
NCT07668336,"Azienda Ospedaliera Universitaria Integrata Verona - Ospedale Borgo Trento, Verona, 37126, Italy",Italy
NCT07668336,"Nihon University Hospital, Chiyoda-ku, 101-8309, Japan",Japan
NCT07668336,"Fukuoka Children's Hospital, Fukuoka, 813-0017, Japan",Japan
NCT07668336,"Saitama Medical University Hospital, Iruma, 350-0495, Japan",Japan
NCT07668336,"Shiga General Hospital, Moriyama, 524-8524, Japan",Japan
NCT07668336,"Niigata University Medical & Dental Hospital, Niigata, 951-8520, Japan",Japan
NCT07668336,"Osaka City General Hospital, Osaka, 534-0021, Japan",Japan
NCT07668336,"Saitama City Hospital, Saitama, 336-8522, Japan",Japan
NCT07668336,"Sendai City Hospital - Asutonagamachi, Sendai, 982-8502, Japan",Japan
NCT07668336,"Shizuoka Children's Hospital, Shizuoka, 420-8660, Japan",Japan
NCT07668336,"Urakami Pediatric Endocrinology and Diabetes Clinic, Tokyo, 101-0062, Japan",Japan
NCT07668336,"Juntendo University Urayasu Hospital, Urayasu, 279-0021, Japan",Japan
NCT07668336,"Centro de Estudios de Investigacion Metabolicos y Cardiovasculares, S.C., Ciudad Madero, 89440, Mexico",Mexico
NCT07668336,"Centro de Investigacion Medica de Occidente, S.C., Guadalajara, 44260, Mexico",Mexico
NCT07668336,"UBAM Unidad Biomedica Avanzada Monterrey, Monterrey, 64460, Mexico",Mexico
NCT07668336,"Clínica García Flores SC, Monterrey, 64610, Mexico",Mexico
NCT07668336,"Centro de investigación y control metabólico, Monterrey, 66465, Mexico",Mexico
NCT07668336,"Soon Chun Hyang University Bucheon Hospital, Bucheon-si, 14584, South Korea",South Korea
NCT07668336,"Kyungpook National University Chilgok Hospital, Deagu, 41404, South Korea",South Korea
NCT07668336,"Chungnam national university hospital, Junggu, 35015, South Korea",South Korea
NCT07668336,"Seoul National University Bundang Hospital, Seongnam, 13620, South Korea",South Korea
NCT07668336,"Seoul National University Hospital, Seoul, 03080, South Korea",South Korea
NCT07668336,"Hospital Universitari Vall d'Hebron, Barcelona, 08035, Spain",Spain
NCT07668336,"H.R.U Málaga - Hospital General, Málaga, 29011, Spain",Spain
NCT07668336,"Hospital Universitario Virgen Del Rocio, Seville, 41013, Spain",Spain
NCT07668336,"China Medical University Hospital, Taichung, 404332, Taiwan",Taiwan
NCT07668336,"Chang Gung Medical Foundation-Linkou Branch, Taoyuan, 333, Taiwan",Taiwan
NCT07668336,"Hull Royal Infirmary, Hull, HU3 2JZ, United Kingdom",United Kingdom
NCT07668336,"Alder Hey Children's Hospital, Liverpool, L14 5AB, United Kingdom",United Kingdom
NCT07668336,"Royal London Hospital, London, E1 1BB, United Kingdom",United Kingdom
NCT06264661,"Centro Interdisciplinario de Ciencias de la Salud Unidad Santo Tomás, Mexico City, Mexico City, 11360, Mexico",Mexico
NCT04556760,"Research Site, Mainz, 55116, Germany",Germany
NCT04556760,"Research Site, Mannheim, 68167, Germany",Germany
NCT04556760,"Research Site, Neuss, 41460, Germany",Germany
NCT06202079,"Study Site 07, Wuhan, Hubei, China",China
NCT06202079,"Study Site 06, Changzhou, Jiangsu, China",China
NCT06202079,"Study Site 08, Jinan, Shandong, China",China
NCT06202079,"Study Site 04, Zibo, Shandong, China",China
NCT06202079,"Study Site 03, Xi’an, Shanxi, China",China
NCT06202079,"Study Site 02, Beijing, China",China
NCT06202079,"Study Site 05, Beijing, China",China
NCT06202079,"Study Site 01, Tianjin, China",China
NCT01862939,"Celerion, Tempe, Arizona, 85283, United States",United States
NCT03997331,"Clinical Research Department, Midland, Michigan, 48670, United States",United States
NCT04235959,"West China Hospital Sichuan University, Chengdu, Sichuan, 610041, China",China
NCT04235959,"Peking University First Hospital, Beijing, 100034, China",China
NCT06351566,"Bao'an Center Hosipital of Shenzhen, Shenzhen, Guangdong, China",China
NCT06351566,"School of Public Health, Tongji Medical College, Huazhong University of Science and Technology, Wuhan, Hubei, China",China
NCT06120881,"UCSF Benioff Children's Hospital Oakland, Pediatric Diabetes Clinic, Oakland, California, 94609, United States",United States
NCT06120881,"UCSF Benioff Children's Hospital San Francisco, Madison Clinic for Pediatric Diabetes, San Francisco, California, 94158, United States",United States
NCT07524205,"University of Minnesota, Minneapolis, Minnesota, 55455, United States",United States
NCT06601166,"University of Colorado, Anschutz Medical Campus, Department of Family Medicine, Primary Care Diabetes Lab, Aurora, Colorado, 80045, United States",United States
NCT06601166,"Tekton Research, Denver, Colorado, 80238, United States",United States
NCT06601166,"East Coast Institute for Research, Lake City, Florida, 32055, United States",United States
NCT06601166,"Institute of Endocrinology, Diabetes, Health and Hormone, Stockbridge, Georgia, 30281, United States",United States
NCT06601166,"The South Bend Clinic, South Bend, Indiana, 46617, United States",United States
NCT06601166,"International Diabetes Center, Saint Louis Park, Minnesota, 55416, United States",United States
NCT06601166,"Jefferson City Medical Group, Jefferson City, Missouri, 65109, United States",United States
NCT06601166,"East Northport Medical Care, East Northport, New York, 11731, United States",United States
NCT06601166,"Cross Creek Medical Center, Fayetteville, North Carolina, 28304, United States",United States
NCT06601166,"Lucas Research, Morehead City, North Carolina, 28557, United States",United States
NCT06601166,"Alliance Medical Ministry, Raleigh, North Carolina, 27610, United States",United States
NCT06601166,"Centricity Research, Columbus, Ohio, 43213, United States",United States
NCT06601166,"Tekton Research, Moore, Oklahoma, 73160, United States",United States
NCT06601166,"Medical Care-Avacare, Elizabethton, Tennessee, 37643, United States",United States
NCT06601166,"Tekton Research - Austin, Austin, Texas, 78705, United States",United States
NCT06601166,"Texas Tech University Health Sciences Center, Lubbock, Texas, 79430, United States",United States
NCT06601166,"Texas Tech University Health Sciences Center, Odessa, Texas, 79763, United States",United States
NCT06601166,"Cope Family Medicine Ogden Clinic, Bountiful, Utah, 84010, United States",United States
NCT06601166,"Ogden Clinic Grand View, Roy, Utah, 84067, United States",United States
NCT06601166,"Riverside Family Medicine Residency, Newport News, Virginia, 23601, United States",United States
NCT06601166,"Mountain State Diabetes, Parkersburg, West Virginia, 26101, United States",United States
NCT03625856,"Amir Mahdi Hosseini, Tehran, Iran",Iran
NCT07527650,"Desert Clinical Research, Mesa, Arizona, 85123, United States",United States
NCT07527650,"Accel Research Sites - DeLand, DeLand, Florida, 32720, United States",United States
NCT07527650,"Charter Research, Orlando, Florida, 32803, United States",United States
NCT07527650,"AdventHealth Translational Research Institute, Orlando, Florida, 32804, United States",United States
NCT07527650,"K2 Medical Research The Villages LLC, The Villages, Florida, 32159, United States",United States
NCT07527650,"Centricity Research IRT - DBA IACT Health Columbus Piedmont, Columbus, Georgia, 31904, United States",United States
NCT07527650,"The South Bend Clinic, South Bend, Indiana, 46617, United States",United States
NCT07527650,"Jefferson City Medical Center, Jefferson City, Missouri, 65109, United States",United States
NCT07527650,"Clay Platte Family Medicine, Kansas City, Missouri, 64151, United States",United States
NCT07527650,"Methodist Physicians Clinic, Fremont, Nebraska, 68025, United States",United States
NCT07527650,"Santa Rosa Medical Centers of Nevada, Las Vegas, Nevada, 89119, United States",United States
NCT07527650,"Lucas Research, Inc., Morehead City, North Carolina, 28557, United States",United States
NCT07527650,"Centricity Research Columbus, Columbus, Ohio, 43213, United States",United States
NCT07527650,"Olympus Family Medicine, Salt Lake City, Utah, 84117, United States",United States
NCT07527650,"Manassas Clinical Research Center, Manassas, Virginia, 20110, United States",United States
NCT00237952,"Chang Gung Memorial Hospital, Lin-Kou Medical Center, Taipei, Taiwan, 105, China",China
NCT00237952,"Chang Gung Memorial Hospital, Taipei, Taiwan, 105, China",China
NCT04412798,"Hasselt University, Hasselt, 3500, Belgium",Belgium
NCT05566847,"Kaiser Permanente Division of Research, Oakland, California, 94612, United States",United States
NCT07079085,"The Affiliated Hospital of Jiangxi University of Traditional Chinese Medicine, Nanchang, Jiangxi, 330006, China",China
NCT07532863,"Siloam Hospitals Lippo Village, Tangerang, Banten, 15810, Indonesia",Indonesia
NCT07532863,"Siloam Hospitals Surabaya, Surabaya, East Java, 60281, Indonesia",Indonesia
NCT07532863,"University Malaya Medical Centre, Lembah Pantai, Kuala Lumpur, 59100, Malaysia",Malaysia
NCT07532863,"National Heart Institute, Kuala Lumpur, 50400, Malaysia",Malaysia
NCT07532863,"The Medical City Ortigas, Pasig, National Capital Region, 1800, Philippines",Philippines
NCT07532863,"Novo Nordisk Investigational Site, Singapore, Singapore",Singapore
NCT00422357,"Primary Health Care Office, Mahmood-Abaad, Mazandaran, Iran",Iran
NCT02851849,"Tuscumbia, Alabama, 35674, United States",United States
NCT02851849,"Chandler, Arizona, 85224, United States",United States
NCT02851849,"Surprise, Arizona, 85374, United States",United States
NCT02851849,"Huntington Park, California, 90255, United States",United States
NCT02851849,"Los Angeles, California, 90057, United States",United States
NCT02851849,"Montclair, California, 91763, United States",United States
NCT02851849,"North Hollywood, California, 91606, United States",United States
NCT02851849,"San Diego, California, 92161, United States",United States
NCT02851849,"Denver, Colorado, 80209, United States",United States
NCT02851849,"Brooksville, Florida, 34601, United States",United States
NCT02851849,"Miami, Florida, 33014, United States",United States
NCT02851849,"Orlando, Florida, 32804, United States",United States
NCT02851849,"Tampa, Florida, 33607, United States",United States
NCT02851849,"Chicago, Illinois, 60607, United States",United States
NCT02851849,"Las Vegas, Nevada, 89119, United States",United States
NCT02851849,"Albuquerque, New Mexico, 87102, United States",United States
NCT02851849,"Hopewell Junction, New York, 12533, United States",United States
NCT02851849,"Durham, North Carolina, 27710, United States",United States
NCT02851849,"Greensboro, North Carolina, 27410, United States",United States
NCT02851849,"Franklin, Ohio, 45005, United States",United States
NCT02851849,"Munroe Falls, Ohio, 44262, United States",United States
NCT02851849,"Summerville, South Carolina, 29485, United States",United States
NCT02851849,"Carrollton, Texas, 75007, United States",United States
NCT02851849,"Dallas, Texas, 75230, United States",United States
NCT02851849,"Houston, Texas, 77036, United States",United States
NCT02851849,"Houston, Texas, 77074, United States",United States
NCT02851849,"Houston, Texas, 77099, United States",United States
NCT02851849,"Katy, Texas, 77450, United States",United States
NCT02851849,"Manassas, Virginia, 20110, United States",United States
NCT02954601,"Orange County Research Center, Tustin, California, 92780, United States",United States
NCT05802927,"Chulalongkorn University, Bangkok, 10330, Thailand",Thailand
NCT05802927,"Siriraj Hospital, Bangkok, 10700, Thailand",Thailand
NCT03986073,"The Second Affiliated Hospital of Chongqing Medical Uversity, Chongqing, Chongqing Municipality, 400010, China",China
NCT03986073,"Chongqing General Hospital, UCAS, Chongqing, Chongqing Municipality, 400013, China",China
NCT03986073,"The Third Affiliated Hospital of Sun Yat-Sen University, Guangzhou, Guangdong, 510630, China",China
NCT03986073,"The First Affiliated Hospital of Guangxi Medical University, Nanning, Guangxi, 530021, China",China
NCT03986073,"Xiangya Hospital Central South University, Changsha, Hunan, 410008, China",China
NCT03986073,"Yuncheng Central Hospital, Jinan, Shandong, 250000, China",China
NCT03986073,"Jincheng Geberal Hospital, Jincheng, Shanxi, 048000, China",China
NCT03986073,"West China Hospital of Sichuan University, Chengdu, Sichuan, 610041, China",China
NCT03986073,"The First People's Hospital of Yunnan Province, Kunming, Yunnan, 650032, China",China
NCT05902468,"Faculty of medicine, Tanta University, Tanta, El-Gharbia, 31527, Egypt",Egypt
NCT05902468,"Faculty of Medicine, Menoufia University, Shibīn al Kawm, Menoufia, 32511, Egypt",Egypt
NCT04115657,"Clinical Nutrition Research Centre, Singapore, 117599, Singapore",Singapore
NCT00229710,"Research Site, Birmingham, Alabama, United States",United States
NCT00229710,"Research Site, Phoenix, Arizona, United States",United States
NCT00229710,"Research Site, Tucson, Arizona, United States",United States
NCT00229710,"Research Site, Fresno, California, United States",United States
NCT00229710,"Research Site, Greenbrae, California, United States",United States
NCT00229710,"Research Site, La Jolla, California, United States",United States
NCT00229710,"Research Site, Northridge, California, United States",United States
NCT00229710,"Research Site, Riverside, California, United States",United States
NCT00229710,"Research Site, San Diego, California, United States",United States
NCT00229710,"Research Site, Santa Monica, California, United States",United States
NCT00229710,"Research Site, Spring Valley, California, United States",United States
NCT00229710,"Research Site, Walnut Creek, California, United States",United States
NCT00229710,"Research Site, West Hills, California, United States",United States
NCT00229710,"Research Site, Waterbury, Connecticut, United States",United States
NCT00229710,"Research Site, Washington D.C., District of Columbia, United States",United States
NCT00229710,"Research Site, Gainesville, Florida, United States",United States
NCT00229710,"Research Site, Hollywood, Florida, United States",United States
NCT00229710,"Research Site, Jacksonville, Florida, United States",United States
NCT00229710,"Research Site, Miami, Florida, United States",United States
NCT00229710,"Research Site, Orlando, Florida, United States",United States
NCT00229710,"Research Site, Palm Harbor, Florida, United States",United States
NCT00229710,"Research Site, West Palm Beach, Florida, United States",United States
NCT00229710,"Research Site, Augusta, Georgia, United States",United States
NCT00229710,"Research Site, Dunwoody, Georgia, United States",United States
NCT00229710,"Research Site, Boise, Idaho, United States",United States
NCT00229710,"Research Site, Chicago, Illinois, United States",United States
NCT00229710,"Research Site, Chicago Heights, Illinois, United States",United States
NCT00229710,"Research Site, Gurnee, Illinois, United States",United States
NCT00229710,"Research Site, Springfield, Illinois, United States",United States
NCT00229710,"Research Site, Indianapolis, Indiana, United States",United States
NCT00229710,"Research Site, Wichita, Kansas, United States",United States
NCT00229710,"Research Site, New Orleans, Louisiana, United States",United States
NCT00229710,"Research Site, Baltimore, Maryland, United States",United States
NCT00229710,"Research Site, Cadillac, Michigan, United States",United States
NCT00229710,"Research Site, Richmond Heights, Missouri, United States",United States
NCT00229710,"Research Site, St Louis, Missouri, United States",United States
NCT00229710,"Research Site, Omaha, Nebraska, United States",United States
NCT00229710,"Research Site, North Las Vegas, Nevada, United States",United States
NCT00229710,"Research Site, Pahrump, Nevada, United States",United States
NCT00229710,"Research Site, Dover, New Hampshire, United States",United States
NCT00229710,"Research Site, Albuquerque, New Mexico, United States",United States
NCT00229710,"Research Site, Brooklyn, New York, United States",United States
NCT00229710,"Research Site, New Hyde Park, New York, United States",United States
NCT00229710,"Research Site, Charlotte, North Carolina, United States",United States
NCT00229710,"Research Site, Wilmington, North Carolina, United States",United States
NCT00229710,"Research Site, Cincinnati, Ohio, United States",United States
NCT00229710,"Research Site, Kettering, Ohio, United States",United States
NCT00229710,"Research Site, Toledo, Ohio, United States",United States
NCT00229710,"Research Site, Oklahoma City, Oklahoma, United States",United States
NCT00229710,"Research Site, Medford, Oregon, United States",United States
NCT00229710,"Research Site, Portland, Oregon, United States",United States
NCT00229710,"Research Site, Altoona, Pennsylvania, United States",United States
NCT00229710,"Research Site, Cheswick, Pennsylvania, United States",United States
NCT00229710,"Research Site, Erie, Pennsylvania, United States",United States
NCT00229710,"Research Site, Philadelphia, Pennsylvania, United States",United States
NCT00229710,"Research Site, Columbia, South Carolina, United States",United States
NCT00229710,"Research Site, Greer, South Carolina, United States",United States
NCT00229710,"Research Site, Corpus Christi, Texas, United States",United States
NCT00229710,"Research Site, Dallas, Texas, United States",United States
NCT00229710,"Research Site, Fort Worth, Texas, United States",United States
NCT00229710,"Research Site, Houston, Texas, United States",United States
NCT00229710,"Research Site, Roseland, Texas, United States",United States
NCT00229710,"Research Site, San Antonio, Texas, United States",United States
NCT00229710,"Research Site, Richmond, Virginia, United States",United States
NCT00229710,"Research Site, Bellevue, Washington, United States",United States
NCT00229710,"Research Site, Renton, Washington, United States",United States
NCT00229710,"Research Site, Spokane, Washington, United States",United States
NCT00229710,"Research Site, Tacoma, Washington, United States",United States
NCT00229710,"Research Site, Madison, Wisconsin, United States",United States
NCT07364045,"Clinical Research Facility, Royal Infirmary of Edinburgh, Edinburgh, EH16 4SA, United Kingdom",United Kingdom
NCT04313829,"Puskesmas Antang, Makassar, South Sulawesi, Indonesia",Indonesia
NCT04313829,"Puskesmas Batua, Makassar, South Sulawesi, Indonesia",Indonesia
NCT04313829,"Puskesmas Jongaya, Makassar, South Sulawesi, Indonesia",Indonesia
NCT04313829,"Puskesmas Tamalanrea, Makassar, South Sulawesi, Indonesia",Indonesia
NCT01293669,"Clopton Clinic, Jonesboro, Arkansas, 72401, United States",United States
NCT01293669,"NCA Medical Center, Mountain Home, Arkansas, 72653, United States",United States
NCT01293669,"Associated Pharmaceutical Research Center, Buena Park, California, 90620, United States",United States
NCT01293669,"Cedar Crosse Research Center, Chicago, Illinois, 60607, United States",United States
NCT01293669,"Medex Healthcare Research, Inc, St Louis, Missouri, 63117, United States",United States
NCT01293669,"Om Medical, Henderson, Nevada, 89052, United States",United States
NCT01293669,"MEDEX Healthcare Research, Inc, New York, New York, 10004, United States",United States
NCT01293669,"PMG Research of WS, Winston-Salem, North Carolina, 27103, United States",United States
NCT01293669,"Rapid Medical Research, Inc., Cleveland, Ohio, 44122, United States",United States
NCT01293669,"Providence Health Partners - Center for Research, Dayton, Ohio, 45439, United States",United States
NCT01293669,"Omega Medical Research, Warwick, Rhode Island, 02888, United States",United States
NCT01293669,"Ellipsis Research, Columbia, South Carolina, 29201, United States",United States
NCT01293669,"PMG Research of Charleston, Mt. Pleasant, South Carolina, 29464, United States",United States
NCT01293669,"New Phase Research and Development, Knoxville, Tennessee, 37923, United States",United States
NCT01293669,"Mercury Clinical Research, Houston, Texas, 77093, United States",United States
NCT01293669,"Quality Research, Inc., San Antonio, Texas, 78209, United States",United States
NCT01293669,"Highland Clinical Research, Salt Lake City, Utah, 84124, United States",United States
NCT01293669,"Strelitz Diabetes Center, Eastern Virginia Medical School, Norfolk, Virginia, 23510, United States",United States
NCT01241448,"For additional information regarding investigative sites for this trial, contact 1-877-CTLILLY (1-877-285-4559, 1-317-615-4559) Mon - Fri from 9 AM to 5 PM Eastern Time (UTC/GMT - 5 hours, EST), or speak with your personal physician., Burbank, California, 91505, United States",United States
NCT01241448,"For additional information regarding investigative sites for this trial, contact 1-877-CTLILLY (1-877-285-4559, 1-317-615-4559) Mon - Fri from 9 AM to 5 PM Eastern Time (UTC/GMT - 5 hours, EST), or speak with your personal physician., Concord, California, 94520, United States",United States
NCT01241448,"For additional information regarding investigative sites for this trial, contact 1-877-CTLILLY (1-877-285-4559, 1-317-615-4559) Mon - Fri from 9 AM to 5 PM Eastern Time (UTC/GMT - 5 hours, EST), or speak with your personal physician., Fresno, California, 93720, United States",United States
NCT01241448,"For additional information regarding investigative sites for this trial, contact 1-877-CTLILLY (1-877-285-4559, 1-317-615-4559) Mon - Fri from 9 AM to 5 PM Eastern Time (UTC/GMT - 5 hours, EST), or speak with your personal physician., Lakewood, California, 990712, United States",United States
NCT01241448,"For additional information regarding investigative sites for this trial, contact 1-877-CTLILLY (1-877-285-4559, 1-317-615-4559) Mon - Fri from 9 AM to 5 PM Eastern Time (UTC/GMT - 5 hours, EST), or speak with your personal physician., Los Angeles, California, 90057, United States",United States
NCT01241448,"For additional information regarding investigative sites for this trial, contact 1-877-CTLILLY (1-877-285-4559, 1-317-615-4559) Mon - Fri from 9 AM to 5 PM Eastern Time (UTC/GMT - 5 hours, EST), or speak with your personal physician., Mission Hills, California, 91345, United States",United States
NCT01241448,"For additional information regarding investigative sites for this trial, contact 1-877-CTLILLY (1-877-285-4559, 1-317-615-4559) Mon - Fri from 9 AM to 5 PM Eastern Time (UTC/GMT - 5 hours, EST), or speak with your personal physician., Palm Springs, California, 92262, United States",United States
NCT01241448,"For additional information regarding investigative sites for this trial, contact 1-877-CTLILLY (1-877-285-4559, 1-317-615-4559) Mon - Fri from 9 AM to 5 PM Eastern Time (UTC/GMT - 5 hours, EST), or speak with your personal physician., Roseville, California, 95661, United States",United States
NCT01241448,"For additional information regarding investigative sites for this trial, contact 1-877-CTLILLY (1-877-285-4559, 1-317-615-4559) Mon - Fri from 9 AM to 5 PM Eastern Time (UTC/GMT - 5 hours, EST), or speak with your personal physician., San Luis Obispo, California, 93401, United States",United States
NCT01241448,"For additional information regarding investigative sites for this trial, contact 1-877-CTLILLY (1-877-285-4559, 1-317-615-4559) Mon - Fri from 9 AM to 5 PM Eastern Time (UTC/GMT - 5 hours, EST), or speak with your personal physician., Idaho Falls, Idaho, 83404, United States",United States
NCT01241448,"For additional information regarding investigative sites for this trial, contact 1-877-CTLILLY (1-877-285-4559, 1-317-615-4559) Mon - Fri from 9 AM to 5 PM Eastern Time (UTC/GMT - 5 hours, EST), or speak with your personal physician., Meridian, Idaho, 83646, United States",United States
NCT01241448,"For additional information regarding investigative sites for this trial, contact 1-877-CTLILLY (1-877-285-4559, 1-317-615-4559) Mon - Fri from 9 AM to 5 PM Eastern Time (UTC/GMT - 5 hours, EST), or speak with your personal physician., Topeka, Kansas, 66606, United States",United States
NCT01241448,"For additional information regarding investigative sites for this trial, contact 1-877-CTLILLY (1-877-285-4559, 1-317-615-4559) Mon - Fri from 9 AM to 5 PM Eastern Time (UTC/GMT - 5 hours, EST), or speak with your personal physician., St Louis, Missouri, 63141, United States",United States
NCT01241448,"For additional information regarding investigative sites for this trial, contact 1-877-CTLILLY (1-877-285-4559, 1-317-615-4559) Mon - Fri from 9 AM to 5 PM Eastern Time (UTC/GMT - 5 hours, EST), or speak with your personal physician., Henderson, Nevada, 89052, United States",United States
NCT01241448,"For additional information regarding investigative sites for this trial, contact 1-877-CTLILLY (1-877-285-4559, 1-317-615-4559) Mon - Fri from 9 AM to 5 PM Eastern Time (UTC/GMT - 5 hours, EST), or speak with your personal physician., Charlotte, North Carolina, 28209, United States",United States
NCT01241448,"For additional information regarding investigative sites for this trial, contact 1-877-CTLILLY (1-877-285-4559, 1-317-615-4559) Mon - Fri from 9 AM to 5 PM Eastern Time (UTC/GMT - 5 hours, EST), or speak with your personal physician., Raleigh, North Carolina, 27609, United States",United States
NCT01241448,"For additional information regarding investigative sites for this trial, contact 1-877-CTLILLY (1-877-285-4559, 1-317-615-4559) Mon - Fri from 9 AM to 5 PM Eastern Time (UTC/GMT - 5 hours, EST), or speak with your personal physician., Wilmington, North Carolina, 28401, United States",United States
NCT01241448,"For additional information regarding investigative sites for this trial, contact 1-877-CTLILLY (1-877-285-4559, 1-317-615-4559) Mon - Fri from 9 AM to 5 PM Eastern Time (UTC/GMT - 5 hours, EST), or speak with your personal physician., Fargo, North Dakota, 58103, United States",United States
NCT01241448,"For additional information regarding investigative sites for this trial, contact 1-877-CTLILLY (1-877-285-4559, 1-317-615-4559) Mon - Fri from 9 AM to 5 PM Eastern Time (UTC/GMT - 5 hours, EST), or speak with your personal physician., Damme, 49401, Germany",Germany
NCT01241448,"For additional information regarding investigative sites for this trial, contact 1-877-CTLILLY (1-877-285-4559, 1-317-615-4559) Mon - Fri from 9 AM to 5 PM Eastern Time (UTC/GMT - 5 hours, EST), or speak with your personal physician., Dresden, 01307, Germany",Germany
NCT01241448,"For additional information regarding investigative sites for this trial, contact 1-877-CTLILLY (1-877-285-4559, 1-317-615-4559) Mon - Fri from 9 AM to 5 PM Eastern Time (UTC/GMT - 5 hours, EST), or speak with your personal physician., Elsterwerda, 04910, Germany",Germany
NCT01241448,"For additional information regarding investigative sites for this trial, contact 1-877-CTLILLY (1-877-285-4559, 1-317-615-4559) Mon - Fri from 9 AM to 5 PM Eastern Time (UTC/GMT - 5 hours, EST), or speak with your personal physician., HohenmÃ¶lsen, 06679, Germany",Germany
NCT01241448,"For additional information regarding investigative sites for this trial, contact 1-877-CTLILLY (1-877-285-4559, 1-317-615-4559) Mon - Fri from 9 AM to 5 PM Eastern Time (UTC/GMT - 5 hours, EST), or speak with your personal physician., LÃ¼neburg, 21339, Germany",Germany
NCT01241448,"For additional information regarding investigative sites for this trial, contact 1-877-CTLILLY (1-877-285-4559, 1-317-615-4559) Mon - Fri from 9 AM to 5 PM Eastern Time (UTC/GMT - 5 hours, EST), or speak with your personal physician., Ludwigshafen, 67059, Germany",Germany
NCT01241448,"For additional information regarding investigative sites for this trial, contact 1-877-CTLILLY (1-877-285-4559, 1-317-615-4559) Mon - Fri from 9 AM to 5 PM Eastern Time (UTC/GMT - 5 hours, EST), or speak with your personal physician., Mainz, 55116, Germany",Germany
NCT01241448,"For additional information regarding investigative sites for this trial, contact 1-877-CTLILLY (1-877-285-4559, 1-317-615-4559) Mon - Fri from 9 AM to 5 PM Eastern Time (UTC/GMT - 5 hours, EST), or speak with your personal physician., Chieti Scalo, 66013, Italy",Italy
NCT01241448,"For additional information regarding investigative sites for this trial, contact 1-877-CTLILLY (1-877-285-4559, 1-317-615-4559) Mon - Fri from 9 AM to 5 PM Eastern Time (UTC/GMT - 5 hours, EST), or speak with your personal physician., Milan, 20162, Italy",Italy
NCT01241448,"For additional information regarding investigative sites for this trial, contact 1-877-CTLILLY (1-877-285-4559, 1-317-615-4559) Mon - Fri from 9 AM to 5 PM Eastern Time (UTC/GMT - 5 hours, EST), or speak with your personal physician., Hato Rey, 00917, Puerto Rico",Puerto Rico
NCT01241448,"For additional information regarding investigative sites for this trial, contact 1-877-CTLILLY (1-877-285-4559, 1-317-615-4559) Mon - Fri from 9 AM to 5 PM Eastern Time (UTC/GMT - 5 hours, EST), or speak with your personal physician., Manati, 00674, Puerto Rico",Puerto Rico
NCT01241448,"For additional information regarding investigative sites for this trial, contact 1-877-CTLILLY (1-877-285-4559, 1-317-615-4559) Mon - Fri from 9 AM to 5 PM Eastern Time (UTC/GMT - 5 hours, EST), or speak with your personal physician., San Juan, 00917-3104, Puerto Rico",Puerto Rico
NCT01241448,"For additional information regarding investigative sites for this trial, contact 1-877-CTLILLY (1-877-285-4559, 1-317-615-4559) Mon - Fri from 9 AM to 5 PM Eastern Time (UTC/GMT - 5 hours, EST), or speak with your personal physician., Baia Mare, 430123, Romania",Romania
NCT01241448,"For additional information regarding investigative sites for this trial, contact 1-877-CTLILLY (1-877-285-4559, 1-317-615-4559) Mon - Fri from 9 AM to 5 PM Eastern Time (UTC/GMT - 5 hours, EST), or speak with your personal physician., Brasov, 500365, Romania",Romania
NCT01241448,"For additional information regarding investigative sites for this trial, contact 1-877-CTLILLY (1-877-285-4559, 1-317-615-4559) Mon - Fri from 9 AM to 5 PM Eastern Time (UTC/GMT - 5 hours, EST), or speak with your personal physician., Bucharest, 050538, Romania",Romania
NCT01241448,"For additional information regarding investigative sites for this trial, contact 1-877-CTLILLY (1-877-285-4559, 1-317-615-4559) Mon - Fri from 9 AM to 5 PM Eastern Time (UTC/GMT - 5 hours, EST), or speak with your personal physician., Iași, 700547, Romania",Romania
NCT01241448,"For additional information regarding investigative sites for this trial, contact 1-877-CTLILLY (1-877-285-4559, 1-317-615-4559) Mon - Fri from 9 AM to 5 PM Eastern Time (UTC/GMT - 5 hours, EST), or speak with your personal physician., Târgu Mureş, 540098, Romania",Romania
NCT01241448,"For additional information regarding investigative sites for this trial, contact 1-877-CTLILLY (1-877-285-4559, 1-317-615-4559) Mon - Fri from 9 AM to 5 PM Eastern Time (UTC/GMT - 5 hours, EST), or speak with your personal physician., Košice, 04012, Slovakia",Slovakia
NCT01241448,"For additional information regarding investigative sites for this trial, contact 1-877-CTLILLY (1-877-285-4559, 1-317-615-4559) Mon - Fri from 9 AM to 5 PM Eastern Time (UTC/GMT - 5 hours, EST), or speak with your personal physician., Malacky, 90101, Slovakia",Slovakia
NCT01241448,"For additional information regarding investigative sites for this trial, contact 1-877-CTLILLY (1-877-285-4559, 1-317-615-4559) Mon - Fri from 9 AM to 5 PM Eastern Time (UTC/GMT - 5 hours, EST), or speak with your personal physician., Alicante, 03114, Spain",Spain
NCT01241448,"For additional information regarding investigative sites for this trial, contact 1-877-CTLILLY (1-877-285-4559, 1-317-615-4559) Mon - Fri from 9 AM to 5 PM Eastern Time (UTC/GMT - 5 hours, EST), or speak with your personal physician., Alzira, 46600, Spain",Spain
NCT01241448,"For additional information regarding investigative sites for this trial, contact 1-877-CTLILLY (1-877-285-4559, 1-317-615-4559) Mon - Fri from 9 AM to 5 PM Eastern Time (UTC/GMT - 5 hours, EST), or speak with your personal physician., Seville, 41003, Spain",Spain
NCT06411275,"Peking University People's Hospital, Beijing, China",China
NCT06411275,"The Second Hospital of Jilin University, Changchun, China",China
NCT06411275,"The First People's Hospital of Changde City, Changde, China",China
NCT06411275,"The Fourth Affiliated Hospital of Harbin Medical University, Harbin, China",China
NCT06411275,"Huizhou Municipal Central Hospital, Huizhou, China",China
NCT06411275,"Jinan Central Hospital, Jinan, China",China
NCT06411275,"Liaocheng People's Hospital, Liaocheng, China",China
NCT06411275,"The First Affiliated Hospital of Henan University of Science and Technology, Luoyang, China",China
NCT06411275,"Nanjing First Hospital, Nanjing, China",China
NCT06411275,"Nanjing Jiangning Hospital, Nanjing, China",China
NCT06411275,"Sir Run Run Hospital Nanjing Medical University, Nanjing, China",China
NCT06411275,"The First Affiliated Hospital of Nanyang Medical College, Nanyang, China",China
NCT06411275,"Yan'an University Affiliated Hospital, Yanan, China",China
NCT06411275,"Affiliated Hospital of Jiangsu University, Zhenjiang, China",China
NCT02040012,"Quintiles Drug Research Unit at Guy's Hospital, London, London, SE1 1YR, United Kingdom",United Kingdom
NCT07487467,"Kaiser Clinica, São Jose Do Rio Preto, São Paulo, 15.015-110, Brazil",Brazil
NCT04100473,"Profil Mainz, Mainz, Malakoff-Passage, Germany",Germany
NCT07626775,"Division Of Endocrinology & Diabetes, Gurgaon, Haryana, 122001, India",India
NCT04564846,"Orange County Research Center (OCRC) 14351 Myford Rd., Suite B, Tustin, CA 92780, Tustin, California, 92780, United States",United States
NCT06407245,"University of British Columbia Okanagan, Kelowna, British Columbia, V1V 3G1, Canada",Canada
NCT01449747,"The Catholic University of Korea; St.Paul's Hospital, Seoul, 130-709, South Korea",South Korea
NCT01449747,"The Catholic University of Korea; Seoul St. Mary's Hospital, Seoul, 137-701, South Korea",South Korea
NCT01188863,"Lexicon Investigational Site, San Antonio, Texas, 78209, United States",United States
NCT06579105,"Research Site, Mobile, Alabama, 36608, United States",United States
NCT06579105,"Research Site, Sheffield, Alabama, 35660, United States",United States
NCT06579105,"Research Site, Vestavia Hills, Alabama, 35216, United States",United States
NCT06579105,"Research Site, Tucson, Arizona, 85710, United States",United States
NCT06579105,"Research Site, Little Rock, Arkansas, 72205, United States",United States
NCT06579105,"Research Site, Long Beach, California, 90815, United States",United States
NCT06579105,"Research Site, Los Angeles, California, 90017, United States",United States
NCT06579105,"Research Site, Newport Beach, California, 92660, United States",United States
NCT06579105,"Research Site, Sacramento, California, 95821, United States",United States
NCT06579105,"Research Site, Waterbury, Connecticut, 06708, United States",United States
NCT06579105,"Research Site, Lake City, Florida, 32055, United States",United States
NCT06579105,"Research Site, Largo, Florida, 33777, United States",United States
NCT06579105,"Research Site, Ocoee, Florida, 34761, United States",United States
NCT06579105,"Research Site, Orlando, Florida, 32804, United States",United States
NCT06579105,"Research Site, Decatur, Georgia, 30030, United States",United States
NCT06579105,"Research Site, Savannah, Georgia, 31406, United States",United States
NCT06579105,"Research Site, Lombard, Illinois, 60148, United States",United States
NCT06579105,"Research Site, Potomac, Maryland, 20854, United States",United States
NCT06579105,"Research Site, Boston, Massachusetts, 02115, United States",United States
NCT06579105,"Research Site, Roslindale, Massachusetts, 02131, United States",United States
NCT06579105,"Research Site, Farmington Hills, Michigan, 48334, United States",United States
NCT06579105,"Research Site, Gulfport, Mississippi, 39503, United States",United States
NCT06579105,"Research Site, Kansas City, Missouri, 64111, United States",United States
NCT06579105,"Research Site, Omaha, Nebraska, 68134, United States",United States
NCT06579105,"Research Site, Las Vegas, Nevada, 89109, United States",United States
NCT06579105,"Research Site, Albuquerque, New Mexico, 87107, United States",United States
NCT06579105,"Research Site, Binghamton, New York, 13905, United States",United States
NCT06579105,"Research Site, Durham, North Carolina, 27701, United States",United States
NCT06579105,"Research Site, Greensboro, North Carolina, 27408, United States",United States
NCT06579105,"Research Site, Rocky Mount, North Carolina, 27804, United States",United States
NCT06579105,"Research Site, Statesville, North Carolina, 28625, United States",United States
NCT06579105,"Research Site, Wilmington, North Carolina, 28401, United States",United States
NCT06579105,"Research Site, Winston-Salem, North Carolina, 27103, United States",United States
NCT06579105,"Research Site, Fargo, North Dakota, 58104, United States",United States
NCT06579105,"Research Site, Beachwood, Ohio, 44122, United States",United States
NCT06579105,"Research Site, Cincinnati, Ohio, 45219, United States",United States
NCT06579105,"Research Site, Medford, Oregon, 97504, United States",United States
NCT06579105,"Research Site, West Chester, Pennsylvania, 19380, United States",United States
NCT06579105,"Research Site, Gaffney, South Carolina, 29340, United States",United States
NCT06579105,"Research Site, Bristol, Tennessee, 37620, United States",United States
NCT06579105,"Research Site, Abilene, Texas, 79606, United States",United States
NCT06579105,"Research Site, Dallas, Texas, 75230, United States",United States
NCT06579105,"Research Site, El Paso, Texas, 79935, United States",United States
NCT06579105,"Research Site, Houston, Texas, 77004, United States",United States
NCT06579105,"Research Site, West Jordan, Utah, 84088, United States",United States
NCT06579105,"Research Site, Charlottesville, Virginia, 22911, United States",United States
NCT06579105,"Research Site, Manassas, Virginia, 20110, United States",United States
NCT06579105,"Research Site, Norfolk, Virginia, 23504, United States",United States
NCT06579105,"Research Site, Seattle, Washington, 98105, United States",United States
NCT06579105,"Research Site, Kingwood, West Virginia, 26537, United States",United States
NCT06579105,"Research Site, Surrey, British Columbia, V3T 2V6, Canada",Canada
NCT06579105,"Research Site, Brampton, Ontario, L6T 0G1, Canada",Canada
NCT06579105,"Research Site, Burlington, Ontario, L7M 4Y1, Canada",Canada
NCT06579105,"Research Site, Sarnia, Ontario, N7T 4X3, Canada",Canada
NCT06579105,"Research Site, Toronto, Ontario, M9V 4B4, Canada",Canada
NCT06579105,"Research Site, Lévis, Quebec, G6V 6E2, Canada",Canada
NCT06579105,"Research Site, Falkensee, 14612, Germany",Germany
NCT06579105,"Research Site, Hamburg, 22607, Germany",Germany
NCT06579105,"Research Site, Münster, 48145, Germany",Germany
NCT06579105,"Research Site, Oldenburg, 23758, Germany",Germany
NCT06579105,"Research Site, Sankt Ingbert, 66386, Germany",Germany
NCT06579105,"Research Site, Wangen, 88239, Germany",Germany
NCT06579105,"Research Site, Budapest, 1036, Hungary",Hungary
NCT06579105,"Research Site, Budapest, 1083, Hungary",Hungary
NCT06579105,"Research Site, Debrecen, 4032, Hungary",Hungary
NCT06579105,"Research Site, Szeged, 6725, Hungary",Hungary
NCT06579105,"Research Site, Chūōku, 103-0027, Japan",Japan
NCT06579105,"Research Site, Chūōku, 104-0031, Japan",Japan
NCT06579105,"Research Site, Matsuyama, 7900034, Japan",Japan
NCT06579105,"Research Site, Shinjuku-ku, 160-0008, Japan",Japan
NCT06579105,"Research Site, Bialystok, 15-435, Poland",Poland
NCT06579105,"Research Site, Krakow, 31-156, Poland",Poland
NCT06579105,"Research Site, Krakow, 31-261, Poland",Poland
NCT06579105,"Research Site, Lodz, 90-338, Poland",Poland
NCT06579105,"Research Site, Lublin, 20-718, Poland",Poland
NCT06579105,"Research Site, Poznan, 60-589, Poland",Poland
NCT06579105,"Research Site, Poznan, 61-655, Poland",Poland
NCT06579105,"Research Site, Tarnów, 33-100, Poland",Poland
NCT06579105,"Research Site, Bratislava, 831 03, Slovakia",Slovakia
NCT06579105,"Research Site, Prešov, 080 01, Slovakia",Slovakia
NCT06579105,"Research Site, Rožňava, 048 01, Slovakia",Slovakia
NCT06579105,"Research Site, Sabinov, 083 01, Slovakia",Slovakia
NCT06579105,"Research Site, Trebišov, 07501, Slovakia",Slovakia
NCT06579105,"Research Site, A Coruña, 15006, Spain",Spain
NCT06579105,"Research Site, Barcelona, 8035, Spain",Spain
NCT06579105,"Research Site, Madrid, 28006, Spain",Spain
NCT06579105,"Research Site, Málaga, 29010, Spain",Spain
NCT06579105,"Research Site, Seville, 41003, Spain",Spain
NCT06579105,"Research Site, Seville, 41010, Spain",Spain
NCT06579105,"Research Site, Seville, 41950, Spain",Spain
NCT06579105,"Research Site, Blackpool, FY3 7EN, United Kingdom",United Kingdom
NCT06579105,"Research Site, Bristol, BS34 6BQ, United Kingdom",United Kingdom
NCT06579105,"Research Site, Chesterfield, S40 4AA, United Kingdom",United Kingdom
NCT06579105,"Research Site, Corby, NN17 2UR, United Kingdom",United Kingdom
NCT06579105,"Research Site, Dundee, DD1 9SY, United Kingdom",United Kingdom
NCT06579105,"Research Site, Rotherham, S65 1DA, United Kingdom",United Kingdom
NCT06579105,"Research Site, Yate, BS37 4AX, United Kingdom",United Kingdom
NCT07452913,"National Medical Center Karachi, Karachi, Sindh, 75500, Pakistan",Pakistan
NCT06440486,"Nanchong Central Hospital, Nanchong, Sichuan, 637000, China",China
NCT06562842,"Department of Physical Education and Sport Science, Uninersity of Thessaly, Trikala, 42100, Greece",Greece
NCT07681375,"San Diego Family Care (SDFC), San Diego, California, 92111, United States",United States
NCT03112538,"Hospital Putrajaya, Putrajaya, Kuala Lumpur, 62250, Malaysia",Malaysia
NCT07573917,"Centre de recherche du CHUS, Sherbrooke, Quebec, J1H 5N4, Canada",Canada
NCT07114822,"UC Irvine, Irvine, California, 92617, United States",United States
NCT07023172,"Xinyang Central Hospital, Xinyang, Henan, 464000, China",China
NCT07023172,"Affiliated Drum Tower Hospital, Medical School of Nanjing University, Nanjing, Jiangsu, 210000, China",China
NCT01798238,"Handok INC, Seoul, Gangnam-Gu, South Korea",South Korea
NCT01798238,"Handok Pharmaceuticals CO. LTD, Seoul, South Korea",South Korea
NCT04213547,"Children's Hospital of Philadelphia, Philadelphia, Pennsylvania, 19104, United States",United States
NCT05342012,"Bournemouth University, Bournemouth, Dorset, BH12 5BB, United Kingdom",United Kingdom
NCT05342012,"University of Portsmouth, Portsmouth, Hampshire, PO1 2UP, United Kingdom",United Kingdom
NCT05342012,"Southern Health NHS Foundation Trust, Southampton, Hampshire, SO40 8DX, United Kingdom",United Kingdom
NCT05342012,"Shore Medical, Poole, United Kingdom",United Kingdom
NCT07647523,"Dokuz Eylul University, Izmir, Turkey (Türkiye)",Turkey (Türkiye)
NCT07142512,"St. Mary's Hospital, Montreal, Quebec, H3T 0A2, Canada",Canada
NCT07142512,"Jewish General Hospital, Montreal, Quebec, H3T 1E2, Canada",Canada
NCT07142512,"McGill University Health Centre, Montreal, Quebec, H4A 0B1, Canada",Canada
NCT07376226,"Harvard T. H. Chan School of Public Health, Boston, Massachusetts, 02115, United States",United States
NCT04264793,"Ambulatory Healthcare Services, SEHA, Al Ain City, United Arab Emirates",United Arab Emirates
NCT06825182,"Nanjing First Hostital, Nanjing, Jiangsu, 210000, China",China
NCT06353347,"Baogang Hospital of Inner Mongolia, Baotou, China",China
NCT06353347,"Beijing Friendship Hospital, Capital Medical University, Beijing, China",China
NCT06353347,"Beijing Luhe Hospital Capital Medical University, Beijing, China",China
NCT06353347,"Beijing Pinggu Hospital, Beijing, China",China
NCT06353347,"Peking Union Medical College Hospital, Beijing, China",China
NCT06353347,"Peking University People's Hospital, Beijing, China",China
NCT06353347,"The Second Norman Bethune Hospital of Jilin University, Changchun, China",China
NCT06353347,"The First People's Hospital of Changde City, Changde, China",China
NCT06353347,"Hunan Provincial People's Hospital, Changsha, China",China
NCT06353347,"The Third Xiangya Hospital of Central South University, Changsha, China",China
NCT06353347,"Chongqing University Three Gorges Hospital, Chongqing, China",China
NCT06353347,"The Third People's Hospital of Datong, Datong, China",China
NCT06353347,"Nanfang Hospital, Southern Medical University, Guangzhou, China",China
NCT06353347,"Handan First Hospital, Handan, China",China
NCT06353347,"The Fourth Affiliated Hospital of Harbin Medical University, Harbin, China",China
NCT06353347,"Anhui Provincial Hospital, Hefei, China",China
NCT06353347,"The Second Hospital of Anhui Medical University, Hefei, China",China
NCT06353347,"Hengshui People's Hospital (Harrison International Peace Hospital), Hengshui, China",China
NCT06353347,"Heze Municipal Hospital, Heze, China",China
NCT06353347,"Huai'an First People's Hospital, Huai'an, China",China
NCT06353347,"Huangshi Central Hospital, Huangshi, China",China
NCT06353347,"Huizhou Municipal Central Hospital, Huizhou, China",China
NCT06353347,"Huzhou Central Hospital, Huzhou, China",China
NCT06353347,"Jinan Central Hospital, Jinan, China",China
NCT06353347,"Jingzhou Central Hospital, Jingzhou, China",China
NCT06353347,"Jinzhou Central Hospital, Jinzhou, China",China
NCT06353347,"The First People's Hospital of Kashgar, Kashgar, China",China
NCT06353347,"Hebei Petro China Center Hospital, Langfang, China",China
NCT06353347,"Liaocheng People's Hospital, Liaocheng, China",China
NCT06353347,"The First Affiliated Hospital of Henan University of Science and Technology (Jinghua), Luoyang, China",China
NCT06353347,"The First Affiliated Hospital of Henan University of Science and Technology (Kaiyuan), Luoyang, China",China
NCT06353347,"Nanjing Drum Tower Hospital - The Affiliated Hospital of Nanjing University Medical School, Nanjing, China",China
NCT06353347,"Nanjing First Hospital, Nanjing, China",China
NCT06353347,"Nanjing Jiangning Hospital, Nanjing, China",China
NCT06353347,"Sir Run Run Hospital Nanjing Medical University, Nanjing, China",China
NCT06353347,"The Second Affiliated Hospital of Nanjing Medical University, Nanjing, China",China
NCT06353347,"The First People's Hospital of Nanning, Nanning, China",China
NCT06353347,"The First Affiliated Hospital of Nanyang Medical College, Nanyang, China",China
NCT06353347,"Panjin Liaohe Oilfield Gem Flower Hospital, Panjin, China",China
NCT06353347,"The First Hospital of Qiqihar, Qiqihar, China",China
NCT06353347,"Shanghai East Hospital of Tongji University, Shanghai, China",China
NCT06353347,"Shanghai Pudong New Area People's Hospital, Shanghai, China",China
NCT06353347,"Shengjing Hospital of China Medical University, Shenyang, China",China
NCT06353347,"The Sixth People's Hospital of Shenyang, Shenyang, China",China
NCT06353347,"Shenzhen People's Hospital, Shenzhen, China",China
NCT06353347,"The University of Hong Kong - Shenzhen Hospital, Shenzhen, China",China
NCT06353347,"Taihe Hospital, Shiyan, China",China
NCT06353347,"Siping City Central People's Hospital, Siping, China",China
NCT06353347,"The First Affiliated Hospital of Suzhou University, Suzhou, China",China
NCT06353347,"People's Hospital of Tianjin, Tianjin, China",China
NCT06353347,"Tonghua Central Hospital, Tonghua, China",China
NCT06353347,"The Central Hospital of Wuhan, Wuhan, China",China
NCT06353347,"Yijishan Hospital of Wannan Medical College, Wuhu, China",China
NCT06353347,"The First People's Hospital of Xiangtan City, Xiangtan, China",China
NCT06353347,"The Affiliated Hospital of Xuzhou Medical University, Xuzhou, China",China
NCT06353347,"Yanan University Affiliated Hospital, Yanan, China",China
NCT06353347,"Yueyang People's Hospital, Yueyang, China",China
NCT06353347,"Yuncheng Central Hospital, Yuncheng, China",China
NCT06353347,"The Second Affiliated Hospital of Zhengzhou University, Zhengzhou, China",China
NCT06353347,"Affiliated Hospital of Jiangsu University, Zhenjiang, China",China
NCT06353347,"Zhumadian Central Hospital, Zhumadian, China",China
NCT06353347,"Zhuzhou Central Hospital, Zhuzhou, China",China
NCT06353347,"Zibo Central Hospital, Zibo, China",China
NCT06353347,"The First People's Hospital of Zunyi, Zunyi, China",China
NCT05826054,"VCHRI Clinical Research Unit, Vancouver, British Columbia, V5Y2S7, Canada",Canada
NCT00309712,"McKay Dee Hospital, Ogden, Utah, 84403, United States",United States
NCT00309712,"LDS Hospital, Salt Lake City, Utah, 84143, United States",United States
NCT07568678,"Clinical Pharmacology of Miami, Miami, Florida, 33172, United States",United States
NCT00943917,"Study Site, Chino, California, 91710, United States",United States
NCT00943917,"Study Site, La Jolla, California, 92037, United States",United States
NCT00943917,"Study Site, National City, California, 91950, United States",United States
NCT00943917,"Study Site, Sacramento, California, 95821, United States",United States
NCT00943917,"Study Site, San Diego, California, 92161, United States",United States
NCT00943917,"Study Site, Valley Village, California, 91607, United States",United States
NCT00943917,"Study Site, Longmont, Colorado, 80501, United States",United States
NCT00943917,"Study Site, Pueblo, Colorado, 81001, United States",United States
NCT00943917,"Study Site, Bradenton, Florida, 34203, United States",United States
NCT00943917,"Study Site, Miami, Florida, 33143, United States",United States
NCT00943917,"Study Site, Miami, Florida, 33169, United States",United States
NCT00943917,"Study Site, Miami, Florida, 33183, United States",United States
NCT00943917,"Study Site, Miramar, Florida, 33025, United States",United States
NCT00943917,"Study Site, Pembroke Pines, Florida, 33026, United States",United States
NCT00943917,"Study Site, St. Petersburg, Florida, 33709, United States",United States
NCT00943917,"Study Site, Atlanta, Georgia, 30342, United States",United States
NCT00943917,"Study Site, Sandy Springs, Georgia, 30328, United States",United States
NCT00943917,"Study Site, Meridian, Idaho, 83642, United States",United States
NCT00943917,"Study Site, Chicago, Illinois, 60607, United States",United States
NCT00943917,"Study Site, Avon, Indiana, 46123, United States",United States
NCT00943917,"Study Site, Wichita, Kansas, 67205, United States",United States
NCT00943917,"Study Site, Lexington, Kentucky, 40503, United States",United States
NCT00943917,"Study Site, New Orleans, Louisiana, 70112, United States",United States
NCT00943917,"Study Site, Kalamazoo, Michigan, 49007, United States",United States
NCT00943917,"Study Site, Traverse City, Michigan, 49684, United States",United States
NCT00943917,"Study Site, Troy, Michigan, 48098, United States",United States
NCT00943917,"Study Site, Ypsilanti, Michigan, 48197, United States",United States
NCT00943917,"Study Site, Minneapolis, Minnesota, 55416, United States",United States
NCT00943917,"Study Site, Las Vegas, Nevada, 89119, United States",United States
NCT00943917,"Study Site, New Hyde Park, New York, 11042, United States",United States
NCT00943917,"Study Site, Charlotte, North Carolina, 28209, United States",United States
NCT00943917,"Study Site, Hickory, North Carolina, 28601, United States",United States
NCT00943917,"Study Site, Cincinnati, Ohio, 45212, United States",United States
NCT00943917,"Study Site, Cincinnati, Ohio, 45219, United States",United States
NCT00943917,"Study Site, Franklin, Ohio, 45005, United States",United States
NCT00943917,"Study Site, Kettering, Ohio, 45429, United States",United States
NCT00943917,"Study Site, Norman, Oklahoma, 73069, United States",United States
NCT00943917,"Study Site, Eugene, Oregon, 97404, United States",United States
NCT00943917,"Study Site, Rapid City, South Dakota, 57702, United States",United States
NCT00943917,"Study Site, Austin, Texas, 78749, United States",United States
NCT00943917,"Study Site, Austin, Texas, 78752, United States",United States
NCT00943917,"Study Site, Dallas, Texas, 75230, United States",United States
NCT00943917,"Study Site, Dallas, Texas, 75251, United States",United States
NCT00943917,"Study Site, Irving, Texas, 75039, United States",United States
NCT00943917,"Study Site, San Antonio, Texas, 78205, United States",United States
NCT00943917,"Study Site, San Antonio, Texas, 78229, United States",United States
NCT00943917,"Study Site, West Jordan, Utah, 84088, United States",United States
NCT00943917,"Study Site, Norfolk, Virginia, 23502, United States",United States
NCT00943917,"Study Site, Olympia, Washington, 98502, United States",United States
NCT00943917,"Study Site, Spokane, Washington, 99202, United States",United States
NCT05202470,"Muğla Training and Research Hospital, Muğla, 48000, Turkey (Türkiye)",Turkey (Türkiye)
NCT06739044,"Beijing Hospital, Beijing, Beijing Municipality, China",China
NCT03840850,"27 Beaumont Street Surgery Practice, Oxford, Oxfordshire, OX1 2NR, United Kingdom",United Kingdom
NCT01488916,"Taipei Veterans General Hospital, Taipei, 112, Taiwan",Taiwan
NCT01095991,"Research Site, Neuss, Germany",Germany
NCT04077216,"Makati Medical Center, Makati City, NCR, 1004, Philippines",Philippines
NCT05466643,"Samsung Medical Center, Seoul, 135-710, South Korea",South Korea
NCT06887543,"The Rockefeller University Hospital, New York, New York, 10065, United States",United States
NCT07278115,"Diabetes Surgery, Athens, Attica, 11527, Greece",Greece
NCT07278115,"Diabetes Surgery, Athens, Attica, 11527, Greece",Greece
NCT03230786,"Diabetologická a Obezitologická ambulance, České Budějovice, Czechia",Czechia
NCT03230786,"Vdoviak Miroslav MUDr. - Interní Ambulance, Karlovy Vary, 360 17, Czechia",Czechia
NCT03230786,"Interní a Diabetologická ambulance, Clintrial s.r.o, Prague, 100 00, Czechia",Czechia
NCT03230786,"Endokrinologicky Ústav, Prague, 113 94, Czechia",Czechia
NCT03230786,"General University Hospital, Prague, 128 00, Czechia",Czechia
NCT03230786,"Institute for Clinical and experimental Medicine, Prague, 140 21, Czechia",Czechia
NCT03230786,"Diabet2 s.r.o, Prague, Czechia",Czechia
NCT03230786,"Interní a Diabetologická ambulance, Uherské Hradiště, 68 601, Czechia",Czechia
NCT03230786,"Bispebjerg Hospital, Endokrinologisk Afdeling, Bispebjerg, Copenhagen NV, 2400, Denmark",Denmark
NCT03230786,"Bioclinica, Ballerup Municipality, Copenhagen, 2750, Denmark",Denmark
NCT03230786,"Bioclinica, Aalborg, Jutland, 9000, Denmark",Denmark
NCT03230786,"Aarhus University Hospital, Endocrinlogy Department, Aarhus, Jutland, 8000, Denmark",Denmark
NCT03230786,"Sydvestjysk Sygehus, Esbjerg, Jutland, 6700, Denmark",Denmark
NCT03230786,"Bioclinica, Vejle, Jutland, 7100, Denmark",Denmark
NCT03230786,"Holbæk Sygehus, Holbæk, 4300, Denmark",Denmark
NCT03230786,"Rtl Sm Srl/Scr, Chisinau, MD2025, Moldova",Moldova
NCT03230786,"Rtl Sm Srl, Chisinau, MD2025, Moldova",Moldova
NCT03230786,"Centrum Badań Klinicznych PI-House sp. z o.o., Gdansk, 80-546, Poland",Poland
NCT03230786,"Specjalistyczna Praktyka Lekarska Piotr Kubalski, Grudziądz, 86-302, Poland",Poland
NCT03230786,"Medyczne Centrum Diabetologiczno Endokrynologiczno Metaboliczno, Krakow, 31-261, Poland",Poland
NCT03230786,"Prywatny Gabinet Lekarski i Wizyty Lekarskie Jan Ruxer, Lodz, 90-074, Poland",Poland
NCT03230786,"Prywatny Gabinet Lekarski M. Horodecki (budynek Medicus), Opole, 45-367, Poland",Poland
NCT03230786,"Centrum Medyczne Hygea, Tychy, 43-100, Poland",Poland
NCT03230786,"Centrum Medyczne AMED, Warsaw, 01-518, Poland",Poland
NCT03230786,"S.C. Policlinica CCBR S.R.L., Bucharest, 030463, Romania",Romania
NCT03230786,"Institutului Național de Diabet, Nutriție și Boli Metabolice ""Prof.Dr. N.C. Paulescu"", Bucharest, Romania",Romania
NCT03230786,"S.C Nicodiab S.R.L., Bucharest, Romania",Romania
NCT03230786,"S.C. Sfinx Medica S.R.L., Constanța, 900412, Romania",Romania
NCT03230786,"S.C. Mediab S.R.L., Târgu Mureş, Romania",Romania
NCT03230786,"St. Pancras, London, WC1X 8QD, United Kingdom",United Kingdom
NCT07668388,"Flourish Research, Birmingham, Alabama, 35205, United States",United States
NCT07668388,"Ark Clinical Research, Fountain Valley, California, 92708, United States",United States
NCT07668388,"Ark Clinical Research, Long Beach, California, 90815, United States",United States
NCT07668388,"Los Angeles Institute for Metabolic Research, Los Angeles, California, 90015, United States",United States
NCT07668388,"Catalina Research Institute, LLC, Montclair, California, 91763, United States",United States
NCT07668388,"Encore Medical Research LLC, Hollywood, Florida, 33024, United States",United States
NCT07668388,"South Broward Research LLC, Miramar, Florida, 33027, United States",United States
NCT07668388,"Encore Medical Research of Weston, Weston, Florida, 33331, United States",United States
NCT07668388,"Midwest Inst For Clin Res, Indianapolis, Indiana, 46260, United States",United States
NCT07668388,"Cotton O'Neil Diabetes & Endocrinology, Topeka, Kansas, 66606, United States",United States
NCT07668388,"MD Medical Research, Oxon Hill, Maryland, 20745, United States",United States
NCT07668388,"PharmQuest, Greensboro, North Carolina, 27408, United States",United States
NCT07668388,"KDCILM, LLC & Accellacare US, Inc., Wilmington, North Carolina, 28401, United States",United States
NCT07668388,"Plains Clinical Research Center, LLC_Fargo, Fargo, North Dakota, 58104, United States",United States
NCT07668388,"Preferred Primary Care Physicians, Inc., Uniontown, Pennsylvania, 15401, United States",United States
NCT07668388,"Monroe Biomedical Research, LLC, North Charleston, South Carolina, 29406, United States",United States
NCT07668388,"LifeDoc Health, Memphis, Tennessee, 38115, United States",United States
NCT07668388,"IMA Clinical Research, Austin, Texas, 78745, United States",United States
NCT07668388,"Private Practice - Dr. Laila A. Hassan, Houston, Texas, 77089, United States",United States
NCT07668388,"Radiance Clinical Research, Lampasas, Texas, 76550, United States",United States
NCT07668388,"Quality Research Inc, San Antonio, Texas, 78209, United States",United States
NCT07668388,"Tekton Research Inc, San Antonio, Texas, 78258, United States",United States
NCT07668388,"Consano Clin Res-Shavano Park, Shavano Park, Texas, 78231, United States",United States
NCT07668388,"Chrysalis Clinical Research, St. George, Utah, 84790, United States",United States
NCT07668388,"The Vancouver Clinic, Vancouver, Washington, 98664, United States",United States
NCT07668388,"Castle Hill Medical Centre, Castle Hill, New South Wales, 2154, Australia",Australia
NCT07668388,"Novatrials, Charlestown, New South Wales, 2290, Australia",Australia
NCT07668388,"Hunter Medical Research Institute - Endocrinology and Diabetes, New Lambton Heights, New South Wales, 2305, Australia",Australia
NCT07668388,"Roger Chih Yu Chen, Sydney, New South Wales, 2148, Australia",Australia
NCT07668388,"Royal Adelaide Hospital - Cardiology Department, Adelaide, South Australia, 5000, Australia",Australia
NCT07668388,"Baker Heart and Diabetes Institute, Melbourne, Victoria, 3004, Australia",Australia
NCT07668388,"Versdias - Diabetologikum Amberg, Amberg, Bavaria, 92224, Germany",Germany
NCT07668388,"Herz- und Diabeteszentrum NRW - Bad Oeynhausen, Bad Oeynhausen, 32545, Germany",Germany
NCT07668388,"Medizinisches Versorgungszentrum Am Bahnhof Spandau GbR, Berlin, 13597, Germany",Germany
NCT07668388,"DSP Bochum, Diabetes- und Stoffwechselpraxis, Bochum, 44869, Germany",Germany
NCT07668388,"Studiengesellschaft Dres. Könemann/Steinmann GbR, Bünde, 32257, Germany",Germany
NCT07668388,"InnoDiab Forschung GmbH, Essen, 45136, Germany",Germany
NCT07668388,"Mesut Durmaz, Hof, Hof, 95030, Germany",Germany
NCT07668388,"CRS Clinical Research Mannheim GmbH (hVIVO Mannheim), Mannheim, 68167, Germany",Germany
NCT07668388,"Szegedi Tudomanyegyetem St Györgyi Albert Klinikai Központ, Szeged, Csongrád-Csanád, 6725, Hungary",Hungary
NCT07668388,"Szent Margit Rendelőintézet Nonprofit Kft., Budapest, 1032, Hungary",Hungary
NCT07668388,"Semmelweis Egyetem, Budapest, 1083, Hungary",Hungary
NCT07668388,"PVN Kutató Kft., Budapest, 1102, Hungary",Hungary
NCT07668388,"Pécsi Tudományegyetem ÁOK, Pécs, 7624, Hungary",Hungary
NCT07668388,"1 Wojskowy Szpital Kliniczny z Poliklinika SPZOZ, Lublin, Lublin Voivodeship, 20-049, Poland",Poland
NCT07668388,"NZOZ Vita-Diabetica Malgorzata Buraczyk, Bialystok, Podlaskie Voivodeship, 15-879, Poland",Poland
NCT07668388,"Uniwersytecki Szpital Kliniczny w Bialymstoku, Bialystok, 15-276, Poland",Poland
NCT07668388,"Specjalistyczna Praktyka Lekarska Diabetologia, Leczenie Cukrzycy i Otyłości lek. Monika Piwowar, Kielce, 25-355, Poland",Poland
NCT07668388,"Clinical Best Solutions Sp. z o.o., Sp. k, Lublin, 20-011, Poland",Poland
NCT07668388,"Formed 2 Sp. z o.o., Oświęcim, 32-600, Poland",Poland
NCT07668388,"S.C. Top Diabet Srl, Craiova, Dolj, 200515, Romania",Romania
NCT07668388,"Mariodiab Clinic SRL, Brasov, 500101, Romania",Romania
NCT07668388,"SC Nutrilife SRL, Bucharest, 013764, Romania",Romania
NCT07668388,"S.C Milena Sante SRL, Galati, 800001, Romania",Romania
NCT07668388,"Clinica Korall S.R.L. Satu Mare, Satu Mare, 440055, Romania",Romania
NCT07668388,"Spitalul Clinic Judetean De Urgenta Pius Brinzeu Timisoara, Timișoara, 300723, Romania",Romania
NCT07668388,"MEDISPEKTRUM s.r.o., Bratislava, 851 01, Slovakia",Slovakia
NCT07668388,"IN-DIA s.r.o., Lučenec, 984 01, Slovakia",Slovakia
NCT07668388,"MEDI-DIA s.r.o., Sabinov, 08301, Slovakia",Slovakia
NCT07668388,"ARETEUS s.r.o., Trebišov, 075 01, Slovakia",Slovakia
NCT07668388,"Chosun University Hospital_Endocrinology, Gwangju, 61453, South Korea",South Korea
NCT07668388,"Asan Medical Center_Endocrinology, Seoul, 05505, South Korea",South Korea
NCT07668388,"The Catholic University of Korea, Seoul ST. Mary's Hospital_Endocrinology, Seoul, 06591, South Korea",South Korea
NCT07668388,"Korea University Guro Hospital_Endocrinology, Seoul, 08308, South Korea",South Korea
NCT07668388,"Equip D'assistencia Primaria Vic S.L.P., Vic, Barcelona, 08500, Spain",Spain
NCT07668388,"Hospital Vall d'Hebron, Barcelona, 08035, Spain",Spain
NCT07668388,"Eap Osona Sud Alt Congost S.L.P, Centelles (Barcelona), 08540, Spain",Spain
NCT07668388,"Hospital Universitario de la Princesa, Madrid, 28006, Spain",Spain
NCT07668388,"H. Univ. Marqués de Valdecilla_Endocrinología, Santander, 39008, Spain",Spain
NCT07668388,"H. Infanta Luisa_Endocrino y Obesidad, Seville, 41010, Spain",Spain
NCT06507475,"Maharaj Nakorn Chiang Mai Hospital_Nephrology, Chiang Mai, 50200, Thailand",Thailand
NCT01468181,"For additional information regarding investigative sites for this trial, contact 1-877-CTLILLY (1-877-285-4559, 1-317-615-4559) Mon - Fri from 9 AM to 5 PM Eastern Time (UTC/GMT - 5 hours, EST), or speak with your personal physician., Aichi, 466-0815, Japan",Japan
NCT01468181,"For additional information regarding investigative sites for this trial, contact 1-877-CTLILLY (1-877-285-4559, 1-317-615-4559) Mon - Fri from 9 AM to 5 PM Eastern Time (UTC/GMT - 5 hours, EST), or speak with your personal physician., Chiba, 277-0825, Japan",Japan
NCT01468181,"For additional information regarding investigative sites for this trial, contact 1-877-CTLILLY (1-877-285-4559, 1-317-615-4559) Mon - Fri from 9 AM to 5 PM Eastern Time (UTC/GMT - 5 hours, EST), or speak with your personal physician., Hokkaido, 050-0073, Japan",Japan
NCT01468181,"For additional information regarding investigative sites for this trial, contact 1-877-CTLILLY (1-877-285-4559, 1-317-615-4559) Mon - Fri from 9 AM to 5 PM Eastern Time (UTC/GMT - 5 hours, EST), or speak with your personal physician., Hyōgo, 662-0971, Japan",Japan
NCT01468181,"For additional information regarding investigative sites for this trial, contact 1-877-CTLILLY (1-877-285-4559, 1-317-615-4559) Mon - Fri from 9 AM to 5 PM Eastern Time (UTC/GMT - 5 hours, EST), or speak with your personal physician., Ibaraki, 300-0053, Japan",Japan
NCT01468181,"For additional information regarding investigative sites for this trial, contact 1-877-CTLILLY (1-877-285-4559, 1-317-615-4559) Mon - Fri from 9 AM to 5 PM Eastern Time (UTC/GMT - 5 hours, EST), or speak with your personal physician., Kanagawa, 231-0023, Japan",Japan
NCT01468181,"For additional information regarding investigative sites for this trial, contact 1-877-CTLILLY (1-877-285-4559, 1-317-615-4559) Mon - Fri from 9 AM to 5 PM Eastern Time (UTC/GMT - 5 hours, EST), or speak with your personal physician., Kyoto, 615-8125, Japan",Japan
NCT01468181,"For additional information regarding investigative sites for this trial, contact 1-877-CTLILLY (1-877-285-4559, 1-317-615-4559) Mon - Fri from 9 AM to 5 PM Eastern Time (UTC/GMT - 5 hours, EST), or speak with your personal physician., Nagano, 390-1401, Japan",Japan
NCT01468181,"For additional information regarding investigative sites for this trial, contact 1-877-CTLILLY (1-877-285-4559, 1-317-615-4559) Mon - Fri from 9 AM to 5 PM Eastern Time (UTC/GMT - 5 hours, EST), or speak with your personal physician., Okayama, 700-8558, Japan",Japan
NCT01468181,"For additional information regarding investigative sites for this trial, contact 1-877-CTLILLY (1-877-285-4559, 1-317-615-4559) Mon - Fri from 9 AM to 5 PM Eastern Time (UTC/GMT - 5 hours, EST), or speak with your personal physician., Osaka, 560-0082, Japan",Japan
NCT01468181,"For additional information regarding investigative sites for this trial, contact 1-877-CTLILLY (1-877-285-4559, 1-317-615-4559) Mon - Fri from 9 AM to 5 PM Eastern Time (UTC/GMT - 5 hours, EST), or speak with your personal physician., Saitama, 3438577, Japan",Japan
NCT01468181,"For additional information regarding investigative sites for this trial, contact 1-877-CTLILLY (1-877-285-4559, 1-317-615-4559) Mon - Fri from 9 AM to 5 PM Eastern Time (UTC/GMT - 5 hours, EST), or speak with your personal physician., Tokyo, 1030002, Japan",Japan
NCT01468181,"For additional information regarding investigative sites for this trial, contact 1-877-CTLILLY (1-877-285-4559, 1-317-615-4559) Mon - Fri from 9 AM to 5 PM Eastern Time (UTC/GMT - 5 hours, EST), or speak with your personal physician., Toyama, 930-0859, Japan",Japan
NCT01468181,"For additional information regarding investigative sites for this trial, contact 1-877-CTLILLY (1-877-285-4559, 1-317-615-4559) Mon - Fri from 9 AM to 5 PM Eastern Time (UTC/GMT - 5 hours, EST), or speak with your personal physician., Wakayama, 644-0011, Japan",Japan
NCT04195243,"Institute of Experimental and Clinical Therapeutics (INTEC), CUCS, University of Guadalajara, Guadalajara, Jalisco, 44340, Mexico",Mexico
NCT01498367,"Endocrinology and Metabolic Diseases Department - Regional University Hospital of Larisa, Larissa, Thessaly, 41110, Greece",Greece
NCT05535842,"Nanyang Technological University, Center for Population Health Sciences, Lee Kong Chian School of Medicine, Singapore, 308232, Singapore",Singapore
NCT05535842,"Tan Tock Seng Hospital, Singapore, 308433, Singapore",Singapore
NCT05702073,"Zhongshan Hospital, Shanghai, Shanghai Municipality, 200032, China",China
NCT06136013,"Faculdade de Motricidade Humana, Cruz Quebrada, Oeiras, 1409-002, Portugal",Portugal
NCT05626842,"Oviva UK ltd, London, SE1 9RS, United Kingdom",United Kingdom
NCT06516640,"Children's Hospital Los Angeles, Los Angeles, California, 90027, United States",United States
NCT06861062,"Guangxi Medical College, Nanning, Guangxi, China",China
NCT06861062,"Kailuan General Hospital, Tangshan, Hebei, China",China
NCT06861062,"Sinopharm Dongfeng General Hospital, Shiyan, Hubei, China",China
NCT06861062,"Huazhong University of Science and Technology, Wuhan, Hubei, 430000, China",China
NCT06861062,"Sichuan University, Chengdu, Sichuan, China",China
NCT07089784,"ProSciento Inc. ( Site 0004), Chula Vista, California, 91911, United States",United States
NCT07089784,"California Clinical Trials Medical Group managed by PAREXEL ( Site 0008), Glendale, California, 91206, United States",United States
NCT07089784,"Velocity Clinical Research, Hallandale Beach ( Site 0010), Hallandale, Florida, 33009, United States",United States
NCT07089784,"Jacksonville Center for Clinical Research ( Site 0002), Jacksonville, Florida, 32216, United States",United States
NCT07089784,"Advanced Pharma CR, LLC ( Site 0001), Miami, Florida, 33147, United States",United States
NCT07089784,"QPS Miami Research Associates ( Site 0005), South Miami, Florida, 33143, United States",United States
NCT07089784,"AMR Lexington ( Site 0012), Lexington, Kentucky, 40509, United States",United States
NCT07089784,"Alliance for Multispecialty Research, LLC ( Site 0013), Kansas City, Missouri, 64114, United States",United States
NCT07089784,"Bio-Kinetic Clinical Applications, LLC dba QPS-MO ( Site 0009), Springfield, Missouri, 65802, United States",United States
NCT07089784,"AMR Clinical ( Site 0003), Knoxville, Tennessee, 37920, United States",United States
NCT07089784,"ICON Early Phase Services ( Site 0006), San Antonio, Texas, 78209, United States",United States
NCT03551925,"Jordan Valley Community Health Center, Springfield, Missouri, 65806, United States",United States
NCT03861052,"Akaicho Clinic, Chiba, Chiba, 260 0804, Japan",Japan
NCT03861052,"Medical corporation THY Tokuyama Clinic, Chiba Mihama-ku, Chiba, 261-0004, Japan",Japan
NCT03861052,"National Hospital Organization Kure Medical Center, Kure, Hiroshima, 737-0023, Japan",Japan
NCT03861052,"Hasegawa Medical Clinic, Chitose, Hokkaido, 066-0032, Japan",Japan
NCT03861052,"Yuri Ono Clinic, Sapporo, Hokkaido, 060-0001, Japan",Japan
NCT03861052,"Watanabe Naika Clinic, Nishinomiya, Hyōgo, 662-0971, Japan",Japan
NCT03861052,"Hayashi Clinic, Nishinomiya, Hyōgo, 663-8113, Japan",Japan
NCT03861052,"Naka Memorial Clinic, Naka, Ibaraki, 311-0113, Japan",Japan
NCT03861052,"Hayashi Diabetes Internal Medicine Clinic, Chigasaki-sh, Kanagawa, 253-0044, Japan",Japan
NCT03861052,"Matoba Diabetes Clinic, Ebina, Kanagawa, 243-0432, Japan",Japan
NCT03861052,"Takai Naika Clinic, Kamakura, Kanagawa, 247-0056, Japan",Japan
NCT03861052,"Kanto Rosai Hospital, Kawasaki, Kanagawa, 211-8510, Japan",Japan
NCT03861052,"H.E.C. Science Clinic, Yokohama, Kanagawa, 235-0045, Japan",Japan
NCT03861052,"Medical Corporation Heishinkai OCROM Clinic, Suita-shi, Osaka, 565-0853, Japan",Japan
NCT03861052,"Takatsuki Red Cross Hospital, Takatsuki, Osaka, 569-1096, Japan",Japan
NCT03861052,"Senrichuo Ekimae Clinic, Toyonaka, Osaka, 560-0082, Japan",Japan
NCT03861052,"Asano Clinic, Kawagoe, Saitama, 350 0581, Japan",Japan
NCT03861052,"Kawaguchi General Hospital, Kawaguchi, Saitama, 332-8558, Japan",Japan
NCT03861052,"Wakakusa Clinic, Shimotsuke, Tochigi, 329-0433, Japan",Japan
NCT03861052,"Seiwa Clinic, Adachi-ku, Tokyo, 123 0845, Japan",Japan
NCT03861052,"HDC Atlas Clinic, Chiyoda City, Tokyo, 102-0082, Japan",Japan
NCT03861052,"Meiwa Hospital, Chiyodaku, Tokyo, 101 0041, Japan",Japan
NCT03861052,"Asahi Life Foundation Adult Disease Research Center, Chuo-ku, Tokyo, 103 0002, Japan",Japan
NCT03861052,"Nihonbashi Sakura Clinic, Chuo-ku, Tokyo, 103-0025, Japan",Japan
NCT03861052,"Tokyo-Eki Center-building Clinic, Chuo-ku, Tokyo, 103-0027, Japan",Japan
NCT03861052,"Medical Corporation Chiseikai Tokyo Center Clinic, Chuo-ku, Tokyo, 103-0028, Japan",Japan
NCT03861052,"Tokyo aSBo Clinic, Chuo-ku, Tokyo, 104 0031, Japan",Japan
NCT03861052,"Fukuwa Clinic, Chuo-ku, Tokyo, 104-0031, Japan",Japan
NCT03861052,"IHL Shinagawa East One Medical Clinic, Minato-ku, Tokyo, 108-0075, Japan",Japan
NCT03861052,"Sato Medical Clinic, Ootaku, Tokyo, 143-0015, Japan",Japan
NCT03861052,"Shinjuku Research Park Clinic, Shinjuku, Tokyo, 169-0073, Japan",Japan
NCT03861052,"Medical Corporation Heishinkai ToCROM Clinic, Shinjuku-ku, Tokyo, 160 0008, Japan",Japan
NCT03861052,"Tomonaga Clinic, Shinjuku-ku, Tokyo, 160 0022, Japan",Japan
NCT03861052,"Shinei Clinic, Suginami, Tokyo, 166-0003, Japan",Japan
NCT03861052,"Ikebukuro Metropolitan Clinic, Toshima-ku, Tokyo, 171-0021, Japan",Japan
NCT03861052,"Futata Tetsuhiro Clinic, Fukuoka, 810-0006, Japan",Japan
NCT03861052,"JR Hiroshima Hospital, Hiroshima, 732-0057, Japan",Japan
NCT03861052,"Yoshimura Clinic, Kumamoto, 861-8039, Japan",Japan
NCT03861052,"Keiseikai Kajiyama Clinic, Kyoto, 6008898, Japan",Japan
NCT03861052,"OKAYAMA Medical Center, Okayama, 701-1192, Japan",Japan
NCT03861052,"AMC Nishiumeda Clinic, Osaka, 530-0001, Japan",Japan
NCT03861052,"Kitada Clinic, Osaka, 538-0044, Japan",Japan
NCT03861052,"Nanko Clinic, Osaka, 559-0011, Japan",Japan
NCT03861052,"Abe Clinic, Ōita, 870-0039, Japan",Japan
NCT03861052,"Suruga Clinic, Shizuoka, 424-0855, Japan",Japan
NCT03861052,"Yokohama Minoru Clinic, Yokohama, 232-0064, Japan",Japan
NCT06331338,"National Taiwan University Hospital, Hsinchu, 302, Taiwan",Taiwan
NCT04515576,"Anaheim Clinical Trials, LLC, Anaheim, California, 92801, United States",United States
NCT04515576,"Miami Research Associates, Miami, Florida, 33143, United States",United States
NCT04515576,"Clinical Trials of Texas, Inc., San Antonio, Texas, 78229, United States",United States
NCT04924777,"Riphah Rehabilitation Center, Islamabad, 44000, Pakistan",Pakistan
NCT06847178,"Shanghai Changzheng Hospital, Shanghai, Shanghai Municipality, 20003, China",China
NCT03338010,"Anhui Provincial Hospital, Hefei, Anhui, 230001, China",China
NCT03338010,"The First Affiliated Hospital of Lanzhou University, Lanzhou, Gansu, 730000, China",China
NCT03338010,"Guangdong Province People's Hospital, Guangzhou, Guangdong, 510080, China",China
NCT03338010,"The First Affiliated Hospital, Sun-Yat Sen University, Guangzhou, Guangdong, 510080, China",China
NCT03338010,"Sun Yat-Sen Memorial Hospital, Sun Yat-Sen University, Guangzhou, Guangdong, 510120, China",China
NCT03338010,"Shantou University Medical College No.2 Affiliated Hospital, Shantou, Guangdong, 515041, China",China
NCT03338010,"The 1st Affiliated Hospital of Henan Science and technology, Luoyang, Henan, 471003, China",China
NCT03338010,"Wuhan Central Hospital, Wuhan, Hubei, 430014, China",China
NCT03338010,"Tongji Hosp Tongji Med Col Huazhong Univ of Sci & Tech, Wuhan, Hubei, 430030, China",China
NCT03338010,"The First People Hospital of Yueyang, Yueyang, Hunan, 414000, China",China
NCT03338010,"Changzhou No.2 People's Hospital, Changzhou, Jiangsu, 213003, China",China
NCT03338010,"The Affliated Jiangyin Hospital of Southeast University Medical College, Jiangyin, Jiangsu, 214400, China",China
NCT03338010,"Nanjing Drum Tower Hosp Affiliated Hosp of Nanjing Univ Med, Nanjing, Jiangsu, 210008, China",China
NCT03338010,"The Second Affiliated Hospital of Nanjing Medical University, Nanjing, Jiangsu, 210011, China",China
NCT03338010,"Nanjing First Hospital, Nanjing, Jiangsu, 210012, China",China
NCT03338010,"Nanjing Jiangning Hospital, Nanjing, Jiangsu, 211199, China",China
NCT03338010,"Wuxi People's Hospital, Wuxi, Jiangsu, 214023, China",China
NCT03338010,"Xuzhou central Hospital, Xuzhou, Jiangsu, 221009, China",China
NCT03338010,"Affiliated Hospital of Jiangsu University, Zhenjiang, Jiangsu, 212001, China",China
NCT03338010,"No.2 Hospital Affiliated to Jilin University, Changchun, Jilin, 130041, China",China
NCT03338010,"Siping central people's hospital, Siping, Jilin, 136000, China",China
NCT03338010,"Dalian Med. Univ. No 2 Affiliate Hospital, Dalian, Liaoning, 116023, China",China
NCT03338010,"Shengjing Hospital of China Medical University, Shenyang, Liaoning, 110022, China",China
NCT03338010,"The First Affiliated Hospital with Nanjing Medical Universit, Nanjing, Nanjing, 210029, China",China
NCT03338010,"General Hospital of Ningxia Medical University, Yinchuan, Ningxia, 750004, China",China
NCT03338010,"Jinan Central Hospital, Jinan, Shandong, 250013, China",China
NCT03338010,"1st affiliated Hospital of Shanxi Medical University, Taiyuan, Shanxi, 030001, China",China
NCT03338010,"West China Hospital of Sichuan University, Chengdu, Sichuan, 610041, China",China
NCT03338010,"Peking Union Medical College Hospital, Beijing, 88798, China",China
NCT03338010,"Chongqing General Hospital, Chongqing, 400013, China",China
NCT03338010,"Shanghai Putuo District Center Hospital, Shanghai, 200062, China",China
NCT03338010,"Tianjin Medical University General Hospital, Tianjin, 300052, China",China
NCT06324669,"Sport & Health Sciences University of Exeter, Exeter, Devon, EX1 2LU, United Kingdom",United Kingdom
NCT06382246,"University of British Columbia Okanagan, Kelowna, British Columbia, V1V 3G1, Canada",Canada
NCT03278704,"School of Sport, Exercise and Rehabilitation Sciences, University of Birmingham, Birmingham, B15 2TT, United Kingdom",United Kingdom
NCT03745937,"Research Site, Neuss, 41460, Germany",Germany
NCT05633628,"Sophiahemmet University, Stockholm, Sweden",Sweden
NCT00644241,"Pgimer, Chandigarh, Chandigarh, India",India
NCT00065312,"For information on a site near you, call our call center at 1-877-CTLILLY (1-877-285-4559), Birmingham, Alabama, United States",United States
NCT00065312,"For information on a site near you, call our call center at 1-877-CTLILLY (1-877-285-4559), Huntsville, Alabama, United States",United States
NCT00065312,"For information on a site near you, call our call center at 1-877-CTLILLY (1-877-285-4559), Peoria, Arizona, United States",United States
NCT00065312,"For information on a site near you, call our call center at 1-877-CTLILLY (1-877-285-4559), Tucson, Arizona, United States",United States
NCT00065312,"For information on a site near you, call our call center at 1-877-CTLILLY (1-877-285-4559), Little Rock, Arkansas, United States",United States
NCT00065312,"For information on a site near you, call our call center at 1-877-CTLILLY (1-877-285-4559), Bakersfield, California, United States",United States
NCT00065312,"For information on a site near you, call our call center at 1-877-CTLILLY (1-877-285-4559), Pico Rivera, California, United States",United States
NCT00065312,"For information on a site near you, call our call center at 1-877-CTLILLY (1-877-285-4559), San Diego, California, United States",United States
NCT00065312,"For information on a site near you, call our call center at 1-877-CTLILLY (1-877-285-4559), Santa Ana, California, United States",United States
NCT00065312,"For information on a site near you, call our call center at 1-877-CTLILLY (1-877-285-4559), Denver, Colorado, United States",United States
NCT00065312,"For information on a site near you, call our call center at 1-877-CTLILLY (1-877-285-4559), Waterbury, Connecticut, United States",United States
NCT00065312,"For information on a site near you, call our call center at 1-877-CTLILLY (1-877-285-4559), West Hartford, Connecticut, United States",United States
NCT00065312,"For information on a site near you, call our call center at 1-877-CTLILLY (1-877-285-4559), Clearwater, Florida, United States",United States
NCT00065312,"For information on a site near you, call our call center at 1-877-CTLILLY (1-877-285-4559), Kissimmee, Florida, United States",United States
NCT00065312,"For information on a site near you, call our call center at 1-877-CTLILLY (1-877-285-4559), Ocala, Florida, United States",United States
NCT00065312,"For information on a site near you, call our call center at 1-877-CTLILLY (1-877-285-4559), St. Petersburg, Florida, United States",United States
NCT00065312,"For information on a site near you, call our call center at 1-877-CTLILLY (1-877-285-4559), Decatur, Georgia, United States",United States
NCT00065312,"For information on a site near you, call our call center at 1-877-CTLILLY (1-877-285-4559), Honolulu, Hawaii, United States",United States
NCT00065312,"For information on a site near you, call our call center at 1-877-CTLILLY (1-877-285-4559), Orland Park, Illinois, United States",United States
NCT00065312,"For information on a site near you, call our call center at 1-877-CTLILLY (1-877-285-4559), Peoria, Illinois, United States",United States
NCT00065312,"For information on a site near you, call our call center at 1-877-CTLILLY (1-877-285-4559), Evansville, Indiana, United States",United States
NCT00065312,"For information on a site near you, call our call center at 1-877-CTLILLY (1-877-285-4559), Wichita, Kansas, United States",United States
NCT00065312,"For information on a site near you, call our call center at 1-877-CTLILLY (1-877-285-4559), Louisville, Kentucky, United States",United States
NCT00065312,"For information on a site near you, call our call center at 1-877-CTLILLY (1-877-285-4559), Baltimore, Maryland, United States",United States
NCT00065312,"For information on a site near you, call our call center at 1-877-CTLILLY (1-877-285-4559), Edina, Minnesota, United States",United States
NCT00065312,"For information on a site near you, call our call center at 1-877-CTLILLY (1-877-285-4559), Minneapolis, Minnesota, United States",United States
NCT00065312,"For information on a site near you, call our call center at 1-877-CTLILLY (1-877-285-4559), Endwell, New York, United States",United States
NCT00065312,"For information on a site near you, call our call center at 1-877-CTLILLY (1-877-285-4559), Great Neck, New York, United States",United States
NCT00065312,"For information on a site near you, call our call center at 1-877-CTLILLY (1-877-285-4559), Charlotte, North Carolina, United States",United States
NCT00065312,"For information on a site near you, call our call center at 1-877-CTLILLY (1-877-285-4559), Fayetteville, North Carolina, United States",United States
NCT00065312,"For information on a site near you, call our call center at 1-877-CTLILLY (1-877-285-4559), Oklahoma City, Oklahoma, United States",United States
NCT00065312,"For information on a site near you, call our call center at 1-877-CTLILLY (1-877-285-4559), Eugene, Oregon, United States",United States
NCT00065312,"For information on a site near you, call our call center at 1-877-CTLILLY (1-877-285-4559), Allentown, Pennsylvania, United States",United States
NCT00065312,"For information on a site near you, call our call center at 1-877-CTLILLY (1-877-285-4559), Fleetwood, Pennsylvania, United States",United States
NCT00065312,"For information on a site near you, call our call center at 1-877-CTLILLY (1-877-285-4559), Lansdale, Pennsylvania, United States",United States
NCT00065312,"For information on a site near you, call our call center at 1-877-CTLILLY (1-877-285-4559), Philadelphia, Pennsylvania, United States",United States
NCT00065312,"For information on a site near you, call our call center at 1-877-CTLILLY (1-877-285-4559), Mt. Pleasant, South Carolina, United States",United States
NCT00065312,"For information on a site near you, call our call center at 1-877-CTLILLY (1-877-285-4559), San Antonio, Texas, United States",United States
NCT00065312,"For information on a site near you, call our call center at 1-877-CTLILLY (1-877-285-4559), Salt Lake City, Utah, United States",United States
NCT00065312,"For information on a site near you, call our call center at 1-877-CTLILLY (1-877-285-4559), Lebanon, Virginia, United States",United States
NCT00065312,"For information on a site near you, call our call center at 1-877-CTLILLY (1-877-285-4559), Renton, Washington, United States",United States
NCT00065312,"For information on a site near you, call our call center at 1-877-CTLILLY (1-877-285-4559), Spokane, Washington, United States",United States
NCT01250639,"China Medical University Hospital, Taichung, Taiwan, 40447, Taiwan",Taiwan
NCT03038789,"Research Site, Busan, South Korea",South Korea
NCT03038789,"Research Site, ChungCheong, South Korea",South Korea
NCT03038789,"Research Site, Daegu, South Korea",South Korea
NCT03038789,"Research Site, Daejeon, South Korea",South Korea
NCT03038789,"Research Site, Gyeonggi-do, South Korea",South Korea
NCT03038789,"Research Site, Seoul, South Korea",South Korea
NCT03038789,"Research Site, Suncheon, South Korea",South Korea
NCT03038789,"Research Site, Wŏnju, South Korea",South Korea
NCT07531108,"Galyawa Teaching Center for Diabetes and Endocrinology, Erbil, 44001, Iraq",Iraq
NCT04589533,"Azienda Toscana Nord Ovest, Cecina, Cecina, Italy",Italy
NCT04589533,"Po Nord ""S. Maria Goretti"", Latina, Italy",Italy
NCT04589533,"ASST Sette Laghi, Ospedale Confalonieri di Luino, Luino, Italy",Italy
NCT04589533,"Ospedale Fatebenefratelli, Naples, Italy",Italy
NCT04589533,"Usl Toscana Sud Est, Petruccioli, Pitigliano, Italy",Italy
NCT04589533,"Presidio di Passirana ASST RHODENSE, Rho, Italy",Italy
NCT06813170,"Fondazione Policlinico Universitario A. Gemelli IRCCS; UOC Diabetologia, Rome, Lazio, 00168, Italy",Italy
NCT07032688,"West China Hospital of Sichuan University, Chengdu, Sichuan, 200433, China",China
NCT02549924,"Institute of Experimental and Clinical Therapeutics (INTEC), CUCS, University of Guadalajara, Guadalajara, Jalisco, 44340, Mexico",Mexico
NCT03311724,"Valley Research, Fresno, California, 93720, United States",United States
NCT03311724,"National Research Institute, Los Angeles, California, 90057, United States",United States
NCT03311724,"Catalina Research Institute, LLC, Montclair, California, 91763, United States",United States
NCT03311724,"University Clinical Investigators, Inc., Tustin, California, 92780, United States",United States
NCT03311724,"Chase Medical Research, LLC, Waterbury, Connecticut, 06708, United States",United States
NCT03311724,"Suncoast Research Group, LLC, Miami, Florida, 33135, United States",United States
NCT03311724,"Solaris Clinical Research, Meridian, Idaho, 83646, United States",United States
NCT03311724,"Cotton O'Neil Diabetes and Endocrinology Center, Topeka, Kansas, 66606, United States",United States
NCT03311724,"Clinical Research Professionals, St Louis, Missouri, 63141, United States",United States
NCT03311724,"Aventiv Research, Columbus, Ohio, 43213, United States",United States
NCT03311724,"New Phase Research & Development, Knoxville, Tennessee, 37909, United States",United States
NCT03311724,"Dallas Diabetes Endocrine Center, Dallas, Texas, 75230, United States",United States
NCT03311724,"Consano Clinical Research, Shavano Park, Texas, 78231, United States",United States
NCT00069784,"Sanofi-Aventis Administrative Office, Bridgewater, New Jersey, 08807, United States",United States
NCT00069784,"Sanofi-Aventis Administrative Office, Buenos Aires, Argentina",Argentina
NCT00069784,"Sanofi-Aventis Administrative Office, Cove, New South Wales, Australia",Australia
NCT00069784,"Sanofi-Aventis Administrative Office, Vienna, Austria",Austria
NCT00069784,"Sanofi-Aventis Administrative Office, Minsk, Belarus",Belarus
NCT00069784,"Sanofi-Aventis Administrative Office, Hamilton, Bermuda",Bermuda
NCT00069784,"Sanofi-Aventis Administrative Office, São Paulo, Brazil",Brazil
NCT00069784,"Sanofi-Aventis Administrative Office, Laval, Quebec, Canada",Canada
NCT00069784,"Sanofi-Aventis Administrative Office, Santiago, Chile",Chile
NCT00069784,"Sanofi-Aventis Administrative Office, Beijing, China",China
NCT00069784,"Sanofi-Aventis Administrative Office, Cali, Colombia",Colombia
NCT00069784,"Sanofi-Aventis Administrative Office, Zagreb, Croatia",Croatia
NCT00069784,"Sanofi-Aventis Administrative Office, Hørsholm, Denmark",Denmark
NCT00069784,"Sanofi-Aventis Administrative Office, Tatari, Estonia",Estonia
NCT00069784,"Sanofi-Aventis Administrative Office, Helsinki, Finland",Finland
NCT00069784,"Sanofi-Aventis Administrative Office, Paris, France",France
NCT00069784,"Sanofi-Aventis Administrative Office, Berlin, Germany",Germany
NCT00069784,"Sanofi-Aventis Administrative Office, Budapest, Hungary",Hungary
NCT00069784,"Sanofi-Aventis Administrative Office, Mumbai, India",India
NCT00069784,"Makati City, Dublin, Ireland",Ireland
NCT00069784,"Sanofi-Aventis Administrative Office, Netanya, Israel",Israel
NCT00069784,"Sanofi-Aventis Administrative Office, Milan, Italy",Italy
NCT00069784,"Sanofi-Aventis Administrative Office, Riga, Latvia",Latvia
NCT00069784,"Sanofi-Aventis Administrative Office, Vilnius, Lithuania",Lithuania
NCT00069784,"Sanofi-Aventis Administrative Office, México, Mexico",Mexico
NCT00069784,"Sanofi-Aventis Administrative Office, Gouda, Netherlands",Netherlands
NCT00069784,"Sanofi-Aventis Administrative Office, Lysaker, Norway",Norway
NCT00069784,"Sanofi-Aventis Administrative Office, Makati City, Philippines",Philippines
NCT00069784,"Sanofi-Aventis Administrative Office, Warsaw, Poland",Poland
NCT00069784,"Sanofi-Aventis Administrative Office, Bucharest, Romania",Romania
NCT00069784,"Sanofi-Aventis Aministrative Office, Moscow, Russia",Russia
NCT00069784,"Sanofi-Aventis Administrative Office, Bratislava, Slovakia",Slovakia
NCT00069784,"Sanofi-Aventis Administrative Office, Midrand, South Africa",South Africa
NCT00069784,"Sanofi-Aventis Administrative Office, Seoul, South Korea",South Korea
NCT00069784,"Sanofi-Aventis Administrative Office, Barcelona, Spain",Spain
NCT00069784,"Sanofi-Aventis Administrative Office, Bromma, Sweden",Sweden
NCT00069784,"Sanofi-Aventis Administrative Office, Geneva, Switzerland",Switzerland
NCT00069784,"Sanofi-Aventis Administrative Office, Istanbul, Turkey (Türkiye)",Turkey (Türkiye)
NCT00069784,"Sanofi-Aventis Administrative Office, Guildford, Surrey, United Kingdom",United Kingdom
NCT00069784,"Makati City, Caracas, Venezuela",Venezuela
NCT00094796,"National Institutes of Health Clinical Center, 9000 Rockville Pike, Bethesda, Maryland, 20892, United States",United States
NCT00094796,"Medical College of Virginia, Richmond, Virginia, United States",United States
NCT05408234,"RS UNS (Universitas Sebelas Maret Hospital), Surakarta, Central Java, 57145, Indonesia",Indonesia
NCT06517784,"Novo Nordisk India, Bangalore, India",India
NCT06410768,"Care group Huisarts & Zorg, Gorinchem, Netherlands",Netherlands
NCT07415954,"First Valley Medical Group, Lancaster, California, 93534, United States",United States
NCT07415954,"Torrance Clinical Research Institute, Inc., Lomita, California, 90717, United States",United States
NCT07415954,"Ark Clinical Research, Long Beach, California, 90815, United States",United States
NCT07415954,"Pacific Clinical Studies, Los Alamitos, California, 90720, United States",United States
NCT07415954,"Wetlin Research Associates, Inc., San Diego, California, 92120, United States",United States
NCT07415954,"Diablo Clinical Research, Inc., Walnut Creek, California, 94598, United States",United States
NCT07415954,"Encore Medical Research LLC, Hollywood, Florida, 33024, United States",United States
NCT07415954,"Bioclinical Research Alliance, Miami, Florida, 33155, United States",United States
NCT07415954,"South Broward Research LLC, Miramar, Florida, 33027, United States",United States
NCT07415954,"West Orange Endocrinology, Ocoee, Florida, 34761, United States",United States
NCT07415954,"Encore Medical Research of Weston, Weston, Florida, 33331, United States",United States
NCT07415954,"Elite Clinical Trials, Blackfoot, Idaho, 83221, United States",United States
NCT07415954,"Cedar-Crosse Research Center, Chicago, Illinois, 60607, United States",United States
NCT07415954,"Brigham & Women's Hospital, Boston, Massachusetts, 02115-5804, United States",United States
NCT07415954,"Headlands Research, Springfield, Missouri, 65807, United States",United States
NCT07415954,"PharmQuest, Greensboro, North Carolina, 27408, United States",United States
NCT07415954,"Piedmont Healthcare Statesville, Statesville, North Carolina, 28625, United States",United States
NCT07415954,"Providence Center for Clinical Research, Dayton, Ohio, 45439, United States",United States
NCT07415954,"CNS Healthcare, Memphis, Tennessee, 38119, United States",United States
NCT07415954,"University of Texas Southwestern Medical Center, Dallas, Texas, 75390-9302, United States",United States
NCT07415954,"JCCT- Juno NW Houston, Houston, Texas, 77040, United States",United States
NCT07415954,"Consano Clinical Research, LLC, Shavano Park, Texas, 78231, United States",United States
NCT07415954,"Frontier Clinical Research - Kingwood, Kingwood, West Virginia, 26537, United States",United States
NCT07415954,"Opca bolnica Karlovac, Karlovac, 47000, Croatia",Croatia
NCT07415954,"Poliklinika SLAVONIJA OSIJEK, Osijek, 31000, Croatia",Croatia
NCT07415954,"Opca bolnica Varazdin_Endocrinology, Varaždin, 42 000, Croatia",Croatia
NCT07415954,"Poliklinika Solmed, Zagreb, 10000, Croatia",Croatia
NCT07415954,"Szegedi Tudomanyegyetem St Györgyi Albert Klinikai Központ, Szeged, Csongrád-Csanád, 6725, Hungary",Hungary
NCT07415954,"Debreceni Egyetem, Debrecen, Hajdú-Bihar, 4032, Hungary",Hungary
NCT07415954,"Debreceni Egyetem, Debrecen, 4031, Hungary",Hungary
NCT07415954,"Akaicho Clinic_Internal medicine, Chiba-shi, Chiba, 260-0804, Japan",Japan
NCT07415954,"Naka Kinen Clinic_Internal medicine, Ibaraki, 311-0113, Japan",Japan
NCT07415954,"Soka Sugiura Internal Medicine Clinic, Soka-shi, Saitama, 340-0015, Japan",Japan
NCT07415954,"Tokyo-Eki Center-building Clinic_Internal Medicine, Tokyo, 103-0027, Japan",Japan
NCT07415954,"ToCROM Clinic_Internal Medicine, Tokyo, 160-0008, Japan",Japan
NCT07415954,"""Zdrowie Osteo-Medic"" s.c. Lidia i Artur Racewicz, Agnieszka i Jerzy Supronik, Bialystok, Podlaskie Voivodeship, 15-351, Poland",Poland
NCT07415954,"Terpa Sp. z o.o. Sp. k., Lublin, 20-333, Poland",Poland
NCT07415954,"Formed 2 Sp. z o.o., Oświęcim, 32-600, Poland",Poland
NCT07415954,"PANSTWOWY INSTYTUT MEDYCZNY MSWiA, Warsaw, 02-507, Poland",Poland
NCT07415954,"Samodzielny Publiczny Szpital Kliniczny Nr 1 im. Prof. Szyszko, Zabrze, 41-800, Poland",Poland
NCT07415954,"Casa De Saúde De Santa Filomena S.A._Unidade de Ensaios Clínicos, Coimbra, 3000-150, Portugal",Portugal
NCT07415954,"Cardiolima Centro Diagnostico Cardio-Pulmonar De Ponte De Lima Lda, Ponte de Lima, 4990-029, Portugal",Portugal
NCT07415954,"Hospital Trofa Saude Senhor do Bonfim S.A_Unidade de Ensaios Clínicos, Vila do Conde, 4480-565, Portugal",Portugal
NCT07415954,"Hospital da Luz Arrábida, S.A_Serviço de Endocrinologia, Vila Nova de Gaia, 4400-346, Portugal",Portugal
NCT07415954,"DIADA, s.r.o., Bardejov, 08501, Slovakia",Slovakia
NCT07415954,"Metabol KLINIK s.r.o., Bratislava, 811 08, Slovakia",Slovakia
NCT07415954,"Diacrin s. r. o., Bratislava, 83101, Slovakia",Slovakia
NCT07415954,"SIN AZUCAR s.r.o., Malacky, 901 01, Slovakia",Slovakia
NCT07415954,"Korea University Ansan Hospital_Endocrinology, Ansan-si, Gyeonggi-do, 15355, South Korea",South Korea
NCT07415954,"Pusan National University Yangsan Hospital_Family Medicine, Yangsan, Gyeongsangnam-do, 50612, South Korea",South Korea
NCT07415954,"Nowon Eulji Medical Center, Eulji University_Endocrinology, Seoul, 01830, South Korea",South Korea
NCT07415954,"Kangbuk Samsung Hospital_Endocrinology, Seoul, 03181, South Korea",South Korea
NCT07415954,"ABS La Roca CAP Vicenç_Endocrino, La Roca Del Vallés, Barcelona, 08430, Spain",Spain
NCT07415954,"Centro de Salud A Estrada, A Estrada, 36680, Spain",Spain
NCT07415954,"Equip D´Atencio Primaria Barcelona Sardenya, Barcelona, 08025, Spain",Spain
NCT07415954,"Hospital Vithas Sevilla, Castilleja de la Cuesta, 41950, Spain",Spain
NCT07415954,"Clínica Bofill, Girona, 17002, Spain",Spain
NCT07415954,"Centro de Saúde Concepción Arenal, Santiago de Compostela, 15701, Spain",Spain
NCT07415954,"Ramathibodi Hospital, Bangkok, 10400, Thailand",Thailand
NCT07415954,"Siriraj Hospital, Bangkok, 10700, Thailand",Thailand
NCT07415954,"Maharaj Nakorn Chiang Mai, Chiang Mai, 50200, Thailand",Thailand
NCT07415954,"Srinagarind Hospital, Khon Kaen, 40002, Thailand",Thailand
NCT07415954,"Maharat Nakhon Ratchasima Hospital, Nakhon Ratchasima, 30000, Thailand",Thailand
NCT03960424,"Feinstein Institute of Medical Research, Manhasset, New York, 11030, United States",United States
NCT05824286,"Peking University People's Hospital, Beijing, Ch, 100044, China",China
NCT04345120,"Nanjing Gulou Hospital, Nanjing, Jiangsu, 210093, China",China
NCT04345107,"The Second Affiliated Hospital of Anhui Medical University, Hefei, Anhui, 230601, China",China
NCT04345107,"Nanjing Drum Tower Hospital, Nanjing, Jiangsu, 210093, China",China
NCT04345107,"Affiliated Hospital of Qingdao University, Qingdao, Shandong, 266000, China",China
NCT04345107,"Yuncheng Central Hospital, Yuncheng, Shanxi, 044000, China",China
NCT04403841,"Hanoi Medical University, Hanoi, 10000, Vietnam",Vietnam
NCT02128815,"Langs Community Health Centre, Cambridge, Ontario, N3H 4L6, Canada",Canada
NCT02128815,"McMaster University, Hamilton, Ontario, L8S 4K1, Canada",Canada
NCT05516966,"Zhongshan Hospital Affiliated to Fudan University, Shanghai, Shanghai Municipality, 200000, China",China
NCT05248776,"BioResearch, Kajetany, Nadarzyn, 05-830, Poland",Poland
NCT07112872,"Arizona Liver Health - Tucson, Tucson, Arizona, 85712, United States",United States
NCT07112872,"Orange County Research Center, Lake Forest, California, 92630, United States",United States
NCT07112872,"Prospective Research Innovations Inc., Rancho Cucamonga, California, 91730, United States",United States
NCT07112872,"Encompass Clinical Research, Spring Valley, California, 91978, United States",United States
NCT07112872,"Chase Medical Research, Waterbury, Connecticut, 06708-3346, United States",United States
NCT07112872,"Emerson Clinical Research Institute, Washington D.C., District of Columbia, 20009, United States",United States
NCT07112872,"K2 Medical Research South Orlando, LLC, Clermont, Florida, 34711, United States",United States
NCT07112872,"Center for Diabetes, Obesity and Metabolism Inc, Pembroke Pines, Florida, 33024, United States",United States
NCT07112872,"Rophe Adult and Pediatric Medicine/SKYCRNG, Union City, Georgia, 30291, United States",United States
NCT07112872,"Accellacare of Duly Health and Care, Oak Lawn, Illinois, 60453, United States",United States
NCT07112872,"Mercury Street Medical Group, PLLC, Butte, Montana, 59701, United States",United States
NCT07112872,"Neurobehavioral Research, Inc., Cedarhurst, New York, 11516, United States",United States
NCT07112872,"Accellacare of Piedmont Healthcare, Statesville, North Carolina, 28625, United States",United States
NCT07112872,"Accellacare of Wilmington, LLC, Wilmington, North Carolina, 28401, United States",United States
NCT07112872,"NexGen Research, Lima, Ohio, 45801, United States",United States
NCT07112872,"Tristar Clinical Investigations, Philadelphia, Pennsylvania, 19114, United States",United States
NCT07112872,"Alliance for Multispecialty Research. LLC, Knoxville, Tennessee, 37909, United States",United States
NCT07112872,"Clinical Research Associates, Nashville, Tennessee, 37203, United States",United States
NCT07112872,"Texas Diabetes & Endocrinology, P.A., Austin, Texas, 78731, United States",United States
NCT07112872,"Apex Mobile Clinical Research, Bellaire, Texas, 77401, United States",United States
NCT07112872,"Velocity Clinical Research, Dallas, Texas, 75230, United States",United States
NCT07112872,"Velocity Clinical Research (Impact Research Institute), Waco, Texas, 76710, United States",United States
NCT07112872,"Chrysalis Clinical Research, St. George, Utah, 84790, United States",United States
NCT07112872,"Manassas Clinical Research Center, Manassas, Virginia, 20110, United States",United States
NCT07112872,"Obudai Egeszsegugyi Centrum Kft., Budapest, 1036, Hungary",Hungary
NCT07112872,"NZOZ Osteo-Medic s.c. A. Racewicz, J.Supronik, Bialystok, Podlaskie Voivodeship, 15-351, Poland",Poland
NCT07112872,"Centrum Badan Klinicznych PI-House sp. z o.o., Gdansk, Pomeranian Voivodeship, 80-546, Poland",Poland
NCT07112872,"Centrum Medyczne INTERCOR Sp. z o.o., Bydgoszcz, 85-605, Poland",Poland
NCT07112872,"Pro Familia Altera Sp z o.o., Katowice, 40-648, Poland",Poland
NCT07112872,"ETG Lublin, Lublin, 20-412, Poland",Poland
NCT07112872,"Ekamed sp. z o.o., Lublin, 20-718, Poland",Poland
NCT07112872,"NZOZ METABOLICA O?rodek Bada? Klinicznych, Tarnów, 33-100, Poland",Poland
NCT07112872,"ETG Warszawa, Warsaw, 02-677, Poland",Poland
NCT07112872,"Centrum Badan Klinicznych, Wroclaw, 51-162, Poland",Poland
NCT07112872,"ETG Zamosc, Zamość, 22-400, Poland",Poland
NCT07112872,"Universidad de Sevilla - Hospital Universitario Virgen Macarena, Seville, Barcelona, 41009, Spain",Spain
NCT07112872,"Instituto De Investigacion Marques De Valdecilla (IDIVAL), Santander, Cantabria, 39008, Spain",Spain
NCT07112872,"Hospital Vithas Nisa Sevilla, Castilleja de la Cuesta, Granada, 41950, Spain",Spain
NCT07112872,"Hospital Universitario A Coruna, A Coruña, LA Coruna, 15006, Spain",Spain
NCT07112872,"Complexo Hospitalario Universitario de Ferrol (CHUF), Ferrol, LA Coruna, 15405, Spain",Spain
NCT07112872,"Hospital Regional Universitario de Malaga, Malaga, Madrid, 29011, Spain",Spain
NCT07112872,"Hospital Universitario Virgen de la Victoria, Málaga, Malaga, 29010, Spain",Spain
NCT07112872,"Centro Medico Teknon, Barcelona, 08022, Spain",Spain
NCT07112872,"Hospital Universitario Vall d'Hebron, Barcelona, 08035, Spain",Spain
NCT07112872,"Hospital Clinic de Barcelona (Hospital Clinic i Provincial), Barcelona, 08036, Spain",Spain
NCT07112872,"Hospital General Universitario Gregorio Maranon (HGUGM), Madrid, 28007, Spain",Spain
NCT07112872,"Hospital Universitario Fundación Jimenez Díaz, Madrid, 28040, Spain",Spain
NCT07112872,"Nuevas Tecnologias en Diabetes y Endocrinologia, Seville, 41003, Spain",Spain
NCT07112872,"Hospital Quironsalud Infanta Luisa, Seville, 41010, Spain",Spain
NCT07112872,"Hospital Clinico Universitario de Valencia (Instituto de Investigacion Sanitaria INCLIVA), Valencia, 46010, Spain",Spain
NCT05710900,"University of British Columbia Okanagan, Kelowna, British Columbia, V1V 3G1, Canada",Canada
NCT01554618,"Research Site, Los Angeles, California, 90078, United States",United States
NCT01554618,"Research Site, New Haven, Connecticut, 06511, United States",United States
NCT01554618,"Research Site, Iowa City, Iowa, 52242, United States",United States
NCT01554618,"Research Site, Kansas City, Kansas, 64111, United States",United States
NCT01554618,"Research Site, Louisville, Kentucky, 40202, United States",United States
NCT01554618,"Research Site, Boston, Massachusetts, 02115, United States",United States
NCT01554618,"Research Site, Jackson, Mississippi, 39216-4505, United States",United States
NCT01554618,"Research Site, Buffalo, New York, 14222, United States",United States
NCT01554618,"Research Site, Chapel Hill, North Carolina, 27599, United States",United States
NCT01554618,"Research Site, Charlotte, North Carolina, 28205, United States",United States
NCT01554618,"Research Site, Cleveland, Ohio, 44106, United States",United States
NCT01554618,"Research Site, Oklahoma City, Oklahoma, 73104, United States",United States
NCT01554618,"Research Site, Rapid City, South Dakota, 57701, United States",United States
NCT01554618,"Research Site, Nashville, Tennessee, 37232, United States",United States
NCT01554618,"Research Site, Dallas, Texas, 75390, United States",United States
NCT01554618,"Research Site, Houston, Texas, 77030, United States",United States
NCT01554618,"Research Site, Pleven, 5800, Bulgaria",Bulgaria
NCT01554618,"Research Site, Sevlievo, 5400, Bulgaria",Bulgaria
NCT01554618,"Research Site, Baja, 6500, Hungary",Hungary
NCT01554618,"Research Site, Budapest, 1023, Hungary",Hungary
NCT01554618,"Research Site, Budapest, 1083, Hungary",Hungary
NCT01554618,"Research Site, Budapest, 1094, Hungary",Hungary
NCT01554618,"Research Site, Szeged, 6725, Hungary",Hungary
NCT01554618,"Research Site, Beersheba, 84101, Israel",Israel
NCT01554618,"Research Site, Haifa, 31096, Israel",Israel
NCT01554618,"Research Site, Ramat Gan, 5265601, Israel",Israel
NCT01554618,"Research Site, Kuwait City, 1180, Kuwait",Kuwait
NCT01554618,"Research Site, Aguascalientes, 20016, Mexico",Mexico
NCT01554618,"Research Site, Durango, 34000, Mexico",Mexico
NCT01554618,"Research Site, Guadalajara, 44130, Mexico",Mexico
NCT01554618,"Research Site, Veracruz, 91910, Mexico",Mexico
NCT01554618,"Research Site, Chernivts?, 58001, Ukraine",Ukraine
NCT01554618,"Research Site, Ivano-Frankivsk, 76014, Ukraine",Ukraine
NCT01554618,"Research Site, Kharkiv Region, 61002, Ukraine",Ukraine
NCT01554618,"Research Site, Odesa, 65031, Ukraine",Ukraine
NCT06906653,"Kaiser Permanente Division of Research, Pleasanton, California, 94588, United States",United States
NCT03793855,"Universidade Federal de Juiz de Fora, Governador Valadares, Brazil",Brazil
NCT03793855,"Universidade Federal de Lavras, Lavras, Brazil",Brazil
NCT03793855,"Hospital de Clínicas de Porto Alegre - Universidade Federal do Rio Grande do Sul, Porto Alegre, Brazil",Brazil
NCT03793855,"Universidade Federal de Ciências da Saúde de Porto Alegre, Porto Alegre, Brazil",Brazil
NCT03793855,"Instituto Estadual de Cardiologia Aloysio de Castro, Rio de Janeiro, Brazil",Brazil
NCT03793855,"Universidade Federal da Bahia, Salvador, Brazil",Brazil
NCT03793855,"Hospital do Coracao, São Paulo, 04004-030, Brazil",Brazil
NCT03793855,"Universidade Federal de Viçosa, Viçosa, Brazil",Brazil
NCT02683746,"GSK Investigational Site, Birmingham, Alabama, 35216, United States",United States
NCT02683746,"GSK Investigational Site, Birmingham, Alabama, 35235, United States",United States
NCT02683746,"GSK Investigational Site, Chandler, Arizona, 85224, United States",United States
NCT02683746,"GSK Investigational Site, Glendale, Arizona, 85306, United States",United States
NCT02683746,"GSK Investigational Site, Phoenix, Arizona, 85018, United States",United States
NCT02683746,"GSK Investigational Site, Anaheim, California, 92801, United States",United States
NCT02683746,"GSK Investigational Site, Canyon Country, California, 91351, United States",United States
NCT02683746,"GSK Investigational Site, Chula Vista, California, 91911, United States",United States
NCT02683746,"GSK Investigational Site, Fresno, California, 93720, United States",United States
NCT02683746,"GSK Investigational Site, Lomita, California, 90717, United States",United States
NCT02683746,"GSK Investigational Site, Oceanside, California, 92056, United States",United States
NCT02683746,"GSK Investigational Site, Sacramento, California, 95821, United States",United States
NCT02683746,"GSK Investigational Site, San Diego, California, 92120, United States",United States
NCT02683746,"GSK Investigational Site, Spring Valley, California, 91978, United States",United States
NCT02683746,"GSK Investigational Site, Tustin, California, 92780, United States",United States
NCT02683746,"GSK Investigational Site, Van Nuys, California, 91405, United States",United States
NCT02683746,"GSK Investigational Site, Walnut Creek, California, 94598, United States",United States
NCT02683746,"GSK Investigational Site, Littleton, Colorado, 80128, United States",United States
NCT02683746,"GSK Investigational Site, Bradenton, Florida, 34208, United States",United States
NCT02683746,"GSK Investigational Site, Brooksville, Florida, 34601, United States",United States
NCT02683746,"GSK Investigational Site, Clearwater, Florida, 33765-2616, United States",United States
NCT02683746,"GSK Investigational Site, Fleming Island, Florida, 32003, United States",United States
NCT02683746,"GSK Investigational Site, Hallandale, Florida, 33009, United States",United States
NCT02683746,"GSK Investigational Site, Hialeah, Florida, 33016, United States",United States
NCT02683746,"GSK Investigational Site, Miami, Florida, 33156, United States",United States
NCT02683746,"GSK Investigational Site, Miami, Florida, 33176, United States",United States
NCT02683746,"GSK Investigational Site, New Port Richey, Florida, 34652, United States",United States
NCT02683746,"GSK Investigational Site, Orlando, Florida, 32825, United States",United States
NCT02683746,"GSK Investigational Site, St. Petersburg, Florida, 33709, United States",United States
NCT02683746,"GSK Investigational Site, Conyers, Georgia, 30094, United States",United States
NCT02683746,"GSK Investigational Site, Snellville, Georgia, 30078, United States",United States
NCT02683746,"GSK Investigational Site, Meridian, Idaho, 83642, United States",United States
NCT02683746,"GSK Investigational Site, Chicago, Illinois, 60612, United States",United States
NCT02683746,"GSK Investigational Site, Elgin, Illinois, 60124, United States",United States
NCT02683746,"GSK Investigational Site, Evansville, Indiana, 47714, United States",United States
NCT02683746,"GSK Investigational Site, Topeka, Kansas, 66606, United States",United States
NCT02683746,"GSK Investigational Site, Lexington, Kentucky, 40503, United States",United States
NCT02683746,"GSK Investigational Site, Lake Charles, Louisiana, 70601, United States",United States
NCT02683746,"GSK Investigational Site, New Orleans, Louisiana, 70119, United States",United States
NCT02683746,"GSK Investigational Site, Kalamazoo, Michigan, 49009, United States",United States
NCT02683746,"GSK Investigational Site, Troy, Michigan, 48098, United States",United States
NCT02683746,"GSK Investigational Site, Chesterfield, Missouri, 63017, United States",United States
NCT02683746,"GSK Investigational Site, St Louis, Missouri, 63141, United States",United States
NCT02683746,"GSK Investigational Site, Las Vegas, Nevada, 89123, United States",United States
NCT02683746,"GSK Investigational Site, Albuquerque, New Mexico, 87102, United States",United States
NCT02683746,"GSK Investigational Site, New Hyde Park, New York, 11042, United States",United States
NCT02683746,"GSK Investigational Site, Greensboro, North Carolina, 27405, United States",United States
NCT02683746,"GSK Investigational Site, Shelby, North Carolina, 28150, United States",United States
NCT02683746,"GSK Investigational Site, Columbus, Ohio, 43201, United States",United States
NCT02683746,"GSK Investigational Site, Maumee, Ohio, 43537-9402, United States",United States
NCT02683746,"GSK Investigational Site, Norwood, Ohio, 45212, United States",United States
NCT02683746,"GSK Investigational Site, Perrysburg, Ohio, 43551, United States",United States
NCT02683746,"GSK Investigational Site, Altoona, Pennsylvania, 16602, United States",United States
NCT02683746,"GSK Investigational Site, Anderson, South Carolina, 29621, United States",United States
NCT02683746,"GSK Investigational Site, Columbia, South Carolina, 29204, United States",United States
NCT02683746,"GSK Investigational Site, Arlington, Texas, 76012, United States",United States
NCT02683746,"GSK Investigational Site, Dallas, Texas, 75230, United States",United States
NCT02683746,"GSK Investigational Site, Houston, Texas, 77051, United States",United States
NCT02683746,"GSK Investigational Site, Houston, Texas, 77058, United States",United States
NCT02683746,"GSK Investigational Site, Houston, Texas, 77074, United States",United States
NCT02683746,"GSK Investigational Site, Katy, Texas, 77079, United States",United States
NCT02683746,"GSK Investigational Site, Pharr, Texas, 78577, United States",United States
NCT02683746,"GSK Investigational Site, San Antonio, Texas, 78229, United States",United States
NCT02683746,"GSK Investigational Site, San Antonio, Texas, 78231, United States",United States
NCT02683746,"GSK Investigational Site, Schertz, Texas, 78154, United States",United States
NCT02683746,"GSK Investigational Site, Spring, Texas, 77379, United States",United States
NCT02683746,"GSK Investigational Site, Murray, Utah, 84123, United States",United States
NCT02683746,"GSK Investigational Site, Federal Way, Washington, 98003, United States",United States
NCT02683746,"GSK Investigational Site, Spokane, Washington, 99208, United States",United States
NCT02683746,"GSK Investigational Site, Tacoma, Washington, 98405, United States",United States
NCT00006432,"Duke University Medical Center, Durham, North Carolina, 27710, United States",United States
NCT00387972,"GSK Clinical Trials Call Center, Tallassee, Alabama, 36078, United States",United States
NCT00387972,"GSK Clinical Trials Call Center, Phoenix, Arizona, 85016, United States",United States
NCT00387972,"GSK Clinical Trials Call Center, Tucson, Arizona, 85710, United States",United States
NCT00387972,"GSK Clinical Trials Call Center, Beverly Hills, California, 90211, United States",United States
NCT00387972,"GSK Clinical Trials Call Center, Carmichael, California, 95608, United States",United States
NCT00387972,"GSK Clinical Trials Call Center, Concord, California, 94520-2054, United States",United States
NCT00387972,"GSK Clinical Trials Call Center, Torrance, California, 90505, United States",United States
NCT00387972,"GSK Clinical Trials Call Center, Victorville, California, 92392, United States",United States
NCT00387972,"GSK Clinical Trials Call Center, Wilmington, Delaware, 19805, United States",United States
NCT00387972,"GSK Clinical Trials Call Center, Boynton Beach, Florida, 33435, United States",United States
NCT00387972,"GSK Clinical Trials Call Center, Clearwater, Florida, 33765, United States",United States
NCT00387972,"GSK Clinical Trials Call Center, Coral Gables, Florida, 33134, United States",United States
NCT00387972,"GSK Clinical Trials Call Center, Hialeah, Florida, 33010, United States",United States
NCT00387972,"GSK Clinical Trials Call Center, Hollywood, Florida, 33023, United States",United States
NCT00387972,"GSK Clinical Trials Call Center, Melbourne, Florida, 32901, United States",United States
NCT00387972,"GSK Clinical Trials Call Center, Miami, Florida, 33169, United States",United States
NCT00387972,"GSK Clinical Trials Call Center, Opa-locka, Florida, 33054, United States",United States
NCT00387972,"GSK Clinical Trials Call Center, Plantation, Florida, 33324, United States",United States
NCT00387972,"GSK Clinical Trials Call Center, Tampa, Florida, 33609, United States",United States
NCT00387972,"GSK Clinical Trials Call Center, Calhoun, Georgia, 30701, United States",United States
NCT00387972,"GSK Clinical Trials Call Center, Roswell, Georgia, 30076, United States",United States
NCT00387972,"GSK Clinical Trials Call Center, Hayden Lake, Idaho, 83835-2108, United States",United States
NCT00387972,"GSK Clinical Trials Call Center, Chicago, Illinois, 60610, United States",United States
NCT00387972,"GSK Clinical Trials Call Center, Chicago, Illinois, 60616, United States",United States
NCT00387972,"GSK Clinical Trials Call Center, Lake Zurich, Illinois, 60047, United States",United States
NCT00387972,"GSK Clinical Trials Call Center, Watseka, Illinois, 60970, United States",United States
NCT00387972,"GSK Clinical Trials Call Center, Baton Rouge, Louisiana, 70809, United States",United States
NCT00387972,"GSK Clinical Trials Call Center, Marrero, Louisiana, 70072, United States",United States
NCT00387972,"GSK Clinical Trials Call Center, Oxon Hill, Maryland, 20745, United States",United States
NCT00387972,"GSK Clinical Trials Call Center, Detroit, Michigan, 48235, United States",United States
NCT00387972,"GSK Clinical Trials Call Center, City of Saint Peters, Missouri, 63376, United States",United States
NCT00387972,"GSK Clinical Trials Call Center, Florissant, Missouri, 63031, United States",United States
NCT00387972,"GSK Clinical Trials Call Center, St Louis, Missouri, 63128, United States",United States
NCT00387972,"GSK Clinical Trials Call Center, Las Vegas, Nevada, 89128, United States",United States
NCT00387972,"GSK Clinical Trials Call Center, Williamsville, New York, 14221, United States",United States
NCT00387972,"GSK Clinical Trials Call Center, Charlotte, North Carolina, 28277, United States",United States
NCT00387972,"GSK Clinical Trials Call Center, Morehead City, North Carolina, 28557, United States",United States
NCT00387972,"GSK Clinical Trials Call Center, Fargo, North Dakota, 58103, United States",United States
NCT00387972,"GSK Clinical Trials Call Center, Cincinnati, Ohio, 45219, United States",United States
NCT00387972,"GSK Clinical Trials Call Center, Columbus, Ohio, 43207, United States",United States
NCT00387972,"GSK Clinical Trials Call Center, Guthrie, Oklahoma, 73044, United States",United States
NCT00387972,"GSK Clinical Trials Call Center, Norman, Oklahoma, 73069, United States",United States
NCT00387972,"GSK Clinical Trials Call Center, Oklahoma City, Oklahoma, 73112-5550, United States",United States
NCT00387972,"GSK Clinical Trials Call Center, Oklahoma City, Oklahoma, 73116, United States",United States
NCT00387972,"GSK Clinical Trials Call Center, Yukon, Oklahoma, 73112, United States",United States
NCT00387972,"GSK Clinical Trials Call Center, Eugene, Oregon, 97404, United States",United States
NCT00387972,"GSK Clinical Trials Call Center, Medford, Oregon, 97504, United States",United States
NCT00387972,"GSK Clinical Trials Call Center, Beaver Falls, Pennsylvania, 15010, United States",United States
NCT00387972,"GSK Clinical Trials Call Center, Fleetwood, Pennsylvania, 19522, United States",United States
NCT00387972,"GSK Clinical Trials Call Center, Warminster, Pennsylvania, 18974, United States",United States
NCT00387972,"GSK Clinical Trials Call Center, Anderson, South Carolina, 29621, United States",United States
NCT00387972,"GSK Clinical Trials Call Center, Chattanooga, Tennessee, 37404, United States",United States
NCT00387972,"GSK Clinical Trials Call Center, Johnson City, Tennessee, 37601, United States",United States
NCT00387972,"GSK Clinical Trials Call Center, Cleburne, Texas, 76033, United States",United States
NCT00387972,"GSK Clinical Trials Call Center, San Antonio, Texas, 78205, United States",United States
NCT00387972,"GSK Clinical Trials Call Center, Seguin, Texas, 78155, United States",United States
NCT00387972,"GSK Clinical Trials Call Center, Weber City, Virginia, 24290, United States",United States
NCT05606913,"China-Japan Friendship Hospital, Beijing, Beijin, 100029, China",China
NCT04426474,"Clinical Pharmacology of Miami, Hialeah, Florida, 33014, United States",United States
NCT04426474,"Hassman Research Institute, Marlton, New Jersey, 08053, United States",United States
NCT04426474,"Midwest Clinical Research Unit, Dayton, Ohio, 45417, United States",United States
NCT04426474,"Endeavor Clinical Trials, San Antonio, Texas, 78229, United States",United States
NCT04426474,"Profil Institut für Stoffwechselforschung, Neuss, North Rhine-Westphalia, 41460, Germany",Germany
NCT04426474,"Profil Mainz, Mainz, 55116, Germany",Germany
NCT01392898,"Radboud University Nijmegen Medical Centre, Nijmegen, Netherlands",Netherlands
NCT01775059,"Fredericia Hospital, Fredericia, 7000, Denmark",Denmark
NCT01775059,"Hilleroed Hospital, Hilleroed, 3400, Denmark",Denmark
NCT01775059,"Hvidovre Hospital, Hvidovre, 2650, Denmark",Denmark
NCT06173804,"University Health System Texas Diabetic Institute, San Antonio, Texas, 78207, United States",United States
NCT06351748,"Tianjin Medical University Chu Hsien-I Memorial Hospital, Tianjin, China",China
NCT06703268,"Chu Hsien-I Memorial Hospital, Tianjin Medical University, Tianjin, China",China
NCT05754008,"Kaiser Permanente Northern California, Oakland, California, 94612, United States",United States
NCT06161844,"Sun Yat-sen Memorial Hospital, Sun Yat-sen University, Guangdong, Guangdong, 510235, China",China
NCT06020846,"Railway General Hospital, Rawalpindi, Punjab Province, 46000, Pakistan",Pakistan
NCT05418179,"Polydoro Ernani de São Thiago University Hospital, Florianópolis, Santa Catarina, 88036-800, Brazil",Brazil
NCT06712615,"The Catholic University of KOREA, Bucheon St.Mary's Hostital, Bucheon-si, South Korea",South Korea
NCT06712615,"Yeungnam University Medical Center, Daegu, South Korea",South Korea
NCT06712615,"Daejeon Eul Ji Medical Center, Eul Ji University, Daejeon, South Korea",South Korea
NCT06712615,"Seoul National University Bundang Hospital, Seongnam, South Korea",South Korea
NCT06712615,"Kangbuk Samsung Hospital, Samsung Medical Center, Seoul, South Korea",South Korea
NCT06712615,"KOREA University Anam Hospital, Seoul, South Korea",South Korea
NCT06712615,"KOREA University Asan Hospital, Seoul, South Korea",South Korea
NCT06712615,"Kyung Hee University Hospital at Gangdong, Seoul, South Korea",South Korea
NCT06712615,"Kyung Hee University, Medical Center, Seoul, South Korea",South Korea
NCT06712615,"Nowon Eul Ji Medical Center, Eul Ji University, Seoul, South Korea",South Korea
NCT06712615,"Samsung Medical Center, Seoul, South Korea",South Korea
NCT06712615,"Severance Hostital, Seoul, South Korea",South Korea
NCT06712615,"The Catholic University of KOREA, Seoul St.Mary's Hostital, Seoul, South Korea",South Korea
NCT06712615,"The Catholic University of KOREA, Yeouido St.Mary's Hostital in Korea, Seoul, South Korea",South Korea
NCT02794792,"Site RU70011, Moscow, 117036, Russia",Russia
NCT02794792,"Site RU70005, Moscow, 119034, Russia",Russia
NCT02794792,"Site RU70003, Moscow, 121374, Russia",Russia
NCT02794792,"Site RU70009, Moscow, 125315, Russia",Russia
NCT02794792,"Site RU70010, Nizhny Novgorod, 603018, Russia",Russia
NCT02794792,"Site RU70008, Saint Petersburg, 191119, Russia",Russia
NCT02794792,"Site RU70014, Saint Petersburg, 194354, Russia",Russia
NCT02794792,"Site RU70007, Saint Petersburg, 197022, Russia",Russia
NCT02794792,"Site RU70002, Saint Petersburg, 197706, Russia",Russia
NCT02794792,"Site RU70006, Samara, 443067, Russia",Russia
NCT02794792,"Site RU70004, Saratov, 410012, Russia",Russia
NCT02794792,"Site RU70015, Volgograd, 400001, Russia",Russia
NCT02794792,"Site RU70001, Yaroslavl, 150003, Russia",Russia
NCT02794792,"Site RU70013, Yaroslavl, 150062, Russia",Russia
NCT03334773,"Steve Biko Academic Hospital, Pretoria, Gauteng, 0001, South Africa",South Africa
NCT01240759,"Juno Research, LLC, Houston, Texas, 77074, United States",United States
NCT04867785,"Syed Research Consultants Llc, Sheffield, Alabama, 35660, United States",United States
NCT04867785,"San Fernando Valley Health Institute, Canoga Park, California, 91304, United States",United States
NCT04867785,"Valley Endocrine, Fresno, Fresno, California, 93720, United States",United States
NCT04867785,"National Research Institute - Huntington Park, Huntington Park, California, 90255, United States",United States
NCT04867785,"Catalina Research Institute, LLC, Montclair, California, 91763, United States",United States
NCT04867785,"National Research Institute - Panorama City, Panorama City, California, 91402, United States",United States
NCT04867785,"Anderson Clinical Research, Redlands, California, 92374, United States",United States
NCT04867785,"Artemis Institute for Clinical Research, Riverside, California, 92503, United States",United States
NCT04867785,"Artemis Institute for Clinical Research, San Diego, California, 92103, United States",United States
NCT04867785,"National Research Institute (NRI) - Santa Ana, Santa Ana, California, 92704, United States",United States
NCT04867785,"Diablo Clinical Research, Inc., Walnut Creek, California, 94598, United States",United States
NCT04867785,"South Florida Clinical Research Institute, Margate, Florida, 33063, United States",United States
NCT04867785,"ForCare Clinical Research, Tampa, Florida, 33613, United States",United States
NCT04867785,"Encore Medical Research - Weston, Weston, Florida, 33331, United States",United States
NCT04867785,"Elite Clinical Trials, Blackfoot, Idaho, 83221, United States",United States
NCT04867785,"Humphreys Diabetes Center, Boise, Idaho, 83702, United States",United States
NCT04867785,"Rocky Mountain Clinical Research, Idaho Falls, Idaho, 83404, United States",United States
NCT04867785,"Elite Clinical Trials, Rexburg, Idaho, 83440, United States",United States
NCT04867785,"Iowa Diabetes and Endocrinology Research Center, West Des Moines, Iowa, 50265, United States",United States
NCT04867785,"Cotton O'Neil Clinic, Topeka, Kansas, 66606, United States",United States
NCT04867785,"Centennial Medical Group, Elkridge, Maryland, 21075, United States",United States
NCT04867785,"MediSync Clinical Research, Petal, Mississippi, 39465, United States",United States
NCT04867785,"Clinvest Research LLC, Springfield, Missouri, 65810, United States",United States
NCT04867785,"Logan Health Research, Kalispell, Montana, 59901, United States",United States
NCT04867785,"Lillestol Research, Fargo, North Dakota, 58104, United States",United States
NCT04867785,"Intend Research, LLC, Norman, Oklahoma, 73069, United States",United States
NCT04867785,"Heritage Valley Medical Group, Inc., Beaver, Pennsylvania, 15009, United States",United States
NCT04867785,"Preferred Primary Care Physicians, Pittsburgh, Pennsylvania, 15236, United States",United States
NCT04867785,"Frontier Clinical Research, LLC, Smithfield, Pennsylvania, 15478, United States",United States
NCT04867785,"Preferred Primary Care Physicians, Uniontown, Pennsylvania, 15401, United States",United States
NCT04867785,"The Research Center of The Upstate, Greenville, South Carolina, 29607, United States",United States
NCT04867785,"Dallas Diabetes Research Center, Dallas, Texas, 75230, United States",United States
NCT04867785,"Diabetes and Thyroid Center of Fort Worth, Fort Worth, Texas, 76132, United States",United States
NCT04867785,"Endocrine Ips, Pllc, Houston, Texas, 77079, United States",United States
NCT04867785,"Laila A Hassan, MD, PA, Houston, Texas, 77089, United States",United States
NCT04867785,"Southern Endocrinology Associates, Mesquite, Texas, 75149, United States",United States
NCT04867785,"North Hills Family Medicine/North Hills Medical Research, North Richland Hills, Texas, 76180, United States",United States
NCT04867785,"Rainier Clinical Research Center, Renton, Washington, 98057, United States",United States
NCT04867785,"Universal Research Group, Tacoma, Washington, 98405, United States",United States
NCT04867785,"The Vancouver Clinic, Vancouver, Washington, 98664, United States",United States
NCT04867785,"Advanced Clinical Research, LLC, Bayamón, 00961, Puerto Rico",Puerto Rico
NCT04867785,"Manati Center for Clinical Research, Manati, 674, Puerto Rico",Puerto Rico
NCT04867785,"Latin Clinical Trial Center, San Juan, 909, Puerto Rico",Puerto Rico
NCT00694057,"Anaheim, California, 92801, United States",United States
NCT00694057,"Anaheim, California, 92805, United States",United States
NCT00694057,"Beverly Hills, California, 90211, United States",United States
NCT00694057,"Buena Park, California, 90620, United States",United States
NCT00694057,"Burbank, California, 91505, United States",United States
NCT00694057,"Carmichael, California, 95608, United States",United States
NCT00694057,"Escondido, California, 92025, United States",United States
NCT00694057,"Fresno, California, 93726, United States",United States
NCT00694057,"Huntington Park, California, 90255, United States",United States
NCT00694057,"Long Beach, California, 90806, United States",United States
NCT00694057,"Los Angeles, California, 90057, United States",United States
NCT00694057,"National City, California, 91950, United States",United States
NCT00694057,"Roseville, California, 95661, United States",United States
NCT00694057,"Chicago, Illinois, 60616, United States",United States
NCT00694057,"Baton Rouge, Louisiana, 70808, United States",United States
NCT00694057,"St Louis, Missouri, 63141, United States",United States
NCT00694057,"Las Vegas, Nevada, 89106, United States",United States
NCT00694057,"Las Vegas, Nevada, 89148, United States",United States
NCT00694057,"El Paso, Texas, 79905, United States",United States
NCT00694057,"San Antonio, Texas, 78229, United States",United States
NCT00694057,"Salt Lake City, Utah, 84107, United States",United States
NCT00694057,"Kenosha, Wisconsin, 53142, United States",United States
NCT05699408,"Peking University People's Hospital, Beijing, Beijing Municipality, 100044, China",China
NCT06268743,"Cardiometabolic Exercise & Lifestyle Laboratory, Fredericton, New Brunswick, E3B5A3, Canada",Canada
NCT07198932,"Sir Run Run Shaw Hospital, School of Medicine, Zhejiang University, Hangzhou, Zhejiang, China",China
NCT07198932,"Affiliated Hospital of Hebei University, Baoding, China",China
NCT07198932,"Beijing Luhe Hospital Affiliated to Capital Medical University, Beijing, China",China
NCT07198932,"the First Medical Center of Chinese PLA General Hospital, Beijing, China",China
NCT07198932,"Qingpu Branch of Zhongshan Hospital Affiliated to Fudan University, Shanghai, China",China
NCT07198932,"Shanghai Changzheng Hospital, Shanghai, China",China
NCT07198932,"Xi'an International Medical Center Hospital, Xi'an, China",China
NCT05478252,"Prime Medical Group, LLC, Gilbert, Arizona, 85296, United States",United States
NCT05478252,"FDRC, Costa Mesa, California, 92627, United States",United States
NCT05478252,"Velocity Clinical Research San Diego, La Mesa, California, 91942, United States",United States
NCT05478252,"Velocity Clin Res Los Angeles, Los Angeles, California, 90017, United States",United States
NCT05478252,"LCGK Research, San Carlos, California, 94070, United States",United States
NCT05478252,"San Diego Family Care_San Diego, San Diego, California, 92111, United States",United States
NCT05478252,"Encompass Clinical Research_Spring Valley, Spring Valley, California, 91978, United States",United States
NCT05478252,"Med Partners, Inc., Toluca Lake, California, 91602, United States",United States
NCT05478252,"University Clin Investigators, Tustin, California, 92780, United States",United States
NCT05478252,"Diablo Clinical Research, Inc., Walnut Creek, California, 94598, United States",United States
NCT05478252,"Innovative Research of W Florida Inc., Clearwater, Florida, 33756, United States",United States
NCT05478252,"Innovative Research of W FL, Clearwater, Florida, 33756, United States",United States
NCT05478252,"Alliance for Multispec Res, Coral Gables, Florida, 33134, United States",United States
NCT05478252,"Encore Medical Research LLC, Hollywood, Florida, 33024, United States",United States
NCT05478252,"New Horizon Research Center, Miami, Florida, 33165, United States",United States
NCT05478252,"Reyes Clinical Research, Inc, Miami, Florida, 33175, United States",United States
NCT05478252,"International Research Associates, LLC_Miami, Miami, Florida, 33183, United States",United States
NCT05478252,"South Broward Research LLC, Miramar, Florida, 33027, United States",United States
NCT05478252,"Adult Medicine of Lake County, Inc., Mt. Dora, Florida, 32757, United States",United States
NCT05478252,"Omega Research Consultants LLC, Orlando, Florida, 32806, United States",United States
NCT05478252,"South Broward Research LLC, Pembroke Pines, Florida, 33027, United States",United States
NCT05478252,"Progressive Medical Research, Port Orange, Florida, 32127, United States",United States
NCT05478252,"CVS Store Number: 7689, Atlanta, Georgia, 30329-4015, United States",United States
NCT05478252,"CVS Store Number: 05520, Savannah, Georgia, 31405-6901, United States",United States
NCT05478252,"Elite Clinical Trials, Blackfoot, Idaho, 83221, United States",United States
NCT05478252,"Solaris Clinical Research, Meridian, Idaho, 83646, United States",United States
NCT05478252,"Macoupin Research Group, Gillespie, Illinois, 62033, United States",United States
NCT05478252,"Clin Invest Spec, Inc, Wauconda, Illinois, 60084, United States",United States
NCT05478252,"The Research Group of Lexington LLC, Lexington, Kentucky, 40503, United States",United States
NCT05478252,"MD Medical Research, Oxon Hill, Maryland, 20745, United States",United States
NCT05478252,"BTC of New Bedford, LLC, New Bedford, Massachusetts, 02740, United States",United States
NCT05478252,"Elite Research Center, Flint, Michigan, 48532, United States",United States
NCT05478252,"Arcturus Healthcare, PLC., Troy, Michigan, 48098, United States",United States
NCT05478252,"Montana Medical Research, Missoula, Montana, 59808, United States",United States
NCT05478252,"N.Y. Family Practice Physicians, Woodhaven, New York, 11421, United States",United States
NCT05478252,"PharmQuest Life Sciences LLC, Greensboro, North Carolina, 27408, United States",United States
NCT05478252,"Whiteville Medical Assoc, PA, Whiteville, North Carolina, 28472, United States",United States
NCT05478252,"Albert J Weisbrot, Mason, Ohio, 45040-6815, United States",United States
NCT05478252,"Advanced Med Res Maumee, Maumee, Ohio, 43537, United States",United States
NCT05478252,"Tristar Clin Investigations, PC, Philadelphia, Pennsylvania, 19114, United States",United States
NCT05478252,"Spartanburg Medical Research, Spartanburg, South Carolina, 29303, United States",United States
NCT05478252,"Elligo Clin Res Centre, Austin, Texas, 78704, United States",United States
NCT05478252,"Velocity Clinical Res-Dallas, Dallas, Texas, 75230, United States",United States
NCT05478252,"UT Southwestern Med Cntr, Dallas, Texas, 75390-9302, United States",United States
NCT05478252,"Southwest Clinical Trials, Houston, Texas, 77081, United States",United States
NCT05478252,"Tapia Internal Medicine Clinic, Paris, Texas, 75462, United States",United States
NCT05478252,"Univ Of Texas Hlth Science Cntr, San Antonio, Texas, 78229, United States",United States
NCT05478252,"VIP Trials_San Antonio, San Antonio, Texas, 78230, United States",United States
NCT05478252,"VIP Trials, San Antonio, Texas, 78230, United States",United States
NCT05478252,"Dwayne O. Williams, M.D., P.A., Sugar Land, Texas, 77479, United States",United States
NCT05478252,"Sugar Lakes Family Practice PA, Sugar Land, Texas, 77479, United States",United States
NCT05478252,"Martin Diagnostic Clinic, Tomball, Texas, 77375, United States",United States
NCT05478252,"CVS Store Number: 01396, Reston, Virginia, 20191-4327, United States",United States
NCT05478252,"CVS Store Number: 1537, Richmond, Virginia, 23230-3005, United States",United States
NCT05478252,"Wenatchee Valley Hospital and Clinics, Wenatchee, Washington, 98801-2028, United States",United States
NCT05478252,"Care Clinic, Red Deer, Alberta, T4P 1K4, Canada",Canada
NCT05478252,"Ocean West Research Clinic, Surrey, British Columbia, V3Z 2N6, Canada",Canada
NCT05478252,"G.A. Research Associates Ltd., Moncton, New Brunswick, E1G 1A7, Canada",Canada
NCT05478252,"Nova Scotia Hlth Halifax, Halifax, Nova Scotia, B3H 2Y9, Canada",Canada
NCT05478252,"Centricity Research New Minas, New Minas, Nova Scotia, B4N 3R7, Canada",Canada
NCT05478252,"Centricity Research Brampton, Brampton, Ontario, L6S 0C6, Canada",Canada
NCT05478252,"LMC Clin Res Inc. Thornhill, Concord, Ontario, L4K 4M2, Canada",Canada
NCT05478252,"Medical Trust Clinics, Inc., Courtice, Ontario, L1E2J5, Canada",Canada
NCT05478252,"Centricity Research Etobicoke, Etobicoke, Ontario, M9R 4E1, Canada",Canada
NCT05478252,"Wharton Med Clin Trials, Hamilton, Ontario, L8L 5G8, Canada",Canada
NCT05478252,"Milestone Research, London, Ontario, N5W 6A2, Canada",Canada
NCT05478252,"Bluewater Clin Res Group,Inc, Sarnia, Ontario, N7T 4X3, Canada",Canada
NCT05478252,"Canadian Centre for Research on Diabetes_Smiths Falls, Smiths Falls, Ontario, K7A 4W8, Canada",Canada
NCT05478252,"LMC Endo Centres Ltd.(Bayview), Toronto, Ontario, M4G 3E8, Canada",Canada
NCT05478252,"LMC Manna Research, Toronto, Ontario, M4G 3E8, Canada",Canada
NCT05478252,"Manna Research Quebec, Lévis, Quebec, G6W 0M5, Canada",Canada
NCT05478252,"Recherche GCP Research, Montreal, Quebec, H1Y 3H5, Canada",Canada
NCT05478252,"LMC Clin Rsrch Inc. (Montreal), Montreal, Quebec, H4T 1Z9, Canada",Canada
NCT05478252,"Centricity Res Pointe-Claire, Pointe-Claire, Quebec, H9R 4S3, Canada",Canada
NCT05478252,"Manna Research Inc., Pointe-Claire, Quebec, H9R 4S3, Canada",Canada
NCT05478252,"Centricity Research Ville St. Laurent VSL, Saint-Laurent, Quebec, H4T 1Z9, Canada",Canada
NCT05478252,"Beata Miklaszewicz&Dariusz Dabrowski ""CARDIAMED"" s.j., Legnica, Lower Silesian Voivodeship, 59-220, Poland",Poland
NCT05478252,"ETG Lublin, Lublin, Lublin Voivodeship, 20-412, Poland",Poland
NCT05478252,"Osteo Medic s.c. Artur Racewicz Jerzy Supronik, Bialystok, 15-351, Poland",Poland
NCT05478252,"NZOZ Specjalistyczny Osrodek Internistyczno-Diabetologiczny Małgorzata Arciszewska, Bialystok, 15-435, Poland",Poland
NCT05478252,"M2M Badania Kliniczne, Chorzów, 41-500, Poland",Poland
NCT05478252,"NZOZ Gdanska Poradnia Cukrzycowa Sp.z o.o., Gdansk, 80-858, Poland",Poland
NCT05478252,"Krakowskie Centrum Medyczne Sp. z o.o., Krakow, 31-501, Poland",Poland
NCT05478252,"FutureMeds Sp. z o.o. Lodz, Lodz, 91-363, Poland",Poland
NCT05478252,"ETG Lublin, Lublin, 20-412, Poland",Poland
NCT05478252,"Centrum Medyczne ""Diabetika"", Radom, 26-600, Poland",Poland
NCT05478252,"PANSTWOWY INSTYTUT MEDYCZNY MSWiA, Warsaw, 02-507, Poland",Poland
NCT05478252,"FutureMeds Sp. z o.o., Wroclaw, 50-088, Poland",Poland
NCT05478252,"Diabetologicka ambulancia DIASTYLE s.r.o., Banská Bystrica, 97401, Slovakia",Slovakia
NCT05478252,"Diabetologicka ambulancia DIAMO s.r.o., Kežmarok, 06001, Slovakia",Slovakia
NCT05478252,"IVAMEDIC s.r.o., Košice, 040 11, Slovakia",Slovakia
NCT05478252,"DIA - SANTMART, s.r.o., Ambulancia diabetologie a poruch latkovej premeny a vyzivy, Martin, 036 01, Slovakia",Slovakia
NCT05478252,"Diabetologicka ambulancia MUDr. Iveta Markova s.r.o, Nitra, 94911, Slovakia",Slovakia
NCT05478252,"MUDr. Jan Culak, s.r.o., Prievidza, 97101, Slovakia",Slovakia
NCT05478252,"MEDI-DIA s.r.o., Sabinov, 08301, Slovakia",Slovakia
NCT05478252,"Medi-Clinic Bloemfontein, Bloemfontein, Free State, 9301, South Africa",South Africa
NCT05478252,"Moriana Clinical Research, Winnie Mandela, Free State, 9400, South Africa",South Africa
NCT05478252,"Shop#1 Health Emporium, Midrand, Gauteng, 1685, South Africa",South Africa
NCT05478252,"Prinshof Medical Campus, Pretoria, Gauteng, 0002, South Africa",South Africa
NCT05478252,"Jongaie Research, Pretoria, Gauteng, 0183, South Africa",South Africa
NCT05478252,"Clinical Trial Systems (CTC), Pretoria, Gauteng, 0186, South Africa",South Africa
NCT05478252,"Dr A Amod, Durban, KwaZulu-Natal, 4092, South Africa",South Africa
NCT05478252,"Precise Clinical Solutions (Pty) Ltd, Durban, KwaZulu-Natal, 4092, South Africa",South Africa
NCT05478252,"Dr Pillay's Rooms, Durban, KwaZulu-Natal, 4450, South Africa",South Africa
NCT00004983,"The University of Texas at Austin, Austin, Texas, 78701, United States",United States
NCT04208620,"Research Site, Shinjuku-ku, 160-0008, Japan",Japan
NCT04208620,"Research Site, Shinjuku-ku, 162-0053, Japan",Japan
NCT04208620,"Research Site, Suita-shi, 565-0853, Japan",Japan
NCT03390959,"Maria das Graças Araujo, Recife, Pernambuco, 50670-901, Brazil",Brazil
NCT07678671,"Hospital Clinica Nova de Monterrey, San Nicolás de los Garza, Nuevo León, 66450, Mexico",Mexico
NCT01029704,"Research Site #10, Birmingham, Alabama, United States",United States
NCT01029704,"Research Site #04, National City, California, United States",United States
NCT01029704,"Research Site #12, Denver, Colorado, United States",United States
NCT01029704,"Research Site #07, Miami, Florida, United States",United States
NCT01029704,"Research Site #08, Miami, Florida, United States",United States
NCT01029704,"Research Site #06, Reading, Pennsylvania, United States",United States
NCT01029704,"Research Site #11, DeSoto, Texas, United States",United States
NCT01029704,"Research Site #01, San Antonio, Texas, United States",United States
NCT01029704,"Research Site #15, San Antonio, Texas, United States",United States
NCT01029704,"Research Site #03, Brampton, Ontario, Canada",Canada
NCT01029704,"Research Site #13, London, Ontario, Canada",Canada
NCT01029704,"Research Site #02, Mississauga, Ontario, Canada",Canada
NCT00835861,"University of North Carolina Hospitals Obstetric Clinics, Chapel Hill, North Carolina, 27599, United States",United States
NCT02452632,"Site KR00019, Dong Gu Gwangju, Dong Gu Gwangju, South Korea",South Korea
NCT02452632,"Site KR00008, Gangwon-do, Gangwon-do, South Korea",South Korea
NCT02452632,"Site KR00020, Jeollabuk-do, Jeollabuk-do, South Korea",South Korea
NCT02452632,"Site KR00021, Kyungsangnam-do, Kyungsangnam-do, South Korea",South Korea
NCT02452632,"Site KR00002, Busan, South Korea",South Korea
NCT02452632,"Site KR00003, Busan, South Korea",South Korea
NCT02452632,"Site KR00007, Daegu, South Korea",South Korea
NCT02452632,"Site KR00011, Daegu, South Korea",South Korea
NCT02452632,"Site KR00018, Gyeonggi-do, South Korea",South Korea
NCT02452632,"Site KR00022, Gyeonggi-do, South Korea",South Korea
NCT02452632,"Site KR00014, Incheon, South Korea",South Korea
NCT02452632,"Site KR00001, Seoul, South Korea",South Korea
NCT02452632,"Site KR00004, Seoul, South Korea",South Korea
NCT02452632,"Site KR00005, Seoul, South Korea",South Korea
NCT02452632,"Site KR00006, Seoul, South Korea",South Korea
NCT02452632,"Site KR00009, Seoul, South Korea",South Korea
NCT02452632,"Site KR00010, Seoul, South Korea",South Korea
NCT02452632,"Site KR00012, Seoul, South Korea",South Korea
NCT02452632,"Site KR00013, Seoul, South Korea",South Korea
NCT02452632,"Site KR00016, Seoul, South Korea",South Korea
NCT02452632,"Site KR00017, Seoul, South Korea",South Korea
NCT02452632,"Site KR00015, Suwon, South Korea",South Korea
NCT03766308,"Tongji Hospital, Tongji Medical College, Huazhong University of Science and technology, Wuhan, Hubei, China",China
NCT01933256,"Profil Institute for Clinical Research, Inc., Chula Vista, California, 91911, United States",United States
NCT06428968,"Department of Psychiatry, National Clinical Research Center for Mental Disorders, and National Center for Mental Disorders, The Second Xiangya Hospital of Central South University, Changsha, Hunan, 410011, China",China
NCT07754461,"Cahaba Research, Inc. - Trussville Location, Birmingham, Alabama, 35235, United States",United States
NCT07754461,"Gilbert Center for Family Medicine, Gilbert, Arizona, 85296, United States",United States
NCT07754461,"Helios Clinical Research - Paradise Valley, Paradise Valley, Arizona, 85253, United States",United States
NCT07754461,"Arizona Liver Health - Peoria 85381, Peoria, Arizona, 85381, United States",United States
NCT07754461,"Helios Clinical Research - Phoenix, Phoenix, Arizona, 85028, United States",United States
NCT07754461,"Woodland International Research Group, Inc., Little Rock, Arkansas, 72211, United States",United States
NCT07754461,"San Fernando Valley Health, Canoga Park, California, 91304, United States",United States
NCT07754461,"John Muir Physician Network Clinical Research Center, Concord, California, 94520, United States",United States
NCT07754461,"Neighborhood Healthcare - Escondido, Escondido, California, 92025, United States",United States
NCT07754461,"Clinical Trials Research - Lincoln, Lincoln, California, 95648, United States",United States
NCT07754461,"ARK Clinical Research, Long Beach, California, 90815, United States",United States
NCT07754461,"Infinity Clinical Research, Norco, California, 92860, United States",United States
NCT07754461,"Valley Clinical Trials, Inc., Northridge, California, 91325, United States",United States
NCT07754461,"Fomat Medical Research, Oxnard, California, 93030, United States",United States
NCT07754461,"Encompass Clinical Research, Spring Valley, Spring Valley, California, 91978, United States",United States
NCT07754461,"University Clinical Investigators, Inc., Tustin, California, 92780, United States",United States
NCT07754461,"Diablo Clinical Research, Walnut Creek, California, 94598, United States",United States
NCT07754461,"Focus Clinical Research, West Hills, California, 91307, United States",United States
NCT07754461,"Clinical Research of West Florida, Inc., Clearwater, Florida, 33765, United States",United States
NCT07754461,"Northeast Research Institute, Fleming Island, Florida, 32003, United States",United States
NCT07754461,"Covenant Metabolic Specialists, LLC - Fort Myers, Fort Myers, Florida, 33912, United States",United States
NCT07754461,"Encore Medical Research, Hollywood, Florida, 33024, United States",United States
NCT07754461,"Northeast Research Institute, Jacksonville, Florida, 32204, United States",United States
NCT07754461,"Accel Research Sites - Lakeland, Lakeland, Florida, 33803, United States",United States
NCT07754461,"Clinical Research of Central Florida - Lakeland, Lakeland, Florida, 33805, United States",United States
NCT07754461,"Tampa Bay Medical Research - Largo, Largo, Florida, 33777, United States",United States
NCT07754461,"New Horizon Research Center-Miami-69732, Miami, Florida, 33165, United States",United States
NCT07754461,"South Broward Research, Miramar, Florida, 33027, United States",United States
NCT07754461,"Covenant Metabolic Specialists, LLC - Brandon, Riverview, Florida, 33578, United States",United States
NCT07754461,"Covenant Metabolic Specialists, LLC - Sarasota, University Park, Florida, 34201, United States",United States
NCT07754461,"Metabolic Research Institute, Inc., West Palm Beach, Florida, 33401, United States",United States
NCT07754461,"Encore Medical Research - Weston, Weston, Florida, 33331, United States",United States
NCT07754461,"Conquest Research, Winter Park, Florida, 32789, United States",United States
NCT07754461,"Centricity Research, Endocrine Consultants, Columbus, Georgia, 31904, United States",United States
NCT07754461,"Javara-Fayetteville-67354, Fayetteville, Georgia, 30214, United States",United States
NCT07754461,"Balanced Life Health Care Solutions, Lawrenceville, Georgia, 30046, United States",United States
NCT07754461,"Rophe Adult and Pediatric Medicine, Union City, Georgia, 30291, United States",United States
NCT07754461,"Pacific Diabetes & Endocrine Center, Honolulu, Hawaii, 96817, United States",United States
NCT07754461,"Elite Clinical Trials - Blackfoot, Blackfoot, Idaho, 83221, United States",United States
NCT07754461,"Family First Clinical Research, Idaho Falls, Idaho, 83404, United States",United States
NCT07754461,"Solaris Clinical Research, Meridian, Idaho, 83646, United States",United States
NCT07754461,"Evanston Premier Healthcare Research LLC, Skokie, Illinois, 60077, United States",United States
NCT07754461,"Cotton O'Neil Mulvane, Topeka, Kansas, 66606, United States",United States
NCT07754461,"AMR Lexington, Lexington, Kentucky, 40509, United States",United States
NCT07754461,"Endocrine and Metabolic Consultants, Rockville, Maryland, 20852, United States",United States
NCT07754461,"Northern Pines Health Center - Buckley, Buckley, Michigan, 49620, United States",United States
NCT07754461,"Revival Research Institute, LLC - Dearborn, Dearborn, Michigan, 48126, United States",United States
NCT07754461,"Arcturus Healthcare - Troy Internal Medicine Research Division, Troy, Michigan, 48098, United States",United States
NCT07754461,"International Diabetes Center, Minneapolis, Minnesota, 55416, United States",United States
NCT07754461,"Olive Branch Family Medical Center, Olive Branch, Mississippi, 38654, United States",United States
NCT07754461,"SKY Clinical Research Network Group - Ridgeland, Ridgeland, Mississippi, 39157, United States",United States
NCT07754461,"StudyMetrix Research, LLC, City of Saint Peters, Missouri, 63303, United States",United States
NCT07754461,"Logan Health Research - Kalispell, Kalispell, Montana, 59901, United States",United States
NCT07754461,"Boeson Research - Missoula, Missoula, Montana, 59804, United States",United States
NCT07754461,"Palm Research Center, Las Vegas, Nevada, 89128, United States",United States
NCT07754461,"Albuquerque Clinical Trials, Albuquerque, New Mexico, 87102, United States",United States
NCT07754461,"Ellipsis Research Group - Brooklyn, Brooklyn, New York, 11215, United States",United States
NCT07754461,"Cape Fear Valley Medical Center, Fayetteville, North Carolina, 28304, United States",United States
NCT07754461,"PharmQuest Life Sciences, Greensboro, North Carolina, 27408, United States",United States
NCT07754461,"Centricity Research - Morehead City, Morehead City, North Carolina, 28557, United States",United States
NCT07754461,"Diabetes & Endocrinology Associates of Stark County, Canton, Ohio, 44718, United States",United States
NCT07754461,"Advanced Medical Research - Maumee, Maumee, Ohio, 43537, United States",United States
NCT07754461,"New Venture Medical Research, Wadsworth, Ohio, 44281, United States",United States
NCT07754461,"Tekton Research-Edmond-68875, Edmond, Oklahoma, 73013, United States",United States
NCT07754461,"Heritage Valley Medical Group, Beaver, Pennsylvania, 15009, United States",United States
NCT07754461,"Preferred Primary Care Physicians-Pittsburgh-63932, Pittsburgh, Pennsylvania, 15236, United States",United States
NCT07754461,"Preferred Primary Care Physicians, Pittsburgh, Pennsylvania, 15243, United States",United States
NCT07754461,"Preferred Primary Care Physicians - Matthew Drive, Uniontown, Pennsylvania, 15401, United States",United States
NCT07754461,"PanAmerican Clinical Research - Bluffton, Bluffton, South Carolina, 29910, United States",United States
NCT07754461,"Spartanburg Medical Research, Spartanburg, South Carolina, 29303, United States",United States
NCT07754461,"University Diabetes & Endocrine Consultants, Chattanooga, Tennessee, 37411, United States",United States
NCT07754461,"LifeDoc Research, PLLC, Memphis, Tennessee, 38115, United States",United States
NCT07754461,"Texas Diabetes and Endocrinology, Austin, Texas, 78731, United States",United States
NCT07754461,"South Texas Research Institute - Brownsville, Brownsville, Texas, 78520, United States",United States
NCT07754461,"Privia Medical Group Gulf Coast, PLLC, Conroe, Texas, 77384, United States",United States
NCT07754461,"University of Texas Southwestern Medical Center, Dallas, Texas, 75390-8837, United States",United States
NCT07754461,"Pinnacle Clinical Research - Georgetown, Georgetown, Texas, 78626, United States",United States
NCT07754461,"Juno Research, LLC, Houston, Texas, 77040, United States",United States
NCT07754461,"Biopharma Informatic, Inc. Research Center, Houston, Texas, 77084, United States",United States
NCT07754461,"Research Physicians Network, Houston, Texas, 77089, United States",United States
NCT07754461,"Southern Endocrinology Associates, Mesquite, Texas, 75149, United States",United States
NCT07754461,"Pinnacle Clinical Research - San Antonio, San Antonio, Texas, 78222, United States",United States
NCT07754461,"Pinnacle Clinical Research, LLC, San Antonio, Texas, 78229, United States",United States
NCT07754461,"Consano Clinical Research, Shavano Park, Texas, 78231, United States",United States
NCT07754461,"Texas Valley Clinical Research, Weslaco, Texas, 78596, United States",United States
NCT07754461,"Olympus Family Medicine, Salt Lake City, Utah, 84117, United States",United States
NCT07754461,"Tidewater Physicians Multispecialty Group, Newport News, Virginia, 23606, United States",United States
NCT07754461,"ERA Health Research - Redmond, Redmond, Washington, 98052, United States",United States
NCT07754461,"Clinical Investigation Specialists, Inc.-Kenosha-69111, Kenosha, Wisconsin, 53144, United States",United States
NCT07754461,"Royal Prince Alfred Hospital, Camperdown, New South Wales, 2050, Australia",Australia
NCT07754461,"Logan Hospital, Meadowbrook, Queensland, 4131, Australia",Australia
NCT07754461,"Southern Adelaide Diabetes & Endocrine services, Oaklands Park, South Australia, 5046, Australia",Australia
NCT07754461,"Baker Heart and Diabetes Institute, Melbourne, Victoria, 3004, Australia",Australia
NCT07754461,"Fraser Clinical Trials, New Westminster, British Columbia, V3L 3W4, Canada",Canada
NCT07754461,"Centricity Research (Brampton), Brampton, Ontario, L6S 0C6, Canada",Canada
NCT07754461,"Centricity Research (Vaughan), Concord, Ontario, L4K 4M2, Canada",Canada
NCT07754461,"Centricity Research (Nepean), Nepean, Ontario, K2J 0V2, Canada",Canada
NCT07754461,"Diabetes Heart Research Centre, Toronto, Ontario, M6G 1M2, Canada",Canada
NCT07754461,"Albion Finch Medical Centre, Toronto, Ontario, M9V 4B4, Canada",Canada
NCT07754461,"Applied Medical Informatics Research Inc., Montreal, Quebec, H4A 3T2, Canada",Canada
NCT07754461,"Endocrinologie Oasis Inc, Montreal, Quebec, H4J 1E3, Canada",Canada
NCT07754461,"Recherche Clinique Sigma Inc., Québec, G1G 5X1, Canada",Canada
NCT07754461,"Gujarat Endocrine Centre, Ahmedabad, 380006, India",India
NCT07754461,"AIIMS Bhubaneshwar, Bhubaneswar, 751019, India",India
NCT07754461,"Osmania Medical College & Hospital, Hyderabad, Afzalgunj, 500012, India",India
NCT07754461,"Diabetes Care and Research Centre, Nagpur, 440010, India",India
NCT07754461,"Supe Heart & Diabetes Hospital & Research Centre, Nashik, 422002, India",India
NCT07754461,"AIIMS, New Delhi, New Delhi, 110029, India",India
NCT07754461,"Deenanath Mangeshkar Hospital and Research Centre, Pune, 411004, India",India
NCT07754461,"Jothydev's Diabetes Research Centre, Trivandrum, 695032, India",India
NCT07754461,"New Zealand Clinical Research (NZCR) Christchurch, Christchurch Central City, Christchurch, 8011, New Zealand",New Zealand
NCT07754461,"Momentum Clinical Research Dunedin, Dunedin, Otago, 9016, New Zealand",New Zealand
NCT07754461,"Waitemata Clinical Research, Auckland, 0626, New Zealand",New Zealand
NCT07754461,"Clinical Trials New Zealand Ltd, Hamilton, 3204, New Zealand",New Zealand
NCT07754461,"Isis Clinical Research Center, Guaynabo, 00968, Puerto Rico",Puerto Rico
NCT05347862,"Hospital de Clínicas de Porto Alegre, Porto Alegre, Rio Grande do Sul, 90035-007, Brazil",Brazil
NCT05944432,"Tameside General Hospital, Ashton-under-Lyne, United Kingdom",United Kingdom
NCT05944432,"Royal United Hospital, Bath, United Kingdom",United Kingdom
NCT05944432,"Queen Elizabeth Hospital, Birmingham, United Kingdom",United Kingdom
NCT05944432,"Cambridge University Hospital (Addenbrookes), Cambridge, United Kingdom",United Kingdom
NCT05944432,"Darlington Memorial Hospital, Darlington, United Kingdom",United Kingdom
NCT05944432,"Royal Derby Hospital, Derby, DE22 3NE, United Kingdom",United Kingdom
NCT05944432,"Ninewells Hospital, Dundee, United Kingdom",United Kingdom
NCT05944432,"Princess Alexandra Hospital, Harlow, United Kingdom",United Kingdom
NCT05944432,"Northwick Park Hospital, Harrow, United Kingdom",United Kingdom
NCT05944432,"Hull Royal Infirmary, Hull, United Kingdom",United Kingdom
NCT05944432,"Ipswich Hospital, Ipswich, United Kingdom",United Kingdom
NCT05944432,"St James University Hospital, Leeds, United Kingdom",United Kingdom
NCT05944432,"Leicester General Hospital, Leicester, United Kingdom",United Kingdom
NCT05944432,"King's College Hospital, London, United Kingdom",United Kingdom
NCT05944432,"St Mary's Hospital, London, United Kingdom",United Kingdom
NCT05944432,"Manchester Royal Infirmary, Manchester, M13 9WU, United Kingdom",United Kingdom
NCT05944432,"Norfolk and Norwich University Hospital, Norwich, United Kingdom",United Kingdom
NCT05944432,"Churchill Hospital, Oxford, United Kingdom",United Kingdom
NCT05944432,"Derriford Hospital, Plymouth, United Kingdom",United Kingdom
NCT05944432,"The Adam Practice, Poole, United Kingdom",United Kingdom
NCT05944432,"Queen Alexandra Hospital, Portsmouth, United Kingdom",United Kingdom
NCT05944432,"Northern General Hospital, Sheffield, United Kingdom",United Kingdom
NCT05944432,"Moorgreen Hospital, Southampton, United Kingdom",United Kingdom
NCT05944432,"Singleton Hospital, Swansea, United Kingdom",United Kingdom
NCT05944432,"Wishaw Hospital, Wishaw, United Kingdom",United Kingdom
NCT00013910,"University of Michigan, Ann Arbor, Michigan, 48109, United States",United States
NCT06759922,"National Medical Center, Karachi, Sindh, 75500, Pakistan",Pakistan
NCT06959797,"Caen University Hospital, Caen, France",France
NCT04529317,"Diana A. Díaz Rizzolo, Barcelona, 08036, Spain",Spain
NCT06382259,"University of British Columbia Okanagan, Kelowna, British Columbia, V1V 3G1, Canada",Canada
NCT03138746,"Hyperbaric Medicine Unit, Royal Adelaide Hospital, Adelaide, South Australia, 5000, Australia",Australia
NCT01719640,"Fuzhou General Hospital, Xiamen Univ, Fuzhou, Fujian, 350025, China",China
NCT03314246,"Tan Tock Seng Hospital, Singapore, 308433, Singapore",Singapore
NCT03314246,"National Healthcare Group Polyclinic (Bukit Batok), Singapore, 659164, Singapore",Singapore
NCT06089070,"University of California San Francisco (UCSF), San Francisco, California, 94158, United States",United States
NCT05533632,"Servicios Médicos Godoy Limitada, Santiago, Región Metropolitana, 7500710, Chile",Chile
NCT05533632,"Hospital San Juan de Dios_Santiago, Región Metropolitana, Santiago, Región Metropolitana, 8350429, Chile",Chile
NCT05533632,"Hospital Padre Hurtado, Santiago, Región Metropolitana, 8880465, Chile",Chile
NCT03015519,"GSK Investigational Site, Chicago, Illinois, 60634, United States",United States
NCT03015519,"GSK Investigational Site, Morehead City, North Carolina, 28557, United States",United States
NCT03015519,"GSK Investigational Site, El Paso, Texas, 79935, United States",United States
NCT02229227,"GSK Investigational Site, Searcy, Arkansas, 72143, United States",United States
NCT02229227,"GSK Investigational Site, Huntington Beach, California, 92648, United States",United States
NCT02229227,"GSK Investigational Site, Long Beach, California, 90807, United States",United States
NCT02229227,"GSK Investigational Site, Los Angeles, California, 90017, United States",United States
NCT02229227,"GSK Investigational Site, Tustin, California, 92780, United States",United States
NCT02229227,"GSK Investigational Site, West Hills, California, 91307, United States",United States
NCT02229227,"GSK Investigational Site, Colorado Springs, Colorado, 80909, United States",United States
NCT02229227,"GSK Investigational Site, Brooksville, Florida, 34601, United States",United States
NCT02229227,"GSK Investigational Site, Clearwater, Florida, 33765, United States",United States
NCT02229227,"GSK Investigational Site, Hialeah, Florida, 33012, United States",United States
NCT02229227,"GSK Investigational Site, Miami, Florida, 33156, United States",United States
NCT02229227,"GSK Investigational Site, Orlando, Florida, 32825, United States",United States
NCT02229227,"GSK Investigational Site, Pembroke Pines, Florida, 33027, United States",United States
NCT02229227,"GSK Investigational Site, Tampa, Florida, 33634, United States",United States
NCT02229227,"GSK Investigational Site, West Palm Beach, Florida, 33401, United States",United States
NCT02229227,"GSK Investigational Site, Chicago, Illinois, 60612, United States",United States
NCT02229227,"GSK Investigational Site, Paducah, Kentucky, 42003, United States",United States
NCT02229227,"GSK Investigational Site, Lake Charles, Louisiana, 70601, United States",United States
NCT02229227,"GSK Investigational Site, Shreveport, Louisiana, 71105, United States",United States
NCT02229227,"GSK Investigational Site, Kalamazoo, Michigan, 49009, United States",United States
NCT02229227,"GSK Investigational Site, Springfield, Missouri, 65807, United States",United States
NCT02229227,"GSK Investigational Site, Las Vegas, Nevada, 89119, United States",United States
NCT02229227,"GSK Investigational Site, Staten Island, New York, 10301, United States",United States
NCT02229227,"GSK Investigational Site, Shelby, North Carolina, 28150, United States",United States
NCT02229227,"GSK Investigational Site, Wilmington, North Carolina, 28401, United States",United States
NCT02229227,"GSK Investigational Site, Columbus, Ohio, 43213, United States",United States
NCT02229227,"GSK Investigational Site, Dayton, Ohio, 45439, United States",United States
NCT02229227,"GSK Investigational Site, Kettering, Ohio, 45429, United States",United States
NCT02229227,"GSK Investigational Site, Austin, Texas, 78749, United States",United States
NCT02229227,"GSK Investigational Site, Austin, Texas, 78756, United States",United States
NCT02229227,"GSK Investigational Site, Dallas, Texas, 75230, United States",United States
NCT02229227,"GSK Investigational Site, Houston, Texas, 77058, United States",United States
NCT02229227,"GSK Investigational Site, Houston, Texas, 77099, United States",United States
NCT02229227,"GSK Investigational Site, Pharr, Texas, 78577, United States",United States
NCT02229227,"GSK Investigational Site, Round Rock, Texas, 78681, United States",United States
NCT02229227,"GSK Investigational Site, Sugar Land, Texas, 77479, United States",United States
NCT02229227,"GSK Investigational Site, Hampton, Virginia, 23666, United States",United States
NCT02229227,"GSK Investigational Site, Renton, Washington, 98057, United States",United States
NCT02229227,"GSK Investigational Site, Tacoma, Washington, 98405, United States",United States
NCT02229227,"GSK Investigational Site, Fortaleza, Ceará, 60115-282, Brazil",Brazil
NCT02229227,"GSK Investigational Site, Fortaleza - CE, Ceará, 60430-350, Brazil",Brazil
NCT02229227,"GSK Investigational Site, Goiânia, Goiás, 74110-010, Brazil",Brazil
NCT02229227,"GSK Investigational Site, Uberlândia, Minas Gerais, 38411-186, Brazil",Brazil
NCT02229227,"GSK Investigational Site, Porto Alegre, Rio Grande do Sul, 90035-170, Brazil",Brazil
NCT02229227,"GSK Investigational Site, Porto Alegre, Rio Grande do Sul, 90035001, Brazil",Brazil
NCT02229227,"GSK Investigational Site, Campinas, São Paulo, 13010-001, Brazil",Brazil
NCT02229227,"GSK Investigational Site, Marília, São Paulo, 17519-000, Brazil",Brazil
NCT02229227,"GSK Investigational Site, Pará, 66073-000, Brazil",Brazil
NCT02229227,"GSK Investigational Site, São Paulo, 01223-001, Brazil",Brazil
NCT02229227,"GSK Investigational Site, São Paulo, 04038-002, Brazil",Brazil
NCT02229227,"GSK Investigational Site, Penticton, British Columbia, V2A 5C8, Canada",Canada
NCT02229227,"GSK Investigational Site, Brampton, Ontario, L6S 0C9, Canada",Canada
NCT02229227,"GSK Investigational Site, Oakville, Ontario, L6M 1M1, Canada",Canada
NCT02229227,"GSK Investigational Site, Thornhill, Ontario, L4J 8L7, Canada",Canada
NCT02229227,"GSK Investigational Site, Toronto, Ontario, M4G 3E8, Canada",Canada
NCT02229227,"GSK Investigational Site, Saint-Laurent, Quebec, H4T 1Z9, Canada",Canada
NCT02229227,"GSK Investigational Site, Corbeil-Essonnes, 91106, France",France
NCT02229227,"GSK Investigational Site, Nantes, 44093, France",France
NCT02229227,"GSK Investigational Site, Valenciennes, 59322, France",France
NCT02229227,"GSK Investigational Site, Vandœuvre-lès-Nancy, 54501, France",France
NCT02229227,"GSK Investigational Site, Vénissieux, 69200, France",France
NCT02229227,"GSK Investigational Site, Bad Mergentheim, Baden-Wurttemberg, 97980, Germany",Germany
NCT02229227,"GSK Investigational Site, Heidelberg, Baden-Wurttemberg, 69115, Germany",Germany
NCT02229227,"GSK Investigational Site, Wangen, Baden-Wurttemberg, 88239, Germany",Germany
NCT02229227,"GSK Investigational Site, Aschaffenburg, Bavaria, 63739, Germany",Germany
NCT02229227,"GSK Investigational Site, Sulzbach-Rosenberg, Bavaria, 92237, Germany",Germany
NCT02229227,"GSK Investigational Site, Aßlar, Hesse, 35614, Germany",Germany
NCT02229227,"GSK Investigational Site, Schwerin, Mecklenburg-Vorpommern, 19059, Germany",Germany
NCT02229227,"GSK Investigational Site, Essen, North Rhine-Westphalia, 45355, Germany",Germany
NCT02229227,"GSK Investigational Site, Ludwigshafen am Rhein, Rhineland-Palatinate, 67059, Germany",Germany
NCT02229227,"GSK Investigational Site, Rhaunen, Rhineland-Palatinate, 55624, Germany",Germany
NCT02229227,"GSK Investigational Site, Saarlouis, Saarland, 66740, Germany",Germany
NCT02229227,"GSK Investigational Site, Sankt Ingbert, Saarland, 66386, Germany",Germany
NCT02229227,"GSK Investigational Site, Dresden, Saxony, 01307, Germany",Germany
NCT02229227,"GSK Investigational Site, Pirna, Saxony, 01796, Germany",Germany
NCT02229227,"GSK Investigational Site, Berlin, 10115, Germany",Germany
NCT02229227,"GSK Investigational Site, Baja, 6500, Hungary",Hungary
NCT02229227,"GSK Investigational Site, Balatonfüred, 8230, Hungary",Hungary
NCT02229227,"GSK Investigational Site, Budaörs, 2040, Hungary",Hungary
NCT02229227,"GSK Investigational Site, Budapest, 1036, Hungary",Hungary
NCT02229227,"GSK Investigational Site, Budapest, 1158, Hungary",Hungary
NCT02229227,"GSK Investigational Site, Debrecen, 4031, Hungary",Hungary
NCT02229227,"GSK Investigational Site, Pécs, 7643, Hungary",Hungary
NCT02229227,"GSK Investigational Site, Zalaegerszeg, 8900, Hungary",Hungary
NCT02229227,"GSK Investigational Site, Naples, Campania, 80131, Italy",Italy
NCT02229227,"GSK Investigational Site, Bologna, Emilia-Romagna, 40138, Italy",Italy
NCT02229227,"GSK Investigational Site, Rome, Lazio, 00128, Italy",Italy
NCT02229227,"GSK Investigational Site, Milan, Lombardy, 20122, Italy",Italy
NCT02229227,"GSK Investigational Site, Milan, Lombardy, 20132, Italy",Italy
NCT02229227,"GSK Investigational Site, Pavia, Lombardy, 27100, Italy",Italy
NCT02229227,"GSK Investigational Site, Pachuca, Hidalgo, 42084, Mexico",Mexico
NCT02229227,"GSK Investigational Site, Guadalajara, Jalisco, 44570, Mexico",Mexico
NCT02229227,"GSK Investigational Site, Guadalajara, Jalisco, 44657, Mexico",Mexico
NCT02229227,"GSK Investigational Site, Guadalajara, Jalisco, 44670, Mexico",Mexico
NCT02229227,"GSK Investigational Site, Monterrey, Nuevo León, 64020, Mexico",Mexico
NCT02229227,"GSK Investigational Site, Monterrey, Nuevo León, 64460, Mexico",Mexico
NCT02229227,"GSK Investigational Site, Monterrey NL, Nuevo León, 64718, Mexico",Mexico
NCT02229227,"GSK Investigational Site, Mérida, Yucatán, 97070, Mexico",Mexico
NCT02229227,"GSK Investigational Site, Aguascalientes, 20129, Mexico",Mexico
NCT02229227,"GSK Investigational Site, Aguascalientes, 20230, Mexico",Mexico
NCT02229227,"GSK Investigational Site, Chihuahua City, 31217, Mexico",Mexico
NCT02229227,"GSK Investigational Site, Durango, 34000, Mexico",Mexico
NCT02229227,"GSK Investigational Site, Durango, 34080, Mexico",Mexico
NCT02229227,"GSK Investigational Site, Guadalajara, 44600, Mexico",Mexico
NCT02229227,"GSK Investigational Site, Mexico City, 03300, Mexico",Mexico
NCT02229227,"GSK Investigational Site, México, 07760, Mexico",Mexico
NCT02229227,"GSK Investigational Site, México, 14000, Mexico",Mexico
NCT02229227,"GSK Investigational Site, Veracruz, 91020, Mexico",Mexico
NCT02229227,"GSK Investigational Site, Davao City, 8000, Philippines",Philippines
NCT02229227,"GSK Investigational Site, Manila, 1000, Philippines",Philippines
NCT02229227,"GSK Investigational Site, Marikina City, 1810, Philippines",Philippines
NCT02229227,"GSK Investigational Site, Quezon City, 2000, Philippines",Philippines
NCT02229227,"GSK Investigational Site, Bialystok, 15-435, Poland",Poland
NCT02229227,"GSK Investigational Site, Kamieniec Ząbkowicki, 57-230, Poland",Poland
NCT02229227,"GSK Investigational Site, Lodz, 90-132, Poland",Poland
NCT02229227,"GSK Investigational Site, Oświęcim, 32-600, Poland",Poland
NCT02229227,"GSK Investigational Site, Puławy, 24-100, Poland",Poland
NCT02229227,"GSK Investigational Site, Radom, 26-610, Poland",Poland
NCT02229227,"GSK Investigational Site, Ruda Śląska, 41-709, Poland",Poland
NCT02229227,"GSK Investigational Site, Zamość, 22-400, Poland",Poland
NCT02229227,"GSK Investigational Site, Bloemfontein, Free State, 9301, South Africa",South Africa
NCT02229227,"GSK Investigational Site, Johannesburg, Gauteng, 1685, South Africa",South Africa
NCT02229227,"GSK Investigational Site, Johannesburg, Gauteng, 2013, South Africa",South Africa
NCT02229227,"GSK Investigational Site, Durban, KwaZulu-Natal, 4067, South Africa",South Africa
NCT02229227,"GSK Investigational Site, Johannesburg, 2193, South Africa",South Africa
NCT02229227,"GSK Investigational Site, Krugersdorp, 1724, South Africa",South Africa
NCT02229227,"GSK Investigational Site, Worcester, 6850, South Africa",South Africa
NCT02229227,"GSK Investigational Site, Gyeonggido, 420-717, South Korea",South Korea
NCT02229227,"GSK Investigational Site, Seoul, 135-710, South Korea",South Korea
NCT02229227,"GSK Investigational Site, A Coruña, 15006, Spain",Spain
NCT02229227,"GSK Investigational Site, Alcalá de Henares, 28805, Spain",Spain
NCT02229227,"GSK Investigational Site, Alzira/Valencia, 46600, Spain",Spain
NCT02229227,"GSK Investigational Site, Badalona, 08916, Spain",Spain
NCT02229227,"GSK Investigational Site, Barakaldo (Vizcaya), 48903, Spain",Spain
NCT02229227,"GSK Investigational Site, Barcelona, 08036, Spain",Spain
NCT02229227,"GSK Investigational Site, Barcelona, 8041, Spain",Spain
NCT02229227,"GSK Investigational Site, Ferrol. La Coruña, 15405, Spain",Spain
NCT02229227,"GSK Investigational Site, Granada, 18012, Spain",Spain
NCT02229227,"GSK Investigational Site, Granada, 18014, Spain",Spain
NCT02229227,"GSK Investigational Site, León, 24071, Spain",Spain
NCT02229227,"GSK Investigational Site, Lleida, 25198, Spain",Spain
NCT02229227,"GSK Investigational Site, Madrid, 28006, Spain",Spain
NCT02229227,"GSK Investigational Site, Madrid, 28046, Spain",Spain
NCT02229227,"GSK Investigational Site, Majadahonda, 28220, Spain",Spain
NCT02229227,"GSK Investigational Site, Málaga, 29010, Spain",Spain
NCT02229227,"GSK Investigational Site, Mérida, 6800, Spain",Spain
NCT02229227,"GSK Investigational Site, Palma de Mallorca, 07120, Spain",Spain
NCT02229227,"GSK Investigational Site, Palma de Mallorca, 07198, Spain",Spain
NCT02229227,"GSK Investigational Site, Pozuelo de Alarcón/Madrid, 28223, Spain",Spain
NCT02229227,"GSK Investigational Site, Santiago de Compostela, 15706, Spain",Spain
NCT02229227,"GSK Investigational Site, Valencia, 46014, Spain",Spain
NCT02229227,"GSK Investigational Site, Valencia, 46026, Spain",Spain
NCT02229227,"GSK Investigational Site, Welwyn Garden City, Hertfordshire, AL7 4HQ, United Kingdom",United Kingdom
NCT02229227,"GSK Investigational Site, Bath, Somerset, BA1 3NG, United Kingdom",United Kingdom
NCT02229227,"GSK Investigational Site, Hull, HU3 2JZ, United Kingdom",United Kingdom
NCT02229227,"GSK Investigational Site, Lancashire, BL9 7TD, United Kingdom",United Kingdom
NCT02229227,"GSK Investigational Site, Sidcup, DA14 6LT, United Kingdom",United Kingdom
NCT05863611,"Gulsah Turanoglu, Kirikkale, Merkez, 71000, Turkey (Türkiye)",Turkey (Türkiye)
NCT01792635,"Profil Institute for Clinical Research, Inc., Chula Vista, California, 91911, United States",United States
NCT06144788,"Severance Hospital, Seoul, Seodaemun-gu, 03722, South Korea",South Korea
NCT06936670,"Seattle Children's Hospital, Seattle, Washington, 98102, United States",United States
NCT06936670,"University of Washington Medicine Diabetes Institute, Seattle, Washington, 98109, United States",United States
NCT07336329,"Kangbuk Samsung Hospital, Seoul, South Korea, 03181, South Korea",South Korea
NCT07053319,"Texas Diabetes Institute/UH, San Antonio, Texas, 78229-3900, United States",United States
NCT05749029,"Salomons Institute for Applied Psychology, Canterbury Christ Church University, 1 Meadow Road, Royal Tunbridge Wells, Tunbridge Wells, TN1 2YG, United Kingdom",United Kingdom
NCT01669473,"Northwestern University, Chicago, Illinois, 60611, United States",United States
NCT01669473,"University of Illinois at Chicago, Chicago, Illinois, 60654, United States",United States
NCT05580536,"San Ysidro Health, El Cajon, California, 92020, United States",United States
NCT05580536,"Metro Caring, Denver, Colorado, 80218, United States",United States
NCT01435616,"For additional information regarding investigative sites for this trial, contact 1-877-CTLILLY (1-877-285-4559, 1-317-615-4559) Mon - Fri from 9 AM to 5 PM Eastern Time (UTC/GMT - 5 hours, EST), or speak with your personal physician., Anniston, Alabama, 36207, United States",United States
NCT01435616,"For additional information regarding investigative sites for this trial, contact 1-877-CTLILLY (1-877-285-4559, 1-317-615-4559) Mon - Fri from 9 AM to 5 PM Eastern Time (UTC/GMT - 5 hours, EST), or speak with your personal physician., Mobile, Alabama, 36608, United States",United States
NCT01435616,"For additional information regarding investigative sites for this trial, contact 1-877-CTLILLY (1-877-285-4559, 1-317-615-4559) Mon - Fri from 9 AM to 5 PM Eastern Time (UTC/GMT - 5 hours, EST), or speak with your personal physician., Chandler, Arizona, 85224, United States",United States
NCT01435616,"For additional information regarding investigative sites for this trial, contact 1-877-CTLILLY (1-877-285-4559, 1-317-615-4559) Mon - Fri from 9 AM to 5 PM Eastern Time (UTC/GMT - 5 hours, EST), or speak with your personal physician., Mesa, Arizona, 85206, United States",United States
NCT01435616,"For additional information regarding investigative sites for this trial, contact 1-877-CTLILLY (1-877-285-4559, 1-317-615-4559) Mon - Fri from 9 AM to 5 PM Eastern Time (UTC/GMT - 5 hours, EST), or speak with your personal physician., Tempe, Arizona, 85283, United States",United States
NCT01435616,"For additional information regarding investigative sites for this trial, contact 1-877-CTLILLY (1-877-285-4559, 1-317-615-4559) Mon - Fri from 9 AM to 5 PM Eastern Time (UTC/GMT - 5 hours, EST), or speak with your personal physician., Tucson, Arizona, 85704, United States",United States
NCT01435616,"For additional information regarding investigative sites for this trial, contact 1-877-CTLILLY (1-877-285-4559, 1-317-615-4559) Mon - Fri from 9 AM to 5 PM Eastern Time (UTC/GMT - 5 hours, EST), or speak with your personal physician., Concord, California, 94520, United States",United States
NCT01435616,"For additional information regarding investigative sites for this trial, contact 1-877-CTLILLY (1-877-285-4559, 1-317-615-4559) Mon - Fri from 9 AM to 5 PM Eastern Time (UTC/GMT - 5 hours, EST), or speak with your personal physician., Escondido, California, 92026, United States",United States
NCT01435616,"For additional information regarding investigative sites for this trial, contact 1-877-CTLILLY (1-877-285-4559, 1-317-615-4559) Mon - Fri from 9 AM to 5 PM Eastern Time (UTC/GMT - 5 hours, EST), or speak with your personal physician., Fresno, California, 93720, United States",United States
NCT01435616,"For additional information regarding investigative sites for this trial, contact 1-877-CTLILLY (1-877-285-4559, 1-317-615-4559) Mon - Fri from 9 AM to 5 PM Eastern Time (UTC/GMT - 5 hours, EST), or speak with your personal physician., Greenbrae, California, 94904, United States",United States
NCT01435616,"For additional information regarding investigative sites for this trial, contact 1-877-CTLILLY (1-877-285-4559, 1-317-615-4559) Mon - Fri from 9 AM to 5 PM Eastern Time (UTC/GMT - 5 hours, EST), or speak with your personal physician., Huntington Beach, California, 92648, United States",United States
NCT01435616,"For additional information regarding investigative sites for this trial, contact 1-877-CTLILLY (1-877-285-4559, 1-317-615-4559) Mon - Fri from 9 AM to 5 PM Eastern Time (UTC/GMT - 5 hours, EST), or speak with your personal physician., Lancaster, California, 93534, United States",United States
NCT01435616,"For additional information regarding investigative sites for this trial, contact 1-877-CTLILLY (1-877-285-4559, 1-317-615-4559) Mon - Fri from 9 AM to 5 PM Eastern Time (UTC/GMT - 5 hours, EST), or speak with your personal physician., Los Angeles, California, 90057, United States",United States
NCT01435616,"For additional information regarding investigative sites for this trial, contact 1-877-CTLILLY (1-877-285-4559, 1-317-615-4559) Mon - Fri from 9 AM to 5 PM Eastern Time (UTC/GMT - 5 hours, EST), or speak with your personal physician., Mission Viejo, California, 92691, United States",United States
NCT01435616,"For additional information regarding investigative sites for this trial, contact 1-877-CTLILLY (1-877-285-4559, 1-317-615-4559) Mon - Fri from 9 AM to 5 PM Eastern Time (UTC/GMT - 5 hours, EST), or speak with your personal physician., Northridge, California, 91324, United States",United States
NCT01435616,"For additional information regarding investigative sites for this trial, contact 1-877-CTLILLY (1-877-285-4559, 1-317-615-4559) Mon - Fri from 9 AM to 5 PM Eastern Time (UTC/GMT - 5 hours, EST), or speak with your personal physician., Palm Springs, California, 92262, United States",United States
NCT01435616,"For additional information regarding investigative sites for this trial, contact 1-877-CTLILLY (1-877-285-4559, 1-317-615-4559) Mon - Fri from 9 AM to 5 PM Eastern Time (UTC/GMT - 5 hours, EST), or speak with your personal physician., San Mateo, California, 94401, United States",United States
NCT01435616,"For additional information regarding investigative sites for this trial, contact 1-877-CTLILLY (1-877-285-4559, 1-317-615-4559) Mon - Fri from 9 AM to 5 PM Eastern Time (UTC/GMT - 5 hours, EST), or speak with your personal physician., Tustin, California, 92780, United States",United States
NCT01435616,"For additional information regarding investigative sites for this trial, contact 1-877-CTLILLY (1-877-285-4559, 1-317-615-4559) Mon - Fri from 9 AM to 5 PM Eastern Time (UTC/GMT - 5 hours, EST), or speak with your personal physician., Denver, Colorado, 80246, United States",United States
NCT01435616,"For additional information regarding investigative sites for this trial, contact 1-877-CTLILLY (1-877-285-4559, 1-317-615-4559) Mon - Fri from 9 AM to 5 PM Eastern Time (UTC/GMT - 5 hours, EST), or speak with your personal physician., Daytona Beach, Florida, 32117, United States",United States
NCT01435616,"For additional information regarding investigative sites for this trial, contact 1-877-CTLILLY (1-877-285-4559, 1-317-615-4559) Mon - Fri from 9 AM to 5 PM Eastern Time (UTC/GMT - 5 hours, EST), or speak with your personal physician., Jacksonville, Florida, 32258, United States",United States
NCT01435616,"For additional information regarding investigative sites for this trial, contact 1-877-CTLILLY (1-877-285-4559, 1-317-615-4559) Mon - Fri from 9 AM to 5 PM Eastern Time (UTC/GMT - 5 hours, EST), or speak with your personal physician., Tampa, Florida, 33619, United States",United States
NCT01435616,"For additional information regarding investigative sites for this trial, contact 1-877-CTLILLY (1-877-285-4559, 1-317-615-4559) Mon - Fri from 9 AM to 5 PM Eastern Time (UTC/GMT - 5 hours, EST), or speak with your personal physician., Winter Haven, Florida, 33880, United States",United States
NCT01435616,"For additional information regarding investigative sites for this trial, contact 1-877-CTLILLY (1-877-285-4559, 1-317-615-4559) Mon - Fri from 9 AM to 5 PM Eastern Time (UTC/GMT - 5 hours, EST), or speak with your personal physician., Athens, Georgia, 30606, United States",United States
NCT01435616,"For additional information regarding investigative sites for this trial, contact 1-877-CTLILLY (1-877-285-4559, 1-317-615-4559) Mon - Fri from 9 AM to 5 PM Eastern Time (UTC/GMT - 5 hours, EST), or speak with your personal physician., Atlanta, Georgia, 30338, United States",United States
NCT01435616,"For additional information regarding investigative sites for this trial, contact 1-877-CTLILLY (1-877-285-4559, 1-317-615-4559) Mon - Fri from 9 AM to 5 PM Eastern Time (UTC/GMT - 5 hours, EST), or speak with your personal physician., Decatur, Georgia, 30033, United States",United States
NCT01435616,"For additional information regarding investigative sites for this trial, contact 1-877-CTLILLY (1-877-285-4559, 1-317-615-4559) Mon - Fri from 9 AM to 5 PM Eastern Time (UTC/GMT - 5 hours, EST), or speak with your personal physician., Honolulu, Hawaii, 96814, United States",United States
NCT01435616,"For additional information regarding investigative sites for this trial, contact 1-877-CTLILLY (1-877-285-4559, 1-317-615-4559) Mon - Fri from 9 AM to 5 PM Eastern Time (UTC/GMT - 5 hours, EST), or speak with your personal physician., Idaho Falls, Idaho, 83404, United States",United States
NCT01435616,"For additional information regarding investigative sites for this trial, contact 1-877-CTLILLY (1-877-285-4559, 1-317-615-4559) Mon - Fri from 9 AM to 5 PM Eastern Time (UTC/GMT - 5 hours, EST), or speak with your personal physician., Meridian, Idaho, 83646, United States",United States
NCT01435616,"For additional information regarding investigative sites for this trial, contact 1-877-CTLILLY (1-877-285-4559, 1-317-615-4559) Mon - Fri from 9 AM to 5 PM Eastern Time (UTC/GMT - 5 hours, EST), or speak with your personal physician., Chicago, Illinois, 60607, United States",United States
NCT01435616,"For additional information regarding investigative sites for this trial, contact 1-877-CTLILLY (1-877-285-4559, 1-317-615-4559) Mon - Fri from 9 AM to 5 PM Eastern Time (UTC/GMT - 5 hours, EST), or speak with your personal physician., Springfield, Illinois, 62704, United States",United States
NCT01435616,"For additional information regarding investigative sites for this trial, contact 1-877-CTLILLY (1-877-285-4559, 1-317-615-4559) Mon - Fri from 9 AM to 5 PM Eastern Time (UTC/GMT - 5 hours, EST), or speak with your personal physician., West Des Moines, Iowa, 50266, United States",United States
NCT01435616,"For additional information regarding investigative sites for this trial, contact 1-877-CTLILLY (1-877-285-4559, 1-317-615-4559) Mon - Fri from 9 AM to 5 PM Eastern Time (UTC/GMT - 5 hours, EST), or speak with your personal physician., Topeka, Kansas, 66606, United States",United States
NCT01435616,"For additional information regarding investigative sites for this trial, contact 1-877-CTLILLY (1-877-285-4559, 1-317-615-4559) Mon - Fri from 9 AM to 5 PM Eastern Time (UTC/GMT - 5 hours, EST), or speak with your personal physician., Shreveport, Louisiana, 71103, United States",United States
NCT01435616,"For additional information regarding investigative sites for this trial, contact 1-877-CTLILLY (1-877-285-4559, 1-317-615-4559) Mon - Fri from 9 AM to 5 PM Eastern Time (UTC/GMT - 5 hours, EST), or speak with your personal physician., Bangor, Maine, 04401, United States",United States
NCT01435616,"For additional information regarding investigative sites for this trial, contact 1-877-CTLILLY (1-877-285-4559, 1-317-615-4559) Mon - Fri from 9 AM to 5 PM Eastern Time (UTC/GMT - 5 hours, EST), or speak with your personal physician., Haverhill, Massachusetts, 01830, United States",United States
NCT01435616,"For additional information regarding investigative sites for this trial, contact 1-877-CTLILLY (1-877-285-4559, 1-317-615-4559) Mon - Fri from 9 AM to 5 PM Eastern Time (UTC/GMT - 5 hours, EST), or speak with your personal physician., St Louis, Missouri, 63141, United States",United States
NCT01435616,"For additional information regarding investigative sites for this trial, contact 1-877-CTLILLY (1-877-285-4559, 1-317-615-4559) Mon - Fri from 9 AM to 5 PM Eastern Time (UTC/GMT - 5 hours, EST), or speak with your personal physician., Billings, Montana, 59102, United States",United States
NCT01435616,"For additional information regarding investigative sites for this trial, contact 1-877-CTLILLY (1-877-285-4559, 1-317-615-4559) Mon - Fri from 9 AM to 5 PM Eastern Time (UTC/GMT - 5 hours, EST), or speak with your personal physician., Nashua, New Hampshire, 03063, United States",United States
NCT01435616,"For additional information regarding investigative sites for this trial, contact 1-877-CTLILLY (1-877-285-4559, 1-317-615-4559) Mon - Fri from 9 AM to 5 PM Eastern Time (UTC/GMT - 5 hours, EST), or speak with your personal physician., Toms River, New Jersey, 08753, United States",United States
NCT01435616,"For additional information regarding investigative sites for this trial, contact 1-877-CTLILLY (1-877-285-4559, 1-317-615-4559) Mon - Fri from 9 AM to 5 PM Eastern Time (UTC/GMT - 5 hours, EST), or speak with your personal physician., Cincinnati, Ohio, 45236, United States",United States
NCT01435616,"For additional information regarding investigative sites for this trial, contact 1-877-CTLILLY (1-877-285-4559, 1-317-615-4559) Mon - Fri from 9 AM to 5 PM Eastern Time (UTC/GMT - 5 hours, EST), or speak with your personal physician., Gallipolis, Ohio, 45631, United States",United States
NCT01435616,"For additional information regarding investigative sites for this trial, contact 1-877-CTLILLY (1-877-285-4559, 1-317-615-4559) Mon - Fri from 9 AM to 5 PM Eastern Time (UTC/GMT - 5 hours, EST), or speak with your personal physician., Perrysburg, Ohio, 43551, United States",United States
NCT01435616,"For additional information regarding investigative sites for this trial, contact 1-877-CTLILLY (1-877-285-4559, 1-317-615-4559) Mon - Fri from 9 AM to 5 PM Eastern Time (UTC/GMT - 5 hours, EST), or speak with your personal physician., Corvallis, Oregon, 97330, United States",United States
NCT01435616,"For additional information regarding investigative sites for this trial, contact 1-877-CTLILLY (1-877-285-4559, 1-317-615-4559) Mon - Fri from 9 AM to 5 PM Eastern Time (UTC/GMT - 5 hours, EST), or speak with your personal physician., Springfield, Oregon, 97477, United States",United States
NCT01435616,"For additional information regarding investigative sites for this trial, contact 1-877-CTLILLY (1-877-285-4559, 1-317-615-4559) Mon - Fri from 9 AM to 5 PM Eastern Time (UTC/GMT - 5 hours, EST), or speak with your personal physician., Beaver, Pennsylvania, 15009, United States",United States
NCT01435616,"For additional information regarding investigative sites for this trial, contact 1-877-CTLILLY (1-877-285-4559, 1-317-615-4559) Mon - Fri from 9 AM to 5 PM Eastern Time (UTC/GMT - 5 hours, EST), or speak with your personal physician., Downingtown, Pennsylvania, 19335, United States",United States
NCT01435616,"For additional information regarding investigative sites for this trial, contact 1-877-CTLILLY (1-877-285-4559, 1-317-615-4559) Mon - Fri from 9 AM to 5 PM Eastern Time (UTC/GMT - 5 hours, EST), or speak with your personal physician., Lansdale, Pennsylvania, 19446, United States",United States
NCT01435616,"For additional information regarding investigative sites for this trial, contact 1-877-CTLILLY (1-877-285-4559, 1-317-615-4559) Mon - Fri from 9 AM to 5 PM Eastern Time (UTC/GMT - 5 hours, EST), or speak with your personal physician., Levittown, Pennsylvania, 19056, United States",United States
NCT01435616,"For additional information regarding investigative sites for this trial, contact 1-877-CTLILLY (1-877-285-4559, 1-317-615-4559) Mon - Fri from 9 AM to 5 PM Eastern Time (UTC/GMT - 5 hours, EST), or speak with your personal physician., Philadelphia, Pennsylvania, 19107, United States",United States
NCT01435616,"For additional information regarding investigative sites for this trial, contact 1-877-CTLILLY (1-877-285-4559, 1-317-615-4559) Mon - Fri from 9 AM to 5 PM Eastern Time (UTC/GMT - 5 hours, EST), or speak with your personal physician., Pottstown, Pennsylvania, 19464, United States",United States
NCT01435616,"For additional information regarding investigative sites for this trial, contact 1-877-CTLILLY (1-877-285-4559, 1-317-615-4559) Mon - Fri from 9 AM to 5 PM Eastern Time (UTC/GMT - 5 hours, EST), or speak with your personal physician., Greer, South Carolina, 29651, United States",United States
NCT01435616,"For additional information regarding investigative sites for this trial, contact 1-877-CTLILLY (1-877-285-4559, 1-317-615-4559) Mon - Fri from 9 AM to 5 PM Eastern Time (UTC/GMT - 5 hours, EST), or speak with your personal physician., Myrtle Beach, South Carolina, 29572, United States",United States
NCT01435616,"For additional information regarding investigative sites for this trial, contact 1-877-CTLILLY (1-877-285-4559, 1-317-615-4559) Mon - Fri from 9 AM to 5 PM Eastern Time (UTC/GMT - 5 hours, EST), or speak with your personal physician., Bristol, Tennessee, 37620, United States",United States
NCT01435616,"For additional information regarding investigative sites for this trial, contact 1-877-CTLILLY (1-877-285-4559, 1-317-615-4559) Mon - Fri from 9 AM to 5 PM Eastern Time (UTC/GMT - 5 hours, EST), or speak with your personal physician., Knoxville, Tennessee, 37912, United States",United States
NCT01435616,"For additional information regarding investigative sites for this trial, contact 1-877-CTLILLY (1-877-285-4559, 1-317-615-4559) Mon - Fri from 9 AM to 5 PM Eastern Time (UTC/GMT - 5 hours, EST), or speak with your personal physician., Memphis, Tennessee, 38119, United States",United States
NCT01435616,"For additional information regarding investigative sites for this trial, contact 1-877-CTLILLY (1-877-285-4559, 1-317-615-4559) Mon - Fri from 9 AM to 5 PM Eastern Time (UTC/GMT - 5 hours, EST), or speak with your personal physician., Spring Hill, Tennessee, 37174, United States",United States
NCT01435616,"For additional information regarding investigative sites for this trial, contact 1-877-CTLILLY (1-877-285-4559, 1-317-615-4559) Mon - Fri from 9 AM to 5 PM Eastern Time (UTC/GMT - 5 hours, EST), or speak with your personal physician., Austin, Texas, 78758, United States",United States
NCT01435616,"For additional information regarding investigative sites for this trial, contact 1-877-CTLILLY (1-877-285-4559, 1-317-615-4559) Mon - Fri from 9 AM to 5 PM Eastern Time (UTC/GMT - 5 hours, EST), or speak with your personal physician., Marshall, Texas, 75670, United States",United States
NCT01435616,"For additional information regarding investigative sites for this trial, contact 1-877-CTLILLY (1-877-285-4559, 1-317-615-4559) Mon - Fri from 9 AM to 5 PM Eastern Time (UTC/GMT - 5 hours, EST), or speak with your personal physician., Sugar Land, Texas, 77478, United States",United States
NCT01435616,"For additional information regarding investigative sites for this trial, contact 1-877-CTLILLY (1-877-285-4559, 1-317-615-4559) Mon - Fri from 9 AM to 5 PM Eastern Time (UTC/GMT - 5 hours, EST), or speak with your personal physician., Bountiful, Utah, 84010, United States",United States
NCT01435616,"For additional information regarding investigative sites for this trial, contact 1-877-CTLILLY (1-877-285-4559, 1-317-615-4559) Mon - Fri from 9 AM to 5 PM Eastern Time (UTC/GMT - 5 hours, EST), or speak with your personal physician., Clinton, Utah, 84015, United States",United States
NCT01435616,"For additional information regarding investigative sites for this trial, contact 1-877-CTLILLY (1-877-285-4559, 1-317-615-4559) Mon - Fri from 9 AM to 5 PM Eastern Time (UTC/GMT - 5 hours, EST), or speak with your personal physician., Ogden, Utah, 84403, United States",United States
NCT01435616,"For additional information regarding investigative sites for this trial, contact 1-877-CTLILLY (1-877-285-4559, 1-317-615-4559) Mon - Fri from 9 AM to 5 PM Eastern Time (UTC/GMT - 5 hours, EST), or speak with your personal physician., Olympia, Washington, 98502, United States",United States
NCT01435616,"For additional information regarding investigative sites for this trial, contact 1-877-CTLILLY (1-877-285-4559, 1-317-615-4559) Mon - Fri from 9 AM to 5 PM Eastern Time (UTC/GMT - 5 hours, EST), or speak with your personal physician., Port Orchard, Washington, 98366, United States",United States
NCT01435616,"For additional information regarding investigative sites for this trial, contact 1-877-CTLILLY (1-877-285-4559, 1-317-615-4559) Mon - Fri from 9 AM to 5 PM Eastern Time (UTC/GMT - 5 hours, EST), or speak with your personal physician., Spokane, Washington, 99220, United States",United States
NCT01435616,"For additional information regarding investigative sites for this trial, contact 1-877-CTLILLY (1-877-285-4559, 1-317-615-4559) Mon - Fri from 9 AM to 5 PM Eastern Time (UTC/GMT - 5 hours, EST), or speak with your personal physician., Buenos Aires, C1188AAF, Argentina",Argentina
NCT01435616,"For additional information regarding investigative sites for this trial, contact 1-877-CTLILLY (1-877-285-4559, 1-317-615-4559) Mon - Fri from 9 AM to 5 PM Eastern Time (UTC/GMT - 5 hours, EST), or speak with your personal physician., Caba, 2000, Argentina",Argentina
NCT01435616,"For additional information regarding investigative sites for this trial, contact 1-877-CTLILLY (1-877-285-4559, 1-317-615-4559) Mon - Fri from 9 AM to 5 PM Eastern Time (UTC/GMT - 5 hours, EST), or speak with your personal physician., Córdoba, X5000BNB, Argentina",Argentina
NCT01435616,"For additional information regarding investigative sites for this trial, contact 1-877-CTLILLY (1-877-285-4559, 1-317-615-4559) Mon - Fri from 9 AM to 5 PM Eastern Time (UTC/GMT - 5 hours, EST), or speak with your personal physician., Mar del Plata, B7600GNY, Argentina",Argentina
NCT01435616,"For additional information regarding investigative sites for this trial, contact 1-877-CTLILLY (1-877-285-4559, 1-317-615-4559) Mon - Fri from 9 AM to 5 PM Eastern Time (UTC/GMT - 5 hours, EST), or speak with your personal physician., Merewether, New South Wales, 2291, Australia",Australia
NCT01435616,"For additional information regarding investigative sites for this trial, contact 1-877-CTLILLY (1-877-285-4559, 1-317-615-4559) Mon - Fri from 9 AM to 5 PM Eastern Time (UTC/GMT - 5 hours, EST), or speak with your personal physician., Keswick, South Australia, 5035, Australia",Australia
NCT01435616,"For additional information regarding investigative sites for this trial, contact 1-877-CTLILLY (1-877-285-4559, 1-317-615-4559) Mon - Fri from 9 AM to 5 PM Eastern Time (UTC/GMT - 5 hours, EST), or speak with your personal physician., Box Hill, Victoria, 3128, Australia",Australia
NCT01435616,"For additional information regarding investigative sites for this trial, contact 1-877-CTLILLY (1-877-285-4559, 1-317-615-4559) Mon - Fri from 9 AM to 5 PM Eastern Time (UTC/GMT - 5 hours, EST), or speak with your personal physician., Fremantle, Western Australia, 6160, Australia",Australia
NCT01435616,"For additional information regarding investigative sites for this trial, contact 1-877-CTLILLY (1-877-285-4559, 1-317-615-4559) Mon - Fri from 9 AM to 5 PM Eastern Time (UTC/GMT - 5 hours, EST), or speak with your personal physician., Marília, 17519-000, Brazil",Brazil
NCT01435616,"For additional information regarding investigative sites for this trial, contact 1-877-CTLILLY (1-877-285-4559, 1-317-615-4559) Mon - Fri from 9 AM to 5 PM Eastern Time (UTC/GMT - 5 hours, EST), or speak with your personal physician., Rio de Janeiro, 22271-100, Brazil",Brazil
NCT01435616,"For additional information regarding investigative sites for this trial, contact 1-877-CTLILLY (1-877-285-4559, 1-317-615-4559) Mon - Fri from 9 AM to 5 PM Eastern Time (UTC/GMT - 5 hours, EST), or speak with your personal physician., São Paulo, 04266-010, Brazil",Brazil
NCT01435616,"For additional information regarding investigative sites for this trial, contact 1-877-CTLILLY (1-877-285-4559, 1-317-615-4559) Mon - Fri from 9 AM to 5 PM Eastern Time (UTC/GMT - 5 hours, EST), or speak with your personal physician., Setor Oeste/Goiania, 74100-120, Brazil",Brazil
NCT01435616,"For additional information regarding investigative sites for this trial, contact 1-877-CTLILLY (1-877-285-4559, 1-317-615-4559) Mon - Fri from 9 AM to 5 PM Eastern Time (UTC/GMT - 5 hours, EST), or speak with your personal physician., Edmonton, Alberta, T5J 3N4, Canada",Canada
NCT01435616,"For additional information regarding investigative sites for this trial, contact 1-877-CTLILLY (1-877-285-4559, 1-317-615-4559) Mon - Fri from 9 AM to 5 PM Eastern Time (UTC/GMT - 5 hours, EST), or speak with your personal physician., Kelowna, British Columbia, V1Y 1Z9, Canada",Canada
NCT01435616,"For additional information regarding investigative sites for this trial, contact 1-877-CTLILLY (1-877-285-4559, 1-317-615-4559) Mon - Fri from 9 AM to 5 PM Eastern Time (UTC/GMT - 5 hours, EST), or speak with your personal physician., Victoria, British Columbia, V8V 3N7, Canada",Canada
NCT01435616,"For additional information regarding investigative sites for this trial, contact 1-877-CTLILLY (1-877-285-4559, 1-317-615-4559) Mon - Fri from 9 AM to 5 PM Eastern Time (UTC/GMT - 5 hours, EST), or speak with your personal physician., Winnipeg, Manitoba, R3P 3P4, Canada",Canada
NCT01435616,"For additional information regarding investigative sites for this trial, contact 1-877-CTLILLY (1-877-285-4559, 1-317-615-4559) Mon - Fri from 9 AM to 5 PM Eastern Time (UTC/GMT - 5 hours, EST), or speak with your personal physician., Etobicoke, Ontario, M9R 4E1, Canada",Canada
NCT01435616,"For additional information regarding investigative sites for this trial, contact 1-877-CTLILLY (1-877-285-4559, 1-317-615-4559) Mon - Fri from 9 AM to 5 PM Eastern Time (UTC/GMT - 5 hours, EST), or speak with your personal physician., Markham, Ontario, L6B 0P9, Canada",Canada
NCT01435616,"For additional information regarding investigative sites for this trial, contact 1-877-CTLILLY (1-877-285-4559, 1-317-615-4559) Mon - Fri from 9 AM to 5 PM Eastern Time (UTC/GMT - 5 hours, EST), or speak with your personal physician., Toronto, Ontario, M9W 4L6, Canada",Canada
NCT01435616,"For additional information regarding investigative sites for this trial, contact 1-877-CTLILLY (1-877-285-4559, 1-317-615-4559) Mon - Fri from 9 AM to 5 PM Eastern Time (UTC/GMT - 5 hours, EST), or speak with your personal physician., Laval, Quebec, H7T 2P5, Canada",Canada
NCT01435616,"For additional information regarding investigative sites for this trial, contact 1-877-CTLILLY (1-877-285-4559, 1-317-615-4559) Mon - Fri from 9 AM to 5 PM Eastern Time (UTC/GMT - 5 hours, EST), or speak with your personal physician., Pointe-Claire, Quebec, H9R 4S3, Canada",Canada
NCT01435616,"For additional information regarding investigative sites for this trial, contact 1-877-CTLILLY (1-877-285-4559, 1-317-615-4559) Mon - Fri from 9 AM to 5 PM Eastern Time (UTC/GMT - 5 hours, EST), or speak with your personal physician., Sherbrooke, Quebec, J1G 5K2, Canada",Canada
NCT01435616,"For additional information regarding investigative sites for this trial, contact 1-877-CTLILLY (1-877-285-4559, 1-317-615-4559) Mon - Fri from 9 AM to 5 PM Eastern Time (UTC/GMT - 5 hours, EST), or speak with your personal physician., Oulu, 90100, Finland",Finland
NCT01435616,"For additional information regarding investigative sites for this trial, contact 1-877-CTLILLY (1-877-285-4559, 1-317-615-4559) Mon - Fri from 9 AM to 5 PM Eastern Time (UTC/GMT - 5 hours, EST), or speak with your personal physician., Seinäjoki, 60220, Finland",Finland
NCT01435616,"For additional information regarding investigative sites for this trial, contact 1-877-CTLILLY (1-877-285-4559, 1-317-615-4559) Mon - Fri from 9 AM to 5 PM Eastern Time (UTC/GMT - 5 hours, EST), or speak with your personal physician., Dippoldiswalde, 01744, Germany",Germany
NCT01435616,"For additional information regarding investigative sites for this trial, contact 1-877-CTLILLY (1-877-285-4559, 1-317-615-4559) Mon - Fri from 9 AM to 5 PM Eastern Time (UTC/GMT - 5 hours, EST), or speak with your personal physician., Dresden, 01307, Germany",Germany
NCT01435616,"For additional information regarding investigative sites for this trial, contact 1-877-CTLILLY (1-877-285-4559, 1-317-615-4559) Mon - Fri from 9 AM to 5 PM Eastern Time (UTC/GMT - 5 hours, EST), or speak with your personal physician., Friedrichsthal, 66299, Germany",Germany
NCT01435616,"For additional information regarding investigative sites for this trial, contact 1-877-CTLILLY (1-877-285-4559, 1-317-615-4559) Mon - Fri from 9 AM to 5 PM Eastern Time (UTC/GMT - 5 hours, EST), or speak with your personal physician., Furth im Wald, 93437, Germany",Germany
NCT01435616,"For additional information regarding investigative sites for this trial, contact 1-877-CTLILLY (1-877-285-4559, 1-317-615-4559) Mon - Fri from 9 AM to 5 PM Eastern Time (UTC/GMT - 5 hours, EST), or speak with your personal physician., Goch, 47574, Germany",Germany
NCT01435616,"For additional information regarding investigative sites for this trial, contact 1-877-CTLILLY (1-877-285-4559, 1-317-615-4559) Mon - Fri from 9 AM to 5 PM Eastern Time (UTC/GMT - 5 hours, EST), or speak with your personal physician., Hamburg, D-22587, Germany",Germany
NCT01435616,"For additional information regarding investigative sites for this trial, contact 1-877-CTLILLY (1-877-285-4559, 1-317-615-4559) Mon - Fri from 9 AM to 5 PM Eastern Time (UTC/GMT - 5 hours, EST), or speak with your personal physician., Ludwigshafen, 67059, Germany",Germany
NCT01435616,"For additional information regarding investigative sites for this trial, contact 1-877-CTLILLY (1-877-285-4559, 1-317-615-4559) Mon - Fri from 9 AM to 5 PM Eastern Time (UTC/GMT - 5 hours, EST), or speak with your personal physician., Münster, 48143, Germany",Germany
NCT01435616,"For additional information regarding investigative sites for this trial, contact 1-877-CTLILLY (1-877-285-4559, 1-317-615-4559) Mon - Fri from 9 AM to 5 PM Eastern Time (UTC/GMT - 5 hours, EST), or speak with your personal physician., Saarbrücken, 66121, Germany",Germany
NCT01435616,"For additional information regarding investigative sites for this trial, contact 1-877-CTLILLY (1-877-285-4559, 1-317-615-4559) Mon - Fri from 9 AM to 5 PM Eastern Time (UTC/GMT - 5 hours, EST), or speak with your personal physician., Schweinfurt, 97421, Germany",Germany
NCT01435616,"For additional information regarding investigative sites for this trial, contact 1-877-CTLILLY (1-877-285-4559, 1-317-615-4559) Mon - Fri from 9 AM to 5 PM Eastern Time (UTC/GMT - 5 hours, EST), or speak with your personal physician., Sulzbach, 92237, Germany",Germany
NCT01435616,"For additional information regarding investigative sites for this trial, contact 1-877-CTLILLY (1-877-285-4559, 1-317-615-4559) Mon - Fri from 9 AM to 5 PM Eastern Time (UTC/GMT - 5 hours, EST), or speak with your personal physician., Ampelokipoi, 11527, Greece",Greece
NCT01435616,"For additional information regarding investigative sites for this trial, contact 1-877-CTLILLY (1-877-285-4559, 1-317-615-4559) Mon - Fri from 9 AM to 5 PM Eastern Time (UTC/GMT - 5 hours, EST), or speak with your personal physician., Athens, 11527, Greece",Greece
NCT01435616,"For additional information regarding investigative sites for this trial, contact 1-877-CTLILLY (1-877-285-4559, 1-317-615-4559) Mon - Fri from 9 AM to 5 PM Eastern Time (UTC/GMT - 5 hours, EST), or speak with your personal physician., Thessaloniki, 56429, Greece",Greece
NCT01435616,"For additional information regarding investigative sites for this trial, contact 1-877-CTLILLY (1-877-285-4559, 1-317-615-4559) Mon - Fri from 9 AM to 5 PM Eastern Time (UTC/GMT - 5 hours, EST), or speak with your personal physician., Budapest, H-1139, Hungary",Hungary
NCT01435616,"For additional information regarding investigative sites for this trial, contact 1-877-CTLILLY (1-877-285-4559, 1-317-615-4559) Mon - Fri from 9 AM to 5 PM Eastern Time (UTC/GMT - 5 hours, EST), or speak with your personal physician., Debrecen, 4032, Hungary",Hungary
NCT01435616,"For additional information regarding investigative sites for this trial, contact 1-877-CTLILLY (1-877-285-4559, 1-317-615-4559) Mon - Fri from 9 AM to 5 PM Eastern Time (UTC/GMT - 5 hours, EST), or speak with your personal physician., Makó, 6900, Hungary",Hungary
NCT01435616,"For additional information regarding investigative sites for this trial, contact 1-877-CTLILLY (1-877-285-4559, 1-317-615-4559) Mon - Fri from 9 AM to 5 PM Eastern Time (UTC/GMT - 5 hours, EST), or speak with your personal physician., Salgótarján, 3100, Hungary",Hungary
NCT01435616,"For additional information regarding investigative sites for this trial, contact 1-877-CTLILLY (1-877-285-4559, 1-317-615-4559) Mon - Fri from 9 AM to 5 PM Eastern Time (UTC/GMT - 5 hours, EST), or speak with your personal physician., Sopron, 9400, Hungary",Hungary
NCT01435616,"For additional information regarding investigative sites for this trial, contact 1-877-CTLILLY (1-877-285-4559, 1-317-615-4559) Mon - Fri from 9 AM to 5 PM Eastern Time (UTC/GMT - 5 hours, EST), or speak with your personal physician., Beersheba, 84350, Israel",Israel
NCT01435616,"For additional information regarding investigative sites for this trial, contact 1-877-CTLILLY (1-877-285-4559, 1-317-615-4559) Mon - Fri from 9 AM to 5 PM Eastern Time (UTC/GMT - 5 hours, EST), or speak with your personal physician., Haifa, 35251, Israel",Israel
NCT01435616,"For additional information regarding investigative sites for this trial, contact 1-877-CTLILLY (1-877-285-4559, 1-317-615-4559) Mon - Fri from 9 AM to 5 PM Eastern Time (UTC/GMT - 5 hours, EST), or speak with your personal physician., Raanana, 43452, Israel",Israel
NCT01435616,"For additional information regarding investigative sites for this trial, contact 1-877-CTLILLY (1-877-285-4559, 1-317-615-4559) Mon - Fri from 9 AM to 5 PM Eastern Time (UTC/GMT - 5 hours, EST), or speak with your personal physician., Carpi, 41012, Italy",Italy
NCT01435616,"For additional information regarding investigative sites for this trial, contact 1-877-CTLILLY (1-877-285-4559, 1-317-615-4559) Mon - Fri from 9 AM to 5 PM Eastern Time (UTC/GMT - 5 hours, EST), or speak with your personal physician., Castellanza, 21053, Italy",Italy
NCT01435616,"For additional information regarding investigative sites for this trial, contact 1-877-CTLILLY (1-877-285-4559, 1-317-615-4559) Mon - Fri from 9 AM to 5 PM Eastern Time (UTC/GMT - 5 hours, EST), or speak with your personal physician., Foggia, 71100, Italy",Italy
NCT01435616,"For additional information regarding investigative sites for this trial, contact 1-877-CTLILLY (1-877-285-4559, 1-317-615-4559) Mon - Fri from 9 AM to 5 PM Eastern Time (UTC/GMT - 5 hours, EST), or speak with your personal physician., Forlì, 47100, Italy",Italy
NCT01435616,"For additional information regarding investigative sites for this trial, contact 1-877-CTLILLY (1-877-285-4559, 1-317-615-4559) Mon - Fri from 9 AM to 5 PM Eastern Time (UTC/GMT - 5 hours, EST), or speak with your personal physician., Rome, 00133, Italy",Italy
NCT01435616,"For additional information regarding investigative sites for this trial, contact 1-877-CTLILLY (1-877-285-4559, 1-317-615-4559) Mon - Fri from 9 AM to 5 PM Eastern Time (UTC/GMT - 5 hours, EST), or speak with your personal physician., Sesto San Giovanni, 20099, Italy",Italy
NCT01435616,"For additional information regarding investigative sites for this trial, contact 1-877-CTLILLY (1-877-285-4559, 1-317-615-4559) Mon - Fri from 9 AM to 5 PM Eastern Time (UTC/GMT - 5 hours, EST), or speak with your personal physician., Utena, 28151, Lithuania",Lithuania
NCT01435616,"For additional information regarding investigative sites for this trial, contact 1-877-CTLILLY (1-877-285-4559, 1-317-615-4559) Mon - Fri from 9 AM to 5 PM Eastern Time (UTC/GMT - 5 hours, EST), or speak with your personal physician., Vilnius, LT-08661, Lithuania",Lithuania
NCT01435616,"For additional information regarding investigative sites for this trial, contact 1-877-CTLILLY (1-877-285-4559, 1-317-615-4559) Mon - Fri from 9 AM to 5 PM Eastern Time (UTC/GMT - 5 hours, EST), or speak with your personal physician., Coatzacoalcos, 96400, Mexico",Mexico
NCT01435616,"For additional information regarding investigative sites for this trial, contact 1-877-CTLILLY (1-877-285-4559, 1-317-615-4559) Mon - Fri from 9 AM to 5 PM Eastern Time (UTC/GMT - 5 hours, EST), or speak with your personal physician., Mexico City, 11550, Mexico",Mexico
NCT01435616,"For additional information regarding investigative sites for this trial, contact 1-877-CTLILLY (1-877-285-4559, 1-317-615-4559) Mon - Fri from 9 AM to 5 PM Eastern Time (UTC/GMT - 5 hours, EST), or speak with your personal physician., Monterrey, 64620, Mexico",Mexico
NCT01435616,"For additional information regarding investigative sites for this trial, contact 1-877-CTLILLY (1-877-285-4559, 1-317-615-4559) Mon - Fri from 9 AM to 5 PM Eastern Time (UTC/GMT - 5 hours, EST), or speak with your personal physician., Auckland, 1640, New Zealand",New Zealand
NCT01435616,"For additional information regarding investigative sites for this trial, contact 1-877-CTLILLY (1-877-285-4559, 1-317-615-4559) Mon - Fri from 9 AM to 5 PM Eastern Time (UTC/GMT - 5 hours, EST), or speak with your personal physician., Kamieniec Ząbkowicki, 57-230, Poland",Poland
NCT01435616,"For additional information regarding investigative sites for this trial, contact 1-877-CTLILLY (1-877-285-4559, 1-317-615-4559) Mon - Fri from 9 AM to 5 PM Eastern Time (UTC/GMT - 5 hours, EST), or speak with your personal physician., Katowice, 40-772, Poland",Poland
NCT01435616,"For additional information regarding investigative sites for this trial, contact 1-877-CTLILLY (1-877-285-4559, 1-317-615-4559) Mon - Fri from 9 AM to 5 PM Eastern Time (UTC/GMT - 5 hours, EST), or speak with your personal physician., Krakow, 31-455, Poland",Poland
NCT01435616,"For additional information regarding investigative sites for this trial, contact 1-877-CTLILLY (1-877-285-4559, 1-317-615-4559) Mon - Fri from 9 AM to 5 PM Eastern Time (UTC/GMT - 5 hours, EST), or speak with your personal physician., Lodz, 93-338, Poland",Poland
NCT01435616,"For additional information regarding investigative sites for this trial, contact 1-877-CTLILLY (1-877-285-4559, 1-317-615-4559) Mon - Fri from 9 AM to 5 PM Eastern Time (UTC/GMT - 5 hours, EST), or speak with your personal physician., Ruda Śląska, 41-709, Poland",Poland
NCT01435616,"For additional information regarding investigative sites for this trial, contact 1-877-CTLILLY (1-877-285-4559, 1-317-615-4559) Mon - Fri from 9 AM to 5 PM Eastern Time (UTC/GMT - 5 hours, EST), or speak with your personal physician., Szczecin, 70-506, Poland",Poland
NCT01435616,"For additional information regarding investigative sites for this trial, contact 1-877-CTLILLY (1-877-285-4559, 1-317-615-4559) Mon - Fri from 9 AM to 5 PM Eastern Time (UTC/GMT - 5 hours, EST), or speak with your personal physician., Tychy, 43-100, Poland",Poland
NCT01435616,"For additional information regarding investigative sites for this trial, contact 1-877-CTLILLY (1-877-285-4559, 1-317-615-4559) Mon - Fri from 9 AM to 5 PM Eastern Time (UTC/GMT - 5 hours, EST), or speak with your personal physician., Warsaw, 01-192, Poland",Poland
NCT01435616,"For additional information regarding investigative sites for this trial, contact 1-877-CTLILLY (1-877-285-4559, 1-317-615-4559) Mon - Fri from 9 AM to 5 PM Eastern Time (UTC/GMT - 5 hours, EST), or speak with your personal physician., Hato Rey, 00917, Puerto Rico",Puerto Rico
NCT01435616,"For additional information regarding investigative sites for this trial, contact 1-877-CTLILLY (1-877-285-4559, 1-317-615-4559) Mon - Fri from 9 AM to 5 PM Eastern Time (UTC/GMT - 5 hours, EST), or speak with your personal physician., Manati, 00674, Puerto Rico",Puerto Rico
NCT01435616,"For additional information regarding investigative sites for this trial, contact 1-877-CTLILLY (1-877-285-4559, 1-317-615-4559) Mon - Fri from 9 AM to 5 PM Eastern Time (UTC/GMT - 5 hours, EST), or speak with your personal physician., San Juan, 00917-3104, Puerto Rico",Puerto Rico
NCT01435616,"For additional information regarding investigative sites for this trial, contact 1-877-CTLILLY (1-877-285-4559, 1-317-615-4559) Mon - Fri from 9 AM to 5 PM Eastern Time (UTC/GMT - 5 hours, EST), or speak with your personal physician., Bucharest, 011234, Romania",Romania
NCT01435616,"For additional information regarding investigative sites for this trial, contact 1-877-CTLILLY (1-877-285-4559, 1-317-615-4559) Mon - Fri from 9 AM to 5 PM Eastern Time (UTC/GMT - 5 hours, EST), or speak with your personal physician., Cluj-Napoca, 400006, Romania",Romania
NCT01435616,"For additional information regarding investigative sites for this trial, contact 1-877-CTLILLY (1-877-285-4559, 1-317-615-4559) Mon - Fri from 9 AM to 5 PM Eastern Time (UTC/GMT - 5 hours, EST), or speak with your personal physician., Iași, 700547, Romania",Romania
NCT01435616,"For additional information regarding investigative sites for this trial, contact 1-877-CTLILLY (1-877-285-4559, 1-317-615-4559) Mon - Fri from 9 AM to 5 PM Eastern Time (UTC/GMT - 5 hours, EST), or speak with your personal physician., Oradea, 410169, Romania",Romania
NCT01435616,"For additional information regarding investigative sites for this trial, contact 1-877-CTLILLY (1-877-285-4559, 1-317-615-4559) Mon - Fri from 9 AM to 5 PM Eastern Time (UTC/GMT - 5 hours, EST), or speak with your personal physician., Ploieşti, 100342, Romania",Romania
NCT01435616,"For additional information regarding investigative sites for this trial, contact 1-877-CTLILLY (1-877-285-4559, 1-317-615-4559) Mon - Fri from 9 AM to 5 PM Eastern Time (UTC/GMT - 5 hours, EST), or speak with your personal physician., Reşiţa, 320076, Romania",Romania
NCT01435616,"For additional information regarding investigative sites for this trial, contact 1-877-CTLILLY (1-877-285-4559, 1-317-615-4559) Mon - Fri from 9 AM to 5 PM Eastern Time (UTC/GMT - 5 hours, EST), or speak with your personal physician., Târgu Mureş, 540098, Romania",Romania
NCT01435616,"For additional information regarding investigative sites for this trial, contact 1-877-CTLILLY (1-877-285-4559, 1-317-615-4559) Mon - Fri from 9 AM to 5 PM Eastern Time (UTC/GMT - 5 hours, EST), or speak with your personal physician., Cheboksary, 428000, Russia",Russia
NCT01435616,"For additional information regarding investigative sites for this trial, contact 1-877-CTLILLY (1-877-285-4559, 1-317-615-4559) Mon - Fri from 9 AM to 5 PM Eastern Time (UTC/GMT - 5 hours, EST), or speak with your personal physician., Kazan', 420012, Russia",Russia
NCT01435616,"For additional information regarding investigative sites for this trial, contact 1-877-CTLILLY (1-877-285-4559, 1-317-615-4559) Mon - Fri from 9 AM to 5 PM Eastern Time (UTC/GMT - 5 hours, EST), or speak with your personal physician., Kursk, 303035, Russia",Russia
NCT01435616,"For additional information regarding investigative sites for this trial, contact 1-877-CTLILLY (1-877-285-4559, 1-317-615-4559) Mon - Fri from 9 AM to 5 PM Eastern Time (UTC/GMT - 5 hours, EST), or speak with your personal physician., Novosibirsk, 630091, Russia",Russia
NCT01435616,"For additional information regarding investigative sites for this trial, contact 1-877-CTLILLY (1-877-285-4559, 1-317-615-4559) Mon - Fri from 9 AM to 5 PM Eastern Time (UTC/GMT - 5 hours, EST), or speak with your personal physician., Saint Petersburg, 193257, Russia",Russia
NCT01435616,"For additional information regarding investigative sites for this trial, contact 1-877-CTLILLY (1-877-285-4559, 1-317-615-4559) Mon - Fri from 9 AM to 5 PM Eastern Time (UTC/GMT - 5 hours, EST), or speak with your personal physician., Bratislava, 82102, Slovakia",Slovakia
NCT01435616,"For additional information regarding investigative sites for this trial, contact 1-877-CTLILLY (1-877-285-4559, 1-317-615-4559) Mon - Fri from 9 AM to 5 PM Eastern Time (UTC/GMT - 5 hours, EST), or speak with your personal physician., Šaľa, 92701, Slovakia",Slovakia
NCT01435616,"For additional information regarding investigative sites for this trial, contact 1-877-CTLILLY (1-877-285-4559, 1-317-615-4559) Mon - Fri from 9 AM to 5 PM Eastern Time (UTC/GMT - 5 hours, EST), or speak with your personal physician., Vranov nad Topľou, 09301, Slovakia",Slovakia
NCT01435616,"For additional information regarding investigative sites for this trial, contact 1-877-CTLILLY (1-877-285-4559, 1-317-615-4559) Mon - Fri from 9 AM to 5 PM Eastern Time (UTC/GMT - 5 hours, EST), or speak with your personal physician., Paarl, 7646, South Africa",South Africa
NCT01435616,"For additional information regarding investigative sites for this trial, contact 1-877-CTLILLY (1-877-285-4559, 1-317-615-4559) Mon - Fri from 9 AM to 5 PM Eastern Time (UTC/GMT - 5 hours, EST), or speak with your personal physician., Parow, 7505, South Africa",South Africa
NCT01435616,"For additional information regarding investigative sites for this trial, contact 1-877-CTLILLY (1-877-285-4559, 1-317-615-4559) Mon - Fri from 9 AM to 5 PM Eastern Time (UTC/GMT - 5 hours, EST), or speak with your personal physician., Somerset West, 7130, South Africa",South Africa
NCT01435616,"For additional information regarding investigative sites for this trial, contact 1-877-CTLILLY (1-877-285-4559, 1-317-615-4559) Mon - Fri from 9 AM to 5 PM Eastern Time (UTC/GMT - 5 hours, EST), or speak with your personal physician., Alicante, 03114, Spain",Spain
NCT01435616,"For additional information regarding investigative sites for this trial, contact 1-877-CTLILLY (1-877-285-4559, 1-317-615-4559) Mon - Fri from 9 AM to 5 PM Eastern Time (UTC/GMT - 5 hours, EST), or speak with your personal physician., Córdoba, 14004, Spain",Spain
NCT01435616,"For additional information regarding investigative sites for this trial, contact 1-877-CTLILLY (1-877-285-4559, 1-317-615-4559) Mon - Fri from 9 AM to 5 PM Eastern Time (UTC/GMT - 5 hours, EST), or speak with your personal physician., Pozuelo de Alarcón, 28223, Spain",Spain
NCT01435616,"For additional information regarding investigative sites for this trial, contact 1-877-CTLILLY (1-877-285-4559, 1-317-615-4559) Mon - Fri from 9 AM to 5 PM Eastern Time (UTC/GMT - 5 hours, EST), or speak with your personal physician., Requena, 46340, Spain",Spain
NCT01435616,"For additional information regarding investigative sites for this trial, contact 1-877-CTLILLY (1-877-285-4559, 1-317-615-4559) Mon - Fri from 9 AM to 5 PM Eastern Time (UTC/GMT - 5 hours, EST), or speak with your personal physician., Seville, 41003, Spain",Spain
NCT01435616,"For additional information regarding investigative sites for this trial, contact 1-877-CTLILLY (1-877-285-4559, 1-317-615-4559) Mon - Fri from 9 AM to 5 PM Eastern Time (UTC/GMT - 5 hours, EST), or speak with your personal physician., Toledo, 45004, Spain",Spain
NCT01435616,"For additional information regarding investigative sites for this trial, contact 1-877-CTLILLY (1-877-285-4559, 1-317-615-4559) Mon - Fri from 9 AM to 5 PM Eastern Time (UTC/GMT - 5 hours, EST), or speak with your personal physician., Gaziantep, 27070, Turkey (Türkiye)",Turkey (Türkiye)
NCT01435616,"For additional information regarding investigative sites for this trial, contact 1-877-CTLILLY (1-877-285-4559, 1-317-615-4559) Mon - Fri from 9 AM to 5 PM Eastern Time (UTC/GMT - 5 hours, EST), or speak with your personal physician., Hatay, 31040, Turkey (Türkiye)",Turkey (Türkiye)
NCT01435616,"For additional information regarding investigative sites for this trial, contact 1-877-CTLILLY (1-877-285-4559, 1-317-615-4559) Mon - Fri from 9 AM to 5 PM Eastern Time (UTC/GMT - 5 hours, EST), or speak with your personal physician., Izmir, 35340, Turkey (Türkiye)",Turkey (Türkiye)
NCT01435616,"For additional information regarding investigative sites for this trial, contact 1-877-CTLILLY (1-877-285-4559, 1-317-615-4559) Mon - Fri from 9 AM to 5 PM Eastern Time (UTC/GMT - 5 hours, EST), or speak with your personal physician., Kayseri, 38039, Turkey (Türkiye)",Turkey (Türkiye)
NCT01435616,"For additional information regarding investigative sites for this trial, contact 1-877-CTLILLY (1-877-285-4559, 1-317-615-4559) Mon - Fri from 9 AM to 5 PM Eastern Time (UTC/GMT - 5 hours, EST), or speak with your personal physician., Mortimer, Berks, RG7 3SQ, United Kingdom",United Kingdom
NCT01435616,"For additional information regarding investigative sites for this trial, contact 1-877-CTLILLY (1-877-285-4559, 1-317-615-4559) Mon - Fri from 9 AM to 5 PM Eastern Time (UTC/GMT - 5 hours, EST), or speak with your personal physician., Leicester, Leicestershire, LE5 4PW, United Kingdom",United Kingdom
NCT01435616,"For additional information regarding investigative sites for this trial, contact 1-877-CTLILLY (1-877-285-4559, 1-317-615-4559) Mon - Fri from 9 AM to 5 PM Eastern Time (UTC/GMT - 5 hours, EST), or speak with your personal physician., Guildford, Surrey, GU2 7XX, United Kingdom",United Kingdom
NCT01435616,"For additional information regarding investigative sites for this trial, contact 1-877-CTLILLY (1-877-285-4559, 1-317-615-4559) Mon - Fri from 9 AM to 5 PM Eastern Time (UTC/GMT - 5 hours, EST), or speak with your personal physician., Swansea, Wales, SA6 6NL, United Kingdom",United Kingdom
NCT02152371,"Valley Endocrine, Fresno, Fresno, California, 93720, United States",United States
NCT02152371,"Mills-Peninsula Diabetes Research Insitute, San Mateo, California, 94401, United States",United States
NCT02152371,"University Clinical Investigators, Inc., Tustin, California, 92780, United States",United States
NCT02152371,"Rocky Mountain Diabetes and Osteoporosis Center, Idaho Falls, Idaho, 83404, United States",United States
NCT02152371,"Northwest Endo Diabetes Research, LLC, Arlington Heights, Illinois, 60005, United States",United States
NCT02152371,"Cotton O'Neil Clinic, Topeka, Kansas, 66606, United States",United States
NCT02152371,"Kentucky Diabetes Endocrinology Center, Lexington, Kentucky, 40503, United States",United States
NCT02152371,"AB Clinical Trials, Las Vegas, Nevada, 89119, United States",United States
NCT02152371,"SHS Clinical Research Group, Toms River, New Jersey, 08753, United States",United States
NCT02152371,"Bland Clinic, PA, Greensboro, North Carolina, 27401, United States",United States
NCT02152371,"PMG Research of Knoxville, Knoxville, Tennessee, 37912, United States",United States
NCT02152371,"Rainier Clinical Research Center, Renton, Washington, 98057, United States",United States
NCT02152371,"Polyclinic, Seattle, Washington, 98104, United States",United States
NCT02152371,"For additional information regarding investigative sites for this trial, contact 1-877-CTLILLY (1-877-285-4559, 1-317-615-4559) Mon - Fri from 9 AM to 5 PM Eastern Time (UTC/GMT - 5 hours, EST), or speak with your personal physician., Beroun, 26601, Czechia",Czechia
NCT02152371,"For additional information regarding investigative sites for this trial, contact 1-877-CTLILLY (1-877-285-4559, 1-317-615-4559) Mon - Fri from 9 AM to 5 PM Eastern Time (UTC/GMT - 5 hours, EST), or speak with your personal physician., Brandys Nad Labem-Stara Bolesl, 25001, Czechia",Czechia
NCT02152371,"For additional information regarding investigative sites for this trial, contact 1-877-CTLILLY (1-877-285-4559, 1-317-615-4559) Mon - Fri from 9 AM to 5 PM Eastern Time (UTC/GMT - 5 hours, EST), or speak with your personal physician., České Budějovice, 370 01, Czechia",Czechia
NCT02152371,"For additional information regarding investigative sites for this trial, contact 1-877-CTLILLY (1-877-285-4559, 1-317-615-4559) Mon - Fri from 9 AM to 5 PM Eastern Time (UTC/GMT - 5 hours, EST), or speak with your personal physician., Krnov, 79401, Czechia",Czechia
NCT02152371,"For additional information regarding investigative sites for this trial, contact 1-877-CTLILLY (1-877-285-4559, 1-317-615-4559) Mon - Fri from 9 AM to 5 PM Eastern Time (UTC/GMT - 5 hours, EST), or speak with your personal physician., Prague, 149 00, Czechia",Czechia
NCT02152371,"For additional information regarding investigative sites for this trial, contact 1-877-CTLILLY (1-877-285-4559, 1-317-615-4559) Mon - Fri from 9 AM to 5 PM Eastern Time (UTC/GMT - 5 hours, EST), or speak with your personal physician., Budapest, 1139, Hungary",Hungary
NCT02152371,"For additional information regarding investigative sites for this trial, contact 1-877-CTLILLY (1-877-285-4559, 1-317-615-4559) Mon - Fri from 9 AM to 5 PM Eastern Time (UTC/GMT - 5 hours, EST), or speak with your personal physician., Debrecen, 4043, Hungary",Hungary
NCT02152371,"For additional information regarding investigative sites for this trial, contact 1-877-CTLILLY (1-877-285-4559, 1-317-615-4559) Mon - Fri from 9 AM to 5 PM Eastern Time (UTC/GMT - 5 hours, EST), or speak with your personal physician., Nagykanizsa, 8800, Hungary",Hungary
NCT02152371,"For additional information regarding investigative sites for this trial, contact 1-877-CTLILLY (1-877-285-4559, 1-317-615-4559) Mon - Fri from 9 AM to 5 PM Eastern Time (UTC/GMT - 5 hours, EST), or speak with your personal physician., Monza, 20900, Italy",Italy
NCT02152371,"For additional information regarding investigative sites for this trial, contact 1-877-CTLILLY (1-877-285-4559, 1-317-615-4559) Mon - Fri from 9 AM to 5 PM Eastern Time (UTC/GMT - 5 hours, EST), or speak with your personal physician., Olbia, 07026, Italy",Italy
NCT02152371,"For additional information regarding investigative sites for this trial, contact 1-877-CTLILLY (1-877-285-4559, 1-317-615-4559) Mon - Fri from 9 AM to 5 PM Eastern Time (UTC/GMT - 5 hours, EST), or speak with your personal physician., Pisa, 56126, Italy",Italy
NCT02152371,"For additional information regarding investigative sites for this trial, contact 1-877-CTLILLY (1-877-285-4559, 1-317-615-4559) Mon - Fri from 9 AM to 5 PM Eastern Time (UTC/GMT - 5 hours, EST), or speak with your personal physician., Rome, 00128, Italy",Italy
NCT02152371,"Centro de Endocrinologia y Nutricion del Turabo, Caguas, 00726, Puerto Rico",Puerto Rico
NCT02152371,"Manati Center for Clinical Research Inc, Manati, 00674, Puerto Rico",Puerto Rico
NCT02152371,"Ponce School of Medicine CAIMED Center, Ponce, 00716, Puerto Rico",Puerto Rico
NCT02152371,"Endocrine Lipid Diabetes Research Institute, Ponce, 00717-2075, Puerto Rico",Puerto Rico
NCT02152371,"GCM Medical Group PSC, San Juan, 00909, Puerto Rico",Puerto Rico
NCT02152371,"American Telemedicine Center, San Juan, 00917-3104, Puerto Rico",Puerto Rico
NCT02152371,"For additional information regarding investigative sites for this trial, contact 1-877-CTLILLY (1-877-285-4559, 1-317-615-4559) Mon - Fri from 9 AM to 5 PM Eastern Time (UTC/GMT - 5 hours, EST), or speak with your personal physician., Alzira, 46600, Spain",Spain
NCT02152371,"For additional information regarding investigative sites for this trial, contact 1-877-CTLILLY (1-877-285-4559, 1-317-615-4559) Mon - Fri from 9 AM to 5 PM Eastern Time (UTC/GMT - 5 hours, EST), or speak with your personal physician., Cadiz, 11540, Spain",Spain
NCT02152371,"For additional information regarding investigative sites for this trial, contact 1-877-CTLILLY (1-877-285-4559, 1-317-615-4559) Mon - Fri from 9 AM to 5 PM Eastern Time (UTC/GMT - 5 hours, EST), or speak with your personal physician., Madrid, 28223, Spain",Spain
NCT02152371,"For additional information regarding investigative sites for this trial, contact 1-877-CTLILLY (1-877-285-4559, 1-317-615-4559) Mon - Fri from 9 AM to 5 PM Eastern Time (UTC/GMT - 5 hours, EST), or speak with your personal physician., Seville, 41010, Spain",Spain
NCT02152371,"For additional information regarding investigative sites for this trial, contact 1-877-CTLILLY (1-877-285-4559, 1-317-615-4559) Mon - Fri from 9 AM to 5 PM Eastern Time (UTC/GMT - 5 hours, EST), or speak with your personal physician., Teruel, 44002, Spain",Spain
NCT02152371,"For additional information regarding investigative sites for this trial, contact 1-877-CTLILLY (1-877-285-4559, 1-317-615-4559) Mon - Fri from 9 AM to 5 PM Eastern Time (UTC/GMT - 5 hours, EST), or speak with your personal physician., Mortimer, Berks, RG7 3SQ, United Kingdom",United Kingdom
NCT02152371,"For additional information regarding investigative sites for this trial, contact 1-877-CTLILLY (1-877-285-4559, 1-317-615-4559) Mon - Fri from 9 AM to 5 PM Eastern Time (UTC/GMT - 5 hours, EST), or speak with your personal physician., Leicester, Leicestershire, LE5 4PW, United Kingdom",United Kingdom
NCT02152371,"For additional information regarding investigative sites for this trial, contact 1-877-CTLILLY (1-877-285-4559, 1-317-615-4559) Mon - Fri from 9 AM to 5 PM Eastern Time (UTC/GMT - 5 hours, EST), or speak with your personal physician., Guildford, Surrey, GU2 7XX, United Kingdom",United Kingdom
NCT02152371,"For additional information regarding investigative sites for this trial, contact 1-877-CTLILLY (1-877-285-4559, 1-317-615-4559) Mon - Fri from 9 AM to 5 PM Eastern Time (UTC/GMT - 5 hours, EST), or speak with your personal physician., Swansea, Wales, SA6 6NL, United Kingdom",United Kingdom
NCT00923962,"University Hospital Gentofte, Department of Cardiology, Gentofte Municipality, 2900, Denmark",Denmark
NCT03387787,"Division of Endocrinology, Diabetes, Clinical Nutrition & Metabolism, University Hospital Berne, Switzerland, Bern, 3010, Switzerland",Switzerland
NCT04993482,"Ghent University Hospital, Dept. of Endocrinology, Ghent, 9000, Belgium",Belgium
NCT03231709,"OCROM Clinic, Suita, Osaka, Japan",Japan
NCT03231709,"ToCROM Clinic, Shinjuku, Tokyo, Japan",Japan
NCT00790660,"San Antonio, Texas, 78229, United States",United States
NCT01038648,"Dr.Ambady Ramachandran, Chennai, Tamil Nadu, 600 008, India",India
NCT06251323,"Board of Trustees of the Leland Stanford Junior University, Stanford, California, 94305, United States",United States
NCT06251323,"President and Fellows of Harvard College, T.H. Chan School, Boston, Massachusetts, 02115, United States",United States
NCT06251323,"The Ohio State University, Columbus, Ohio, 43210, United States",United States
NCT06251323,"Impactivo, LLC., San Juan, Puerto Rico, 00907, Puerto Rico",Puerto Rico
NCT03318913,"Federal University of Rio de Janeiro, Macaé, Rio de Janeiro, 27979000, Brazil",Brazil
NCT04874012,"Hospital de Clínicas, Porto Alegre, Rio Grande do Sul, 90630090, Brazil",Brazil
NCT01258075,"Tucson, Arizona, 85724, United States",United States
NCT01258075,"Little Rock, Arkansas, 72202, United States",United States
NCT01258075,"Los Angeles, California, 90027, United States",United States
NCT01258075,"Oakland, California, 94609, United States",United States
NCT01258075,"San Diego, California, 92123, United States",United States
NCT01258075,"Aurora, Colorado, 80045, United States",United States
NCT01258075,"Hartford, Connecticut, 06106, United States",United States
NCT01258075,"Tampa, Florida, 33612, United States",United States
NCT01258075,"Atlanta, Georgia, 30322, United States",United States
NCT01258075,"Chicago, Illinois, 60637, United States",United States
NCT01258075,"Kansas City, Kansas, 66160, United States",United States
NCT01258075,"Baltimore, Maryland, 21229, United States",United States
NCT01258075,"Springfield, Massachusetts, 01199, United States",United States
NCT01258075,"New York, New York, 10032, United States",United States
NCT01258075,"Raleigh, North Carolina, 27610, United States",United States
NCT01258075,"Cincinnati, Ohio, 45229, United States",United States
NCT01258075,"Oklahoma City, Oklahoma, 73104, United States",United States
NCT01258075,"Oklahoma City, Oklahoma, 73112, United States",United States
NCT01258075,"Philadelphia, Pennsylvania, 19104, United States",United States
NCT01258075,"Greenville, South Carolina, 29615, United States",United States
NCT01258075,"Nashville, Tennessee, 37232, United States",United States
NCT01258075,"Dallas, Texas, 75235, United States",United States
NCT01258075,"Houston, Texas, 77030, United States",United States
NCT01258075,"San Antonio, Texas, 78207, United States",United States
NCT02371239,"Human Movement Science, Maastricht University, Maastricht, Limburg, 6200 MD, Netherlands",Netherlands
NCT05542420,"Novo Nordisk Investigational Site, Bengaluru, India",India
NCT05542420,"Novo Nordisk Investigational Site, Karachi, Pakistan",Pakistan
NCT05542420,"Novo Nordisk Investigational Site, Bangkok, Thailand",Thailand
NCT06734546,"Hasselt University, Hasselt, Limburg, 3500, Belgium",Belgium
NCT06517576,"Lawndale Christian Health Center, Chicago, Illinois, 60623, United States",United States
NCT01137695,"North Jersey Endocrine Consultants, Denville, New Jersey, 07834, United States",United States
NCT01137695,"University Physicians Group, Staten Island, New York, 10301, United States",United States
NCT01137695,"St. Mary Medical Center, Langhorne, Pennsylvania, 19047, United States",United States
NCT01387334,"Prince of Songkla University, Hat Yai, Changwat Songkhla, 90110, Thailand",Thailand
NCT04166760,"Medicinsk forskningslaboratorium for Diabetes og Hormonsygdomme og Steno Diabetes Center Aarhus (M-lab), Aarhus universitetshospital, Aarhus, Denmark",Denmark
NCT00361946,"Baylor College of Medicine, Houston, Texas, 77030, United States",United States
NCT01381887,"Chula Vista, California, United States",United States
NCT01381887,"Miramar, Florida, United States",United States
NCT01381887,"Cincinnati, Ohio, United States",United States
NCT01381887,"Dallas, Texas, United States",United States
NCT01381887,"San Antonio, Texas, United States",United States
NCT03944616,"University of California, Irvine, Irvine, California, 92697, United States",United States
NCT03944616,"University of Minnesota, Minneapolis, Minnesota, 55454, United States",United States
NCT06403761,"Profil Institut für Stoffwechselforschung GmbH, Neuss, 41460, Germany",Germany
NCT05297045,"Axon Clinical Research, Doral, Florida, 33166, United States",United States
NCT00506298,"Chilliwack, British Columbia, Canada",Canada
NCT00506298,"Vancouver, British Columbia, Canada",Canada
NCT00506298,"Winnipeg, Manitoba, Canada",Canada
NCT00506298,"Bay Roberts, Newfoundland and Labrador, Canada",Canada
NCT00506298,"Holyroad, Newfoundland and Labrador, Canada",Canada
NCT00506298,"St. John's, Newfoundland and Labrador, Canada",Canada
NCT00506298,"Aylmer, Ontario, Canada",Canada
NCT00506298,"Burlington, Ontario, Canada",Canada
NCT00506298,"Collingwood, Ontario, Canada",Canada
NCT00506298,"Corunna, Ontario, Canada",Canada
NCT00506298,"Greater Sudbury, Ontario, Canada",Canada
NCT00506298,"Robarts Research Institute, London, Ontario, Canada",Canada
NCT00506298,"London, Ontario, Canada",Canada
NCT00506298,"Newmarket, Ontario, Canada",Canada
NCT00506298,"Sarnia, Ontario, Canada",Canada
NCT00506298,"Toronto, Ontario, Canada",Canada
NCT00506298,"Montreal, Quebec, Canada",Canada
NCT00506298,"Saskatoon, Saskatchewan, Canada",Canada
NCT00501592,"Profil Institute for Clinical Research, Inc., Chula Vista, California, 91911, United States",United States
NCT00501592,"UC San Diego VAMC, San Diego, California, 92161, United States",United States
NCT00501592,"Diabetes & Glandular Disease Research Associates, Inc., San Antonio, Texas, 78229, United States",United States
NCT00501592,"Virginia Commonwelath University, Richmond, Virginia, 23298, United States",United States
NCT06837103,"LMC Diabetes & Endocrinology Ltd., Toronto, Ontario, M4G 3E8, Canada",Canada
NCT05679115,"Clinical Research Center, Malmö, 20502, Sweden",Sweden
NCT05937737,"Hacettepe University Internal Medicine Department, Ankara, 06100, Turkey (Türkiye)",Turkey (Türkiye)
NCT05937737,"Hacettepe University Nutrition and Dietetics Department, Ankara, 06100, Turkey (Türkiye)",Turkey (Türkiye)
NCT07215312,"Tucson Clinical Research Institute, Tucson, Arizona, 85712, United States",United States
NCT07215312,"Encompass Clinical Research, Spring Valley, California, 91978, United States",United States
NCT07215312,"University Clinical Investigators, Inc., Tustin, California, 92780, United States",United States
NCT07215312,"Tampa Bay Medical Research, Clearwater, Florida, 33761, United States",United States
NCT07215312,"Encore Medical Research, Hollywood, Florida, 33024, United States",United States
NCT07215312,"Clinical Research of Central Florida, Lakeland, Florida, 33805, United States",United States
NCT07215312,"Encore Medical Research - Weston, Weston, Florida, 33331, United States",United States
NCT07215312,"Iowa Diabetes and Endocrinology Research Center, West Des Moines, Iowa, 50266, United States",United States
NCT07215312,"Washington University School of Medicine, St Louis, Missouri, 63110, United States",United States
NCT07215312,"Accellacare - Wilmington, Wilmington, North Carolina, 28401, United States",United States
NCT07215312,"AMR Clinical, Norman, Oklahoma, 73069, United States",United States
NCT07215312,"Tribe Clinical Research, LLC, Greenville, South Carolina, 29607, United States",United States
NCT07215312,"Holston Medical Group, Bristol, Tennessee, 37620, United States",United States
NCT07215312,"Texas Diabetes & Endocrinology, P.A., Austin, Texas, 78749, United States",United States
NCT07215312,"Velocity Clinical Research, Dallas, Dallas, Texas, 75230, United States",United States
NCT07215312,"Juno Research, Houston, Texas, 77040, United States",United States
NCT07215312,"Southern Endocrinology Associates, Mesquite, Texas, 75149, United States",United States
NCT07215312,"Consano Clinical Research, LLC, Shavano Park, Texas, 78231, United States",United States
NCT07215312,"Texas Valley Clinical Research, Weslaco, Texas, 78596, United States",United States
NCT07215312,"Chrysalis Clinical Research, St. George, Utah, 84790, United States",United States
NCT07215312,"Cicemo Srl, Buenos Aires, 1424, Argentina",Argentina
NCT07215312,"CIPREC, Buenos Aires, C1119ACN, Argentina",Argentina
NCT07215312,"Mautalen Salud e Investigación, Buenos Aires, C1128AAF, Argentina",Argentina
NCT07215312,"Centro Medico Dra. Laura Maffei- Investigacion Clinica Aplicada, Buenos Aires, C1425AGC, Argentina",Argentina
NCT07215312,"Instituto Centenario, CABA, 1204, Argentina",Argentina
NCT07215312,"Instituto Médico Catamarca IMEC, Rosario, 2000, Argentina",Argentina
NCT07422831,"University of Colorado Denver Anschutz Medical Campus, Aurora, Colorado, 80045, United States",United States
NCT04303754,"Hospital Universiti Kebangsaan Malaysia, Kuala Lumpur, 56000, Malaysia",Malaysia
NCT04657939,"Leeds Teaching Hospitals Trust, Leeds, West Yorkshire, LS1 3EX, United Kingdom",United Kingdom
NCT04271631,"Faculty of Medicine, Universitas Indonesia, Jakarta Pusat, DKI Jakarta, 10430, Indonesia",Indonesia
NCT02639988,"AP-HP, Cochin hospital, Paris, Paris, 75014, France",France
